/*******************************************************************************
 * Size: 20 px
 * Bpp: 4
 * Opts: --font D:\traecode\Fated star pet\assets\fonts\NotoSansSC-Regular.woff --size 20 --bpp 4 --format lvgl --lv-include lvgl.h -r 0x20-0x7E -r 0xB0 -r 0xB7 -r 0x2014 -r 0x2018-0x2019 -r 0x201C-0x201D -r 0x2026 -r 0x3001-0x3002 -r 0x300A-0x300B -r 0x3010-0x3011 -r 0x4E00 -r 0x4E03 -r 0x4E09-0x4E0B -r 0x4E0D-0x4E0E -r 0x4E13 -r 0x4E1A -r 0x4E2A -r 0x4E2D -r 0x4E3A -r 0x4E4B -r 0x4E58 -r 0x4E5D -r 0x4E5F-0x4E60 -r 0x4E66 -r 0x4E86 -r 0x4E8B-0x4E8C -r 0x4E8E -r 0x4E91-0x4E92 -r 0x4E94 -r 0x4EA4 -r 0x4EAE -r 0x4EB2 -r 0x4EBA -r 0x4ECA -r 0x4EE5 -r 0x4EF6 -r 0x4EFB -r 0x4F11 -r 0x4F18 -r 0x4F1A -r 0x4F34 -r 0x4F4D-0x4F4F -r 0x4F53 -r 0x4F5C -r 0x4F60 -r 0x4F7F -r 0x4FE1 -r 0x5019 -r 0x504F -r 0x505C -r 0x5065 -r 0x507F -r 0x513F -r 0x5143 -r 0x5148-0x5149 -r 0x5154 -r 0x5165 -r 0x5168 -r 0x516B -r 0x516D -r 0x5173 -r 0x517B -r 0x5185 -r 0x518D -r 0x5199 -r 0x51B2 -r 0x51B7 -r 0x51C6 -r 0x51F6 -r 0x51FA-0x51FB -r 0x5206 -r 0x5217 -r 0x521A-0x521B -r 0x521D -r 0x5220 -r 0x522B -r 0x5230 -r 0x5237 -r 0x524D -r 0x529B -r 0x529F-0x52A1 -r 0x52A8 -r 0x52AA -r 0x52BF -r 0x5316 -r 0x5319 -r 0x5320 -r 0x533A -r 0x5341 -r 0x5348 -r 0x5355 -r 0x535C -r 0x5360 -r 0x5373-0x5374 -r 0x5382 -r 0x539A -r 0x53CB-0x53CC -r 0x53D1 -r 0x53D6-0x53D7 -r 0x53EF -r 0x53F6 -r 0x5408-0x5409 -r 0x540E -r 0x5426 -r 0x542C -r 0x542F -r 0x5440 -r 0x5446 -r 0x547D -r 0x54CD -r 0x54E6 -r 0x5531 -r 0x5566 -r 0x5582 -r 0x559C-0x559D -r 0x56DB -r 0x56DE -r 0x56FE -r 0x571F -r 0x5728 -r 0x58F0 -r 0x58F3 -r 0x5904 -r 0x590D -r 0x5916 -r 0x591A -r 0x591C -r 0x5927 -r 0x5929-0x592A -r 0x5931 -r 0x5934 -r 0x5938 -r 0x5947 -r 0x5973 -r 0x597D -r 0x5982 -r 0x59CB -r 0x5B50 -r 0x5B57-0x5B58 -r 0x5B66 -r 0x5B75 -r 0x5B83 -r 0x5B88-0x5B89 -r 0x5B8C -r 0x5B9A -r 0x5B9C -r 0x5B9E -r 0x5BA0 -r 0x5BA2 -r 0x5BB6 -r 0x5BB9 -r 0x5BC6 -r 0x5BF9 -r 0x5C04 -r 0x5C06 -r 0x5C0F -r 0x5C1A -r 0x5C31 -r 0x5C4F -r 0x5C5E -r 0x5CF0 -r 0x5D2D -r 0x5DE5 -r 0x5DE8 -r 0x5DF1-0x5DF2 -r 0x5E01 -r 0x5E08 -r 0x5E26 -r 0x5E72-0x5E74 -r 0x5E78 -r 0x5E7C -r 0x5E94 -r 0x5EA6-0x5EA7 -r 0x5EB7 -r 0x5EFA -r 0x5F00 -r 0x5F20 -r 0x5F53 -r 0x5F55 -r 0x5F71 -r 0x5F85 -r 0x5F88 -r 0x5F97 -r 0x5FC3 -r 0x5FCC -r 0x6001 -r 0x6015 -r 0x6027 -r 0x6062 -r 0x606F -r 0x607C -r 0x60C5 -r 0x60F3 -r 0x610F -r 0x611F -r 0x613F -r 0x6162 -r 0x6210 -r 0x6216 -r 0x624B -r 0x624E -r 0x6253 -r 0x6263 -r 0x6267 -r 0x626B -r 0x627E -r 0x628A -r 0x6295 -r 0x6298 -r 0x629A -r 0x62A4-0x62A5 -r 0x62B1 -r 0x62E8-0x62E9 -r 0x6309 -r 0x6362 -r 0x63A5 -r 0x63A7 -r 0x63CF -r 0x6469 -r 0x6478 -r 0x64AD -r 0x64CD -r 0x64E6 -r 0x6500 -r 0x652F -r 0x6536 -r 0x653E -r 0x6548 -r 0x6570 -r 0x6572 -r 0x6574 -r 0x6599 -r 0x65B0 -r 0x65B9 -r 0x65C5 -r 0x65E0 -r 0x65E5 -r 0x65E9 -r 0x65F6 -r 0x65FA -r 0x660E -r 0x661F -r 0x662F -r 0x663C -r 0x663E -r 0x6676 -r 0x6682 -r 0x6697 -r 0x66F4 -r 0x66FF -r 0x6708-0x6709 -r 0x671F -r 0x672A -r 0x673A -r 0x6765 -r 0x6781 -r 0x679C-0x679D -r 0x67D4 -r 0x67F3 -r 0x6821 -r 0x683C -r 0x6843 -r 0x6848 -r 0x6863 -r 0x68A6 -r 0x6A59 -r 0x6B21-0x6B22 -r 0x6B47 -r 0x6B4C -r 0x6B62-0x6B65 -r 0x6BB5 -r 0x6BCF -r 0x6BD4 -r 0x6BDB -r 0x6C14 -r 0x6C34 -r 0x6C42 -r 0x6C47 -r 0x6C9F -r 0x6CA1 -r 0x6CB9 -r 0x6CD5 -r 0x6CE2 -r 0x6CF0 -r 0x6D1E -r 0x6D3E -r 0x6D41 -r 0x6D6A -r 0x6D88 -r 0x6D8C -r 0x6DE1 -r 0x6DF1 -r 0x6E05 -r 0x6E20 -r 0x6E29 -r 0x6EE1 -r 0x6F2B -r 0x706B -r 0x7070 -r 0x7075 -r 0x70B9 -r 0x70E6 -r 0x70ED -r 0x70F9 -r 0x7136 -r 0x7167 -r 0x71C3 -r 0x7231 -r 0x725B -r 0x7269 -r 0x7280 -r 0x72B6 -r 0x72D7 -r 0x72EE -r 0x732A -r 0x7334 -r 0x73B0 -r 0x73ED -r 0x7403 -r 0x7406 -r 0x74F6 -r 0x751F -r 0x7528 -r 0x7531 -r 0x7535 -r 0x754C -r 0x7565 -r 0x767D-0x767E -r 0x7684 -r 0x76D8 -r 0x76F8 -r 0x770B -r 0x771F -r 0x7740 -r 0x7761 -r 0x77E5 -r 0x77ED -r 0x77F3 -r 0x7801 -r 0x7834 -r 0x7838 -r 0x786E -r 0x793A -r 0x7965 -r 0x79BB -r 0x79E4 -r 0x79EF -r 0x7A0D -r 0x7A33 -r 0x7A7A -r 0x7B11 -r 0x7B14 -r 0x7B49 -r 0x7B54 -r 0x7B7E -r 0x7C89 -r 0x7CD6 -r 0x7CFB -r 0x7D27 -r 0x7D2B -r 0x7EA2 -r 0x7EA6 -r 0x7EB8 -r 0x7EBF -r 0x7EC6 -r 0x7ECF -r 0x7ED3 -r 0x7ED9 -r 0x7EDC -r 0x7EE7 -r 0x7EED -r 0x7EFC -r 0x7EFF -r 0x7F13 -r 0x7F18 -r 0x7F29 -r 0x7F50-0x7F51 -r 0x7F6E -r 0x7F8A -r 0x7F8E -r 0x7FAF -r 0x7FBD -r 0x8005 -r 0x800C -r 0x804A -r 0x8054 -r 0x805A -r 0x8096 -r 0x8111 -r 0x81EA -r 0x8272 -r 0x8282 -r 0x82B1 -r 0x8349 -r 0x83B7 -r 0x83DC -r 0x843D -r 0x84C4 -r 0x84DD -r 0x8584 -r 0x85B0 -r 0x85CF -r 0x864E -r 0x86C7 -r 0x874E -r 0x87F9 -r 0x884C -r 0x8861 -r 0x8868 -r 0x8981 -r 0x89C1 -r 0x89E3 -r 0x8BA1 -r 0x8BA4 -r 0x8BA9 -r 0x8BB0 -r 0x8BB8 -r 0x8BBE-0x8BBF -r 0x8BD5 -r 0x8BDD -r 0x8BED -r 0x8BEF -r 0x8BF4 -r 0x8BF7-0x8BF8 -r 0x8C03 -r 0x8C61 -r 0x8D1D -r 0x8D1F -r 0x8D22 -r 0x8D25 -r 0x8D2D -r 0x8D44 -r 0x8D76-0x8D77 -r 0x8D85 -r 0x8DB3 -r 0x8DD1 -r 0x8DEF -r 0x8E0F -r 0x8E6D -r 0x8EAB -r 0x8F68 -r 0x8F6C -r 0x8F6F -r 0x8F7B -r 0x8F7D -r 0x8F89 -r 0x8F93 -r 0x8FC7 -r 0x8FCE -r 0x8FD0 -r 0x8FD4 -r 0x8FD8 -r 0x8FDB-0x8FDC -r 0x8FDE -r 0x9002 -r 0x9009 -r 0x901A -r 0x901F-0x9020 -r 0x9042 -r 0x9047 -r 0x90AE -r 0x90FD -r 0x914D -r 0x9152 -r 0x91CC-0x91CD -r 0x91CF -r 0x91D1 -r 0x9274 -r 0x949F -r 0x94A5 -r 0x94C3 -r 0x94DB -r 0x94F6 -r 0x9501 -r 0x9519 -r 0x952E -r 0x957F -r 0x95E8 -r 0x95EE -r 0x95F4 -r 0x961F -r 0x9633 -r 0x9636 -r 0x9645 -r 0x9664 -r 0x966A -r 0x96C5-0x96C6 -r 0x96F6 -r 0x9700 -r 0x9732 -r 0x9752 -r 0x9759 -r 0x9762 -r 0x97F3 -r 0x9879-0x987A -r 0x9891 -r 0x9898 -r 0x989C -r 0x98CE -r 0x98DE-0x98DF -r 0x996A -r 0x9971 -r 0x9999 -r 0x9A6C -r 0x9C7C -r 0x9E21 -r 0x9E3F -r 0x9EC4 -r 0x9ED8 -r 0x9F20 -r 0x9F50 -r 0x9F99 -r 0xFF01 -r 0xFF08-0xFF09 -r 0xFF0C -r 0xFF1A-0xFF1B -r 0xFF1F -r 0xFF5E -r 0xFFE5 -o D:\traecode\Fated star pet\main\assets\fonts\sp_font_20.c
 ******************************************************************************/

#ifdef LV_LVGL_H_INCLUDE_SIMPLE
#include "lvgl.h"
#else
#include "lvgl.h"
#endif

#ifndef SP_FONT_20
#define SP_FONT_20 1
#endif

#if SP_FONT_20

/*-----------------
 *    BITMAPS
 *----------------*/

/*Store the image of the glyphs*/
static LV_ATTRIBUTE_LARGE_CONST const uint8_t glyph_bitmap[] = {
    /* U+0020 " " */

    /* U+0021 "!" */
    0xb, 0xf2, 0x1, 0x3, 0x0, 0xe3, 0x1, 0x0,
    0xe1, 0x0, 0xfb, 0xc0, 0x30, 0x80, 0x4, 0x2,
    0x48, 0x0, 0x2e, 0x8, 0x42, 0xb0, 0x20, 0xa0,

    /* U+0022 "\"" */
    0x3f, 0xb0, 0x4f, 0xa1, 0x0, 0xf1, 0x80, 0x83,
    0x1, 0x88, 0x10, 0x18, 0x70, 0xf, 0x80, 0x81,
    0x3, 0x98, 0x1, 0x9c,

    /* U+0023 "#" */
    0x0, 0x93, 0x80, 0x5, 0xe2, 0x1, 0x8d, 0x40,
    0xc, 0x22, 0x0, 0xda, 0x60, 0x3, 0x50, 0xb,
    0x3d, 0x5f, 0xfd, 0x9, 0xee, 0x1d, 0x83, 0x19,
    0x83, 0x6c, 0x60, 0x23, 0x15, 0x33, 0xe, 0x18,
    0x80, 0x4, 0xc, 0x0, 0x4c, 0x1, 0x94, 0x4,
    0x4, 0x4, 0x0, 0x7f, 0x61, 0xfe, 0xe0, 0xdf,
    0x3, 0xc6, 0x3c, 0xc4, 0xe, 0x60, 0x0, 0x60,
    0xa6, 0x61, 0x23, 0x30, 0x4, 0x5c, 0x0, 0xe6,
    0x0, 0xe6, 0x10, 0x1, 0x10, 0x3, 0x8c, 0x80,
    0xd, 0xc0, 0x10,

    /* U+0024 "$" */
    0x0, 0xde, 0x80, 0x1f, 0xfc, 0xb6, 0xd0, 0xba,
    0x20, 0x4, 0xc8, 0x19, 0x89, 0x84, 0x2c, 0x7b,
    0x32, 0xf9, 0x22, 0x2, 0x0, 0x42, 0xe0, 0x40,
    0x80, 0x1e, 0x17, 0x3c, 0x20, 0xe, 0x89, 0x3d,
    0xa2, 0x0, 0xcd, 0xce, 0xba, 0xc0, 0x18, 0x63,
    0x4a, 0x50, 0x3, 0x8b, 0x83, 0x80, 0x3c, 0x40,
    0x29, 0x20, 0x19, 0xc0, 0xcc, 0xdd, 0x51, 0x52,
    0x32, 0xf8, 0x88, 0x75, 0x6f, 0x10, 0x3a, 0xe0,
    0xb9, 0x10, 0xf, 0xf0,

    /* U+0025 "%" */
    0x0, 0x4f, 0x7d, 0x88, 0x7, 0x54, 0x80, 0x74,
    0xbd, 0x63, 0xe8, 0x6, 0x34, 0x80, 0xe, 0x68,
    0x43, 0xf3, 0x30, 0x5, 0xf0, 0x20, 0x18, 0x81,
    0x40, 0x6, 0xa, 0x0, 0x61, 0x60, 0xf, 0xfe,
    0x10, 0xc4, 0x80, 0x78, 0x81, 0x80, 0x4, 0x4,
    0x10, 0x88, 0x5c, 0xea, 0x10, 0x2, 0xc1, 0x4,
    0x92, 0x13, 0x42, 0x55, 0xe8, 0xe0, 0x2, 0xdb,
    0x7d, 0xbc, 0x25, 0xcb, 0xd1, 0xce, 0x89, 0x40,
    0x6f, 0xb9, 0xa4, 0x8b, 0x0, 0xb8, 0x0, 0x13,
    0xd0, 0x8, 0x44, 0x0, 0x9b, 0x0, 0x8, 0x80,
    0x27, 0x10, 0xf, 0x38, 0xa8, 0x0, 0x44, 0x1,
    0x38, 0x80, 0x70, 0xc7, 0x80, 0x4b, 0x80, 0x1,
    0x3d, 0x0, 0xe8, 0x53, 0x0, 0xbd, 0x18, 0xac,
    0x94, 0x3, 0x1b, 0x58, 0x6, 0x49, 0xbd, 0x1f,
    0x0,

    /* U+0026 "&" */
    0x0, 0x86, 0xbf, 0xa8, 0x40, 0x3f, 0x62, 0x4c,
    0x2c, 0x0, 0x7c, 0x65, 0xc, 0xc5, 0x40, 0xf,
    0x9c, 0x8, 0x0, 0xcc, 0x0, 0xf9, 0x80, 0xc2,
    0xe, 0x40, 0x3e, 0x23, 0x8c, 0x6c, 0x20, 0xf,
    0xf1, 0xf9, 0x80, 0x4a, 0xe0, 0x1, 0xc3, 0x0,
    0x10, 0x6, 0xac, 0x0, 0x51, 0xdf, 0x9e, 0x18,
    0x1, 0xc3, 0xc0, 0x91, 0x90, 0x34, 0x74, 0xca,
    0x4d, 0x0, 0x40, 0x30, 0xe1, 0xe6, 0x8f, 0x0,
    0x8, 0x1c, 0x40, 0x5, 0xc0, 0x1e, 0x18, 0x1f,
    0x97, 0xac, 0x2, 0xd, 0xa1, 0x7, 0xb5, 0x68,
    0x77, 0x76, 0xf3, 0xb8, 0x40,

    /* U+0027 "'" */
    0x3f, 0xb1, 0x0, 0x18, 0x8, 0x80, 0x80, 0x7c,
    0x1c, 0xc0,

    /* U+0028 "(" */
    0x0, 0xfd, 0x34, 0x0, 0x26, 0xf0, 0x5, 0x92,
    0x80, 0x1a, 0x80, 0xa, 0xc, 0x0, 0xc2, 0x10,
    0x2, 0x38, 0x4, 0x44, 0x0, 0x8, 0x78, 0x0,
    0xc0, 0x40, 0x6, 0x1, 0x84, 0x4, 0x3, 0x78,
    0x4, 0x66, 0x0, 0x91, 0x40, 0x2c, 0x13, 0x0,
    0x21, 0x58, 0x5, 0x4c, 0x1, 0x38, 0x38, 0x5,
    0x0,

    /* U+0029 ")" */
    0x0, 0xf7, 0x28, 0x4, 0xf0, 0x1, 0x41, 0x28,
    0x0, 0x53, 0x80, 0x2e, 0x41, 0x0, 0x20, 0x20,
    0x0, 0x45, 0x80, 0x12, 0xa8, 0x2, 0x11, 0x0,
    0x46, 0x60, 0xf, 0xc6, 0x40, 0x13, 0x38, 0x4,
    0x66, 0x0, 0x10, 0x60, 0x1, 0x41, 0x0, 0x16,
    0xa0, 0x3, 0x34, 0x80, 0x21, 0xc, 0x0, 0x30,
    0x0,

    /* U+002A "*" */
    0x0, 0xb8, 0xc0, 0x3c, 0x2c, 0x2, 0x11, 0xf6,
    0x11, 0xd8, 0x11, 0x4c, 0x5, 0x38, 0x0, 0x43,
    0x20, 0x21, 0x0, 0x41, 0xeb, 0xd8, 0x5, 0x18,
    0x11, 0xa0, 0x0,

    /* U+002B "+" */
    0x0, 0xc5, 0xe8, 0x1, 0xf8, 0x40, 0x3f, 0xf8,
    0xc2, 0x33, 0x80, 0x8e, 0x3, 0xee, 0xac, 0x2b,
    0xba, 0x53, 0xbb, 0xa4, 0x22, 0xee, 0x40, 0x44,
    0x94, 0xd, 0x12, 0x10, 0xf, 0xfe, 0xa8,

    /* U+002C "," */
    0x7, 0x50, 0x68, 0xa3, 0x51, 0x5, 0x3e, 0x2,
    0x8, 0x14, 0x97, 0xd0, 0xfd, 0x30,

    /* U+002D "-" */
    0x1, 0x1e, 0x1, 0xee, 0xe1, 0x15, 0xdf, 0x8,

    /* U+002E "." */
    0x1a, 0x70, 0x65, 0x80, 0x41, 0x40,

    /* U+002F "/" */
    0x0, 0xf7, 0x30, 0x7, 0x20, 0xb8, 0x7, 0x69,
    0x88, 0x7, 0x3d, 0x80, 0x71, 0x8a, 0x80, 0x75,
    0x91, 0x0, 0x39, 0x68, 0x3, 0x88, 0x8a, 0x1,
    0xca, 0x44, 0x0, 0xeb, 0x50, 0xe, 0x13, 0xb0,
    0xe, 0x71, 0x30, 0xe, 0xd7, 0x0, 0xe1, 0x4d,
    0x0, 0xe4, 0x4, 0x0, 0xef, 0x50, 0xf, 0x2f,
    0x80, 0x72, 0x2, 0x80, 0x77, 0x20, 0x7, 0x80,

    /* U+0030 "0" */
    0x0, 0x36, 0xfe, 0xb8, 0x6, 0x89, 0x18, 0x68,
    0xa0, 0x1, 0x3a, 0x63, 0xdb, 0x2a, 0x5, 0x4,
    0x0, 0x56, 0x1c, 0x8, 0x6, 0x1, 0x11, 0x10,
    0x8, 0x80, 0x1c, 0xc2, 0x2, 0x20, 0xe, 0x10,
    0x10, 0xf, 0xf0, 0x88, 0x3, 0x84, 0x4, 0x88,
    0x1, 0xca, 0x20, 0x80, 0x60, 0x11, 0xa, 0x5,
    0x4, 0x0, 0x50, 0x1c, 0x4, 0xe9, 0x8f, 0x6a,
    0xa4, 0x0, 0x44, 0x8c, 0x34, 0x50, 0x0,

    /* U+0031 "1" */
    0x0, 0x24, 0xfe, 0x80, 0x69, 0xb6, 0x0, 0xf4,
    0xf7, 0x0, 0x3e, 0x11, 0x0, 0x7f, 0xff, 0xc0,
    0x3, 0x11, 0x1, 0xc4, 0x18, 0x9d, 0xe0, 0x17,
    0x75, 0x0,

    /* U+0032 "2" */
    0x0, 0x25, 0xf7, 0xe3, 0x0, 0x69, 0xb7, 0x67,
    0x19, 0x80, 0x8, 0x9f, 0x22, 0x1a, 0x4e, 0x40,
    0xb, 0x80, 0xd, 0x40, 0xe0, 0x1f, 0xfc, 0x7d,
    0x7, 0x0, 0xf8, 0x54, 0xc8, 0x3, 0xeb, 0xf,
    0x0, 0xf9, 0xd5, 0xcc, 0x3, 0xcb, 0x9, 0x0,
    0x1e, 0x5a, 0x3b, 0x0, 0xf3, 0xd2, 0x60, 0x7,
    0xa6, 0x3, 0x1d, 0xf8, 0x9, 0x80, 0x11, 0x1e,
    0x10,

    /* U+0033 "3" */
    0x0, 0x25, 0xf7, 0xec, 0x8, 0x2, 0x2d, 0x98,
    0xe2, 0xf8, 0x0, 0xa9, 0xd8, 0x86, 0x21, 0x28,
    0x13, 0x0, 0x6d, 0x3, 0x0, 0xfb, 0x1, 0x40,
    0x31, 0x25, 0xac, 0x18, 0x4, 0xfb, 0x69, 0x2e,
    0x1, 0x96, 0xa1, 0x26, 0xc0, 0x31, 0x2b, 0xdc,
    0x24, 0x80, 0x7c, 0xe0, 0xe0, 0x1f, 0xe1, 0xc5,
    0x0, 0xce, 0x8, 0x0, 0xac, 0x98, 0xc8, 0x18,
    0x1c, 0x90, 0x67, 0x17, 0xf2,

    /* U+0034 "4" */
    0x0, 0xf6, 0xfc, 0x0, 0x7d, 0x4, 0x1, 0xf8,
    0xdd, 0x40, 0x3f, 0x70, 0xc8, 0x7, 0xd0, 0x56,
    0x1, 0xf1, 0xba, 0xa8, 0x3, 0xee, 0x1a, 0x0,
    0xfa, 0xa, 0x80, 0x3e, 0x37, 0x56, 0x22, 0x30,
    0x11, 0x2, 0x81, 0x77, 0x6a, 0x5, 0xd7, 0xba,
    0xae, 0x70, 0x2a, 0x52, 0x55, 0xeb, 0x5, 0x51,
    0x0, 0x7f, 0xf2, 0x80,

    /* U+0035 "5" */
    0x0, 0x6f, 0xff, 0x94, 0x2, 0x31, 0x77, 0xf0,
    0x4, 0x2b, 0x11, 0xc4, 0x1, 0x88, 0x3, 0xf1,
    0x0, 0x80, 0x7e, 0x10, 0x4e, 0xff, 0x59, 0x80,
    0x42, 0x26, 0x8a, 0x64, 0xc3, 0x0, 0x17, 0x53,
    0x2c, 0xc8, 0x20, 0x3, 0xf3, 0x2, 0x0, 0x7f,
    0x10, 0x7, 0xf8, 0x84, 0x6, 0xcc, 0x3, 0x50,
    0x48, 0x1b, 0x66, 0x26, 0x35, 0x51, 0xc0, 0xb6,
    0x41, 0x9c, 0x22, 0xc0, 0x0,

    /* U+0036 "6" */
    0x0, 0xc, 0x6f, 0xf4, 0x0, 0x45, 0xee, 0xce,
    0x8f, 0x40, 0xe, 0x1b, 0xb4, 0x56, 0xd0, 0x21,
    0xba, 0x0, 0x44, 0x0, 0xc0, 0xa0, 0xf, 0x8c,
    0xe, 0x7f, 0xda, 0xc0, 0x6, 0xc, 0x3a, 0xa0,
    0xcb, 0x0, 0x57, 0x4a, 0xac, 0x18, 0x1, 0x13,
    0x0, 0x67, 0x12, 0x61, 0x10, 0x6, 0x10, 0x1c,
    0x4, 0x0, 0xc4, 0x4, 0xe3, 0x0, 0x11, 0x29,
    0x88, 0xac, 0xb6, 0x21, 0x81, 0xc0, 0x5, 0xc6,
    0x77, 0x2e, 0x90, 0x0,

    /* U+0037 "7" */
    0xf, 0xff, 0xe2, 0x7, 0x7f, 0x30, 0x19, 0x4,
    0x47, 0x80, 0x1c, 0x1, 0xf1, 0xb4, 0x10, 0x7,
    0xde, 0x4e, 0x1, 0xf2, 0x1d, 0x80, 0x7e, 0xf0,
    0x60, 0xf, 0xc8, 0x80, 0xf, 0xc8, 0x6, 0x1,
    0xf8, 0xc3, 0x0, 0x3f, 0x60, 0x28, 0x7, 0xe6,
    0x1, 0x0, 0xfc, 0x60, 0x1f, 0xe1, 0x10, 0x7,
    0x0,

    /* U+0038 "8" */
    0x0, 0x9f, 0x7f, 0xa8, 0x40, 0x35, 0xc3, 0xcb,
    0x2f, 0x88, 0x0, 0xd1, 0xa9, 0xa2, 0xc5, 0x80,
    0xc, 0x18, 0x1, 0x20, 0x68, 0x1, 0xc0, 0x80,
    0x3b, 0x40, 0x4, 0xf0, 0x60, 0x5, 0x16, 0x0,
    0xa1, 0x72, 0x96, 0x30, 0x40, 0x29, 0x4a, 0x2b,
    0x2a, 0x0, 0x9d, 0xb1, 0x63, 0x95, 0xe0, 0x1,
    0x2a, 0x40, 0x15, 0x1b, 0x80, 0x4, 0xc0, 0x39,
    0x40, 0x80, 0x9c, 0x40, 0x32, 0x1, 0x4, 0x8f,
    0xc2, 0xbe, 0x94, 0x80, 0x13, 0x51, 0xaa, 0x5a,
    0xd8, 0x0,

    /* U+0039 "9" */
    0x0, 0x15, 0x77, 0xe2, 0x80, 0x62, 0xd4, 0x68,
    0xa, 0x70, 0xb, 0x83, 0x21, 0xf1, 0x20, 0x80,
    0x6, 0x84, 0x1, 0x48, 0x58, 0x8, 0x8, 0x6,
    0x21, 0x40, 0x10, 0x70, 0xc, 0x22, 0x20, 0x3,
    0x95, 0x10, 0xb7, 0x80, 0x68, 0x65, 0xde, 0xba,
    0x30, 0xd, 0x3d, 0x9b, 0xa4, 0x12, 0x0, 0xc2,
    0x64, 0x2, 0x4e, 0x1, 0xf9, 0xc3, 0xc0, 0x2,
    0xa0, 0x11, 0x41, 0x28, 0x2, 0x2a, 0xe2, 0xb4,
    0x38, 0x2, 0x98, 0x67, 0x45, 0xc3, 0x0, 0x0,

    /* U+003A ":" */
    0x3e, 0xb0, 0xb1, 0x40, 0x94, 0x80, 0x1b, 0x70,
    0xf, 0xfe, 0x28, 0xd3, 0x83, 0x2c, 0x2, 0xa,
    0x0,

    /* U+003B ";" */
    0x3e, 0xb0, 0xb1, 0x40, 0x94, 0x80, 0x1b, 0x70,
    0xf, 0xfe, 0x33, 0xa8, 0x34, 0x51, 0xa8, 0x82,
    0x9f, 0x1, 0x4, 0xa, 0x4b, 0xe8, 0x7e, 0x98,
    0x0,

    /* U+003C "<" */
    0x0, 0xfc, 0x2c, 0x60, 0x1e, 0x4a, 0xe9, 0x70,
    0x8, 0x5f, 0x6d, 0xe3, 0x90, 0x16, 0xfa, 0x53,
    0x35, 0xc4, 0xe, 0x96, 0xba, 0x4c, 0x3, 0x12,
    0x8d, 0xc9, 0x80, 0x70, 0xd7, 0x4a, 0x66, 0xc1,
    0x0, 0x61, 0x7d, 0xc4, 0x7d, 0xc3, 0x0, 0xe3,
    0x9f, 0x90, 0x60, 0xf, 0xcd, 0x8a,

    /* U+003D "=" */
    0x3f, 0xff, 0xe5, 0x2a, 0xaf, 0xe4, 0x15, 0x5f,
    0xe1, 0x0, 0xff, 0xe0, 0x8, 0xff, 0x1, 0xf7,
    0x7f, 0x29, 0xdd, 0xff, 0x20,

    /* U+003E ">" */
    0x27, 0x10, 0xf, 0xc3, 0x1d, 0x68, 0x1, 0xe3,
    0xe8, 0x7b, 0xe8, 0x20, 0xc, 0x2f, 0x9a, 0xcc,
    0xdc, 0x50, 0xe, 0x28, 0xeb, 0x2a, 0x50, 0xe,
    0x38, 0xa1, 0x47, 0x0, 0xb, 0xee, 0x33, 0x3a,
    0xc8, 0x6f, 0xa1, 0xef, 0xa0, 0x40, 0x4, 0xd1,
    0xd4, 0x80, 0x1c, 0x7a, 0xe2, 0x1, 0xf0,

    /* U+003F "?" */
    0x0, 0x3e, 0xff, 0x50, 0x80, 0x32, 0x1d, 0xca,
    0xaf, 0x0, 0x46, 0x54, 0x5a, 0x8a, 0x82, 0x18,
    0x5, 0x80, 0x60, 0x1e, 0xd0, 0x70, 0xe, 0x74,
    0xa1, 0x0, 0xcb, 0xe, 0xa0, 0x18, 0x68, 0xe0,
    0x3, 0x9c, 0x20, 0x3, 0xc4, 0xca, 0x1, 0xe4,
    0x91, 0x0, 0xf2, 0x51, 0x80, 0x7a, 0x56, 0x0,
    0x3c, 0xa1, 0xa0, 0x10,

    /* U+0040 "@" */
    0x0, 0xe2, 0x7c, 0xef, 0xeb, 0x60, 0xf, 0xd3,
    0xb7, 0x6a, 0xca, 0x38, 0xe3, 0x0, 0xc3, 0xaf,
    0x78, 0xe8, 0x69, 0x1c, 0xf8, 0x60, 0x16, 0x8f,
    0xa0, 0x7, 0xd2, 0xbc, 0x0, 0x82, 0xd1, 0x0,
    0xfe, 0xb2, 0x41, 0x78, 0x10, 0x1, 0x5f, 0xf3,
    0x78, 0x0, 0x4f, 0x5c, 0x18, 0x0, 0x5a, 0x17,
    0x12, 0x40, 0x12, 0x96, 0x28, 0x5, 0x27, 0x68,
    0xc6, 0xe0, 0x10, 0xbb, 0x10, 0x0, 0xd2, 0x0,
    0x23, 0xd0, 0x8, 0x58, 0x7c, 0x0, 0xa0, 0xa0,
    0x1, 0x3, 0x0, 0x93, 0x47, 0xc0, 0x3e, 0x40,
    0x60, 0x2, 0x93, 0x30, 0xc0, 0x8, 0x12, 0x9,
    0x20, 0xa2, 0xb5, 0x3, 0xe8, 0x20, 0x50, 0xff,
    0x1b, 0x10, 0xeb, 0x97, 0x5, 0x2a, 0x0, 0x3f,
    0x6e, 0xb, 0xf6, 0xf3, 0x0, 0x5c, 0x94, 0x0,
    0x12, 0x0, 0x84, 0x80, 0x38, 0xed, 0x39, 0xc8,
    0x0, 0x4d, 0x40, 0x1f, 0x27, 0xb5, 0x6f, 0xfb,
    0x6b, 0x0, 0x3f, 0xc, 0x6f, 0xee, 0xbf, 0x18,
    0x3, 0x80,

    /* U+0041 "A" */
    0x0, 0xc5, 0xfe, 0x40, 0xf, 0xe5, 0x1, 0xe0,
    0xf, 0xea, 0x57, 0x50, 0xf, 0xc6, 0x5f, 0xa0,
    0xa0, 0x1f, 0x58, 0x22, 0x3, 0x80, 0x3e, 0x64,
    0x10, 0x54, 0x10, 0xe, 0x41, 0xd0, 0x7, 0x83,
    0x80, 0x77, 0x2, 0x91, 0x1c, 0x2c, 0x3, 0x94,
    0x33, 0x76, 0x2, 0x10, 0x9, 0x41, 0x2a, 0xb2,
    0x83, 0x0, 0x5e, 0x14, 0xab, 0xa8, 0x28, 0x0,
    0x2a, 0x62, 0x1, 0xc8, 0x44, 0x7, 0xa, 0x0,
    0xf7, 0x5, 0x6, 0x83, 0x80, 0x79, 0x1, 0x80,

    /* U+0042 "B" */
    0xff, 0xee, 0xc6, 0x0, 0xc3, 0x11, 0x38, 0xcd,
    0x80, 0x46, 0xef, 0x4e, 0x9a, 0x20, 0x3, 0xf5,
    0x80, 0x80, 0x7e, 0xd0, 0x70, 0x8, 0x44, 0x47,
    0x2a, 0xc4, 0x0, 0x2e, 0xe6, 0xe3, 0x24, 0x0,
    0x43, 0x77, 0x4b, 0x2f, 0x20, 0x0, 0xd1, 0x26,
    0x9f, 0x1a, 0x0, 0xfc, 0x2e, 0x24, 0x1, 0xf8,
    0x80, 0x3f, 0x91, 0x4, 0x40, 0x37, 0x7a, 0x72,
    0xc3, 0x80, 0x3, 0x11, 0x30, 0xbf, 0x18, 0x0,

    /* U+0043 "C" */
    0x0, 0x8e, 0xbb, 0xfa, 0x88, 0x3, 0x46, 0x29,
    0x2a, 0xda, 0xa0, 0x7, 0x71, 0x6e, 0x55, 0xf2,
    0xa0, 0xc, 0xe, 0x10, 0x4, 0x34, 0x20, 0xc0,
    0xc2, 0x1, 0xfb, 0x2, 0xc0, 0x3f, 0x9c, 0x8,
    0x3, 0xff, 0x92, 0xe0, 0x40, 0x1f, 0xd8, 0x16,
    0x1, 0xfc, 0xc0, 0xc2, 0x1, 0xf8, 0x5c, 0x70,
    0x80, 0x21, 0xa9, 0x0, 0x43, 0x16, 0xe4, 0xdf,
    0x2f, 0x0, 0x53, 0x6a, 0x4c, 0xaa, 0xc7, 0x0,

    /* U+0044 "D" */
    0xff, 0xdd, 0xb0, 0x40, 0x18, 0x62, 0xe, 0x2f,
    0xac, 0x1, 0x1b, 0xba, 0x73, 0x3, 0x2a, 0x1,
    0xf1, 0xe8, 0x58, 0x7, 0xe3, 0x41, 0x30, 0xf,
    0xd8, 0x8, 0x1, 0xf8, 0x83, 0xc0, 0x3f, 0xf8,
    0xe4, 0x1c, 0x1, 0xfb, 0x1, 0x40, 0x3e, 0x34,
    0x23, 0x0, 0xf2, 0x68, 0x48, 0x0, 0xe2, 0x13,
    0x96, 0x32, 0x80, 0x1, 0x77, 0x85, 0xf5, 0x80,
    0x0,

    /* U+0045 "E" */
    0xff, 0xfc, 0xe0, 0x2e, 0xfe, 0x40, 0x38, 0x8f,
    0x18, 0x7, 0xff, 0x1c, 0xa6, 0x78, 0xc0, 0x26,
    0x6e, 0x50, 0x1, 0x7f, 0xf3, 0x0, 0x7f, 0xf6,
    0x8a, 0x67, 0xcc, 0x0, 0x66, 0xf6, 0x80,

    /* U+0046 "F" */
    0xff, 0xfc, 0xe0, 0x2e, 0xfe, 0x40, 0x38, 0x8f,
    0x18, 0x7, 0xff, 0x40, 0xbf, 0xf9, 0xc0, 0x2,
    0xef, 0xc8, 0x0, 0x38, 0x8e, 0x30, 0xf, 0xff,
    0x10,

    /* U+0047 "G" */
    0x0, 0x8a, 0x77, 0xfb, 0x14, 0x3, 0x3e, 0xb0,
    0x2a, 0xd, 0x58, 0x1, 0xa0, 0x73, 0x6a, 0x9b,
    0x3a, 0x3, 0x21, 0x86, 0x1, 0x99, 0x80, 0xc0,
    0xe4, 0x1, 0xfb, 0x2, 0xc0, 0x3f, 0x9c, 0x8,
    0x2, 0x48, 0x8c, 0x40, 0x1e, 0xc7, 0x7c, 0xce,
    0x4, 0x1, 0x47, 0xfa, 0x40, 0x18, 0x16, 0x1,
    0xfc, 0xc0, 0xc2, 0x1, 0xf8, 0x60, 0x70, 0x80,
    0x37, 0x0, 0x4e, 0xe2, 0xdc, 0xaa, 0x6b, 0x8b,
    0x0, 0x23, 0x18, 0x55, 0x43, 0x1c, 0x40,

    /* U+0048 "H" */
    0xfd, 0x0, 0xf2, 0x7c, 0x80, 0x7f, 0xf8, 0x4a,
    0x67, 0xde, 0x1, 0x99, 0xbc, 0x80, 0x11, 0x7f,
    0xfa, 0xc0, 0x3f, 0xff, 0x0,

    /* U+0049 "I" */
    0xfd, 0x0, 0xff, 0xe7, 0x0,

    /* U+004A "J" */
    0x0, 0xf0, 0xfe, 0x0, 0x7f, 0xff, 0xc0, 0x3f,
    0xf8, 0x4, 0xe, 0x39, 0x0, 0x15, 0x6, 0xb,
    0xbb, 0x2b, 0x18, 0x58, 0x2e, 0x5, 0x49, 0x70,
    0x40,

    /* U+004B "K" */
    0xfd, 0x0, 0xe6, 0xfb, 0x0, 0xf9, 0x24, 0xec,
    0x3, 0xc5, 0x63, 0xa0, 0x1e, 0x1c, 0xc, 0x10,
    0xf, 0x60, 0xd9, 0x0, 0x7a, 0xc9, 0x10, 0x1,
    0xea, 0x41, 0x44, 0x0, 0x71, 0x2a, 0xb0, 0x24,
    0x3, 0xc7, 0x44, 0xe4, 0xe0, 0x18, 0x74, 0x1,
    0x3, 0x4, 0x1, 0x18, 0x80, 0x56, 0x12, 0x1,
    0xf9, 0x51, 0xa, 0x1, 0xfa, 0x42, 0xc0, 0x3f,
    0x13, 0x8c, 0x0,

    /* U+004C "L" */
    0xfd, 0x0, 0xff, 0xff, 0x80, 0x7f, 0xf5, 0xa,
    0x67, 0xc4, 0x0, 0x66, 0xf8,

    /* U+004D "M" */
    0xff, 0x30, 0x7, 0x8b, 0xfc, 0x60, 0xa, 0x0,
    0xf5, 0x80, 0x62, 0x32, 0x0, 0xe7, 0x20, 0x9,
    0x2, 0x80, 0x32, 0xa, 0x80, 0x46, 0xcc, 0x0,
    0xdc, 0x7e, 0x1, 0xa8, 0x50, 0x0, 0x2b, 0x40,
    0x1c, 0x65, 0xc0, 0x7, 0x7, 0x0, 0xc2, 0x14,
    0xa2, 0x14, 0xa3, 0xe0, 0x1c, 0xc0, 0xe4, 0x7c,
    0x1, 0xf0, 0xa5, 0x28, 0xa0, 0x7, 0xee, 0x39,
    0x60, 0xf, 0xe5, 0x11, 0x50, 0x7, 0xfa, 0xe0,
    0x80, 0x3f, 0xca, 0xe0, 0x1e,

    /* U+004E "N" */
    0xff, 0x18, 0x7, 0x2f, 0xb8, 0x3, 0xc0, 0x3f,
    0x88, 0xd8, 0x3, 0xf2, 0x22, 0x44, 0x3, 0xe3,
    0x90, 0xb0, 0xf, 0x84, 0x99, 0x50, 0x3, 0xce,
    0x10, 0x32, 0x1, 0xf8, 0x60, 0x9c, 0x4, 0x3,
    0xcc, 0x70, 0x20, 0x1f, 0xbc, 0x2d, 0xc0, 0x3e,
    0x36, 0x56, 0x0, 0xfd, 0x23, 0x0, 0x1f, 0xd6,
    0x40, 0x1f, 0xca, 0x60, 0x0,

    /* U+004F "O" */
    0x0, 0x92, 0xfb, 0xf6, 0x8c, 0x3, 0xa6, 0xd1,
    0x54, 0x2b, 0x8e, 0x1, 0x43, 0x1f, 0x5d, 0x66,
    0x94, 0x28, 0x13, 0x8e, 0x8, 0x4, 0x5e, 0x16,
    0xa, 0x12, 0x1, 0xe2, 0x51, 0x5c, 0x4, 0x0,
    0xfb, 0xc3, 0x5c, 0x8, 0x3, 0xe1, 0x2, 0x0,
    0xff, 0xe0, 0xb8, 0x10, 0x7, 0xc4, 0x5, 0x80,
    0x80, 0x1f, 0x60, 0x62, 0x84, 0x88, 0x7, 0x12,
    0x8a, 0x13, 0x8e, 0x88, 0x4, 0x5e, 0x16, 0x0,
    0x86, 0x3e, 0xba, 0xcd, 0x28, 0x50, 0xa, 0x6d,
    0x15, 0x42, 0xb8, 0xe0, 0x0,

    /* U+0050 "P" */
    0xff, 0xee, 0xb6, 0x0, 0x86, 0x20, 0xee, 0x59,
    0xc0, 0x1, 0xbb, 0xa2, 0x79, 0xd, 0x80, 0x3e,
    0xf0, 0xf0, 0xf, 0x9c, 0xc, 0x3, 0xea, 0xc,
    0x3, 0x22, 0x92, 0x98, 0x98, 0x7, 0x76, 0xb5,
    0x56, 0x0, 0x6, 0xa9, 0x79, 0xf4, 0x20, 0x3,
    0x55, 0x21, 0x80, 0x7f, 0xf8, 0x0,

    /* U+0051 "Q" */
    0x0, 0x92, 0xfb, 0xf6, 0x8c, 0x3, 0xa6, 0xd1,
    0x54, 0x2b, 0x8e, 0x1, 0x43, 0x1f, 0x5d, 0x66,
    0x94, 0x28, 0x13, 0x8e, 0x8, 0x4, 0x5e, 0x16,
    0xa, 0x12, 0x1, 0xe2, 0x51, 0x5c, 0x4, 0x0,
    0xfb, 0xc3, 0x5c, 0x8, 0x3, 0xe1, 0x2, 0x0,
    0xff, 0xe0, 0xb8, 0x10, 0x7, 0xc4, 0x5, 0x80,
    0x80, 0x1f, 0x60, 0x62, 0x84, 0x80, 0x78, 0x94,
    0x50, 0x9c, 0x6c, 0x3, 0xf, 0x85, 0x80, 0x21,
    0x93, 0xea, 0x2b, 0x8a, 0x14, 0x2, 0x9b, 0x45,
    0x75, 0x56, 0x38, 0x7, 0x25, 0xe0, 0x15, 0x18,
    0x7, 0xe3, 0x72, 0xd4, 0x0, 0x8, 0x7, 0xa2,
    0x5, 0x7f, 0xec, 0x0, 0xf9, 0xfa, 0xa2, 0x20,

    /* U+0052 "R" */
    0xff, 0xee, 0xc7, 0x0, 0xc3, 0x11, 0x38, 0xc6,
    0x80, 0x46, 0xef, 0x4e, 0xa9, 0x38, 0x7, 0xe9,
    0xd, 0x0, 0xff, 0xe3, 0xd8, 0x68, 0x0, 0xc8,
    0xa4, 0x97, 0x16, 0x0, 0xe, 0xed, 0x6c, 0x98,
    0x20, 0x1, 0xaa, 0x20, 0x1d, 0x90, 0x4, 0x6a,
    0xab, 0x33, 0x28, 0x7, 0xee, 0xb, 0x0, 0xfc,
    0x4e, 0x32, 0x1, 0xfa, 0x9, 0x8c, 0x3, 0xf4,
    0x87, 0x80,

    /* U+0053 "S" */
    0x0, 0x96, 0xfb, 0xf6, 0x44, 0x3, 0x45, 0x22,
    0xa8, 0x5b, 0x8c, 0x0, 0x4e, 0x5d, 0x75, 0x98,
    0x52, 0x0, 0x38, 0x20, 0x80, 0x47, 0x42, 0x0,
    0x60, 0x40, 0xf, 0xe3, 0x62, 0xd6, 0x0, 0xfd,
    0x32, 0x39, 0xf9, 0x20, 0xf, 0x37, 0x52, 0x36,
    0xc8, 0x7, 0xcb, 0x7a, 0x6d, 0x20, 0x1f, 0x8b,
    0x1, 0x80, 0x3f, 0xc2, 0x1, 0x56, 0xa0, 0x6,
    0x61, 0x30, 0x6, 0x15, 0xed, 0x53, 0x64, 0x78,
    0x0, 0xdc, 0xe0, 0xaa, 0x7, 0xf2, 0x0,

    /* U+0054 "T" */
    0x6f, 0xff, 0xf2, 0xa9, 0xdf, 0x0, 0x1d, 0xf3,
    0x1c, 0x46, 0x1, 0x88, 0xc6, 0x1, 0xff, 0xff,
    0x0, 0xff, 0xf6, 0x80,

    /* U+0055 "U" */
    0xf, 0xc0, 0xf, 0x27, 0xb8, 0x7, 0xff, 0xfc,
    0x3, 0xfe, 0x10, 0xf, 0x8, 0x6, 0x30, 0xf,
    0x18, 0x8, 0x20, 0x98, 0x7, 0x68, 0x20, 0x70,
    0x78, 0x80, 0x4c, 0x86, 0x40, 0xaa, 0x3e, 0xaa,
    0x6c, 0x87, 0x80, 0x55, 0x26, 0xaa, 0x6, 0xd3,
    0x0,

    /* U+0056 "V" */
    0xdf, 0x10, 0xf, 0x47, 0xad, 0x3, 0x80, 0x79,
    0x41, 0x54, 0x1a, 0x1, 0xc4, 0x45, 0x2, 0x22,
    0x8, 0x6, 0x50, 0xf0, 0x5, 0x2, 0x0, 0x6b,
    0x5, 0x0, 0x28, 0x78, 0x4, 0x26, 0xa0, 0x11,
    0x1a, 0x80, 0x4e, 0x1e, 0x1, 0xac, 0x14, 0x1,
    0xa0, 0xa0, 0x19, 0x43, 0x0, 0x8, 0xa0, 0x1c,
    0x46, 0xe0, 0xa1, 0xe0, 0x1e, 0xb1, 0x3f, 0x5,
    0x0, 0xf2, 0x85, 0xa2, 0x80, 0x7c, 0x46, 0xe3,
    0xe0, 0x1f, 0xac, 0x0, 0xa0, 0x18,

    /* U+0057 "W" */
    0x6f, 0x80, 0xc, 0x5f, 0xa0, 0x1d, 0xbc, 0x8,
    0x6, 0x1, 0x90, 0x8, 0x40, 0x31, 0x28, 0x10,
    0xa8, 0x6, 0xc2, 0x4, 0x0, 0x90, 0x30, 0x0,
    0xa2, 0x20, 0x9, 0x28, 0x70, 0x2, 0x30, 0x30,
    0x6, 0x2, 0x0, 0xc, 0x51, 0x5c, 0x2, 0xd0,
    0x40, 0x1, 0x86, 0x80, 0x10, 0xf, 0x4, 0x80,
    0xe, 0x40, 0x12, 0x1, 0x80, 0x2c, 0xc1, 0x1,
    0x0, 0x49, 0x0, 0x31, 0x28, 0x0, 0xec, 0xc,
    0x70, 0x14, 0x3c, 0x3, 0x20, 0x92, 0x2, 0x0,
    0x11, 0x0, 0x60, 0x80, 0x1b, 0xc1, 0xcc, 0xc,
    0x1, 0x82, 0x5a, 0x4, 0x1, 0x90, 0x37, 0x10,
    0x2, 0x40, 0x47, 0x30, 0xe, 0x21, 0x35, 0xc0,
    0x8, 0x87, 0x9, 0x0, 0x3c, 0xa8, 0x28, 0x1,
    0x91, 0x43, 0x40, 0x3d, 0x80, 0x26, 0x1, 0xbc,
    0x0, 0x80, 0x10,

    /* U+0058 "X" */
    0x1f, 0xe0, 0xe, 0x5f, 0x80, 0x18, 0x17, 0x0,
    0xd6, 0x30, 0x0, 0x72, 0x81, 0x0, 0x38, 0xc0,
    0x6, 0x90, 0x80, 0x18, 0x36, 0x0, 0xc8, 0x86,
    0x29, 0xf, 0x0, 0xf4, 0x87, 0x3a, 0x98, 0x7,
    0x89, 0x8c, 0x2c, 0x3, 0xf2, 0x80, 0x8, 0x3,
    0xe6, 0x39, 0xe, 0x0, 0xf0, 0xc1, 0xb4, 0x13,
    0x0, 0x74, 0xc, 0x3, 0x8c, 0x88, 0x4, 0x6c,
    0x88, 0x0, 0x58, 0x58, 0x5, 0xe1, 0x20, 0x12,
    0x9a, 0x98, 0x29, 0xb1, 0x0, 0x6f, 0xe, 0x0,

    /* U+0059 "Y" */
    0xc, 0xf2, 0x0, 0xe8, 0xf6, 0xf, 0x8, 0x0,
    0xe7, 0x26, 0x3, 0x45, 0x20, 0x9, 0xc2, 0x0,
    0x28, 0xb, 0x0, 0xa4, 0x94, 0x2, 0x34, 0x61,
    0x6, 0x18, 0x0, 0xe8, 0x9, 0xb, 0x35, 0x0,
    0xe3, 0x47, 0x71, 0x40, 0x7, 0xd2, 0x10, 0x68,
    0x1, 0xf1, 0x20, 0x40, 0x7, 0xf0, 0x83, 0x80,
    0x7f, 0xfa, 0x0,

    /* U+005A "Z" */
    0x4f, 0xff, 0xe0, 0x67, 0x7f, 0x20, 0x20, 0x14,
    0x47, 0x98, 0x68, 0x3, 0xe9, 0x2b, 0x10, 0xf,
    0x23, 0x2a, 0x80, 0x3c, 0x34, 0x36, 0x1, 0xf5,
    0x8d, 0x88, 0x7, 0x95, 0x70, 0x7, 0x86, 0xc6,
    0xc0, 0x3e, 0xa1, 0xa1, 0x0, 0xf3, 0x23, 0x20,
    0x7, 0x86, 0x4a, 0x40, 0x3e, 0xa0, 0x19, 0x9f,
    0x85, 0x0, 0xd9, 0xbe, 0x30,

    /* U+005B "[" */
    0xef, 0xf8, 0x41, 0xff, 0xc2, 0x1e, 0x1, 0xff,
    0xff, 0x0, 0xd1, 0xdc, 0x1f, 0xef, 0xf0, 0x80,

    /* U+005C "\\" */
    0x8c, 0x0, 0xf5, 0x98, 0x80, 0x71, 0x8b, 0x80,
    0x79, 0xf4, 0x3, 0xda, 0x80, 0x1e, 0x40, 0x50,
    0xf, 0x2f, 0x80, 0x7b, 0xd4, 0x3, 0xca, 0x8,
    0x1, 0xe4, 0xd0, 0xf, 0x6b, 0x80, 0x79, 0xc4,
    0xc0, 0x38, 0x4e, 0xc0, 0x3d, 0x6a, 0x1, 0xe5,
    0x22, 0x0, 0x71, 0x11, 0x40, 0x3c, 0xb6, 0x1,
    0xeb, 0x31, 0x0, 0xe3, 0x27,

    /* U+005D "]" */
    0x5f, 0xfa, 0x97, 0xfc, 0x80, 0x1f, 0xff, 0xf0,
    0xf, 0x27, 0x71, 0x1, 0x3f, 0xdd, 0x60,

    /* U+005E "^" */
    0x0, 0x8a, 0xc, 0x3, 0xd0, 0xfe, 0x1, 0xc2,
    0xaa, 0x32, 0x0, 0xcc, 0x16, 0x34, 0x1, 0xa9,
    0x45, 0x98, 0x1, 0x21, 0x70, 0x50, 0xa8, 0x3,
    0x85, 0x0, 0x8e, 0x40, 0x55, 0x80, 0x2a, 0x32,
    0x60, 0xa0, 0x9, 0xc2, 0xc0,

    /* U+005F "_" */
    0xbf, 0xff, 0xee, 0x9c, 0xcf, 0xf0,

    /* U+0060 "`" */
    0x0, 0xfa, 0x6c, 0x3, 0x92, 0x80, 0x29, 0x75,
    0x70, 0xa, 0x1e, 0x4, 0x2, 0x8d, 0x10,

    /* U+0061 "a" */
    0x1, 0x8c, 0xfe, 0xa2, 0x2, 0xe7, 0x67, 0x45,
    0xf0, 0x29, 0xea, 0x8a, 0x72, 0x50, 0x61, 0x0,
    0xb0, 0x30, 0x2, 0x48, 0xb9, 0x3, 0x6, 0xeb,
    0x3c, 0xa0, 0x2, 0xca, 0x75, 0xba, 0x80, 0x38,
    0x28, 0x40, 0x39, 0xc0, 0x40, 0x2b, 0x0, 0x58,
    0x64, 0x43, 0x48, 0x0, 0xf0, 0x6e, 0x97, 0x61,
    0x0,

    /* U+0062 "b" */
    0x2f, 0xb0, 0xf, 0xfe, 0xf8, 0x80, 0x7f, 0xc5,
    0x5d, 0xcb, 0x30, 0xc, 0xfa, 0x2c, 0x88, 0xc3,
    0x0, 0x8a, 0xed, 0x15, 0x40, 0xf0, 0x9, 0x10,
    0x1, 0x29, 0x18, 0x80, 0x7e, 0x70, 0x50, 0xf,
    0xc6, 0x2, 0x1, 0xf8, 0xc1, 0x80, 0x3f, 0x20,
    0x18, 0x1, 0x84, 0x2, 0x91, 0x60, 0x8, 0xfa,
    0xa3, 0x18, 0xe4, 0x2, 0xba, 0x67, 0x27, 0xc0,
    0x0,

    /* U+0063 "c" */
    0x0, 0x1d, 0x77, 0xe2, 0x80, 0x1b, 0x15, 0x18,
    0x28, 0x89, 0x23, 0xb5, 0x39, 0x82, 0xb0, 0xb2,
    0x0, 0x8c, 0x10, 0x14, 0x3, 0xc6, 0x1, 0xf8,
    0xc0, 0x3f, 0x38, 0x28, 0x7, 0xa4, 0x2c, 0x40,
    0x24, 0x3, 0x71, 0xe9, 0x8c, 0xb6, 0x8, 0xb4,
    0x77, 0x4, 0xb0,

    /* U+0064 "d" */
    0x0, 0xf9, 0x3e, 0x40, 0x3f, 0xfb, 0xc9, 0x9f,
    0xd2, 0x20, 0x13, 0xd9, 0xb3, 0xa5, 0x0, 0xe,
    0x7, 0x66, 0x5a, 0xe0, 0xa, 0xb, 0x20, 0xb,
    0x0, 0x8, 0xa, 0x1, 0xf1, 0x80, 0x7f, 0x18,
    0x7, 0xf3, 0x2, 0x0, 0x7d, 0xc1, 0x0, 0x1b,
    0xc0, 0xa, 0x87, 0xd3, 0x2e, 0x70, 0xa, 0xdc,
    0xd9, 0x27, 0x0, 0x0,

    /* U+0065 "e" */
    0x0, 0x26, 0x7f, 0x59, 0x0, 0x4f, 0x62, 0xec,
    0xba, 0x40, 0x70, 0x7b, 0x10, 0xf0, 0x90, 0x90,
    0xf0, 0x8, 0x59, 0x1, 0xc4, 0xc0, 0x37, 0x1,
    0x18, 0xff, 0xf4, 0x0, 0x98, 0xe6, 0x7c, 0x6e,
    0x22, 0x33, 0xf0, 0x48, 0x70, 0x7, 0xc7, 0x7,
    0xd2, 0xf3, 0xd0, 0x0, 0x7b, 0x57, 0x84, 0x69,
    0x0,

    /* U+0066 "f" */
    0x0, 0x9f, 0xbf, 0x40, 0x26, 0x82, 0x8a, 0x0,
    0xa8, 0x35, 0xdc, 0x1, 0x8, 0x8, 0x7, 0xfc,
    0xbe, 0x41, 0xfe, 0x40, 0x79, 0x0, 0x4c, 0x94,
    0x9, 0x88, 0x19, 0x82, 0x1, 0xff, 0xf5,

    /* U+0067 "g" */
    0x0, 0x46, 0xff, 0xf6, 0x6, 0x3a, 0x53, 0x1,
    0x4c, 0x31, 0xc4, 0xac, 0xb9, 0x2a, 0x70, 0x20,
    0x5, 0x60, 0xa1, 0xc0, 0xc0, 0x12, 0x81, 0x3,
    0x15, 0xa0, 0x24, 0x12, 0x0, 0x2c, 0x6f, 0xed,
    0x70, 0x0, 0x33, 0x2f, 0xde, 0xb1, 0x0, 0x20,
    0x10, 0x10, 0x80, 0x67, 0xa, 0x87, 0x79, 0x44,
    0x9, 0x85, 0xe2, 0x2a, 0xe5, 0x66, 0x6f, 0xfe,
    0xb0, 0x88, 0x21, 0x0, 0x64, 0x23, 0x6, 0x0,
    0xe4, 0x24, 0x92, 0xc6, 0x45, 0x9b, 0x3b, 0x7a,
    0x78, 0xbb, 0x14, 0xe0, 0x80,

    /* U+0068 "h" */
    0x2f, 0xb0, 0xf, 0xfe, 0xd8, 0x80, 0x7f, 0xd3,
    0xdf, 0x86, 0x1, 0x36, 0xa3, 0x99, 0xb4, 0x2,
    0x3a, 0xd9, 0xc4, 0x14, 0x0, 0x23, 0x80, 0x5a,
    0x4, 0x1, 0xf1, 0x7, 0x0, 0x7f, 0xfc, 0x0,

    /* U+0069 "i" */
    0x3e, 0xb6, 0x15, 0x55, 0xe0, 0x21, 0x0, 0x45,
    0xf6, 0x1, 0xff, 0xd2,

    /* U+006A "j" */
    0x0, 0x1f, 0x50, 0x1, 0x85, 0x0, 0xb, 0x78,
    0x1, 0x21, 0x0, 0x7c, 0x5f, 0x60, 0x1f, 0xfe,
    0xf1, 0x0, 0x30, 0x1a, 0xbc, 0x86, 0xfc, 0x1c,
    0x20,

    /* U+006B "k" */
    0x2f, 0xa0, 0xf, 0xff, 0x49, 0x7e, 0x88, 0x7,
    0xbc, 0x3c, 0x40, 0x3a, 0x8a, 0x88, 0x3, 0x9d,
    0x61, 0x40, 0x39, 0x20, 0x5c, 0x3, 0x9a, 0x84,
    0x4c, 0x1, 0xc6, 0x1e, 0x50, 0x20, 0x1d, 0xa3,
    0xc3, 0x60, 0x19, 0x4c, 0xd, 0x54, 0x80, 0x1f,
    0x58, 0x48, 0x7, 0xc3, 0x5, 0x0,

    /* U+006C "l" */
    0x2f, 0xb0, 0xf, 0xff, 0x49, 0x2, 0xa8, 0x20,
    0x78,

    /* U+006D "m" */
    0x2f, 0x61, 0xae, 0xe5, 0x0, 0x13, 0x3f, 0x58,
    0x2, 0xcf, 0x64, 0x5, 0xa7, 0xb6, 0x52, 0x93,
    0x0, 0x2c, 0xe5, 0x78, 0xad, 0x6d, 0x52, 0x42,
    0x80, 0x8, 0xe0, 0x1, 0x40, 0x92, 0x0, 0x38,
    0x10, 0x7, 0xc6, 0xe, 0x1, 0x8, 0x38, 0x7,
    0xff, 0xc, 0x40, 0x3f, 0xff, 0xe0, 0x1c,

    /* U+006E "n" */
    0x2f, 0x61, 0x9e, 0xfc, 0x30, 0xb, 0x3d, 0x1c,
    0xcd, 0xa0, 0x12, 0xce, 0xce, 0x20, 0xa0, 0x1,
    0x1c, 0x2, 0xd0, 0x20, 0xf, 0x88, 0x38, 0x3,
    0xff, 0xe0,

    /* U+006F "o" */
    0x0, 0x25, 0xf7, 0xe2, 0x80, 0x67, 0xb5, 0x76,
    0x2a, 0x90, 0x1, 0xc1, 0x7c, 0xcb, 0x8d, 0x94,
    0x24, 0x20, 0x40, 0x2f, 0x9, 0x7, 0x5, 0x0,
    0xc6, 0x26, 0x6, 0x1, 0xf1, 0x0, 0xc, 0x3,
    0xe2, 0x0, 0x38, 0x20, 0x6, 0x21, 0x30, 0x90,
    0x91, 0x0, 0xb8, 0x24, 0xe, 0xb, 0xe6, 0x34,
    0xd9, 0x40, 0xf, 0x6a, 0xee, 0x1a, 0x90, 0x0,

    /* U+0070 "p" */
    0x2f, 0x62, 0xae, 0xe5, 0x98, 0x6, 0xad, 0x16,
    0x44, 0x61, 0x80, 0x47, 0x76, 0x8a, 0xa0, 0x78,
    0x4, 0x88, 0x0, 0x94, 0x8c, 0x40, 0x3f, 0x38,
    0x28, 0x7, 0xe3, 0x1, 0x0, 0xfc, 0x60, 0xc0,
    0x1f, 0x90, 0xc, 0x0, 0xc2, 0x1, 0x48, 0xb0,
    0x4, 0x5d, 0x51, 0x8c, 0x72, 0x1, 0x2d, 0x33,
    0x93, 0xe0, 0x7, 0x2e, 0x7f, 0x40, 0x7, 0x8,
    0x7, 0xff, 0x74,

    /* U+0071 "q" */
    0x0, 0x26, 0x7f, 0x50, 0xfc, 0x83, 0xd9, 0xb3,
    0xbb, 0x80, 0x7, 0x3, 0xb3, 0x2d, 0x70, 0x5,
    0x5, 0x90, 0x5, 0x80, 0x4, 0x5, 0x0, 0xf8,
    0xc0, 0x3f, 0x8c, 0x3, 0xf9, 0x81, 0x0, 0x3e,
    0xe0, 0x80, 0xd, 0xe0, 0x5, 0x43, 0xe9, 0x97,
    0x30, 0x5, 0x6e, 0x6c, 0x91, 0xc0, 0x1a, 0x37,
    0xf5, 0x9c, 0x3, 0xff, 0xbc,

    /* U+0072 "r" */
    0x2f, 0x61, 0xbf, 0xb0, 0x7, 0x62, 0xab, 0x40,
    0xe, 0xee, 0xa6, 0x0, 0xd, 0x0, 0x72, 0x80,
    0x7f, 0xf8, 0x80,

    /* U+0073 "s" */
    0x0, 0x26, 0x7f, 0xac, 0xc0, 0x9, 0x63, 0x10,
    0x7c, 0x10, 0xf0, 0xc7, 0x76, 0x68, 0x80, 0x81,
    0x0, 0x44, 0x0, 0x91, 0xc9, 0x30, 0xc, 0x7e,
    0xcc, 0xcc, 0x18, 0x4, 0x33, 0xd0, 0x78, 0x60,
    0x18, 0x5e, 0xc2, 0x81, 0x84, 0x3, 0x84, 0xa7,
    0xa5, 0xa2, 0x82, 0x8b, 0x59, 0x25, 0x97, 0x8,

    /* U+0074 "t" */
    0x0, 0x4f, 0x80, 0x78, 0xc0, 0x3e, 0x10, 0xe,
    0x7f, 0x40, 0xff, 0x81, 0x64, 0x42, 0x65, 0x40,
    0x4c, 0x60, 0xcc, 0x50, 0xf, 0xfe, 0xfb, 0x1,
    0x0, 0x76, 0x7, 0xbc, 0x80, 0x4e, 0xe3, 0x84,
    0x10,

    /* U+0075 "u" */
    0x5f, 0x80, 0xd, 0x1e, 0xa0, 0x1f, 0xfe, 0x61,
    0x0, 0xff, 0x84, 0x3, 0x8, 0x1, 0x41, 0xc0,
    0x25, 0x60, 0x0, 0x98, 0xec, 0xdd, 0x38, 0x5,
    0xa8, 0x4c, 0x3b, 0x60, 0x0,

    /* U+0076 "v" */
    0x8f, 0x50, 0xe, 0xcf, 0xb, 0xf, 0x0, 0xc4,
    0x6a, 0x6, 0x4a, 0x1, 0x94, 0x38, 0x1, 0x40,
    0x80, 0x15, 0x8a, 0x0, 0x14, 0x38, 0x0, 0x46,
    0xe0, 0x11, 0x1a, 0x0, 0x14, 0x28, 0x3, 0x50,
    0xa0, 0x58, 0x98, 0x6, 0x70, 0xd1, 0x36, 0x0,
    0xe1, 0x47, 0x70, 0x50, 0x7, 0xb8, 0x6c, 0x88,
    0x1, 0xe5, 0x2, 0xa0, 0xc,

    /* U+0077 "w" */
    0x5f, 0x80, 0xd, 0xde, 0x20, 0x12, 0xfb, 0x28,
    0x20, 0x4, 0x62, 0x8, 0x1, 0x60, 0x38, 0x19,
    0x80, 0x24, 0x22, 0x60, 0x4, 0x84, 0x21, 0x60,
    0x80, 0xb, 0x44, 0x38, 0x0, 0x49, 0x0, 0x8,
    0x18, 0x0, 0x3c, 0xc0, 0x90, 0x20, 0x60, 0x0,
    0xc5, 0x1, 0x1, 0x10, 0x8, 0x18, 0xa, 0x1,
    0x21, 0x86, 0x10, 0x88, 0xb0, 0x10, 0xc0, 0x36,
    0x2, 0x24, 0x0, 0x44, 0x9, 0x20, 0x6, 0x70,
    0xc3, 0xc0, 0x6, 0x8b, 0x5, 0x80, 0x61, 0x26,
    0x4, 0x0, 0x20, 0x48, 0x18, 0x7, 0x20, 0x90,
    0x80, 0x46, 0x28, 0x1, 0x0,

    /* U+0078 "x" */
    0x2f, 0xd0, 0xd, 0x9e, 0x25, 0x4, 0xe0, 0x5,
    0x38, 0x10, 0x72, 0x81, 0xb, 0x27, 0x0, 0xb8,
    0x2d, 0x86, 0x40, 0x31, 0xb2, 0xca, 0xa0, 0x7,
    0x60, 0x2, 0x40, 0x3d, 0x4, 0x10, 0x1, 0xd0,
    0x5d, 0x8, 0xc0, 0x11, 0x3a, 0x9b, 0x94, 0x88,
    0x3, 0x82, 0xc0, 0x12, 0x16, 0xc, 0x6e, 0x20,
    0x4, 0x55, 0x80,

    /* U+0079 "y" */
    0x8f, 0x50, 0xe, 0xcf, 0xa, 0xf, 0x0, 0xc2,
    0x6a, 0x4, 0x6a, 0x20, 0x13, 0x87, 0x80, 0x28,
    0x1c, 0x2, 0xd0, 0x50, 0x3, 0x6, 0x80, 0x48,
    0xa0, 0x19, 0x90, 0x41, 0x43, 0x80, 0x35, 0x3,
    0x7, 0x82, 0x0, 0x63, 0x2b, 0x4, 0x50, 0xf,
    0x51, 0xa8, 0xf0, 0x7, 0x98, 0x2c, 0x50, 0x3,
    0xc2, 0xa2, 0xe0, 0x1f, 0xb4, 0x34, 0x3, 0xf5,
    0x8a, 0x0, 0x7c, 0xa7, 0x0, 0x1e, 0x89, 0xa2,
    0x60, 0xe, 0x27, 0x65, 0xc0, 0xf, 0x0,

    /* U+007A "z" */
    0xb, 0xff, 0xf5, 0x87, 0xc4, 0x62, 0xd, 0x4,
    0x77, 0x8c, 0x91, 0x80, 0x3a, 0x86, 0x80, 0x3a,
    0x46, 0xc4, 0x3, 0x23, 0x22, 0x80, 0x75, 0xd,
    0x0, 0x74, 0x8d, 0x88, 0x6, 0x46, 0x45, 0x0,
    0xea, 0x2, 0x77, 0xcc, 0x82, 0xd, 0x11, 0xc0,

    /* U+007B "{" */
    0x0, 0xa7, 0xbc, 0x40, 0xa, 0xd3, 0xc2, 0x0,
    0x20, 0x71, 0x0, 0xbc, 0x3, 0xde, 0x1, 0xe1,
    0x0, 0xf1, 0x80, 0x80, 0x7f, 0x86, 0x44, 0x40,
    0x3, 0xe3, 0xd0, 0x8, 0xec, 0x7c, 0x3, 0x24,
    0x18, 0x7, 0x18, 0x8, 0x6, 0x30, 0x10, 0xc,
    0x20, 0x1f, 0xfc, 0x82, 0x5, 0x0, 0xca, 0x95,
    0xe2, 0x1, 0x5f, 0xf0, 0x80,

    /* U+007C "|" */
    0xf5, 0x0, 0xff, 0xef, 0x0,

    /* U+007D "}" */
    0x5f, 0xe6, 0x0, 0x2f, 0x24, 0x88, 0x0, 0x78,
    0x14, 0x2, 0x70, 0xe, 0x70, 0x70, 0xe, 0x10,
    0xe, 0x30, 0xe, 0x30, 0x9, 0x42, 0xc0, 0x21,
    0x96, 0xf0, 0x0, 0xc2, 0x60, 0x1, 0x46, 0x4c,
    0x3, 0x18, 0x7, 0x18, 0x7, 0x8, 0x4, 0xe0,
    0xe0, 0x13, 0x80, 0x76, 0x3, 0x2, 0x7b, 0xb8,
    0x81, 0x3b, 0xe0, 0x0,

    /* U+007E "~" */
    0x0, 0xff, 0xe0, 0xe, 0x7e, 0xa0, 0x4, 0x80,
    0xd, 0xa, 0x7b, 0x82, 0x8b, 0x10, 0xbd, 0x5a,
    0x97, 0xd7, 0xb1, 0x7, 0x10, 0x3, 0x76, 0x7a,
    0x0,

    /* U+00B0 "°" */
    0x1, 0xaf, 0xd4, 0x0, 0x51, 0xfc, 0xd9, 0x2,
    0x40, 0x22, 0xa0, 0x7, 0x84, 0x12, 0x1, 0x15,
    0x41, 0x45, 0xf3, 0x64,

    /* U+00B7 "·" */
    0x0, 0x8, 0x80, 0x27, 0xee, 0x38, 0xc, 0x0,
    0x20, 0x44, 0x1, 0x84, 0x28, 0x45, 0x40,

    /* U+2014 "—" */
    0x0, 0xff, 0xe2, 0x8f, 0xff, 0xff, 0x10, 0x73,
    0x3f, 0xf8, 0x80,

    /* U+2018 "‘" */
    0x0, 0x28, 0x2, 0xf0, 0x1c, 0x64, 0x2c, 0x10,
    0x5, 0x6c, 0x20, 0x10, 0x0,

    /* U+2019 "’" */
    0x4, 0x71, 0xb, 0x8b, 0x4, 0x7, 0xb, 0x87,
    0x2, 0x98, 0x9, 0xd2, 0xb, 0x30,

    /* U+201C "“" */
    0x0, 0x20, 0x80, 0x14, 0x0, 0xd0, 0x0, 0x8e,
    0x2, 0x8d, 0x14, 0x5b, 0x5, 0x36, 0xd, 0x16,
    0x0, 0x14, 0x29, 0x9a, 0x4d, 0x88, 0x5e, 0x44,
    0x8c,

    /* U+201D "”" */
    0x5, 0x60, 0x3, 0xa8, 0x1d, 0x4b, 0xac, 0x52,
    0x11, 0x3, 0x5c, 0x40, 0xc7, 0x57, 0x4b, 0x8c,
    0xc0, 0xae, 0xe0, 0x77, 0x20, 0xf7, 0x81, 0xed,
    0x0, 0xd9, 0x1, 0xd0, 0x80,

    /* U+2026 "…" */
    0x48, 0x10, 0xc, 0xee, 0x0, 0xc3, 0x9, 0x4f,
    0x0, 0x12, 0x44, 0xc, 0x2, 0x87, 0xa7, 0xc,
    0x0, 0x94, 0x8a, 0x0, 0xb0, 0x1c,

    /* U+3001 "、" */
    0x3, 0x0, 0xd5, 0x8e, 0x1, 0x41, 0x44, 0x0,
    0x5, 0x84, 0xee, 0x0, 0xe, 0x14, 0x30, 0x0,
    0x7c, 0x94, 0x2, 0x2d, 0x30,

    /* U+3002 "。" */
    0x0, 0x46, 0xe3, 0x0, 0x28, 0xfa, 0x2d, 0x85,
    0x6c, 0xd3, 0xac, 0x4, 0x2, 0x10, 0x15, 0x91,
    0x2e, 0xa0, 0xa3, 0xec, 0xb7,

    /* U+300A "《" */
    0x0, 0xc7, 0x60, 0x38, 0x20, 0x1a, 0x48, 0x18,
    0x4, 0x2, 0x25, 0xb0, 0x98, 0x0, 0xd6, 0xa4,
    0xe4, 0x80, 0x10, 0xb4, 0x4, 0xc0, 0x6, 0x85,
    0x26, 0x34, 0x0, 0x85, 0xa4, 0x2e, 0x0, 0x34,
    0xa1, 0xa8, 0x28, 0x6, 0x68, 0x8, 0xb0, 0xc,
    0x80, 0x64, 0x47, 0x0, 0xc8, 0xa, 0x48, 0xc0,
    0x1d, 0x12, 0x1f, 0x20, 0x1c, 0xc4, 0x88, 0x27,
    0x0, 0xe9, 0x80, 0x89, 0x0, 0xe7, 0x34, 0x41,
    0xb0, 0x7, 0x3f, 0x84, 0x58, 0x7, 0x4a, 0x1a,
    0x82, 0x80, 0x61, 0x68, 0xb, 0x80, 0xe, 0x83,
    0x6, 0x41,

    /* U+300B "》" */
    0x1c, 0x0, 0x59, 0x0, 0x61, 0x7, 0x2, 0x80,
    0xe, 0x89, 0xb, 0x52, 0x0, 0xc8, 0x6c, 0x4b,
    0x60, 0x1d, 0x10, 0x8, 0x61, 0x0, 0xca, 0x6c,
    0x49, 0x20, 0x1d, 0x76, 0x8, 0x71, 0x0, 0xcc,
    0x6a, 0x68, 0xc0, 0x1d, 0x12, 0x1f, 0x20, 0x1c,
    0xe6, 0x28, 0x8, 0x1, 0xa5, 0x5, 0x4d, 0x0,
    0x33, 0x40, 0x45, 0x80, 0x67, 0x23, 0x43, 0x60,
    0xd, 0x30, 0x11, 0x20, 0x19, 0x89, 0x10, 0x4e,
    0x1, 0xa2, 0x42, 0x24, 0x3, 0x31, 0xa9, 0x99,
    0x80, 0x35, 0xd8, 0x21, 0xc4, 0x2, 0x14, 0x60,
    0x29, 0x0, 0xc0,

    /* U+3010 "【" */
    0x89, 0x9d, 0x0, 0xcd, 0xd4, 0x1, 0xd4, 0x40,
    0x19, 0x14, 0x3, 0xa0, 0x3, 0x88, 0xc0, 0x39,
    0x40, 0x3d, 0xa0, 0x1e, 0x60, 0xf, 0x8, 0x7,
    0x84, 0x3, 0xce, 0x1, 0xe3, 0x0, 0xf6, 0x0,
    0x79, 0x4, 0x3, 0xcc, 0x1, 0xe8, 0x10, 0xf,
    0x50, 0x7, 0x92, 0x83, 0xbf, 0xf5, 0x0,

    /* U+3011 "】" */
    0x8, 0xaa, 0xd2, 0x14, 0x8a, 0xb3, 0x81, 0x58,
    0x7, 0x95, 0x0, 0x3d, 0x0, 0x1e, 0x32, 0x0,
    0xf2, 0x80, 0x7b, 0x40, 0x3c, 0xc0, 0x1e, 0x10,
    0xf, 0x8, 0x7, 0x9c, 0x3, 0xc6, 0x1, 0xec,
    0x0, 0xe1, 0x40, 0xe, 0x90, 0xe, 0x17, 0x0,
    0xed, 0x0, 0xea, 0x30, 0xc,

    /* U+4E00 "一" */
    0x1a, 0xaf, 0xfe, 0x31, 0x1a, 0xaf, 0xff, 0x18,
    0x4b, 0xff, 0xff, 0x8c, 0x60,

    /* U+4E03 "七" */
    0x0, 0xf3, 0x18, 0x7, 0xff, 0x10, 0x66, 0xc0,
    0x3f, 0xff, 0xe0, 0x1f, 0xa, 0x34, 0x80, 0x7f,
    0x12, 0x3c, 0xe7, 0xf5, 0xcb, 0x10, 0x0, 0x95,
    0xe8, 0x1f, 0x6e, 0x18, 0x16, 0x2f, 0x7c, 0xaf,
    0xf6, 0xa1, 0x0, 0x13, 0x7d, 0xf9, 0x4e, 0x84,
    0x0, 0xc7, 0x9c, 0xee, 0x3, 0xb2, 0x8, 0x7,
    0xe7, 0x86, 0x31, 0x0, 0xff, 0xfc, 0x72, 0x80,
    0x7f, 0xf1, 0x4, 0x5a, 0x1, 0xe1, 0x1, 0x0,
    0xf9, 0x43, 0x40, 0x3e, 0x26, 0x98, 0x8e, 0x9a,
    0x4, 0x0, 0xfb, 0x91, 0xdf, 0xe2, 0xb1, 0x0,

    /* U+4E09 "三" */
    0xb, 0xff, 0xff, 0xe1, 0x28, 0x3, 0x59, 0xbf,
    0xf8, 0x60, 0x6, 0x99, 0xff, 0xe1, 0x18, 0x7,
    0xff, 0xb4, 0xdd, 0xff, 0xe5, 0x0, 0xe4, 0x88,
    0xff, 0xe0, 0x0, 0x73, 0xff, 0xff, 0xda, 0x1,
    0xff, 0xff, 0x67, 0x7f, 0xfe, 0x21, 0xc4, 0x7f,
    0xf1, 0x53, 0xbf, 0xff, 0xf8, 0x8e,

    /* U+4E0A "上" */
    0x0, 0xfc, 0xb4, 0x1, 0xff, 0xc5, 0xc5, 0x0,
    0xff, 0xff, 0x80, 0x7f, 0xf2, 0x1d, 0xfe, 0x30,
    0xf, 0xfa, 0x23, 0xeb, 0x0, 0xff, 0xbf, 0xfe,
    0x80, 0xf, 0xff, 0xf8, 0x7, 0xff, 0xbc, 0x77,
    0x7e, 0x60, 0xdd, 0xfd, 0x80, 0xef, 0xf2, 0xa9,
    0xdf, 0xf2, 0x0,

    /* U+4E0B "下" */
    0x22, 0xff, 0xe3, 0x7, 0x6e, 0xff, 0xf1, 0x42,
    0x2a, 0xbd, 0x20, 0x55, 0x5f, 0x81, 0x15, 0x7c,
    0xe0, 0xab, 0xfc, 0x1, 0xff, 0xd1, 0x10, 0xf,
    0xfe, 0x33, 0x73, 0x80, 0x7f, 0xf1, 0x10, 0xa3,
    0x54, 0x3, 0xff, 0x84, 0x79, 0x47, 0x56, 0x20,
    0x1f, 0xfc, 0x25, 0xf6, 0x4e, 0x60, 0xf, 0xfe,
    0x10, 0xcd, 0x8f, 0x0, 0x7f, 0xf1, 0x13, 0xe0,
    0x3, 0xff, 0x8a, 0x20, 0x1f, 0xff, 0xf0, 0xf,
    0xfe, 0x58,

    /* U+4E0D "不" */
    0x6, 0x88, 0xff, 0xe2, 0x18, 0x5b, 0xbf, 0xff,
    0x11, 0x43, 0x7f, 0xfe, 0xb0, 0x4f, 0xff, 0x30,
    0x7, 0xf4, 0x84, 0x80, 0x7f, 0xf0, 0xe4, 0x80,
    0x80, 0x3f, 0xf8, 0x4c, 0xc0, 0x61, 0x30, 0xf,
    0xfe, 0x2, 0x49, 0x0, 0x2b, 0x20, 0x3, 0xfc,
    0xd6, 0x3e, 0x0, 0xb6, 0x7c, 0x10, 0xf, 0xa2,
    0x4b, 0x8, 0x2, 0x99, 0x1f, 0xa0, 0x6, 0x1a,
    0x73, 0xc2, 0x0, 0xe6, 0xc0, 0xb6, 0x0, 0x37,
    0xab, 0x60, 0x80, 0x7c, 0x78, 0x52, 0xe3, 0x1,
    0x52, 0x1, 0xfe, 0x2c, 0x20, 0x1d, 0xe5, 0x0,
    0xff, 0xe0, 0xe, 0xb8, 0x18, 0x7, 0xff, 0xfc,
    0x3, 0xff, 0x8c,

    /* U+4E0E "与" */
    0x0, 0xc8, 0x40, 0x1f, 0xfc, 0x3b, 0xa0, 0xf,
    0xfe, 0x11, 0x86, 0x80, 0x7f, 0xf0, 0x94, 0x2b,
    0xff, 0xfd, 0x0, 0x17, 0x84, 0xcf, 0xfd, 0x60,
    0x12, 0x21, 0x9b, 0xfe, 0x30, 0x0, 0x96, 0x0,
    0x7f, 0xf0, 0x94, 0xc, 0x3, 0xff, 0x85, 0x81,
    0x7f, 0xff, 0xf6, 0x0, 0x31, 0xa6, 0x7f, 0xe0,
    0x60, 0x2, 0x4b, 0x37, 0xfc, 0x4, 0x1, 0xff,
    0xc2, 0x20, 0xee, 0x7f, 0xff, 0xd0, 0xc, 0x5,
    0x2e, 0xff, 0xf6, 0x1, 0x82, 0xbc, 0x47, 0xfc,
    0x81, 0x82, 0x20, 0xf, 0xfe, 0x8, 0xa2, 0x0,
    0x3f, 0x8a, 0x1d, 0x99, 0xa1, 0xc0, 0x1f, 0xc4,
    0xd1, 0x32, 0x28, 0x40, 0xf, 0xf7, 0x7f, 0xdc,
    0xe0, 0x0,

    /* U+4E13 "专" */
    0x0, 0xf9, 0xe4, 0x3, 0xff, 0x89, 0x24, 0x1,
    0xfe, 0x27, 0x7d, 0x42, 0xce, 0xff, 0x0, 0x4d,
    0x11, 0x94, 0xa, 0x23, 0xe1, 0x0, 0x27, 0xfe,
    0x33, 0x7f, 0xfe, 0x10, 0xf, 0x9, 0xd8, 0x7,
    0xfb, 0xbf, 0xf7, 0x4, 0x7f, 0xff, 0x44, 0xbb,
    0xe0, 0x3, 0xbf, 0xfb, 0x1e, 0x22, 0x90, 0x88,
    0xff, 0x90, 0x3, 0x38, 0x20, 0x8f, 0xe0, 0xf,
    0xa8, 0x33, 0xbb, 0xf5, 0x80, 0x7a, 0x62, 0xab,
    0xd0, 0x0, 0x90, 0xf, 0x2b, 0xaa, 0xf2, 0x50,
    0xe1, 0x0, 0x7c, 0x20, 0x18, 0x70, 0xf4, 0xc0,
    0x3e, 0x8e, 0xb6, 0x12, 0xf3, 0xc3, 0x0, 0xfd,
    0x14, 0x33, 0xda, 0x38, 0x40, 0x1f, 0xe5, 0xae,
    0x80, 0x7, 0xb0, 0x7, 0xff, 0x0, 0x5f, 0xed,
    0xa7, 0x0, 0x3f, 0xf8, 0x49, 0x76, 0xf0, 0xc,

    /* U+4E1A "业" */
    0x0, 0xf4, 0xa0, 0x5, 0x6, 0x1, 0xff, 0xb,
    0x18, 0x0, 0x5d, 0x0, 0x3f, 0xfe, 0x63, 0xee,
    0x1, 0xff, 0xc1, 0xe5, 0x1, 0x59, 0x0, 0xff,
    0xe0, 0x28, 0xb0, 0x2, 0x45, 0x40, 0x3f, 0xe9,
    0x33, 0x0, 0xc, 0xa4, 0x3, 0xfc, 0x87, 0x0,
    0x1a, 0x8c, 0x80, 0x3f, 0xa0, 0xd0, 0x3, 0x30,
    0x58, 0x7, 0xe4, 0x38, 0x0, 0xe1, 0x45, 0x0,
    0xfd, 0x8, 0x80, 0xf, 0x56, 0x0, 0x7e, 0xd9,
    0x0, 0xf8, 0x40, 0x3f, 0x84, 0x80, 0x3f, 0xfb,
    0xd3, 0xdd, 0xc1, 0x1d, 0xd0, 0x47, 0x77, 0xf,
    0xbb, 0xe6, 0x69, 0xdc, 0xcd, 0x3b, 0xf0, 0x80,

    /* U+4E2A "个" */
    0x0, 0xff, 0x10, 0x7, 0xff, 0x1a, 0xb4, 0x40,
    0x3f, 0xf8, 0x8c, 0xa0, 0x40, 0x1f, 0xfc, 0x34,
    0x93, 0x2d, 0x20, 0xf, 0xfe, 0xa, 0xd9, 0xe6,
    0x3, 0xc, 0x3, 0xfe, 0x7a, 0x3d, 0x1, 0xc0,
    0xc5, 0x0, 0xfc, 0x37, 0x9, 0xa2, 0xe8, 0x5e,
    0x75, 0x41, 0x0, 0xe7, 0xe4, 0x7b, 0x10, 0x9e,
    0x1, 0xc6, 0x5f, 0x70, 0x1, 0x74, 0x16, 0x40,
    0x7, 0xe9, 0xb3, 0x8d, 0x2, 0x69, 0xd3, 0x0,
    0xff, 0x26, 0xc5, 0x80, 0x21, 0x80, 0x3f, 0xf8,
    0x4e, 0xc0, 0x1f, 0xff, 0xf0, 0xf, 0xff, 0xf8,
    0x7, 0xfc,

    /* U+4E2D "中" */
    0x0, 0xf9, 0xf0, 0x3, 0xff, 0x87, 0xa6, 0x1,
    0xff, 0xcd, 0x33, 0xf9, 0xc0, 0xcf, 0xe1, 0xec,
    0xcf, 0x10, 0x66, 0x7c, 0xc0, 0x99, 0x9c, 0x41,
    0x99, 0xd6, 0x1, 0x9, 0x9f, 0x38, 0x19, 0xf2,
    0x80, 0x7f, 0xfa, 0x4d, 0x5d, 0xf9, 0x41, 0xdf,
    0xa4, 0x3, 0x44, 0x70, 0x2, 0x23, 0x9c, 0x0,
    0x69, 0xff, 0xca, 0x1f, 0xfd, 0xc0, 0xe, 0x90,
    0xf, 0xfe, 0x0, 0xe3, 0x19, 0x0, 0x7f, 0xf0,
    0x4c, 0x40, 0x3f, 0xff, 0x0,

    /* U+4E3A "为" */
    0x0, 0xc2, 0x1, 0x5b, 0x80, 0x7f, 0xd3, 0xe2,
    0x0, 0x5e, 0x0, 0xff, 0xa0, 0x34, 0x3, 0xff,
    0x86, 0x34, 0x6a, 0x2, 0x20, 0xf, 0xfe, 0x2,
    0x6a, 0x80, 0x7f, 0xf0, 0x1f, 0xfe, 0xdf, 0xf0,
    0x3f, 0xff, 0xda, 0x6, 0xef, 0xc6, 0x4, 0xef,
    0xe0, 0x9, 0x22, 0x3a, 0x83, 0xa2, 0x3c, 0x62,
    0x1, 0xf7, 0x81, 0x80, 0x78, 0x5c, 0x3, 0xe7,
    0x40, 0xc9, 0x0, 0xc6, 0x20, 0x1e, 0x51, 0xe0,
    0x86, 0x60, 0x6, 0x30, 0xf, 0x40, 0xa8, 0x23,
    0x49, 0x80, 0x4, 0x40, 0x1c, 0xe5, 0x0, 0x14,
    0x8d, 0x0, 0x87, 0x80, 0x63, 0x83, 0x60, 0xd,
    0xf2, 0x4, 0x2, 0x1, 0x1e, 0x8e, 0x80, 0x70,
    0x80, 0x18, 0x8, 0x0, 0x98, 0x1a, 0x20, 0x1f,
    0xb0, 0x18, 0x22, 0xc7, 0xc, 0x3, 0x9a, 0x1e,
    0x18, 0x88, 0x1a, 0xbe, 0x40, 0x1e, 0x17, 0x87,
    0x2e, 0x0, 0x2d, 0x8, 0x7, 0xcf, 0xff, 0x69,
    0x80,

    /* U+4E4B "之" */
    0x0, 0xff, 0xe8, 0x3d, 0x80, 0x7f, 0xf1, 0x89,
    0x20, 0x3, 0xff, 0x8a, 0xaa, 0x73, 0x0, 0xff,
    0xe2, 0xd9, 0x0, 0x7f, 0x8f, 0xff, 0xee, 0x2c,
    0xff, 0xd6, 0x1, 0x89, 0xdf, 0xff, 0x80, 0x20,
    0x40, 0x18, 0x62, 0x3f, 0xeb, 0x13, 0x90, 0xf,
    0xfe, 0x19, 0x68, 0xe8, 0x7, 0xff, 0xc, 0x7c,
    0x30, 0x40, 0x3f, 0xf8, 0x43, 0x87, 0x84, 0x1,
    0xff, 0xc2, 0x3f, 0x3d, 0x20, 0xf, 0xfe, 0x12,
    0xe1, 0xe1, 0x80, 0x7f, 0xf0, 0xa2, 0x93, 0x8,
    0x3, 0xff, 0x82, 0x58, 0xee, 0xb1, 0x0, 0xff,
    0xe0, 0x37, 0xe9, 0x5c, 0x0, 0x7f, 0xf0, 0x6,
    0xe4, 0x41, 0xd4, 0x3, 0xff, 0x83, 0xa9, 0x5d,
    0x4f, 0xd7, 0x2e, 0xfa, 0x26, 0xae, 0xc0, 0x7,
    0x85, 0x5, 0xf8, 0x7, 0x88, 0xce, 0xe4, 0x63,
    0x0, 0x5b, 0x80, 0x42, 0xf7, 0xdf, 0xfd, 0xdc,
    0xd8, 0x0,

    /* U+4E58 "乘" */
    0x0, 0xff, 0xe0, 0x89, 0xb2, 0x80, 0x79, 0x59,
    0x8f, 0x15, 0x79, 0xdf, 0xd9, 0x32, 0x0, 0xf5,
    0xc4, 0x29, 0x5, 0xe, 0x65, 0x7b, 0xf8, 0x1,
    0xee, 0xeb, 0x72, 0xd8, 0x1d, 0x90, 0x80, 0x3c,
    0x6c, 0xdf, 0x81, 0x9b, 0xf0, 0x1, 0x26, 0x7e,
    0x0, 0x4c, 0xfd, 0x0, 0x7, 0xff, 0xcb, 0x9e,
    0xc1, 0xfe, 0x5a, 0xff, 0xb8, 0x2, 0x34, 0x42,
    0xa9, 0xc0, 0x39, 0x8, 0x62, 0x80, 0x36, 0xdd,
    0xa8, 0x3, 0xe1, 0x8e, 0x5d, 0x0, 0xdd, 0xfe,
    0xe0, 0xf, 0xec, 0xd7, 0x0, 0xf9, 0x40, 0x26,
    0x1, 0x1, 0x83, 0x3, 0x60, 0x2, 0x5e, 0xfd,
    0x80, 0x10, 0x1, 0x40, 0xd, 0x33, 0x54, 0x0,
    0x1c, 0xaf, 0x38, 0x4e, 0xc0, 0xb, 0x2c, 0xb9,
    0x86, 0x60, 0x0, 0xe5, 0x8c, 0x76, 0x51, 0x82,
    0x98, 0x7f, 0xf4, 0x0, 0x79, 0xb1, 0x6c, 0x0,
    0x94, 0xd4, 0x20, 0x1f, 0x15, 0xcb, 0x58, 0x6,
    0x5b, 0x5f, 0x50, 0xc, 0x95, 0xab, 0x32, 0x0,
    0xf2, 0x69, 0x56, 0x28, 0x3, 0x95, 0xbd, 0x80,
    0x3f, 0x16, 0x49, 0x51, 0x5, 0x7c, 0x88, 0x7,
    0xfc, 0xdd, 0xa4,

    /* U+4E5D "九" */
    0x0, 0xf9, 0xd4, 0x3, 0xff, 0x8d, 0x1e, 0x1,
    0xff, 0xdb, 0x30, 0xf, 0xfe, 0xa1, 0xcc, 0xea,
    0x6, 0x99, 0xde, 0xa0, 0x1e, 0x56, 0x6c, 0xa0,
    0x6, 0x6c, 0x1e, 0x1, 0xe6, 0xff, 0xd8, 0x13,
    0xff, 0x80, 0x3f, 0xf8, 0x2c, 0x4, 0x1, 0xff,
    0xc5, 0xd0, 0x50, 0xf, 0xfe, 0x2a, 0x10, 0x80,
    0x7f, 0xf1, 0x4, 0xd0, 0x3, 0xff, 0x8b, 0x21,
    0x40, 0x1f, 0xfc, 0x41, 0x73, 0x30, 0x7, 0xff,
    0x13, 0x43, 0xc0, 0x3f, 0xed, 0x50, 0x0, 0xe1,
    0xc1, 0x80, 0x78, 0x40, 0x31, 0x18, 0x2f, 0x9c,
    0x38, 0x7, 0xe7, 0x7a, 0x40, 0x86, 0xe, 0xdc,
    0x3, 0xf4, 0x94, 0x41, 0x91, 0x3, 0x9a, 0x80,
    0x1f, 0xcf, 0xff, 0xac, 0x0,

    /* U+4E5F "也" */
    0x0, 0xff, 0x74, 0x0, 0x7f, 0xf0, 0x16, 0x40,
    0x38, 0x40, 0x3f, 0xf8, 0x1a, 0xe0, 0x1f, 0xfd,
    0x14, 0xf6, 0x0, 0xff, 0xe0, 0x9b, 0x5f, 0xd8,
    0x60, 0x7, 0xf8, 0x9c, 0x56, 0x5e, 0x34, 0x8c,
    0x3, 0xe1, 0x8d, 0xd4, 0x0, 0x3b, 0x1c, 0x8c,
    0x3, 0x92, 0x5c, 0x19, 0xeb, 0xc5, 0x84, 0x3,
    0x8, 0x0, 0x7e, 0xdc, 0x1, 0xd4, 0xa0, 0x1f,
    0xf, 0x80, 0x6, 0x73, 0x9c, 0x40, 0x3f, 0x84,
    0x8, 0x2, 0x63, 0x0, 0xff, 0xe0, 0x28, 0x30,
    0x7, 0xff, 0x8, 0x9d, 0xd2, 0x26, 0x1, 0xff,
    0xc2, 0x39, 0xa6, 0xd0, 0xf, 0xfe, 0x18, 0xf6,
    0xd9, 0x9a, 0x44, 0x3, 0xfd, 0xf0, 0x1, 0xcc,
    0xc3, 0x0, 0xde, 0x20, 0x18, 0x44, 0x1, 0xde,
    0x4, 0x1, 0x8c, 0x2d, 0x9b, 0xfa, 0x55, 0x80,
    0x39, 0x21, 0xa6, 0x7f, 0x9d, 0xa4, 0x0,

    /* U+4E60 "习" */
    0x35, 0x5f, 0xfe, 0xc, 0x24, 0xd5, 0x7f, 0xf0,
    0x5e, 0x2b, 0xbb, 0xff, 0x82, 0x40, 0x1, 0x10,
    0x8, 0xff, 0xce, 0x0, 0x1e, 0xb1, 0x0, 0xff,
    0xe0, 0xd, 0xaf, 0xa8, 0x7, 0xc2, 0x1, 0x93,
    0xd6, 0xa4, 0x3, 0xe1, 0x0, 0xc3, 0x6e, 0xd6,
    0x1, 0xff, 0xc1, 0x8a, 0x80, 0xe, 0x33, 0x0,
    0x7c, 0xa6, 0xb, 0x64, 0x1, 0xfc, 0x2b, 0x7f,
    0x4e, 0x0, 0x11, 0x0, 0x42, 0xd7, 0xd4, 0xd1,
    0xb8, 0x40, 0x11, 0x3e, 0x74, 0xb4, 0x6e, 0x9c,
    0x80, 0x2, 0x1f, 0xd0, 0x31, 0xba, 0x72, 0x0,
    0xe2, 0x2, 0xed, 0xd3, 0x90, 0x7, 0xe5, 0x6,
    0x22, 0x0, 0x7c, 0x8c, 0xd5, 0x81, 0x80, 0x7f,
    0xa6, 0x60, 0xa0, 0xf, 0xf2, 0x7f, 0xda, 0xa0,

    /* U+4E66 "书" */
    0x0, 0xf9, 0xa8, 0x3, 0xff, 0x89, 0xe8, 0x1,
    0x93, 0x94, 0x3, 0xff, 0x86, 0x8f, 0x54, 0x0,
    0x12, 0x27, 0x38, 0xa2, 0x76, 0xd2, 0xd8, 0x2d,
    0xdf, 0x8, 0x5d, 0xf9, 0x72, 0x1, 0xb7, 0x78,
    0xc3, 0x77, 0x38, 0x0, 0xcc, 0x2, 0x45, 0xca,
    0x24, 0x5b, 0xc0, 0x3f, 0xfb, 0x97, 0xff, 0xe6,
    0x1f, 0xfd, 0x1, 0xfe, 0xcd, 0x77, 0xf0, 0x1,
    0xdf, 0xe0, 0x76, 0x88, 0xf3, 0xc, 0x47, 0xc4,
    0x20, 0x1f, 0xfc, 0x42, 0x20, 0x7, 0xff, 0xc,
    0x83, 0x80, 0x3f, 0xf8, 0x6a, 0xa, 0x1, 0xff,
    0x17, 0xf7, 0x20, 0x8c, 0x3, 0xfe, 0x29, 0x9a,
    0xb4, 0x3, 0xff, 0x82, 0xce, 0xe5, 0x0, 0xff,
    0xe4, 0x0,

    /* U+4E86 "了" */
    0x33, 0xff, 0xe1, 0x28, 0x66, 0x7f, 0xf0, 0xaa,
    0x73, 0x3f, 0xf8, 0xc, 0x0, 0x83, 0x3f, 0xf9,
    0x18, 0xb8, 0x40, 0x3f, 0x86, 0xe1, 0x74, 0x40,
    0x3f, 0x97, 0xd2, 0x68, 0x3, 0xfd, 0x94, 0xba,
    0xc0, 0x1f, 0xf3, 0x5, 0x90, 0x7, 0xff, 0x4,
    0x40, 0x3f, 0xff, 0xe0, 0x1f, 0xfe, 0x35, 0x76,
    0x77, 0x18, 0x7, 0xf8, 0xa2, 0x60, 0x20, 0x3,
    0xfc, 0xff, 0xf6, 0xa8, 0x7, 0xc0,

    /* U+4E8B "事" */
    0x0, 0xfe, 0xb7, 0x0, 0xfe, 0x23, 0x3f, 0x92,
    0xcc, 0xfe, 0x10, 0xec, 0xcf, 0x80, 0xf3, 0x3e,
    0x80, 0xcf, 0xff, 0x81, 0x7f, 0xfe, 0x90, 0x9,
    0xff, 0xf8, 0x17, 0xff, 0xa4, 0x3, 0xbc, 0x7b,
    0xb0, 0x27, 0x76, 0x10, 0xf, 0xfe, 0x6f, 0x8f,
    0x76, 0x4, 0xee, 0xc2, 0x1, 0xe7, 0xff, 0xe1,
    0x6f, 0xfe, 0x90, 0xc, 0x7f, 0xfe, 0x16, 0xff,
    0xed, 0x0, 0xc7, 0xbb, 0xe0, 0x4d, 0xdc, 0xa6,
    0x1, 0x19, 0x84, 0x7c, 0xc, 0x23, 0x9c, 0x4c,
    0xc5, 0x99, 0xf8, 0xb, 0x33, 0x10, 0x66, 0xb,
    0xff, 0xf0, 0xb7, 0xfe, 0x61, 0xff, 0x0, 0x17,
    0x77, 0xc2, 0xdb, 0xb9, 0x84, 0x3, 0x3c, 0x47,
    0x80, 0x11, 0x18, 0x3, 0xc4, 0xab, 0xe1, 0x65,
    0x5d, 0xb8, 0x1, 0xf8, 0xce, 0x10, 0xe, 0x23,
    0x0, 0xfd, 0x19, 0x82, 0xa0, 0xf, 0xfe, 0x15,
    0xff, 0xb4, 0xc0, 0x3f, 0x0,

    /* U+4E8C "二" */
    0x2, 0xff, 0xff, 0xe1, 0x18, 0x0, 0xd5, 0x7f,
    0xf8, 0x42, 0x0, 0x1a, 0xaf, 0xfe, 0x11, 0x0,
    0x7f, 0xff, 0xc0, 0x3f, 0xff, 0xe0, 0x1f, 0xfc,
    0x1d, 0xff, 0xff, 0xe2, 0x72, 0xaf, 0xff, 0x15,
    0xc0,

    /* U+4E8E "于" */
    0x3, 0x77, 0xff, 0xe1, 0x18, 0x2, 0xe2, 0x3f,
    0xf8, 0x56, 0x0, 0x8f, 0xff, 0x28, 0x7f, 0xfa,
    0x0, 0x3f, 0x8c, 0x3, 0xff, 0xe7, 0xbf, 0xff,
    0x30, 0x7f, 0xfd, 0xd4, 0xef, 0xf0, 0x1, 0xdf,
    0xe6, 0x78, 0x8f, 0x98, 0x22, 0x3f, 0x0, 0x7f,
    0xff, 0xc0, 0x3f, 0xf8, 0xeb, 0x11, 0x20, 0x80,
    0x7f, 0xf0, 0x5d, 0xe0, 0x80, 0xf, 0xfe, 0x2,
    0xff, 0xda, 0xc0, 0x1f, 0x80,

    /* U+4E91 "云" */
    0x0, 0xff, 0xe4, 0x57, 0xff, 0xff, 0x3, 0x40,
    0x37, 0xc4, 0x7f, 0xf0, 0x2c, 0x3, 0x2b, 0xbf,
    0xff, 0x1, 0x80, 0x3f, 0xfb, 0x4f, 0x33, 0xff,
    0xc4, 0x8a, 0x66, 0xff, 0xe2, 0xef, 0xff, 0x8,
    0x6f, 0xff, 0xee, 0x0, 0xe7, 0x16, 0x20, 0x8,
    0x40, 0x3f, 0x86, 0x6, 0x0, 0x24, 0xe5, 0x0,
    0xfd, 0x1, 0x62, 0x1, 0x21, 0x58, 0x80, 0x79,
    0x19, 0x54, 0x1, 0xde, 0x34, 0x1, 0xc3, 0x43,
    0x60, 0x1e, 0x28, 0x46, 0x0, 0xda, 0x30, 0x48,
    0xcf, 0x13, 0x59, 0x41, 0x24, 0x0, 0xa3, 0x9,
    0xcb, 0x98, 0x77, 0xe3, 0x9, 0x0, 0x78, 0x3c,
    0x55, 0xef, 0x7f, 0x6d, 0xd6, 0x32, 0x20, 0x17,
    0xe1, 0xd5, 0x8, 0x40, 0x3d, 0x12, 0x80,

    /* U+4E92 "互" */
    0x3a, 0xaf, 0xfe, 0x22, 0x0, 0x19, 0xb2, 0xa9,
    0x9b, 0xfc, 0x20, 0x79, 0x96, 0x83, 0xe6, 0x7f,
    0x94, 0x3, 0x94, 0x34, 0x3, 0xff, 0x88, 0x40,
    0xe0, 0x1f, 0xfc, 0x4c, 0xd, 0xff, 0xf9, 0x80,
    0x3f, 0x38, 0x44, 0x79, 0x40, 0x80, 0x3f, 0x13,
    0x3b, 0xfb, 0xc1, 0xc0, 0x3e, 0x30, 0xc0, 0xf,
    0x10, 0x10, 0x7, 0xc8, 0xe, 0x1, 0xee, 0x1,
    0x0, 0xfb, 0x40, 0x4c, 0xfc, 0xe4, 0x1, 0xf9,
    0x3, 0x33, 0xe1, 0x60, 0xf, 0xdb, 0x79, 0x9f,
    0x1, 0x80, 0x7e, 0x34, 0x33, 0xf0, 0x87, 0x0,
    0x7f, 0xf1, 0x18, 0x8, 0x3, 0x9d, 0xff, 0xea,
    0xd, 0x77, 0xc1, 0x31, 0x1f, 0xe1, 0x6, 0x88,
    0xc0,

    /* U+4E94 "五" */
    0x6, 0xaa, 0xeb, 0xca, 0xaf, 0x94, 0x1, 0xce,
    0xfc, 0x86, 0xef, 0xf1, 0x80, 0x23, 0x77, 0x81,
    0x77, 0x7e, 0x60, 0xf, 0x84, 0x34, 0x3, 0xff,
    0x86, 0xa0, 0x40, 0x1f, 0xfc, 0x32, 0x6, 0x0,
    0xff, 0xa3, 0xfe, 0x90, 0xcf, 0xfe, 0x80, 0xe,
    0xb8, 0x88, 0x1, 0x11, 0x9c, 0x3c, 0x3, 0x8d,
    0xde, 0x15, 0x77, 0xd6, 0x2, 0x1, 0xf8, 0x44,
    0x40, 0x19, 0xc0, 0x80, 0x3f, 0x28, 0x68, 0x6,
    0x10, 0x70, 0xf, 0xc6, 0xe, 0x1, 0x88, 0x8,
    0x3, 0xf6, 0x81, 0x0, 0x6e, 0x1, 0x0, 0xfc,
    0xe6, 0x1, 0xc6, 0x20, 0x1b, 0x7f, 0xf1, 0x1f,
    0xff, 0x28, 0xff, 0xdd, 0x4e, 0xff, 0xfc, 0x49,

    /* U+4EA4 "交" */
    0x0, 0xfc, 0xf8, 0x1, 0xff, 0xc5, 0x33, 0x38,
    0x7, 0xff, 0x11, 0xe, 0xc0, 0x3f, 0xbb, 0xff,
    0xe3, 0x37, 0xff, 0xcc, 0x11, 0x1f, 0xfc, 0x54,
    0x6, 0x77, 0x92, 0xd1, 0xdf, 0x16, 0x2b, 0xbc,
    0x40, 0x19, 0x30, 0xc, 0x3, 0x33, 0x35, 0x40,
    0x3c, 0xd6, 0x7a, 0x1, 0xc7, 0xa9, 0x50, 0x1,
    0xd, 0xca, 0xea, 0x80, 0x71, 0x2d, 0x33, 0xd0,
    0x1, 0xd2, 0x29, 0x6d, 0x0, 0x34, 0xd0, 0x4b,
    0xa9, 0x83, 0x73, 0x82, 0x22, 0x0, 0x23, 0x47,
    0x10, 0x8d, 0x30, 0x0, 0x80, 0x50, 0x70, 0x0,
    0xe1, 0x90, 0x8, 0x80, 0x3e, 0x38, 0x76, 0xa2,
    0xd1, 0x0, 0xff, 0xe0, 0x3a, 0x4a, 0xc9, 0x80,
    0x7f, 0xf0, 0x51, 0x80, 0x18, 0x20, 0x1f, 0xf1,
    0xd5, 0x86, 0x4a, 0xf4, 0x8, 0x7, 0x89, 0xf7,
    0x12, 0x74, 0xdb, 0x95, 0xfb, 0x1c, 0xc0, 0x1b,
    0xa8, 0x1a, 0xe6, 0x0, 0x86, 0xba, 0x6, 0x32,
    0x42, 0x27, 0xb1, 0x40, 0x3e, 0x17, 0xde, 0xa9,

    /* U+4EAE "亮" */
    0x0, 0xf8, 0x71, 0xc0, 0x3f, 0xf8, 0x62, 0xf0,
    0x1, 0xfb, 0xbf, 0xfe, 0x40, 0xff, 0xfa, 0x6a,
    0xbf, 0xf8, 0xc8, 0xaa, 0x11, 0xff, 0xe0, 0x2a,
    0x8c, 0x2, 0xba, 0x88, 0xfd, 0x56, 0x1, 0xf3,
    0x66, 0x7e, 0x90, 0xf, 0xcf, 0xdd, 0xfa, 0x0,
    0x3e, 0xdd, 0x66, 0x7e, 0xdd, 0x0, 0x44, 0x88,
    0x66, 0xff, 0xe0, 0x22, 0x6, 0xae, 0xff, 0xf8,
    0x88, 0x3, 0xff, 0xff, 0xc1, 0xd0, 0xf, 0xbf,
    0xff, 0x0, 0x74, 0x70, 0x0, 0x40, 0xea, 0xb0,
    0x6, 0x2e, 0x50, 0xc, 0x81, 0xea, 0xb9, 0x4,
    0x2, 0x30, 0xc, 0x56, 0x46, 0x1, 0xfd, 0x30,
    0x9, 0x3a, 0x1c, 0x1, 0xc2, 0x25, 0x5d, 0xf3,
    0x6e, 0xef, 0x30, 0xe, 0xe1, 0xaa, 0x89, 0xa7,
    0x7a, 0x4, 0x3, 0xc9, 0xdf, 0xf6, 0x8,

    /* U+4EB2 "亲" */
    0x0, 0xf8, 0xa9, 0x0, 0x3f, 0xf8, 0x64, 0x92,
    0x1, 0xfe, 0x55, 0xf1, 0x12, 0x55, 0x79, 0x0,
    0x5, 0x55, 0xe3, 0x6, 0xaa, 0xe9, 0x0, 0x17,
    0xfa, 0x57, 0xff, 0xd2, 0xdf, 0xed, 0x0, 0xe5,
    0x58, 0x3, 0xac, 0x80, 0x3f, 0x19, 0xa4, 0x3,
    0x31, 0x40, 0x6, 0x59, 0x9c, 0x27, 0x33, 0x54,
    0x85, 0x4c, 0xca, 0x64, 0x59, 0x90, 0x99, 0xa2,
    0x32, 0x2c, 0x6d, 0x77, 0xf3, 0x86, 0x6e, 0x5d,
    0xe6, 0x2, 0x2f, 0xc0, 0x64, 0x5e, 0x2, 0xdd,
    0xf9, 0x43, 0x37, 0x7c, 0x85, 0x99, 0xf2, 0x6,
    0x67, 0xc8, 0x6, 0x74, 0xd1, 0x9c, 0x6, 0x6b,
    0xf3, 0x38, 0x3, 0x32, 0xf0, 0x7, 0xac, 0xf0,
    0x3, 0x8e, 0x4d, 0xc0, 0x3c, 0x76, 0x72, 0x1,
    0x26, 0xe, 0x80, 0x7e, 0x48, 0x66, 0x0, 0x3c,
    0x70, 0x44, 0xaa, 0x30, 0xe, 0x74, 0xc0, 0x5,
    0xf9, 0x0, 0xdd, 0x2b, 0x80, 0x75, 0xd0, 0x4,
    0x20, 0x17, 0x7f, 0x40, 0x7, 0xe0,

    /* U+4EBA "人" */
    0x0, 0xfe, 0xa9, 0x0, 0xff, 0xe3, 0x22, 0x80,
    0x7f, 0xf1, 0x84, 0x40, 0x1f, 0xfc, 0x72, 0x0,
    0xff, 0xe2, 0x90, 0x7, 0xff, 0x1d, 0x80, 0x3f,
    0xf8, 0xe6, 0x0, 0x40, 0xf, 0xfe, 0x26, 0x80,
    0x34, 0x3, 0xff, 0x88, 0x88, 0x57, 0x0, 0xff,
    0xe1, 0xa0, 0xef, 0x8a, 0x0, 0x7f, 0xf0, 0xbc,
    0x1d, 0x47, 0xc0, 0x3f, 0xf8, 0x26, 0x8c, 0x21,
    0x28, 0x80, 0xf, 0xfe, 0x7, 0x85, 0x80, 0x1c,
    0x64, 0x3, 0xfe, 0x83, 0x82, 0x0, 0xac, 0xa4,
    0x3, 0xf9, 0x5c, 0xdc, 0x3, 0x2a, 0x9a, 0x0,
    0x3e, 0x6a, 0x1d, 0x0, 0xf5, 0x1b, 0xc8, 0x6,
    0x1a, 0x92, 0xf1, 0x0, 0xfb, 0x11, 0xb5, 0x0,
    0x1a, 0xaa, 0xd1, 0x0, 0xfe, 0xb8, 0x29, 0x10,
    0xdb, 0xa0, 0xf, 0xfe, 0x3, 0xf7, 0x88,

    /* U+4ECA "今" */
    0x0, 0xfe, 0x6a, 0x10, 0xf, 0xfe, 0x21, 0xca,
    0x90, 0x7, 0xff, 0xc, 0xf0, 0x4b, 0x4c, 0x3,
    0xff, 0x82, 0x98, 0x39, 0x83, 0xc5, 0x0, 0xff,
    0x9e, 0xcb, 0x8, 0x70, 0xea, 0x0, 0x3f, 0xd,
    0x42, 0x63, 0x10, 0xe, 0x2b, 0xe1, 0x0, 0x73,
    0x7a, 0xb5, 0x8c, 0xea, 0x0, 0x2a, 0x4f, 0x64,
    0x40, 0x76, 0x42, 0xe4, 0x1, 0xa9, 0x6e, 0x0,
    0x6d, 0x36, 0xf1, 0x15, 0xc7, 0x20, 0x6, 0xb6,
    0x86, 0x0, 0x16, 0x55, 0x4, 0x19, 0xc0, 0x3e,
    0x99, 0x30, 0x6, 0x54, 0x0, 0xd7, 0xff, 0xf4,
    0xff, 0xec, 0x0, 0xf6, 0x33, 0x7f, 0x80, 0x16,
    0x1, 0xe7, 0x99, 0xfe, 0xd0, 0x57, 0x0, 0xff,
    0xe1, 0x95, 0x95, 0x0, 0x7f, 0xf1, 0x3c, 0x3c,
    0x3, 0xff, 0x89, 0x65, 0x64, 0x1, 0xff, 0xc3,
    0x84, 0x74, 0x0, 0xff, 0xe1, 0xb3, 0xac, 0x0,
    0x7f, 0xf1, 0x1e, 0x28, 0x3, 0xf0,

    /* U+4EE5 "以" */
    0x0, 0xff, 0xe4, 0x99, 0x0, 0x7f, 0xbe, 0x40,
    0x3b, 0x60, 0x0, 0x76, 0x20, 0x1f, 0xfc, 0x41,
    0x4a, 0x0, 0xc2, 0x1c, 0x1, 0xfc, 0x52, 0x8c,
    0x1, 0x18, 0x8, 0x7, 0xf9, 0x92, 0x44, 0x0,
    0xc0, 0x40, 0x1f, 0xf4, 0x84, 0x80, 0x8, 0x14,
    0x3, 0xfe, 0x2b, 0x80, 0x7, 0x80, 0x80, 0x7f,
    0xf0, 0x10, 0x2, 0x44, 0x0, 0x7f, 0xf1, 0x4,
    0x8c, 0x3, 0xff, 0x88, 0xe1, 0x60, 0x1f, 0xf0,
    0x90, 0x5, 0x44, 0x60, 0x1f, 0xc5, 0x3d, 0x60,
    0x5, 0x32, 0x0, 0xf8, 0x52, 0xb5, 0x9e, 0x0,
    0x60, 0x1, 0x20, 0x1c, 0xc0, 0x29, 0x1d, 0x2,
    0x1a, 0x57, 0xd, 0x20, 0x1a, 0x41, 0xf9, 0xc4,
    0x7, 0xe, 0x51, 0xdc, 0xd0, 0x1, 0x57, 0x40,
    0x4, 0xde, 0x72, 0xc0, 0x8, 0x57, 0x60, 0x2,
    0x88, 0x5, 0xb2, 0x78, 0xc0, 0x1a, 0x8a, 0x0,
    0x3e, 0xe9, 0xd3, 0x0, 0xf7, 0xe0, 0x0,

    /* U+4EF6 "件" */
    0x0, 0xe5, 0x20, 0xe, 0x53, 0x0, 0xff, 0xd,
    0x50, 0xd, 0x80, 0x17, 0x40, 0x1f, 0xe6, 0x9,
    0xa, 0xb0, 0xf, 0xfe, 0x14, 0xa8, 0x82, 0x20,
    0x3, 0xff, 0x83, 0x3, 0x0, 0x44, 0x48, 0x80,
    0xb4, 0x46, 0x10, 0x8, 0x9c, 0x8, 0x28, 0x9,
    0xdc, 0x0, 0x77, 0xc6, 0x1, 0x70, 0x6, 0x65,
    0xff, 0x85, 0xbf, 0xf1, 0x0, 0x24, 0xc8, 0x0,
    0xe3, 0x0, 0x1f, 0xfc, 0x7, 0x65, 0x0, 0x24,
    0x10, 0x7, 0xff, 0x2, 0xa4, 0x2, 0x37, 0x0,
    0xff, 0xe0, 0xa0, 0x6, 0xaf, 0xfe, 0x16, 0xff,
    0xe0, 0xf, 0xbd, 0xdf, 0x80, 0xe, 0xfc, 0x1,
    0xf2, 0xc4, 0x70, 0xb4, 0x47, 0x0, 0x7f, 0xff,
    0xc0, 0x3f, 0xfa, 0x3e, 0x20, 0x1f, 0xfc, 0x30,

    /* U+4EFB "任" */
    0x0, 0xe3, 0x91, 0x0, 0xfc, 0x22, 0x0, 0xfa,
    0x1c, 0x40, 0x30, 0xa4, 0x67, 0x78, 0x80, 0x71,
    0xa4, 0x9a, 0xc5, 0xf7, 0x2d, 0xc1, 0xf4, 0x40,
    0x3a, 0x5, 0xb2, 0x94, 0x18, 0x13, 0xf2, 0xc,
    0x3, 0x99, 0x1c, 0x7b, 0xf6, 0xe0, 0xc, 0x3,
    0xf0, 0xc8, 0x50, 0x8, 0x7, 0xff, 0xb, 0x40,
    0x3f, 0xf8, 0xd4, 0x68, 0x1, 0xff, 0xc4, 0x55,
    0xbc, 0x0, 0x67, 0xe0, 0x43, 0x3e, 0x5, 0x7a,
    0x0, 0xb7, 0x33, 0x80, 0xf3, 0x38, 0xc2, 0x0,
    0x36, 0x67, 0x80, 0xf3, 0x38, 0xc0, 0x3c, 0x46,
    0x7c, 0x8, 0x67, 0xc0, 0x1f, 0xff, 0xf0, 0xf,
    0xfe, 0x0, 0xd5, 0x70, 0x3d, 0x56, 0x80, 0xf,
    0xce, 0xfc, 0x44, 0x77, 0xc6, 0x1, 0xf0, 0xee,
    0xff, 0xd6, 0x0,

    /* U+4F11 "休" */
    0x0, 0xe1, 0x40, 0xc, 0x2a, 0x20, 0x1f, 0xf4,
    0x59, 0x0, 0x45, 0x44, 0x1, 0xfe, 0x16, 0x52,
    0x0, 0xff, 0xe2, 0x40, 0x40, 0x7, 0xff, 0x10,
    0xd9, 0x8, 0x3, 0xff, 0x89, 0x81, 0xf, 0x11,
    0xbc, 0x3e, 0x23, 0x80, 0x29, 0x0, 0xd, 0x3b,
    0xe3, 0x3, 0x77, 0xe0, 0x3, 0xb0, 0x5, 0xbf,
    0xf5, 0x80, 0x53, 0xff, 0x81, 0x60, 0xa8, 0x3,
    0xde, 0x0, 0x2a, 0x0, 0xe4, 0x2c, 0x0, 0xf1,
    0xa3, 0x5, 0x9a, 0x80, 0x61, 0xd1, 0x0, 0xf4,
    0x16, 0x82, 0xaa, 0x0, 0x3f, 0xf8, 0xa, 0x90,
    0xe0, 0x8, 0x27, 0x0, 0xff, 0xd, 0x9a, 0x80,
    0x44, 0xd0, 0x60, 0x1f, 0xda, 0x3c, 0x1, 0xd2,
    0x5c, 0x20, 0x1f, 0x51, 0xc9, 0x0, 0x7b, 0x8b,
    0x44, 0x3, 0x95, 0x4e, 0xc0, 0x1f, 0x1c, 0x99,
    0x0, 0x72, 0xe4, 0x0, 0x7f, 0x36, 0x98, 0x7,
    0x8c, 0x3, 0xfe, 0x20, 0xc, 0x20, 0x1f, 0xfc,
    0x40,

    /* U+4F18 "优" */
    0x0, 0xe6, 0x70, 0x8, 0xe4, 0x40, 0x2, 0x1,
    0xfd, 0x1a, 0x1, 0x2b, 0x0, 0x23, 0xc8, 0x3,
    0xe5, 0x19, 0x0, 0xfa, 0xb, 0x4, 0x3, 0xd2,
    0x66, 0x0, 0xfd, 0xa7, 0x40, 0x1c, 0xc7, 0x0,
    0x23, 0x70, 0x0, 0x44, 0x1d, 0x22, 0x1, 0xc,
    0x82, 0x7f, 0x74, 0xe1, 0xdd, 0xb3, 0x78, 0xc0,
    0x16, 0x1, 0x54, 0xcc, 0x0, 0x99, 0xf8, 0x81,
    0xd4, 0x2, 0x56, 0x69, 0x49, 0x91, 0x9b, 0x84,
    0x29, 0x1c, 0x3, 0xc2, 0xc1, 0xac, 0x1, 0xee,
    0xa0, 0xf, 0x94, 0x80, 0x3f, 0x8c, 0x40, 0x3c,
    0x22, 0xf0, 0xf, 0xfe, 0x2a, 0x2, 0x80, 0x7f,
    0xf1, 0x7c, 0xc, 0x3, 0xff, 0x8a, 0xac, 0x1,
    0xf1, 0x0, 0x7f, 0x38, 0x50, 0x7, 0x87, 0x4c,
    0x3, 0xe2, 0x84, 0x30, 0xf, 0x18, 0x8, 0x7,
    0x87, 0xc2, 0x40, 0x36, 0xb3, 0x20, 0x8, 0x3,
    0x87, 0xa, 0xc8, 0x2, 0x64, 0x99, 0x2c, 0x0,
    0x78, 0x6a, 0xd0, 0x3, 0x4f, 0xfe, 0x70,

    /* U+4F1A "会" */
    0x0, 0xff, 0x38, 0x80, 0x7f, 0xf1, 0x72, 0x14,
    0x3, 0xff, 0x89, 0x26, 0x10, 0x20, 0x1f, 0xfc,
    0x2b, 0x68, 0xd2, 0xc3, 0x0, 0xff, 0x8f, 0x52,
    0x9c, 0xbc, 0x71, 0xc0, 0x3f, 0xc, 0xe0, 0x62,
    0x80, 0x7, 0x1e, 0x35, 0x0, 0x30, 0xc7, 0x31,
    0x52, 0x3b, 0xf7, 0xa8, 0x5e, 0xb0, 0x2, 0xdd,
    0x31, 0x62, 0x3f, 0x26, 0xd0, 0x58, 0x85, 0x65,
    0x9c, 0x7f, 0xfe, 0xe0, 0x5d, 0xc1, 0x0, 0x18,
    0x7, 0xff, 0xc, 0x40, 0x3, 0xff, 0xff, 0xc4,
    0x70, 0x0, 0xbb, 0xf0, 0x80, 0x1d, 0xff, 0x18,
    0x5, 0x11, 0xac, 0x4f, 0xe2, 0x12, 0x13, 0x11,
    0x20, 0x7, 0x87, 0x47, 0x40, 0x23, 0x6c, 0x10,
    0xf, 0xc3, 0x83, 0xa2, 0x1, 0x16, 0x1e, 0x0,
    0x7c, 0x3a, 0x58, 0x44, 0x34, 0x67, 0xa3, 0x2e,
    0x0, 0xe1, 0xe3, 0xc, 0xed, 0xcb, 0x98, 0x51,
    0x1, 0x80, 0xc, 0x20, 0x4d, 0x13, 0x79, 0xbf,
    0xed, 0xcf, 0x56, 0x0, 0xef, 0xd9, 0x76, 0x43,
    0x20, 0xe, 0xbf, 0x0, 0x0,

    /* U+4F34 "伴" */
    0x0, 0xe5, 0x70, 0xe, 0x93, 0x0, 0xff, 0xaf,
    0x11, 0xc0, 0x2, 0xca, 0x0, 0x3b, 0x20, 0xe,
    0x61, 0x82, 0x82, 0x0, 0xf4, 0xa9, 0x0, 0x74,
    0x21, 0xb0, 0xc0, 0x7, 0xa, 0xc8, 0x7, 0x48,
    0xc8, 0x1, 0x94, 0x40, 0x34, 0x8b, 0x80, 0x64,
    0x60, 0x20, 0x5, 0x19, 0x80, 0x31, 0xc0, 0x6,
    0x1a, 0x0, 0xcc, 0x94, 0x8c, 0x16, 0xda, 0xc,
    0x60, 0x38, 0x28, 0x1, 0x4c, 0xe8, 0x2, 0x99,
    0xd4, 0x8, 0x54, 0x60, 0x17, 0xfe, 0xe0, 0x8f,
    0xfd, 0x20, 0xb4, 0xa0, 0x1f, 0xe1, 0x0, 0xf9,
    0x40, 0x3f, 0xf9, 0x8c, 0xef, 0xa4, 0x2d, 0xdf,
    0x88, 0x3, 0xd7, 0x11, 0x9c, 0xa, 0x23, 0x9c,
    0x3, 0xdb, 0xff, 0xb8, 0x27, 0xff, 0x94, 0x3,
    0xff, 0xfe, 0x1, 0xfb, 0xc4, 0x3, 0xff, 0x86,

    /* U+4F4D "位" */
    0x0, 0xe5, 0x70, 0xc, 0xb8, 0x1, 0xff, 0xc0,
    0x8b, 0x0, 0xc2, 0x68, 0x1, 0xfe, 0x42, 0x90,
    0xc, 0x81, 0xa0, 0x1f, 0xe8, 0x25, 0x12, 0x2c,
    0xfe, 0x45, 0x80, 0x39, 0x8e, 0x82, 0xf7, 0x73,
    0xce, 0xee, 0x40, 0x8, 0x64, 0x18, 0x26, 0xef,
    0xfc, 0xa0, 0x15, 0x80, 0x63, 0x41, 0x44, 0xe1,
    0x34, 0x10, 0x3, 0xa8, 0x80, 0x62, 0xa4, 0x0,
    0xdd, 0x20, 0x10, 0xc2, 0x40, 0x6, 0x20, 0x30,
    0xc, 0xca, 0x1, 0xc, 0xd0, 0x7, 0x8f, 0x40,
    0x31, 0x18, 0x6, 0x61, 0x0, 0xf3, 0x38, 0x4,
    0x41, 0xa0, 0x1f, 0xfc, 0xd, 0x20, 0x9, 0xc1,
    0x0, 0x3f, 0xf8, 0x4, 0x4, 0x0, 0xd1, 0x10,
    0x7, 0xff, 0x1, 0xc1, 0x80, 0x8, 0x80, 0xf,
    0xfe, 0x9, 0x81, 0x0, 0xf, 0x40, 0x3f, 0xf8,
    0x23, 0x2e, 0x6, 0x8, 0x1, 0xfe, 0x48, 0x8b,
    0xa6, 0x38, 0x2e, 0x22, 0x0, 0xf8, 0xdd, 0xfc,
    0x40, 0xef, 0x84, 0x3, 0xcf, 0xff, 0xff, 0xc0,
    0x10,

    /* U+4F4E "低" */
    0x0, 0xe7, 0x50, 0xf, 0xc9, 0x28, 0x1, 0xe1,
    0x8d, 0x0, 0x89, 0x63, 0x3e, 0xdb, 0x80, 0x3d,
    0x21, 0x2d, 0xfe, 0xda, 0x63, 0xc, 0xfa, 0x0,
    0xf3, 0x28, 0x88, 0x27, 0x3b, 0x88, 0x83, 0x0,
    0xfa, 0x46, 0x0, 0x41, 0x8c, 0x40, 0x3f, 0xc4,
    0xc0, 0x40, 0x1f, 0xb, 0x80, 0x7d, 0xc0, 0x1f,
    0xe2, 0x10, 0xf, 0x49, 0x90, 0x7, 0x11, 0x61,
    0x22, 0xe0, 0x36, 0x5a, 0x0, 0xed, 0xdc, 0xc1,
    0xbb, 0x84, 0xde, 0x80, 0x3d, 0x77, 0x98, 0x22,
    0xee, 0x10, 0x80, 0xf, 0x91, 0x35, 0x81, 0x22,
    0x40, 0x1f, 0xfc, 0x22, 0x2, 0x0, 0xff, 0xe3,
    0x1e, 0x80, 0x7f, 0xf1, 0x4, 0x15, 0x0, 0x4,
    0x1, 0xff, 0xc0, 0x1e, 0x3d, 0x13, 0xe, 0x40,
    0xf, 0xf0, 0xab, 0x42, 0xc, 0x81, 0xb8, 0x7,
    0xd6, 0x1b, 0xd3, 0x8, 0x72, 0xbc, 0x26, 0x1,
    0xf1, 0x1, 0x24, 0x8b, 0xb3, 0xb0, 0xc0, 0x7,
    0xe1, 0x7e, 0xb4, 0x8, 0x50, 0x9f, 0x60, 0xc,
    0xfe, 0x0, 0xe8, 0x10, 0xf, 0xf0,

    /* U+4F4F "住" */
    0x0, 0xe3, 0x40, 0xc, 0xa8, 0x1, 0xff, 0xc0,
    0xf9, 0x0, 0xdf, 0x42, 0x1, 0xfe, 0x33, 0x58,
    0x6, 0x81, 0x80, 0xf, 0xf4, 0xb, 0x0, 0x62,
    0x55, 0x0, 0x7f, 0x2a, 0x49, 0x55, 0x73, 0x85,
    0x56, 0x90, 0x8, 0x68, 0x18, 0x19, 0xb8, 0x8d,
    0x9b, 0x10, 0x5, 0x60, 0x11, 0x66, 0x70, 0xb6,
    0x66, 0xb0, 0x4, 0x28, 0x7, 0xff, 0x14, 0x5d,
    0x24, 0x3, 0xff, 0x88, 0x33, 0x60, 0x1f, 0xc2,
    0x1, 0xf9, 0x80, 0x3a, 0x7f, 0xf0, 0x37, 0xfe,
    0x50, 0xf, 0xd5, 0x33, 0x80, 0x13, 0x39, 0xc0,
    0x3f, 0x1b, 0x36, 0x16, 0x6e, 0x20, 0xf, 0xff,
    0xbc, 0x5d, 0xf0, 0xb5, 0xdf, 0x10, 0x7, 0xff,
    0x0, 0xcc, 0x1, 0xff, 0xc0, 0x8b, 0xbe, 0xcc,
    0x5d, 0xf1, 0x0,

    /* U+4F53 "体" */
    0x0, 0xc9, 0x62, 0x1, 0x9f, 0x80, 0x3f, 0xee,
    0x51, 0x0, 0xde, 0x20, 0x1f, 0xe1, 0x59, 0x0,
    0xff, 0xe2, 0xc8, 0x30, 0x7, 0xff, 0x10, 0x5c,
    0xf, 0xff, 0x9c, 0x3f, 0xfb, 0x80, 0x28, 0x5,
    0x37, 0x7c, 0x20, 0x13, 0xbe, 0x90, 0x1, 0xb0,
    0x10, 0xc4, 0x62, 0x0, 0xb2, 0x22, 0x70, 0x1d,
    0x10, 0xf, 0x19, 0x94, 0x17, 0xc0, 0x39, 0x46,
    0x84, 0x3, 0xa1, 0x8, 0x25, 0x8, 0x3, 0x25,
    0xa0, 0x7, 0x1a, 0x40, 0x0, 0xcd, 0x20, 0x1c,
    0x80, 0x1e, 0xf4, 0x30, 0xa, 0x11, 0x0, 0x1f,
    0xe7, 0x39, 0x0, 0xc8, 0x74, 0x1, 0xfc, 0x70,
    0xe4, 0x1, 0xdc, 0x36, 0x1, 0xf1, 0x69, 0xeb,
    0x34, 0xc, 0xc4, 0x74, 0x90, 0xf, 0x40, 0x74,
    0xcc, 0x21, 0x33, 0x52, 0xb8, 0x80, 0x75, 0x61,
    0x67, 0xf9, 0xc3, 0xfe, 0x2a, 0xc1, 0x0, 0xf1,
    0x0, 0x7f, 0xc4, 0x1, 0xff, 0xd4, 0xf1, 0x0,
    0xf8,

    /* U+4F5C "作" */
    0x0, 0xe5, 0x70, 0x9, 0x50, 0x3, 0xff, 0x83,
    0x16, 0x1, 0x5f, 0x0, 0x7f, 0xf0, 0x10, 0xa4,
    0x0, 0xa3, 0x20, 0x1f, 0xfc, 0x8, 0x25, 0x0,
    0x50, 0x23, 0xbf, 0xc2, 0x1, 0x31, 0xd0, 0x1,
    0x40, 0x11, 0x1f, 0x88, 0x0, 0x32, 0xc, 0x0,
    0xb3, 0xf7, 0xf, 0xff, 0x18, 0x2, 0x80, 0x34,
    0xf, 0x80, 0x7f, 0xd0, 0x82, 0x0, 0x57, 0x71,
    0x80, 0x44, 0x5c, 0x20, 0x2e, 0x90, 0x0, 0x23,
    0x80, 0xd, 0xbb, 0xe0, 0x19, 0xb0, 0x9, 0xf0,
    0x3, 0xae, 0xfb, 0xc0, 0xc, 0x1, 0xff, 0x22,
    0x71, 0x80, 0x7f, 0xf5, 0x9d, 0xfc, 0x1, 0xff,
    0xc2, 0x88, 0xf0, 0x7, 0xff, 0xb, 0xff, 0xc0,
    0x1f, 0xff, 0xf0, 0xf, 0x0,

    /* U+4F60 "你" */
    0x0, 0xe5, 0x10, 0x2, 0x90, 0x7, 0xff, 0x5,
    0x29, 0x40, 0x69, 0x40, 0x3f, 0xf8, 0x30, 0x48,
    0xe, 0xa, 0x1, 0xff, 0xc0, 0x33, 0x58, 0x3,
    0x48, 0x80, 0x1f, 0xfc, 0xe, 0x6, 0x1, 0x42,
    0xbb, 0x6e, 0x5d, 0xdf, 0x40, 0x13, 0x11, 0x0,
    0x12, 0x6, 0x22, 0x23, 0x11, 0x81, 0xc0, 0x5,
    0x20, 0xa0, 0x2c, 0xb9, 0x54, 0x16, 0xaa, 0x8d,
    0xc0, 0x1e, 0x1, 0xa0, 0x60, 0x3, 0xf1, 0x68,
    0x49, 0x50, 0x80, 0xd, 0xc8, 0x3, 0xe1, 0x44,
    0x5, 0x42, 0x80, 0x55, 0x9, 0xa4, 0x1, 0xae,
    0xd4, 0x60, 0x6e, 0x1, 0xed, 0x32, 0x0, 0xda,
    0xa4, 0x1, 0xfe, 0x74, 0x0, 0xe6, 0xb, 0x0,
    0xfe, 0x41, 0xe0, 0xf, 0x33, 0x80, 0x7f, 0x79,
    0x20, 0x7, 0xb4, 0x50, 0x3, 0xe4, 0x45, 0x80,
    0x7c, 0x83, 0xa0, 0x1f, 0x69, 0xb0, 0x7, 0xe5,
    0x20, 0xf, 0xa7, 0x40, 0x3f, 0xae, 0xc0, 0x1f,
    0x84, 0x6, 0x20, 0x22, 0x0, 0xfe, 0x3f, 0x0,
    0xc2, 0xce, 0x74, 0x1, 0xe0,

    /* U+4F7F "使" */
    0x0, 0xe5, 0x60, 0xe, 0x84, 0x0, 0xff, 0xaf,
    0x0, 0x39, 0xcc, 0x3, 0xfc, 0xe3, 0x8c, 0xdc,
    0x12, 0xcd, 0xc2, 0x1, 0xc, 0xaf, 0x4c, 0xf0,
    0xc, 0xcf, 0x28, 0x5, 0x63, 0x10, 0xff, 0xe0,
    0x8f, 0xfe, 0x40, 0x2, 0x28, 0x10, 0x19, 0xf0,
    0x61, 0x9e, 0x10, 0x1, 0x50, 0x6, 0xcc, 0xe0,
    0x4c, 0xcd, 0x20, 0x3e, 0x2a, 0x1, 0xa3, 0xfe,
    0x7, 0xff, 0x84, 0x0, 0xa5, 0x64, 0x1, 0xfd,
    0xe0, 0x1e, 0x4c, 0x40, 0xf, 0xfe, 0x31, 0x80,
    0x7a, 0x3f, 0xe0, 0x8f, 0xf8, 0x40, 0x3f, 0xaa,
    0x6e, 0xd2, 0xb, 0x77, 0xa8, 0x3, 0xf7, 0xda,
    0x20, 0xc2, 0x51, 0x31, 0x0, 0x7e, 0xb3, 0xa0,
    0xc0, 0x30, 0xf, 0xfe, 0x8, 0xea, 0xf3, 0x30,
    0x3, 0xff, 0x86, 0x74, 0x20, 0x1f, 0xfc, 0x55,
    0xb0, 0x26, 0xf9, 0x40, 0xf, 0xf4, 0x75, 0x16,
    0xec, 0xcf, 0x7f, 0x94, 0x40, 0x1e, 0x24, 0xbc,
    0x20, 0x29, 0xeb, 0x70, 0x1, 0x0,

    /* U+4FE1 "信" */
    0x0, 0xe6, 0x20, 0xc, 0xc6, 0x1, 0xff, 0x14,
    0xb0, 0x6, 0xbf, 0x0, 0xff, 0xac, 0x90, 0x3,
    0x49, 0xa8, 0x7, 0xf0, 0xb5, 0x1a, 0xae, 0x14,
    0x35, 0x5e, 0x0, 0xd0, 0xf, 0x35, 0x5c, 0x93,
    0x55, 0xc2, 0x0, 0x36, 0x0, 0x57, 0xff, 0xff,
    0x0, 0x40, 0x1e, 0x1, 0x89, 0x9b, 0xf8, 0x80,
    0x29, 0x35, 0x0, 0x9a, 0xef, 0xf9, 0xc0, 0x24,
    0x8d, 0x0, 0x93, 0x77, 0xf9, 0x40, 0x2f, 0x70,
    0xc, 0xbf, 0xff, 0xca, 0x1, 0x10, 0x7, 0x25,
    0xdf, 0xf2, 0x0, 0x7f, 0xa, 0x27, 0xf0, 0x80,
    0x7f, 0x4f, 0xff, 0xf4, 0x0, 0x7f, 0x19, 0xae,
    0xfe, 0x21, 0x0, 0xff, 0x32, 0x27, 0xc2, 0x1,
    0xff, 0xd3, 0x44, 0xfc, 0x60, 0x1f, 0xf0, 0xdd,
    0xfc, 0x1, 0xff, 0xc0, 0x5f, 0xff, 0x8c, 0x3,
    0xcf, 0xc0, 0xa, 0xa0, 0x7, 0xd9, 0x20, 0x0,

    /* U+5019 "候" */
    0x0, 0xcd, 0x0, 0x1f, 0xfc, 0x6b, 0x20, 0xa,
    0xbf, 0xfe, 0x40, 0xe, 0x22, 0x78, 0x5, 0x35,
    0x5c, 0xe0, 0xe0, 0x1d, 0x40, 0xa0, 0x11, 0xaa,
    0xf6, 0x81, 0x0, 0x61, 0x74, 0x4, 0x10, 0xf,
    0xb4, 0x44, 0x1, 0xa4, 0x34, 0x6d, 0x77, 0xff,
    0xce, 0x3f, 0xe0, 0x0, 0xb8, 0x18, 0x5, 0xd6,
    0xad, 0x77, 0xf0, 0x2, 0x0, 0x3c, 0x68, 0x81,
    0x44, 0xf8, 0x9, 0x94, 0x3, 0xcc, 0x2f, 0xdf,
    0xdb, 0xb2, 0x81, 0x2c, 0x0, 0x7a, 0x2, 0x10,
    0xa, 0xaa, 0x70, 0x5, 0x18, 0x7, 0x50, 0xeb,
    0xc0, 0x43, 0xbc, 0x40, 0x1f, 0xd3, 0x22, 0x0,
    0xff, 0xe2, 0xcd, 0xee, 0xc1, 0x7b, 0xb8, 0x3,
    0xfb, 0x55, 0x60, 0x9, 0x57, 0x0, 0x78, 0x44,
    0xee, 0x88, 0x8c, 0x6, 0x62, 0x20, 0xf, 0xb8,
    0xc0, 0x28, 0x3a, 0xb, 0x0, 0xff, 0xe0, 0x8c,
    0xbb, 0x96, 0x96, 0xc8, 0x3, 0xf8, 0x63, 0xda,
    0x60, 0x12, 0x97, 0x6c, 0x40, 0x3f, 0x23, 0xf3,
    0x0, 0x4b, 0xee, 0x42, 0x0, 0x1f, 0x50, 0x0,
    0xe4, 0x88, 0x7, 0xc, 0x48, 0x0,

    /* U+504F "偏" */
    0x0, 0xe3, 0x40, 0xc, 0x50, 0x1, 0xff, 0x44,
    0x80, 0x63, 0x78, 0x0, 0xfe, 0x34, 0x84, 0xb6,
    0x63, 0x83, 0xb3, 0x62, 0x0, 0xd0, 0x4b, 0xe9,
    0x77, 0x0, 0xdd, 0xa2, 0x58, 0x2, 0x64, 0x80,
    0x2, 0x6e, 0xdf, 0xdb, 0xb0, 0x6, 0x19, 0x5,
    0x0, 0xff, 0xe1, 0xe8, 0x7, 0x27, 0xff, 0xd8,
    0x1, 0x49, 0x88, 0x80, 0x21, 0xcc, 0xfe, 0x52,
    0x66, 0x80, 0x32, 0xaf, 0xf4, 0xa1, 0x54, 0x80,
    0x67, 0x69, 0xab, 0x9a, 0x99, 0x52, 0xc8, 0x28,
    0x7, 0xb, 0x6, 0xe0, 0xe5, 0x9e, 0x32, 0x80,
    0x7c, 0x62, 0x1, 0xff, 0xc5, 0x13, 0x5, 0x50,
    0x99, 0xe5, 0x0, 0xf8, 0x83, 0xc2, 0xec, 0x19,
    0x1, 0x86, 0x1, 0xf3, 0x1, 0x7, 0x70, 0x7e,
    0xcf, 0xd8, 0x3, 0xec, 0x17, 0x0, 0xff, 0xe2,
    0x22, 0x0, 0x3f, 0xf8, 0x84, 0x7e, 0x1, 0xe7,
    0x72, 0x10, 0x7, 0x8a, 0x94, 0x2, 0x1e, 0x3,
    0xbe, 0x6a,

    /* U+505C "停" */
    0x0, 0xff, 0xe5, 0x8e, 0xa0, 0x6, 0x6f, 0x10,
    0xf, 0xe6, 0x27, 0x33, 0xc4, 0x1a, 0x67, 0xc0,
    0x1a, 0x96, 0xb3, 0x35, 0x81, 0xe6, 0x6d, 0x0,
    0x94, 0xba, 0x7b, 0xbf, 0xf8, 0x0, 0x15, 0x2,
    0x0, 0x33, 0x3f, 0x88, 0x2, 0x60, 0x40, 0x1,
    0x95, 0x77, 0x75, 0x90, 0x4, 0x30, 0x18, 0x1,
    0x8c, 0xfc, 0xa0, 0x1a, 0x84, 0x3, 0xd7, 0xff,
    0xd8, 0x1, 0x22, 0x20, 0x40, 0x22, 0xdd, 0xfe,
    0x30, 0x47, 0x70, 0x4, 0x8a, 0xef, 0xfc, 0xa8,
    0x10, 0x1, 0xaa, 0x97, 0x7f, 0xd5, 0x40, 0xf,
    0xa7, 0xbb, 0xfa, 0x0, 0x3e, 0x31, 0x99, 0xd5,
    0x33, 0xb8, 0xc0, 0x3d, 0xac, 0x67, 0x12, 0xb1,
    0x9d, 0x7a, 0x1, 0xf0, 0xd5, 0x60, 0x9a, 0xa8,
    0x80, 0x3f, 0xfa, 0x28, 0x90, 0x7, 0xff, 0x12,
    0x6e, 0x89, 0x0, 0x3f, 0x7b, 0x80, 0x6d, 0xff,
    0x69, 0x0, 0x70,

    /* U+5065 "健" */
    0x0, 0xd2, 0x80, 0x1f, 0x52, 0x0, 0x7e, 0x26,
    0x25, 0x53, 0xa0, 0x11, 0x17, 0x8, 0xa0, 0xe,
    0x51, 0x3a, 0xa4, 0x41, 0xb7, 0x40, 0xfb, 0xac,
    0x0, 0xea, 0x75, 0xff, 0x4, 0xb7, 0xf8, 0x6b,
    0xec, 0x3, 0x90, 0xbc, 0x0, 0xc2, 0x86, 0x70,
    0xe1, 0xe0, 0x98, 0x80, 0x20, 0x14, 0x1, 0x12,
    0x9b, 0xb0, 0x36, 0xb8, 0x6a, 0x2, 0x18, 0x4,
    0xe0, 0xeb, 0xdd, 0xd, 0x75, 0x8f, 0x28, 0x50,
    0x80, 0xe, 0x11, 0x48, 0xdd, 0xc3, 0x2f, 0xa0,
    0x11, 0xd, 0x80, 0x28, 0x16, 0xa5, 0xf7, 0x40,
    0x7a, 0x6e, 0x0, 0x2c, 0x40, 0x4, 0xff, 0x98,
    0x92, 0xa8, 0x13, 0x54, 0x90, 0x8, 0xc0, 0x22,
    0x20, 0x2f, 0x67, 0xf8, 0x27, 0xfe, 0x0, 0xfa,
    0xe0, 0xc, 0xdd, 0x98, 0x7, 0xcc, 0x68, 0x7,
    0xd4, 0xaa, 0x6, 0x63, 0xb8, 0x9, 0xdc, 0xc4,
    0x1, 0xe3, 0x4a, 0x26, 0xbb, 0x81, 0x6e, 0xf0,
    0x7, 0xde, 0x4, 0x9f, 0xf0, 0xd7, 0xfd, 0x20,
    0x1f, 0x78, 0x2, 0xcc, 0x3, 0xff, 0x85, 0x28,
    0xd8, 0xd9, 0xb2, 0x7a, 0xab, 0x84, 0x3, 0x5b,
    0x14, 0x9e, 0xda, 0x29, 0xbd, 0x55, 0x2, 0x1,
    0xad, 0x7c, 0x2, 0x49, 0xce, 0xff, 0xda, 0x1,
    0xf, 0x9d, 0x10, 0x7, 0xff, 0x4,

    /* U+507F "偿" */
    0x0, 0xff, 0xe0, 0x8, 0x7, 0xfc, 0xf2, 0x4,
    0xc0, 0x5, 0xe3, 0x0, 0x32, 0x0, 0x7a, 0x4c,
    0x1e, 0x58, 0x3, 0x8e, 0x70, 0x3, 0x8c, 0x78,
    0x15, 0xa4, 0x80, 0x21, 0xe4, 0x80, 0xe, 0x90,
    0x45, 0x7e, 0x25, 0x90, 0x96, 0x1c, 0x75, 0x0,
    0x89, 0x40, 0x1d, 0x14, 0x14, 0x24, 0xf4, 0x35,
    0x1c, 0x1, 0x58, 0x30, 0x1, 0x37, 0x7f, 0x8c,
    0x2, 0x26, 0x1, 0x0, 0xff, 0xe2, 0x70, 0x6,
    0xee, 0x3b, 0xff, 0x57, 0x2, 0x1c, 0x80, 0x4a,
    0xa8, 0x8f, 0xe4, 0x50, 0x46, 0x60, 0x7, 0x7f,
    0xff, 0x10, 0x5, 0x20, 0x10, 0xb3, 0x67, 0x66,
    0xfc, 0x20, 0x1c, 0xb3, 0x3a, 0x26, 0x7f, 0x18,
    0x7, 0x27, 0xfd, 0x60, 0xdf, 0xf7, 0x7f, 0xc4,
    0x1, 0xfd, 0x23, 0x20, 0x7, 0xf1, 0x0, 0xff,
    0xa8, 0xa8, 0x2, 0x60, 0xd0, 0xf, 0xf3, 0x2c,
    0x20, 0x4, 0x32, 0x6e, 0x1, 0xf9, 0xa4, 0x3e,
    0xaf, 0x7b, 0xe0, 0x20, 0x80, 0x3f, 0xcc, 0xc1,
    0x49, 0xab, 0xb0, 0x48, 0x7, 0xcd, 0x9f, 0xd9,
    0x52, 0xea, 0x88, 0x8e, 0x0,

    /* U+513F "儿" */
    0x0, 0xe5, 0x30, 0xe, 0x36, 0x0, 0xff, 0xae,
    0x80, 0x3a, 0xe4, 0x3, 0xff, 0xfe, 0x1, 0xff,
    0xd8, 0x11, 0x0, 0x7f, 0xf6, 0xfc, 0x3, 0xff,
    0x8a, 0x40, 0x40, 0x1f, 0xfc, 0x54, 0x7, 0x0,
    0xff, 0xe2, 0xe8, 0x90, 0x7, 0xf8, 0x8c, 0x3,
    0x12, 0x38, 0x7, 0xfc, 0xd8, 0x40, 0x14, 0x85,
    0x80, 0x7f, 0xc2, 0x6, 0x0, 0x94, 0x72, 0x0,
    0xff, 0x8c, 0x4, 0x29, 0x96, 0x0, 0x3e, 0xe0,
    0x87, 0x75, 0x98, 0x12, 0x35, 0x0, 0x7e, 0x72,
    0x78, 0x81, 0xf8, 0x17, 0x48, 0x7, 0xf0, 0xef,
    0xfd, 0xc6, 0x0,

    /* U+5143 "元" */
    0x0, 0x8c, 0xff, 0xf8, 0x40, 0x1c, 0x39, 0x9f,
    0xfc, 0x22, 0x0, 0xc3, 0x99, 0xff, 0xc2, 0x20,
    0xe, 0x33, 0xff, 0xe1, 0x0, 0x7f, 0xf8, 0x22,
    0xab, 0xff, 0x89, 0x0, 0x2, 0x77, 0xca, 0xa7,
    0x79, 0x56, 0x77, 0xc6, 0x0, 0xad, 0xdc, 0x47,
    0xbb, 0x50, 0x6e, 0xf5, 0x80, 0x7c, 0x4a, 0x1,
    0xff, 0xc5, 0x10, 0xe0, 0xf, 0xfe, 0x2b, 0x82,
    0x0, 0x7f, 0xf1, 0x68, 0x4c, 0x3, 0xf8, 0xe0,
    0x3, 0x98, 0xe0, 0x3, 0xfc, 0xce, 0x20, 0x12,
    0x49, 0xb0, 0x7, 0xf8, 0xc0, 0x40, 0x66, 0xcf,
    0x40, 0x38, 0x42, 0xd9, 0xab, 0x30, 0x5, 0xb3,
    0xe0, 0x80, 0x72, 0x21, 0xa6, 0x63, 0x80, 0x5,
    0x74, 0x0, 0x7e, 0xbf, 0xfd, 0xc8, 0x0,

    /* U+5148 "先" */
    0x0, 0xfe, 0x85, 0x0, 0xff, 0xe0, 0x37, 0x90,
    0x1, 0xb0, 0x3, 0xff, 0x81, 0xa4, 0x40, 0xf,
    0xfe, 0x18, 0xa1, 0x44, 0x42, 0xd1, 0x1e, 0x10,
    0xd, 0x20, 0x7, 0x78, 0x0, 0xef, 0xe2, 0x0,
    0x85, 0x97, 0xff, 0xb, 0x7f, 0xf8, 0xc0, 0x28,
    0x18, 0x0, 0xff, 0xe2, 0xb9, 0x0, 0x7f, 0xf1,
    0x26, 0x0, 0x38, 0x4c, 0x3, 0xfb, 0xff, 0xf0,
    0x2f, 0xff, 0xd2, 0x13, 0x3c, 0x0, 0x99, 0x88,
    0x22, 0x67, 0x50, 0x33, 0x70, 0x33, 0x6b, 0x6,
    0x6e, 0x30, 0xe, 0x20, 0xf0, 0xf, 0xfe, 0x25,
    0x2, 0x0, 0x7f, 0xf0, 0xc9, 0xd0, 0x80, 0x3f,
    0x9e, 0xc0, 0x22, 0xf0, 0x90, 0xf, 0xf7, 0x38,
    0xc, 0x69, 0x59, 0x0, 0x63, 0x9, 0x77, 0xca,
    0x18, 0xeb, 0xc8, 0x1, 0xc8, 0x6f, 0x11, 0x1d,
    0x87, 0xf5, 0x8, 0x7, 0x87, 0x3f, 0xf6, 0x90,

    /* U+5149 "光" */
    0x0, 0xfe, 0xa6, 0x0, 0xff, 0xe0, 0x39, 0x80,
    0x64, 0xf0, 0xc, 0xb6, 0x40, 0x1d, 0x7c, 0x1,
    0xfe, 0x95, 0x30, 0xe, 0xf2, 0x60, 0xf, 0xc8,
    0x72, 0x20, 0x1c, 0x66, 0x80, 0xf, 0xd0, 0x2e,
    0x1, 0xf4, 0x8a, 0x80, 0x79, 0x4e, 0xc0, 0x3f,
    0x2b, 0x38, 0x7, 0x85, 0xd4, 0x3, 0xc2, 0x34,
    0x18, 0x8c, 0x62, 0x25, 0x91, 0x18, 0x2, 0xee,
    0xfc, 0xb, 0xdd, 0xf6, 0x0, 0x2e, 0xab, 0x8,
    0x55, 0x46, 0x11, 0x55, 0xa0, 0x0, 0xab, 0xe2,
    0x55, 0xa8, 0x19, 0x57, 0x20, 0x7, 0xcc, 0xc0,
    0xf, 0xfe, 0x31, 0x10, 0x3, 0xff, 0x8a, 0xa1,
    0xa0, 0x1f, 0xfc, 0x59, 0x14, 0x0, 0xfe, 0x38,
    0x0, 0xe8, 0x38, 0x0, 0xff, 0x3b, 0x88, 0x0,
    0x32, 0xea, 0xc0, 0x1f, 0xe1, 0x2, 0x18, 0xf6,
    0x7a, 0x0, 0xe3, 0x8, 0x66, 0xa0, 0x80, 0x4d,
    0x32, 0x0, 0x3c, 0xa6, 0xd3, 0x31, 0xc8, 0x2,
    0xe8, 0xc0, 0x3f, 0x67, 0xfe, 0xe4, 0x0,

    /* U+5154 "兔" */
    0x0, 0xf4, 0xd0, 0x7, 0xff, 0x15, 0x19, 0x88,
    0x99, 0x80, 0x3f, 0xe1, 0xb0, 0x3b, 0xbd, 0x2c,
    0x1, 0xfe, 0xa0, 0xdf, 0xfc, 0x44, 0x60, 0xf,
    0xea, 0x4b, 0x20, 0xa, 0xb, 0x80, 0x3f, 0xb1,
    0x43, 0xaa, 0xad, 0x70, 0x9a, 0xac, 0xa0, 0x1,
    0xd3, 0x2, 0x11, 0xc4, 0x8, 0x23, 0x97, 0x0,
    0x3, 0x56, 0x17, 0x7c, 0x66, 0xbb, 0xe0, 0xe,
    0x75, 0x0, 0xf0, 0xb0, 0x7, 0xff, 0x18, 0x88,
    0x1, 0xff, 0xc1, 0xd8, 0x8b, 0x1, 0x22, 0x38,
    0x3, 0xe2, 0x65, 0x58, 0xc0, 0xdd, 0x57, 0x17,
    0x0, 0x61, 0xdd, 0xd8, 0xd, 0x1, 0xb7, 0x5b,
    0xa7, 0x0, 0xfe, 0xd0, 0x80, 0x8, 0xa6, 0xc0,
    0x3f, 0x86, 0xce, 0x84, 0x2, 0x4c, 0x6c, 0x16,
    0x0, 0xe5, 0xf4, 0xa5, 0x0, 0xe2, 0xfe, 0x29,
    0x20, 0x48, 0xea, 0x5d, 0x50, 0x0, 0x83, 0xaa,
    0x9d, 0xd0, 0x4, 0x1c, 0xcf, 0x96, 0x40, 0x13,
    0x9c, 0x55, 0x65, 0x90, 0x5, 0x74, 0x98, 0x7,
    0xe, 0x7f, 0xf7, 0x30, 0x0,

    /* U+5165 "入" */
    0x0, 0xf0, 0x80, 0x7f, 0xf1, 0xf7, 0x4, 0x3,
    0xff, 0x8b, 0x27, 0x82, 0x1, 0xff, 0xc4, 0x5b,
    0x2a, 0x0, 0xff, 0xe2, 0xa4, 0x23, 0x80, 0x7f,
    0xf1, 0x5c, 0x20, 0x80, 0x3f, 0xf8, 0x86, 0x0,
    0x90, 0xf, 0xfe, 0x25, 0x81, 0xa1, 0x80, 0x7f,
    0xf0, 0xd4, 0x74, 0x7c, 0x3, 0xff, 0x84, 0x84,
    0xc3, 0x26, 0x80, 0x1f, 0xfc, 0x1f, 0x9, 0x7,
    0x18, 0x0, 0xff, 0xe0, 0x22, 0x18, 0x40, 0x12,
    0x6a, 0x1, 0xff, 0x48, 0x40, 0x4, 0xe5, 0x62,
    0x1, 0xfd, 0x25, 0x2, 0x1, 0xa0, 0x68, 0x3,
    0xf3, 0xb2, 0x38, 0x7, 0x2a, 0x92, 0x0, 0x3d,
    0x10, 0x3a, 0x0, 0xfa, 0x8d, 0xe4, 0x2, 0x2c,
    0x73, 0xd1, 0x0, 0xfd, 0xa4, 0xd8, 0x21, 0xc6,
    0xd8, 0x20, 0x1f, 0xc3, 0x88, 0x22, 0xc, 0xc4,
    0x80, 0x7f, 0xf0, 0x6, 0xfc, 0x0,

    /* U+5168 "全" */
    0x0, 0xff, 0xe8, 0xde, 0x0, 0x7f, 0xf1, 0x59,
    0xc, 0x80, 0x3f, 0xf8, 0x69, 0x2a, 0x58, 0x20,
    0x1f, 0xfc, 0x15, 0xb4, 0xac, 0x3f, 0x30, 0xf,
    0xf9, 0xe9, 0x6c, 0x7, 0xb, 0x14, 0x3, 0xf0,
    0xd4, 0x3d, 0x0, 0x43, 0x8b, 0x52, 0x1, 0xe5,
    0xf5, 0x98, 0x0, 0xf5, 0x43, 0x6a, 0x0, 0xf,
    0x28, 0x18, 0x19, 0xbf, 0xa, 0x85, 0xd8, 0x48,
    0x27, 0x5e, 0x23, 0x4c, 0xa2, 0x32, 0x63, 0x80,
    0x8b, 0x18, 0xfb, 0xb8, 0x57, 0xbb, 0x86, 0x2c,
    0x3, 0xff, 0xc0, 0x3f, 0xfc, 0x2b, 0xff, 0xc0,
    0x1f, 0xc, 0xcf, 0x0, 0x26, 0x78, 0x3, 0xf3,
    0x37, 0xa, 0xb3, 0x70, 0x7, 0xff, 0x38, 0x47,
    0xff, 0x88, 0x1, 0x57, 0x77, 0xc0, 0x9d, 0xdf,
    0x38, 0x0,

    /* U+516B "八" */
    0x0, 0xff, 0xe0, 0x20, 0x80, 0x7f, 0xf0, 0x32,
    0x0, 0x23, 0xb5, 0x0, 0xff, 0xe0, 0x18, 0x80,
    0x44, 0x2, 0x1, 0xff, 0x10, 0x70, 0x4, 0x20,
    0x40, 0x1f, 0xf3, 0x1, 0x0, 0x62, 0xe0, 0xf,
    0xf8, 0x81, 0x80, 0x33, 0x28, 0x7, 0xfd, 0xc0,
    0x60, 0x1b, 0xc, 0x3, 0xfe, 0x32, 0x0, 0xe3,
    0x3, 0x0, 0xff, 0x22, 0x0, 0x39, 0x42, 0xc0,
    0x3f, 0x8c, 0x30, 0x3, 0x84, 0xd8, 0x3, 0xfa,
    0x81, 0x0, 0x3d, 0x42, 0x60, 0x1f, 0x9d, 0x4,
    0x3, 0xce, 0x12, 0x1, 0xf3, 0xf, 0x80, 0x7c,
    0x2c, 0xa4, 0x1, 0xe8, 0x24, 0x0, 0xfd, 0x1,
    0xc0, 0x1d, 0x23, 0x20, 0x1f, 0xc3, 0x7, 0x0,
    0x13, 0xb3, 0x10, 0x3, 0xfc, 0xe8, 0xec, 0x3,
    0x9, 0x20, 0x1f, 0xfc, 0xa, 0x29, 0x21, 0xcb,
    0x0, 0xff, 0xe0, 0x8e, 0xe1, 0x0,

    /* U+516D "六" */
    0x0, 0xfc, 0x90, 0x1, 0xff, 0xc6, 0xc7, 0x40,
    0xf, 0xfe, 0x2c, 0x84, 0x0, 0x7f, 0xf1, 0x45,
    0x8c, 0xc0, 0x1f, 0xfc, 0x5a, 0x27, 0x0, 0xfe,
    0x68, 0x8f, 0xad, 0x72, 0x23, 0xce, 0x0, 0xb7,
    0x7f, 0xfe, 0x24, 0x80, 0x37, 0xff, 0xff, 0x89,
    0xc0, 0x1f, 0xfc, 0xf8, 0x30, 0xc, 0xb0, 0x1,
    0xff, 0x33, 0xd8, 0x6, 0x27, 0x60, 0xf, 0xf4,
    0xc, 0x0, 0x67, 0x39, 0x20, 0xf, 0xce, 0x32,
    0x1, 0xee, 0xe, 0x0, 0xf8, 0xa0, 0x9c, 0x3,
    0xc5, 0x6, 0xe0, 0x1e, 0xe0, 0xe0, 0xf, 0xce,
    0x50, 0x40, 0x19, 0xcd, 0x8c, 0x3, 0xfb, 0x83,
    0x80, 0x24, 0x82, 0x90, 0xf, 0xf1, 0xb1, 0xb0,
    0x2, 0x3, 0x80, 0x3f, 0xf8, 0x10, 0x1a, 0x0,
    0xcc, 0x18, 0x7, 0xff, 0x0, 0x76, 0xc0,

    /* U+5173 "关" */
    0x0, 0xcc, 0x1, 0xfa, 0x50, 0x3, 0xe3, 0x98,
    0x0, 0xf2, 0xb1, 0x80, 0x7c, 0x6e, 0xe3, 0x0,
    0xe8, 0x27, 0x0, 0xfd, 0x3, 0x20, 0x19, 0x8a,
    0x40, 0x3c, 0x71, 0x11, 0x1c, 0x45, 0x32, 0xc,
    0x88, 0x28, 0x4, 0xae, 0xf1, 0xb3, 0xbc, 0xc0,
    0x7, 0x7b, 0x0, 0x26, 0xff, 0xf1, 0x8f, 0xff,
    0xa4, 0x3, 0xff, 0xb8, 0x6e, 0xff, 0x18, 0xbb,
    0xfe, 0x5, 0x88, 0xf8, 0x1, 0x11, 0xf4, 0x83,
    0x7f, 0xfa, 0xc0, 0xb, 0xff, 0xee, 0x0, 0xfd,
    0x0, 0xca, 0xa0, 0xf, 0xfe, 0xc, 0x1b, 0x49,
    0xd1, 0x80, 0x7f, 0xd0, 0xe7, 0x21, 0xa3, 0x88,
    0x1, 0xf8, 0xf1, 0xcf, 0x40, 0x3, 0x83, 0x72,
    0x20, 0x19, 0x2b, 0xe, 0x30, 0x40, 0x22, 0xf4,
    0x6e, 0x94, 0x8, 0xb5, 0x6e, 0x70, 0xf, 0xd,
    0xd1, 0x35, 0xc, 0x4f, 0x48, 0x80, 0x7f, 0x2e,
    0xe6, 0x4,

    /* U+517B "养" */
    0x0, 0xe5, 0x60, 0xf, 0x3b, 0x80, 0x3f, 0xc7,
    0x28, 0x1, 0x8a, 0x38, 0x3, 0xe5, 0x58, 0xc3,
    0x95, 0x76, 0x87, 0xaa, 0xc0, 0x1a, 0xef, 0xa,
    0x5d, 0x52, 0xc4, 0x22, 0xee, 0x0, 0xdd, 0xdf,
    0x3, 0xf7, 0x3f, 0xbb, 0x0, 0x77, 0xff, 0x81,
    0xff, 0xfb, 0x80, 0x3d, 0x77, 0xc0, 0xb, 0xbf,
    0x50, 0x7, 0x91, 0x30, 0x2, 0x51, 0x3e, 0x0,
    0xdd, 0xff, 0xd6, 0x13, 0xff, 0xfa, 0x80, 0x15,
    0x77, 0x50, 0x1, 0xee, 0xd2, 0x0, 0xbb, 0xd2,
    0x0, 0x44, 0x96, 0x42, 0x61, 0x10, 0xd8, 0x10,
    0xc8, 0x83, 0x0, 0x86, 0x38, 0xc9, 0x40, 0x32,
    0xb8, 0xeb, 0x80, 0x43, 0x7c, 0xe9, 0xa5, 0x60,
    0x1a, 0xd3, 0x56, 0x3e, 0x40, 0x49, 0xb2, 0xc8,
    0x3c, 0x3, 0xea, 0xc5, 0xf0, 0x4, 0xc8, 0xc0,
    0xc0, 0x80, 0x3f, 0x1d, 0x30, 0x7, 0xa0, 0x10,
    0x3, 0xff, 0x89, 0x8, 0xe2, 0x1, 0xff, 0xc2,
    0x3c, 0x75, 0x80, 0xf, 0xfe, 0x1b, 0x14, 0xd0,
    0x7, 0xff, 0x11, 0x79, 0x80, 0x3e, 0xdc, 0x0,
    0xf0,

    /* U+5185 "内" */
    0x0, 0xfc, 0xf6, 0x1, 0xff, 0xc3, 0xe5, 0x0,
    0xff, 0xe6, 0xb3, 0x7e, 0x16, 0x6e, 0x95, 0x9,
    0x9f, 0x80, 0x13, 0x3c, 0xd6, 0x0, 0x7e, 0xee,
    0x30, 0xee, 0xe4, 0x30, 0x7, 0x88, 0xf0, 0x18,
    0x8f, 0x80, 0x3f, 0x8c, 0x3, 0xff, 0x86, 0x60,
    0x68, 0x1, 0xff, 0xc1, 0x90, 0x4b, 0x40, 0xf,
    0xf9, 0x15, 0xed, 0x2c, 0xc0, 0x3f, 0x8a, 0x8a,
    0x2, 0xcf, 0x8, 0x3, 0xe4, 0xc0, 0xf0, 0xb,
    0x4b, 0x4, 0x3, 0xa6, 0xcf, 0x8, 0x2, 0x1f,
    0x1b, 0x0, 0xea, 0x6d, 0x20, 0xe, 0x2b, 0xb0,
    0x7, 0x1c, 0x80, 0x7e, 0x41, 0x0, 0xff, 0xe9,
    0xc4, 0x48, 0x20, 0x1f, 0xfc, 0x2, 0x66, 0x14,
    0x0,

    /* U+518D "再" */
    0x3, 0x77, 0xff, 0xe2, 0x10, 0x2, 0xe2, 0x3f,
    0xf8, 0x88, 0x0, 0x8f, 0xff, 0x85, 0xbf, 0xfe,
    0x60, 0xc, 0x46, 0x7c, 0x28, 0x67, 0x94, 0x80,
    0x3d, 0xf9, 0x9c, 0x5, 0x99, 0xab, 0xc0, 0x3e,
    0x4d, 0xdc, 0x7, 0xbb, 0x8c, 0x3, 0xf0, 0x91,
    0x61, 0x52, 0x2c, 0xc0, 0x1f, 0x95, 0x78, 0x59,
    0x57, 0x80, 0x3f, 0xaa, 0xb0, 0x2, 0xab, 0x0,
    0x7f, 0x2f, 0xfe, 0x16, 0xff, 0xca, 0x1, 0xff,
    0xcc, 0x2a, 0xa1, 0x2d, 0x56, 0x16, 0xaa, 0xca,
    0x55, 0x42, 0x6, 0x60, 0x1, 0x9b, 0x19, 0x99,
    0xb0, 0x1, 0x98, 0x5, 0x98, 0x25, 0xcc, 0xff,
    0x29, 0x66, 0x8, 0x3, 0xff, 0xd0, 0xab, 0x38,
    0x80, 0x7f, 0xf0, 0xe6, 0xa8, 0x72, 0x1, 0xed,
    0xa0, 0xf, 0xb3, 0xfd, 0xca, 0x1, 0x0,

    /* U+5199 "写" */
    0x6f, 0xff, 0xfe, 0x23, 0x8, 0x3c, 0x41, 0xe2,
    0x3f, 0x9c, 0x4, 0x1, 0x2e, 0xf7, 0x3b, 0xfe,
    0x90, 0x0, 0x80, 0x81, 0x7, 0x80, 0x7f, 0xcd,
    0xe0, 0x7, 0xf, 0x66, 0xfc, 0x1e, 0xe0, 0x1b,
    0x1, 0xa6, 0x7f, 0x10, 0x7, 0x90, 0xff, 0xff,
    0x8c, 0x3, 0x84, 0x90, 0x3, 0xff, 0x86, 0x80,
    0xff, 0xff, 0xd4, 0x1, 0xcc, 0xf1, 0x33, 0xf8,
    0xc, 0x3, 0x8e, 0x1d, 0x9b, 0xf0, 0x70, 0x4,
    0x67, 0xff, 0x9, 0x1, 0x0, 0xb, 0x33, 0xfe,
    0x76, 0x6, 0x0, 0x16, 0xef, 0xfc, 0xc6, 0x6,
    0x1, 0x11, 0x7f, 0xc1, 0x64, 0x1, 0xff, 0x13,
    0x31, 0x60, 0xd4, 0x3, 0xfe, 0x39, 0x95, 0x3a,
    0xc0, 0x7, 0xfc, 0x3f, 0xfa, 0x80, 0x30,

    /* U+51B2 "冲" */
    0x0, 0xff, 0x97, 0x0, 0x3e, 0x32, 0x0, 0xfc,
    0x66, 0x10, 0xf, 0x76, 0xa8, 0x7, 0xff, 0x13,
    0xe, 0x98, 0x3, 0xc2, 0x6, 0x1, 0xe1, 0xc3,
    0x92, 0x7f, 0xfd, 0x1, 0xbf, 0xfa, 0x0, 0x2d,
    0xa2, 0x0, 0x44, 0x42, 0xf, 0x11, 0x0, 0x70,
    0xa8, 0x4, 0xef, 0x40, 0x4b, 0xbc, 0x1, 0xff,
    0xe0, 0x50, 0xf, 0xfe, 0x2a, 0xd1, 0x80, 0x22,
    0x29, 0xb, 0x88, 0x80, 0x3a, 0x8, 0xc0, 0xe,
    0xf0, 0x1, 0x5d, 0xe0, 0xc, 0xc5, 0x0, 0x17,
    0xfd, 0x21, 0xdf, 0xf0, 0x6, 0x82, 0x50, 0x6c,
    0x0, 0xfe, 0xd9, 0x8, 0x18, 0x0, 0x9, 0x80,
    0x7f, 0x10, 0x93, 0x9a, 0x80, 0x7f, 0xf0, 0xcd,
    0x3c, 0x3, 0xff, 0x88, 0x36, 0x60, 0x1f, 0xfd,
    0x70,

    /* U+51B7 "冷" */
    0x0, 0xff, 0x92, 0x44, 0x3, 0xe7, 0x90, 0xf,
    0xd6, 0xc6, 0x1, 0xf0, 0xb2, 0x80, 0x7a, 0x0,
    0x1c, 0x1, 0xf3, 0x25, 0x88, 0x6, 0x57, 0x6d,
    0x3a, 0x0, 0xfa, 0x46, 0x0, 0x24, 0xa3, 0x92,
    0xa5, 0x80, 0xf, 0x12, 0x98, 0x1, 0x6c, 0xf4,
    0x0, 0xb0, 0xf4, 0x1, 0xea, 0xa0, 0x45, 0x1e,
    0x9f, 0x30, 0x3c, 0x2e, 0x10, 0x7, 0xa9, 0xd7,
    0x4, 0xa6, 0x48, 0xf, 0x27, 0xe0, 0x1e, 0xba,
    0xa0, 0x4, 0xea, 0x20, 0x6, 0xcf, 0x0, 0xf0,
    0xaa, 0x9d, 0xf6, 0x93, 0xba, 0x4c, 0x80, 0x32,
    0xc8, 0x2, 0x62, 0x3f, 0x32, 0x0, 0x74, 0xa0,
    0x3, 0x3f, 0xfd, 0xa0, 0xa8, 0x1, 0x88, 0xe8,
    0x3, 0xfb, 0xca, 0xc0, 0x3a, 0xc1, 0x80, 0x31,
    0x80, 0x58, 0x5c, 0x20, 0x18, 0x59, 0x44, 0x2,
    0x2c, 0xd3, 0xb3, 0xb3, 0x0, 0xe6, 0x9, 0x0,
    0xc5, 0xa3, 0x89, 0x48, 0x1, 0xe9, 0x33, 0x0,
    0x71, 0x63, 0x87, 0x80, 0x7d, 0x5e, 0x1, 0xfa,
    0x29, 0x70, 0x3, 0xc8, 0x60, 0x1f, 0xcb, 0x9e,
    0x1, 0xc0,

    /* U+51C6 "准" */
    0x0, 0xfc, 0x50, 0x20, 0x8c, 0x1, 0xf4, 0xc8,
    0x3, 0xad, 0x84, 0xe, 0x4c, 0x3, 0xdc, 0xc8,
    0x1, 0x99, 0x80, 0x7, 0x18, 0x0, 0xf3, 0x95,
    0x0, 0x4e, 0x1c, 0x89, 0x89, 0x12, 0x30, 0xb,
    0x86, 0x0, 0x60, 0x26, 0xee, 0x56, 0xbb, 0xa0,
    0x2, 0x34, 0x30, 0x80, 0x3f, 0xfb, 0x82, 0x7f,
    0xeb, 0x0, 0xd7, 0x63, 0x60, 0x70, 0xf, 0xfe,
    0x18, 0xe9, 0x23, 0x19, 0xca, 0x1e, 0x67, 0x0,
    0x79, 0x83, 0xc0, 0xb3, 0x2b, 0x6, 0xcc, 0x90,
    0x3, 0x9f, 0x8, 0xf, 0xba, 0xd0, 0x8e, 0xe9,
    0x0, 0x30, 0xc1, 0x0, 0x1c, 0x46, 0x30, 0x11,
    0xc0, 0x1c, 0xce, 0x40, 0x6, 0x33, 0x90, 0x3c,
    0xce, 0x0, 0xea, 0x32, 0x0, 0x16, 0x65, 0x40,
    0xd9, 0x91, 0x80, 0x48, 0x52, 0x1, 0x1f, 0x75,
    0xa1, 0x1d, 0xd1, 0x80, 0x50, 0x2a, 0x1, 0x38,
    0x8c, 0x60, 0x23, 0x80, 0x23, 0x33, 0x0, 0x7f,
    0xf1, 0x60, 0x28, 0x3, 0x27, 0xfd, 0xc1, 0x3f,
    0xf8, 0x43, 0x18, 0x80, 0x3a, 0x67, 0xfc, 0x20,
    0xf2, 0x1, 0xc8, 0xcd, 0xfe, 0x0,

    /* U+51F6 "凶" */
    0x0, 0xff, 0xe0, 0xb0, 0x80, 0x78, 0x98, 0x3,
    0xe5, 0x94, 0x0, 0xf5, 0x4b, 0x80, 0x7a, 0x9,
    0x40, 0x21, 0xd5, 0x87, 0x89, 0x0, 0xcc, 0x50,
    0x0, 0xd7, 0x2, 0x30, 0x88, 0x35, 0x0, 0x6,
    0x11, 0x40, 0x5, 0xe0, 0x1c, 0xf2, 0xb4, 0x16,
    0x32, 0x1, 0xff, 0x34, 0xaf, 0xac, 0x90, 0x7,
    0xff, 0x1, 0x94, 0x0, 0xc0, 0x1f, 0xfc, 0x12,
    0x40, 0x4, 0x80, 0x7f, 0xf0, 0x7, 0xc3, 0x9d,
    0xa0, 0x3, 0xfc, 0x5e, 0x7a, 0x30, 0xae, 0xc0,
    0x1f, 0x93, 0x3, 0xc, 0x1, 0x45, 0x26, 0x1,
    0xc3, 0x36, 0x78, 0x40, 0x1b, 0xc2, 0x80, 0x38,
    0x44, 0xba, 0x40, 0x1c, 0x59, 0x20, 0x1e, 0x8a,
    0x0, 0xfc, 0x60, 0x18, 0xc2, 0x77, 0x7f, 0xf8,
    0x20, 0x2, 0x66, 0x22, 0x7f, 0xf0, 0x40, 0x0,

    /* U+51FA "出" */
    0x0, 0xfa, 0xe0, 0x3, 0xff, 0x84, 0xa6, 0x1,
    0xfb, 0xe0, 0x3, 0xfd, 0x1e, 0x20, 0x1f, 0xff,
    0x64, 0x88, 0xc2, 0x91, 0x19, 0x0, 0x31, 0xbb,
    0xe0, 0x3, 0xbe, 0x30, 0xb, 0xff, 0xc2, 0x9f,
    0xfe, 0x1a, 0x80, 0xf, 0xfe, 0x4, 0x52, 0x18,
    0x7, 0xff, 0x0, 0xd0, 0x3, 0xff, 0xea, 0x9f,
    0xfc, 0x29, 0xff, 0xc8, 0x32, 0xef, 0xff, 0xc1,
    0x1, 0x78, 0x8f, 0xfe, 0xa, 0x0,

    /* U+51FB "击" */
    0x0, 0xfc, 0xd2, 0x1, 0xff, 0xc4, 0xc7, 0x0,
    0xff, 0xe7, 0x8c, 0x47, 0x94, 0x62, 0x3c, 0x60,
    0x3, 0x77, 0xf0, 0x1, 0xdf, 0xca, 0x0, 0x2f,
    0xff, 0x28, 0xff, 0xf9, 0x80, 0x3f, 0xf9, 0xe2,
    0x20, 0xf, 0xd5, 0xff, 0xf2, 0x7, 0xff, 0xdb,
    0xd1, 0x1f, 0x0, 0x22, 0x3f, 0x23, 0xbf, 0xca,
    0x2e, 0xff, 0x28, 0x3, 0xe0, 0x3, 0xfd, 0x7a,
    0x1, 0xff, 0xff, 0x0, 0x3f, 0xfe, 0x51, 0xff,
    0xc8, 0x40, 0x1a, 0x23, 0xff, 0x80, 0x1, 0xe7,
    0x7f, 0xfe, 0x2, 0x10, 0x0,

    /* U+5206 "分" */
    0x0, 0xf3, 0x18, 0x6, 0x43, 0x0, 0xff, 0x8a,
    0x68, 0x3, 0x4f, 0x0, 0x7f, 0xd0, 0x16, 0x1,
    0xa4, 0x98, 0x3, 0xf8, 0xd5, 0x88, 0x3, 0x22,
    0x24, 0x80, 0x3e, 0x1d, 0x18, 0x0, 0xf5, 0xf,
    0x0, 0x7d, 0x43, 0x42, 0x1, 0xe1, 0xb3, 0xa0,
    0xe, 0x84, 0x74, 0x0, 0xfc, 0xae, 0xb2, 0x1,
    0x53, 0x8f, 0x33, 0x7f, 0x4f, 0x23, 0x50, 0x0,
    0x55, 0xa6, 0x7f, 0xcd, 0x36, 0xbc, 0x0, 0xba,
    0x8e, 0xe8, 0x83, 0xbb, 0x90, 0x1, 0x48, 0x1,
    0xc2, 0x31, 0xa8, 0x8f, 0xc0, 0x1f, 0xe2, 0x1d,
    0x0, 0xe1, 0x30, 0xf, 0xf5, 0x2, 0x80, 0x73,
    0x88, 0x7, 0xf0, 0xba, 0x10, 0x7, 0x13, 0x0,
    0x7f, 0x50, 0x48, 0x7, 0x84, 0x80, 0x3e, 0x1c,
    0x49, 0x20, 0xe, 0x30, 0xe0, 0xe, 0x28, 0xe3,
    0xa6, 0x0, 0x13, 0xb3, 0x3c, 0x10, 0x3, 0xa9,
    0xd7, 0x94, 0x2, 0x38, 0x99, 0x1c, 0x10, 0x7,
    0x47, 0x50, 0x80, 0x61, 0xff, 0xce, 0x1, 0xc0,

    /* U+5217 "列" */
    0x0, 0xff, 0xe2, 0x98, 0x80, 0x7f, 0xf1, 0x7,
    0x18, 0x37, 0xbb, 0xf9, 0x0, 0x3f, 0x84, 0x7f,
    0x80, 0x50, 0x3, 0xdb, 0xfe, 0x15, 0xff, 0xe4,
    0x5b, 0x20, 0xf, 0x88, 0x7c, 0x3, 0xff, 0x88,
    0xa0, 0xe0, 0x10, 0x80, 0x7f, 0xf0, 0x28, 0x37,
    0xfe, 0xe8, 0x0, 0xff, 0x19, 0x2d, 0x55, 0x21,
    0xc0, 0x1f, 0xe9, 0x1a, 0x55, 0x88, 0x10, 0x3,
    0xf8, 0xd6, 0x40, 0x36, 0x89, 0x0, 0x7f, 0x71,
    0x35, 0x90, 0x1, 0x98, 0x1, 0xfe, 0xee, 0x1b,
    0x6b, 0x38, 0x50, 0x7, 0xf8, 0xcc, 0x5a, 0x93,
    0xc, 0x40, 0x1f, 0xfc, 0x2b, 0x0, 0x40, 0x7,
    0xff, 0xe, 0x82, 0xc4, 0x2, 0x4f, 0x20, 0xf,
    0x87, 0x16, 0x50, 0x3, 0xff, 0x80, 0x2f, 0xe5,
    0x6c, 0x1, 0xf3, 0x34, 0x2, 0x5, 0xf, 0xe8,
    0x1, 0xfb, 0x66, 0x11, 0xc0, 0xfe, 0x44, 0x3,
    0xfa, 0xff, 0xd6, 0x20,

    /* U+521A "刚" */
    0x3, 0x3f, 0xca, 0x40, 0x1d, 0xec, 0x99, 0x9f,
    0xaa, 0x40, 0x3f, 0xa6, 0xab, 0xc0, 0x12, 0x68,
    0x7, 0x91, 0x57, 0x63, 0x28, 0x4, 0x40, 0x1e,
    0x18, 0x0, 0xb, 0x0, 0x7f, 0xf0, 0x5, 0x9c,
    0x1c, 0x4c, 0x3, 0xff, 0x81, 0x70, 0x3a, 0xe0,
    0x1f, 0xfc, 0x15, 0x3b, 0x4d, 0x0, 0xff, 0xe1,
    0x7a, 0x82, 0x0, 0x7f, 0xf0, 0x8c, 0x3, 0xff,
    0x8a, 0x40, 0x2, 0x0, 0xff, 0xe1, 0x5a, 0x22,
    0x0, 0x3f, 0xf8, 0x22, 0xdf, 0xe5, 0x10, 0xf,
    0xfe, 0x4, 0x1a, 0x20, 0x98, 0x2, 0x5a, 0x0,
    0xf2, 0x34, 0x0, 0x25, 0x80, 0x21, 0x50, 0xf,
    0xb, 0x20, 0x1, 0x4, 0x3, 0xfe, 0x59, 0x0,
    0x12, 0x21, 0x84, 0x0, 0xac, 0xc0, 0x30, 0xf,
    0xd, 0xd8, 0xb8, 0x1, 0xd3, 0xa, 0xa4, 0xf2,
    0x0, 0x8f, 0xfd, 0xc8, 0x0, 0xbf, 0xea, 0x0,

    /* U+521B "创" */
    0x0, 0xf0, 0x80, 0x7f, 0xf1, 0x57, 0x8c, 0x3,
    0xf3, 0xf8, 0x7, 0xac, 0x18, 0x3, 0xff, 0x86,
    0xa2, 0x54, 0x80, 0x12, 0x68, 0x80, 0x7c, 0x54,
    0xba, 0x94, 0x40, 0x1, 0x20, 0xf, 0xdc, 0x36,
    0x14, 0x7e, 0x1, 0xff, 0x49, 0xd0, 0x80, 0xf1,
    0x50, 0x7, 0xf4, 0x34, 0x20, 0x4, 0x72, 0xac,
    0x1, 0xf3, 0x3a, 0xeb, 0x36, 0x93, 0x64, 0x0,
    0xf9, 0xaf, 0x16, 0x67, 0x34, 0x49, 0x0, 0x7e,
    0x40, 0x7, 0x7f, 0xca, 0x20, 0x1f, 0xfc, 0x51,
    0x70, 0xf, 0xfe, 0x2a, 0x90, 0x7, 0xff, 0x8,
    0x91, 0x47, 0xc0, 0x3f, 0xf8, 0x77, 0x46, 0xe0,
    0x6, 0x51, 0x0, 0xfe, 0x2f, 0xf6, 0xc, 0x89,
    0xd0, 0x7, 0xc6, 0x1, 0xe2, 0x62, 0x0, 0xff,
    0x99, 0x13, 0x58, 0x18, 0x2b, 0x33, 0x0, 0x32,
    0xa4, 0x5d, 0xe7, 0x80, 0x7, 0xcc, 0x96, 0x0,
    0x35, 0xff, 0xf7, 0x38, 0x2, 0xbf, 0xdc, 0xe0,

    /* U+521D "初" */
    0x0, 0x91, 0xc0, 0x3f, 0xf8, 0xa3, 0x8, 0x0,
    0x11, 0xfe, 0x20, 0xc, 0xa9, 0x40, 0xa, 0xee,
    0xfd, 0xb0, 0x6, 0x88, 0xd6, 0x60, 0xfd, 0x50,
    0xc2, 0x2a, 0xa0, 0xf0, 0xdb, 0xb4, 0xbc, 0xe2,
    0x2a, 0xac, 0x1d, 0x56, 0x0, 0xbf, 0xba, 0xc0,
    0xb0, 0xb, 0xc0, 0x3c, 0x20, 0x23, 0xa0, 0x98,
    0x2, 0x11, 0x0, 0x42, 0x1, 0xe6, 0x49, 0x31,
    0x0, 0x11, 0x0, 0x38, 0xc0, 0x23, 0x90, 0x5d,
    0x90, 0x3, 0x30, 0x2, 0x30, 0xc, 0x5a, 0x0,
    0xe7, 0x80, 0x1, 0x10, 0x2, 0x10, 0x10, 0x2c,
    0x0, 0x8, 0x68, 0x0, 0xc3, 0x40, 0x39, 0xc7,
    0x3, 0x41, 0x9e, 0xcc, 0x10, 0x10, 0x2, 0x70,
    0x11, 0x3e, 0x18, 0x2, 0x14, 0x82, 0x8c, 0x40,
    0x21, 0x3, 0x9, 0x20, 0xd, 0x42, 0x85, 0x40,
    0x18, 0x80, 0x40, 0x3f, 0xa0, 0x58, 0x3, 0x70,
    0x80, 0x7f, 0x41, 0xc0, 0x7, 0x21, 0x0, 0x7e,
    0x87, 0x56, 0x5, 0x66, 0x41, 0x58, 0x7, 0xf2,
    0x50, 0x0, 0xa6, 0x4e, 0xae, 0x1, 0xdb, 0x21,
    0x16, 0x1, 0x3f, 0xfd, 0x40, 0x0,

    /* U+5220 "删" */
    0x0, 0xff, 0xe2, 0x98, 0x5, 0xff, 0x91, 0x1f,
    0xf8, 0xc0, 0x22, 0xc3, 0x1, 0x6, 0x90, 0x10,
    0x4, 0xc8, 0x1c, 0x14, 0x40, 0x3d, 0x4c, 0x1,
    0x99, 0x80, 0x15, 0x10, 0x7, 0xff, 0xfc, 0x3,
    0x26, 0x6, 0x60, 0x2a, 0xc3, 0x30, 0x16, 0x80,
    0x1c, 0xee, 0x3, 0x50, 0x11, 0x2, 0xa8, 0x9,
    0xc0, 0x38, 0xec, 0x3e, 0x42, 0xe8, 0x26, 0x41,
    0x26, 0x1, 0xf8, 0x40, 0x21, 0x10, 0x7, 0xfc,
    0x60, 0x1f, 0xfc, 0x61, 0x3, 0x0, 0x8c, 0xc0,
    0x1e, 0x10, 0xc, 0xc0, 0x20, 0x17, 0xb0, 0x7,
    0x79, 0x0, 0x6d, 0x20, 0xc, 0x44, 0x0, 0xff,
    0x91, 0xcd, 0x0, 0x9, 0xe8, 0xa0, 0xe0, 0x1e,
    0x33, 0x7d, 0xd8, 0xcc, 0xf, 0xf4, 0x86, 0x4,
    0xaa, 0x1, 0x35, 0x54, 0x7e, 0x33, 0x8d, 0xfd,
    0x80, 0x1a, 0xa5, 0x48, 0x28, 0x3, 0xa0, 0x3,
    0xc9, 0xfd, 0x40,

    /* U+522B "别" */
    0x1, 0x88, 0xfc, 0x1, 0xe1, 0xf6, 0x3, 0x73,
    0x22, 0xca, 0xc0, 0x1, 0x20, 0xf, 0xd1, 0x55,
    0x94, 0x2, 0x6d, 0x0, 0xff, 0xf1, 0x45, 0x56,
    0x50, 0xf, 0xf8, 0xd4, 0x40, 0x33, 0xb8, 0x3,
    0xfc, 0x35, 0x4e, 0x7b, 0xaa, 0x48, 0x7, 0xff,
    0x4, 0x88, 0x20, 0x1f, 0xfc, 0x1e, 0xff, 0x48,
    0x7f, 0xe3, 0x0, 0xfe, 0xb9, 0x90, 0x2, 0x64,
    0xa0, 0x20, 0x1f, 0xca, 0xcc, 0x25, 0x66, 0x78,
    0x18, 0x7, 0xff, 0x0, 0xb4, 0x0, 0x60, 0x20,
    0x1, 0x0, 0xfc, 0xc0, 0x80, 0x1, 0x0, 0x9f,
    0x80, 0x3f, 0x41, 0x18, 0x3, 0x48, 0x3, 0xfe,
    0xb1, 0x93, 0x55, 0x23, 0x80, 0x7f, 0xe, 0xa3,
    0xa3, 0x55, 0x2, 0x40, 0x23, 0x77, 0x48, 0x18,
    0xb4, 0x40, 0x17, 0xfd, 0xc6, 0x1, 0xa2, 0xe,
    0xaa, 0xb, 0x70, 0xf, 0xf1, 0xff, 0xd4, 0x0,

    /* U+5230 "到" */
    0x0, 0xff, 0xe2, 0x39, 0x93, 0xbd, 0xe, 0xfe,
    0x1, 0x0, 0xa1, 0x1a, 0xa9, 0xf, 0x15, 0x5a,
    0xc3, 0x9c, 0x3, 0x26, 0xe9, 0x7, 0xf6, 0x77,
    0x58, 0x1, 0xfc, 0x88, 0xb0, 0x2b, 0x80, 0xf,
    0xfa, 0x51, 0x40, 0xa5, 0xd4, 0x3, 0xfa, 0xc8,
    0xe2, 0xae, 0x82, 0x88, 0x3, 0xf2, 0x2, 0xa0,
    0x1d, 0xc0, 0x40, 0x7, 0xee, 0xfd, 0xd1, 0x53,
    0xba, 0xec, 0x1, 0xf8, 0x40, 0x6, 0xec, 0x0,
    0x41, 0x0, 0xfc, 0xab, 0x83, 0x95, 0x61, 0x0,
    0xfd, 0x55, 0x40, 0x2d, 0x54, 0xa0, 0x1f, 0xbf,
    0xed, 0xb, 0xff, 0x90, 0x3, 0xff, 0xa8, 0x28,
    0xea, 0x1e, 0xe0, 0x1c, 0x28, 0xd2, 0x17, 0xd7,
    0x46, 0x1, 0xf3, 0xf5, 0xc3, 0x94, 0x67, 0xeb,
    0x0, 0x1d, 0xd0, 0x2, 0xb7, 0xdc, 0xcd, 0x73,
    0x0, 0xed, 0x86, 0x47,

    /* U+5237 "刷" */
    0x0, 0xff, 0xe2, 0xca, 0x80, 0x2b, 0xfb, 0xbe,
    0x70, 0xe, 0x7d, 0x0, 0x8, 0x33, 0x78, 0x7c,
    0x35, 0xc0, 0x3e, 0x58, 0x8f, 0x8, 0x0, 0xfc,
    0x3, 0xff, 0x9c, 0xb9, 0x9e, 0x10, 0xf, 0xfe,
    0x2, 0xac, 0x60, 0xad, 0x80, 0x1f, 0xe5, 0x99,
    0x82, 0x66, 0x40, 0xf, 0xf1, 0xbb, 0xc1, 0x2f,
    0x68, 0x1, 0xfc, 0xe1, 0x15, 0x40, 0x3a, 0x4d,
    0x0, 0xff, 0xe0, 0x7e, 0x85, 0x6a, 0x0, 0x7f,
    0x84, 0x40, 0x1f, 0xfc, 0x53, 0xe0, 0xf, 0xfe,
    0x20, 0x88, 0x80, 0x3f, 0xaa, 0x80, 0x1c, 0xa0,
    0xa0, 0x1f, 0xc8, 0x40, 0x1c, 0x62, 0x20, 0xc,
    0x5e, 0x9e, 0x1, 0xfa, 0xd0, 0x24, 0x80, 0x5,
    0x9a, 0xc0, 0x1f, 0x11, 0xf0, 0x30, 0x6, 0x32,
    0x0, 0x9e, 0x20, 0x3e, 0x56, 0x80, 0x18, 0x40,
    0x3d, 0xae, 0xc8, 0xc0,

    /* U+524D "前" */
    0x0, 0x8d, 0x80, 0x3f, 0x3a, 0x80, 0x79, 0x65,
    0x80, 0x3c, 0x51, 0xe0, 0x1e, 0x65, 0x92, 0x0,
    0xe9, 0x1b, 0x0, 0x99, 0xb1, 0x5, 0xb3, 0x6c,
    0x45, 0x76, 0x6a, 0x26, 0x67, 0x6, 0x99, 0xc6,
    0x9, 0x33, 0x47, 0x7f, 0xff, 0xf0, 0xaf, 0x38,
    0x1a, 0x67, 0xb5, 0x40, 0x6, 0x20, 0x9, 0x90,
    0x3, 0x59, 0x13, 0x17, 0x80, 0x35, 0x80, 0x3e,
    0x4d, 0xdc, 0x40, 0x1f, 0xfc, 0x5, 0x22, 0xe0,
    0xf, 0xfe, 0x0, 0xee, 0xe0, 0xf, 0xfe, 0xa,
    0x7f, 0xe2, 0x0, 0xff, 0xe9, 0x27, 0xfe, 0x20,
    0xf, 0xfe, 0x0, 0xe6, 0x60, 0xf, 0xfe, 0xa,
    0x99, 0xe2, 0x0, 0xb9, 0xc0, 0x3f, 0x85, 0x10,
    0x66, 0x0, 0x95, 0x4c, 0x46, 0x1, 0xeb, 0xb1,
    0xe8, 0x5, 0xb5, 0x25, 0x40, 0xb, 0xb0, 0xf,
    0xfb, 0x50, 0x2, 0x8f, 0xf6, 0x98, 0x0,

    /* U+529B "力" */
    0x0, 0xfd, 0x70, 0x1, 0xff, 0xc4, 0x52, 0x0,
    0xff, 0xf0, 0x9b, 0xbf, 0x85, 0x5d, 0xfd, 0x8e,
    0x9, 0x11, 0xe0, 0x4, 0x47, 0x8e, 0x41, 0xff,
    0xfb, 0x41, 0xff, 0xfc, 0x86, 0x1, 0xf3, 0x6,
    0x80, 0x79, 0xc4, 0x3, 0xe3, 0x6, 0x0, 0xf0,
    0xb8, 0x7, 0xd8, 0x6, 0x1, 0xe3, 0x10, 0xf,
    0xa, 0x28, 0x7, 0xc2, 0x60, 0x1e, 0x90, 0xe0,
    0xf, 0x8, 0x70, 0x7, 0x13, 0x9a, 0x0, 0x78,
    0x80, 0x40, 0x3b, 0x83, 0xc0, 0x3e, 0x60, 0x20,
    0xd, 0x47, 0x6, 0x1, 0xf6, 0x82, 0x80, 0x6,
    0xd5, 0x9c, 0x3, 0xf2, 0x8, 0x81, 0x3d, 0x1e,
    0x40, 0x3a, 0x1d, 0xd2, 0x6e, 0x0, 0xd0, 0xb8,
    0x0, 0xf2, 0x44, 0x19, 0x20, 0x1, 0x3e, 0x80,
    0x1f, 0x67, 0xfd, 0x62, 0x0,

    /* U+529F "功" */
    0x0, 0xff, 0xe0, 0x39, 0x80, 0x7f, 0xf1, 0x6,
    0x14, 0x3, 0xcc, 0xef, 0xe2, 0x0, 0xff, 0xa6,
    0x23, 0xc8, 0x1, 0x8c, 0x3, 0xdf, 0xf0, 0x47,
    0xf9, 0xcc, 0xc8, 0x18, 0x67, 0x29, 0x0, 0x7e,
    0x6c, 0xc5, 0x3, 0x66, 0x55, 0x20, 0x1f, 0x9b,
    0x30, 0xe1, 0x39, 0x90, 0x7, 0xf8, 0x4c, 0xda,
    0xe, 0x67, 0x10, 0x80, 0x7f, 0xc4, 0x2, 0x1,
    0x8c, 0x3, 0xfe, 0xe1, 0x0, 0xc6, 0x1, 0xff,
    0xc0, 0x45, 0x0, 0xc2, 0x20, 0xe, 0xf5, 0x99,
    0x1, 0x13, 0x40, 0x3b, 0xc0, 0x56, 0x41, 0xe9,
    0x38, 0x28, 0x1c, 0x2, 0x20, 0x12, 0xea, 0x75,
    0x9e, 0xd7, 0x17, 0x51, 0x0, 0x84, 0x8, 0x91,
    0x9d, 0x4c, 0x20, 0xa, 0x8, 0x0, 0xcc, 0xc,
    0xe, 0x60, 0x1d, 0x49, 0x4, 0x1, 0xb0, 0x8,
    0x3, 0xc5, 0x8a, 0xee, 0x3, 0x76, 0x76, 0x40,
    0xf, 0x90, 0xaa, 0x0, 0x3, 0x13, 0x7, 0x20,
    0x1f, 0x37, 0x28, 0x4, 0x5f, 0xf6, 0x10, 0x0,

    /* U+52A0 "加" */
    0x0, 0xd0, 0x60, 0x1f, 0xfc, 0x41, 0x76, 0x0,
    0xff, 0xe6, 0x12, 0xaf, 0x88, 0x2, 0x30, 0xf,
    0xae, 0xab, 0xca, 0x1f, 0xed, 0xa, 0xff, 0xb0,
    0x0, 0x3b, 0xb8, 0x2, 0x98, 0x60, 0x48, 0x80,
    0x7, 0x11, 0x60, 0x9, 0x9e, 0x82, 0x1d, 0xc8,
    0x1, 0xff, 0xc1, 0x70, 0x10, 0x9, 0xc0, 0x3f,
    0xf8, 0x2, 0x6, 0x1, 0xff, 0xc4, 0x20, 0x10,
    0x3, 0x80, 0x7f, 0xf0, 0x78, 0x40, 0x30, 0x80,
    0x7f, 0xf0, 0x9, 0x40, 0x21, 0x0, 0xff, 0xe0,
    0xa9, 0x80, 0x46, 0x60, 0xf, 0xf8, 0xc7, 0x0,
    0x21, 0x10, 0x7, 0xfd, 0x42, 0x80, 0x1b, 0xc0,
    0x3f, 0xc2, 0xcc, 0x0, 0x8c, 0x8, 0x0, 0x2e,
    0xf4, 0x0, 0x50, 0x12, 0x31, 0xf, 0x7, 0x0,
    0xa2, 0x27, 0x0, 0x13, 0x50, 0x89, 0x5c, 0xa0,
    0x80, 0x3, 0xff, 0x80, 0x5, 0xca, 0x0, 0xdf,
    0xe7, 0x0, 0x4f, 0x0, 0x6f, 0x70,

    /* U+52A1 "务" */
    0x0, 0xff, 0xe7, 0xe5, 0x80, 0x7f, 0xf1, 0x60,
    0xe0, 0x3, 0xff, 0x88, 0xce, 0x19, 0xff, 0xf6,
    0x0, 0x7c, 0xf2, 0x15, 0x5f, 0x20, 0x50, 0x7,
    0xd, 0xc0, 0x1, 0x95, 0x78, 0x91, 0xd8, 0x3,
    0xbd, 0x27, 0xd3, 0x18, 0x0, 0x59, 0x13, 0x0,
    0x1e, 0xad, 0x60, 0xb8, 0x9f, 0xf6, 0x86, 0xb0,
    0x7, 0xc8, 0x40, 0x4, 0xf0, 0xc, 0xae, 0x20,
    0x1e, 0x57, 0xad, 0xfb, 0x57, 0xdd, 0x42, 0xd7,
    0x73, 0x2a, 0x0, 0x1d, 0x2c, 0x95, 0xdb, 0x2e,
    0x6f, 0x9d, 0x72, 0xa3, 0xc0, 0xb, 0xec, 0x95,
    0x10, 0x7a, 0x30, 0x0, 0xa3, 0xcd, 0xb0, 0x4,
    0x6c, 0xdd, 0x20, 0x8c, 0xda, 0x20, 0x20, 0x19,
    0x22, 0x34, 0x80, 0x22, 0x39, 0xdc, 0x60, 0x19,
    0xfb, 0xb3, 0x87, 0x77, 0xa0, 0x8, 0x3, 0xf2,
    0xbc, 0x8, 0x7, 0x61, 0x80, 0x7c, 0x33, 0x4c,
    0xe0, 0x1e, 0x45, 0x0, 0xc2, 0xb3, 0xcf, 0x52,
    0x0, 0x24, 0x41, 0xc8, 0x50, 0x6, 0x6a, 0x29,
    0xe5, 0x0, 0xd7, 0x6c, 0x67, 0x30, 0xc, 0xff,
    0x6c, 0x1, 0xc5, 0xff, 0xa0, 0x3, 0x0,

    /* U+52A8 "动" */
    0x0, 0xff, 0xe0, 0x31, 0x80, 0x71, 0x17, 0xc2,
    0x1, 0x4d, 0x80, 0x63, 0xdd, 0xfa, 0x40, 0x3f,
    0x8f, 0x33, 0xe9, 0x0, 0xde, 0x1, 0xc6, 0x7f,
    0x9, 0x14, 0x1a, 0x44, 0x41, 0x0, 0xfe, 0xfd,
    0xd0, 0x2e, 0xea, 0xe9, 0x59, 0xbe, 0x5e, 0xb9,
    0x6, 0xbb, 0x0, 0xdc, 0xcf, 0xd0, 0x68, 0xa1,
    0xa8, 0x82, 0xe, 0xfb, 0xc, 0xff, 0xb4, 0x0,
    0xe0, 0xe0, 0x3, 0x30, 0x3, 0x0, 0xc0, 0x84,
    0x2, 0x30, 0x30, 0x8, 0x40, 0x8, 0xa0, 0xf,
    0x90, 0xb, 0x84, 0x2, 0x10, 0x1, 0x1f, 0x80,
    0x2d, 0x80, 0x25, 0x50, 0x6, 0xf0, 0x50, 0x50,
    0x3, 0x8a, 0x80, 0x99, 0x80, 0x2, 0x2, 0x14,
    0x8b, 0x19, 0xc1, 0x0, 0xe1, 0x60, 0x3, 0x2,
    0x92, 0x4a, 0x45, 0xa7, 0x21, 0xb2, 0x30, 0x3,
    0x3, 0x80, 0x2f, 0xf2, 0x56, 0x31, 0x8a, 0x0,
    0x23, 0x2, 0x9f, 0x40, 0xe, 0x78, 0x35, 0x77,
    0xa4, 0x84, 0x3, 0xf1, 0xe, 0x87, 0x44, 0xf,
    0x80, 0x3f, 0x9b, 0x84, 0x27, 0xfd, 0xa6, 0x0,

    /* U+52AA "努" */
    0x0, 0xe9, 0x30, 0xf, 0xfe, 0x2a, 0xb0, 0x80,
    0x44, 0xab, 0xe8, 0x10, 0x2, 0xad, 0x40, 0xea,
    0xe8, 0xb5, 0x5e, 0x77, 0x0, 0x2e, 0xa8, 0x0,
    0xaa, 0x47, 0xb9, 0x3f, 0xfd, 0x20, 0xe0, 0xe,
    0xf2, 0x4f, 0xf8, 0x34, 0x2d, 0xc4, 0x1, 0xa,
    0x20, 0x15, 0x17, 0x80, 0x20, 0x58, 0x18, 0x68,
    0x24, 0x6c, 0x3, 0xd7, 0x2c, 0xf0, 0x1, 0x6a,
    0x7b, 0x58, 0x80, 0x6a, 0xfa, 0x69, 0x7, 0x0,
    0x88, 0x2, 0x50, 0xf, 0x27, 0x0, 0x8b, 0x94,
    0xe7, 0x89, 0xc7, 0xdc, 0x40, 0x15, 0xd6, 0x19,
    0xdc, 0x84, 0x84, 0x9d, 0x8f, 0x78, 0xc0, 0x6,
    0xc7, 0x59, 0x80, 0x1f, 0xcf, 0x58, 0x0, 0x33,
    0xde, 0x0, 0x74, 0x23, 0x3c, 0xe2, 0x23, 0x3e,
    0x53, 0x20, 0xa, 0x33, 0x3a, 0x1, 0xb3, 0x3a,
    0xa0, 0x3, 0x57, 0x77, 0x1, 0x77, 0x76, 0x81,
    0x0, 0x70, 0x8e, 0xa0, 0xe1, 0x1e, 0x60, 0xd0,
    0xf, 0x93, 0x12, 0x4c, 0x3, 0x8c, 0x1c, 0x2,
    0x15, 0x9d, 0xb1, 0xc6, 0x0, 0xa, 0xa2, 0xc8,
    0x90, 0x4, 0x94, 0xe9, 0x7a, 0x60, 0x10, 0xd5,
    0xd0, 0x50, 0x6, 0x5e, 0xe4, 0xa0, 0x7, 0xbf,
    0xee, 0x40, 0x8,

    /* U+52BF "势" */
    0x0, 0xda, 0xc0, 0x1c, 0xf8, 0x1, 0xfe, 0x31,
    0x0, 0xef, 0x10, 0xf, 0xbb, 0xfc, 0x31, 0xfe,
    0x9f, 0xf3, 0x97, 0xfd, 0x0, 0x15, 0xcc, 0x80,
    0xa6, 0x55, 0x50, 0x2, 0xa8, 0x1, 0xca, 0xcc,
    0x1a, 0x65, 0x13, 0x52, 0x75, 0x50, 0xf8, 0x4,
    0x6d, 0x3, 0x1f, 0x95, 0x3e, 0x58, 0x0, 0x30,
    0x8, 0x72, 0x58, 0x1, 0x5b, 0x1a, 0x0, 0xd0,
    0xb, 0xc0, 0x3, 0x9f, 0xc3, 0xa, 0x40, 0x20,
    0x6, 0xd2, 0x62, 0x3b, 0x3, 0x11, 0x80, 0x26,
    0xc4, 0xfc, 0x7, 0x34, 0xa6, 0x0, 0x7f, 0x2,
    0x0, 0xdb, 0xd8, 0x1e, 0x2d, 0x3, 0x50, 0x3,
    0xf7, 0xcc, 0x5, 0xc4, 0x2, 0x10, 0x2e, 0xd7,
    0x1, 0x74, 0x66, 0xca, 0xec, 0xdd, 0x2c, 0x40,
    0x3, 0x99, 0xf0, 0xc, 0xcf, 0x34, 0x80, 0x45,
    0xff, 0xc4, 0x4f, 0xff, 0x19, 0x80, 0x3f, 0x51,
    0x40, 0x7, 0x89, 0x80, 0x3c, 0x78, 0xb0, 0xa0,
    0x1c, 0x43, 0xa0, 0x11, 0xbe, 0x60, 0xa9, 0xc0,
    0x6, 0xa8, 0x89, 0x5, 0x0, 0xba, 0x2, 0x79,
    0x40, 0x35, 0x5d, 0x96, 0x8, 0x2, 0xcf, 0xc6,
    0x0, 0xe3, 0xff, 0xb9, 0xc0, 0x20,

    /* U+5316 "化" */
    0x0, 0xff, 0xe6, 0x8f, 0x30, 0x1, 0xe4, 0x3,
    0xff, 0x83, 0x22, 0xa0, 0xc, 0x70, 0xf, 0xfe,
    0x0, 0xba, 0x18, 0x7, 0xff, 0x12, 0xc2, 0x0,
    0x3f, 0x8f, 0x90, 0x3, 0x22, 0x81, 0x80, 0x7e,
    0x1e, 0x17, 0x0, 0x86, 0x81, 0x0, 0x3f, 0xb4,
    0xa4, 0xc0, 0x2d, 0x10, 0x10, 0xf, 0xd6, 0x70,
    0xc0, 0x15, 0x9c, 0x8, 0x7, 0xc3, 0x88, 0xee,
    0x0, 0xce, 0xce, 0x1, 0xf0, 0xe1, 0xcc, 0x0,
    0x76, 0xc8, 0x7, 0xc8, 0x7, 0x6c, 0x1, 0xe1,
    0x0, 0xf0, 0xd0, 0x3, 0x10, 0x3, 0xff, 0x82,
    0xfe, 0xa0, 0x2, 0x0, 0xff, 0xe0, 0x9c, 0x2e,
    0xa0, 0x80, 0x71, 0xa8, 0x7, 0xc7, 0xd6, 0x40,
    0x1f, 0x2d, 0x10, 0x7, 0xc2, 0x1, 0xfc, 0x20,
    0x40, 0x1f, 0xe1, 0x10, 0x7, 0x68, 0x80, 0x7f,
    0xc4, 0x15, 0x11, 0x95, 0x0, 0x3f, 0xe9, 0x35,
    0x77, 0xc7, 0x60, 0x1f, 0xf0, 0xe7, 0xff, 0x60,
    0x80,

    /* U+5319 "匙" */
    0x0, 0xff, 0xe0, 0x31, 0x0, 0x7e, 0xff, 0xfc,
    0x63, 0x2e, 0x1, 0xfd, 0x5f, 0xfb, 0x0, 0x3f,
    0xf8, 0x44, 0x67, 0x98, 0x3, 0xff, 0x85, 0x3d,
    0xda, 0xc0, 0x3e, 0x4d, 0x50, 0xd, 0x7b, 0xbb,
    0x0, 0x39, 0x32, 0xd9, 0xc0, 0x35, 0x7f, 0xed,
    0x0, 0xd5, 0x6d, 0x96, 0x40, 0x16, 0xef, 0xe3,
    0x0, 0x17, 0x51, 0x80, 0x65, 0x77, 0xfc, 0xa0,
    0x8, 0x10, 0xe, 0x1a, 0xaf, 0xf1, 0x80, 0x7e,
    0x1f, 0xfd, 0x1, 0xff, 0x8c, 0x3, 0xfd, 0x56,
    0x1, 0xff, 0xc1, 0x27, 0x0, 0x84, 0x80, 0x2c,
    0xca, 0x0, 0x3c, 0x30, 0x20, 0x4, 0x60, 0xa,
    0xee, 0xd1, 0xf, 0x55, 0xa4, 0x44, 0x2, 0x0,
    0x50, 0x3, 0xbc, 0xa0, 0xeb, 0x55, 0x2c, 0x0,
    0x10, 0x26, 0xa4, 0x3, 0xd1, 0xff, 0xcc, 0x0,
    0x93, 0x6a, 0x10, 0xb8, 0x65, 0x5f, 0xe1, 0x23,
    0x80, 0x5f, 0xa1, 0x48, 0xaa, 0xfd, 0x62, 0x5a,
    0x80, 0x12, 0xd6, 0x77, 0xff, 0xee, 0x0,

    /* U+5320 "匠" */
    0x1f, 0xff, 0xfe, 0x24, 0x80, 0x12, 0x23, 0xff,
    0x85, 0xa0, 0xc, 0x77, 0xff, 0x99, 0xdc, 0x80,
    0x1c, 0xce, 0xad, 0x13, 0x59, 0xdc, 0x30, 0xf,
    0xa6, 0x2e, 0xc8, 0x40, 0x91, 0x86, 0x1, 0xf1,
    0xa7, 0x6e, 0x5d, 0x43, 0x18, 0x7, 0xff, 0x3d,
    0x22, 0x3f, 0xc0, 0x1f, 0x95, 0x73, 0xbc, 0xab,
    0x8, 0x7, 0xb, 0x6e, 0xeb, 0xc, 0xdd, 0x84,
    0x3, 0x88, 0x40, 0x3f, 0xf8, 0x64, 0x1a, 0x1,
    0xff, 0xc3, 0x50, 0x40, 0xf, 0xfe, 0x1c, 0xa0,
    0x80, 0x7f, 0xf0, 0x94, 0x60, 0x3, 0xff, 0x85,
    0x8d, 0x40, 0x67, 0xc0, 0xee, 0x33, 0xe0, 0x4c,
    0xac, 0xcf, 0x5b, 0xde, 0x65, 0xa0,

    /* U+533A "区" */
    0x8, 0x8f, 0xfe, 0x22, 0x0, 0xbb, 0xff, 0xf1,
    0x30, 0x2, 0x9f, 0xff, 0xfe, 0x14, 0x0, 0x79,
    0x0, 0x3e, 0xca, 0x0, 0xfc, 0xf7, 0x0, 0x1c,
    0xc7, 0xe0, 0x1f, 0x9e, 0x1e, 0x80, 0x22, 0x95,
    0x50, 0x7, 0xf3, 0xda, 0xe0, 0x87, 0x95, 0x80,
    0x7f, 0xc9, 0x85, 0xfc, 0x5e, 0x20, 0x1f, 0xfc,
    0x3, 0xd1, 0x14, 0x10, 0x7, 0xff, 0xa, 0x0,
    0x12, 0x60, 0x1f, 0xfc, 0x1, 0xc4, 0xae, 0x3c,
    0x30, 0xf, 0xf2, 0x79, 0xda, 0x8e, 0x16, 0x18,
    0x7, 0xe9, 0xb3, 0xd4, 0x0, 0xf, 0x8e, 0x18,
    0x7, 0x89, 0x17, 0x48, 0x3, 0x16, 0xb, 0x80,
    0x78, 0xb6, 0x80, 0x3e, 0x2e, 0x40, 0xe, 0xc7,
    0x7f, 0xfe, 0x18, 0x4, 0xb1, 0x1f, 0xfc, 0x30,

    /* U+5341 "十" */
    0x0, 0xfd, 0x5c, 0x1, 0xff, 0xc5, 0x10, 0xf,
    0xff, 0xf8, 0x7, 0xff, 0x49, 0x9d, 0xfe, 0x41,
    0x77, 0xfc, 0x17, 0x11, 0xf0, 0x2, 0x23, 0xf1,
    0x6f, 0xff, 0xc6, 0x1f, 0xff, 0x88, 0x3, 0xf3,
    0x88, 0x7, 0xff, 0xfc, 0x3, 0xff, 0xfe, 0x1,
    0xff, 0x0,

    /* U+5348 "午" */
    0x0, 0xff, 0xe5, 0xf4, 0x0, 0x7f, 0xf1, 0x18,
    0x74, 0x3, 0xff, 0x89, 0x40, 0x5, 0x5f, 0xf1,
    0x80, 0x64, 0x30, 0xaa, 0xff, 0xe0, 0x0, 0x68,
    0xc, 0xdd, 0x8c, 0x37, 0x7d, 0x0, 0x13, 0x1c,
    0x19, 0x14, 0xc2, 0x45, 0xe1, 0x0, 0x1c, 0x93,
    0x80, 0x7f, 0xf0, 0xdc, 0xbc, 0x3, 0xff, 0x88,
    0x9a, 0x40, 0x1f, 0xfc, 0x47, 0x99, 0xf9, 0x46,
    0x67, 0xf0, 0x63, 0x37, 0xc0, 0x6, 0x6f, 0xc3,
    0x7f, 0xff, 0x28, 0xff, 0xfe, 0x10, 0xf, 0xff,
    0xf8, 0x7, 0xff, 0xb8,

    /* U+5355 "单" */
    0x0, 0xe8, 0x20, 0xf, 0xc, 0x90, 0x7, 0xe5,
    0xf0, 0xf, 0x43, 0x8, 0x7, 0xef, 0x29, 0x0,
    0xc4, 0xce, 0x60, 0x1e, 0x55, 0x39, 0xba, 0xae,
    0xd0, 0xe5, 0x50, 0x7, 0x55, 0x46, 0x35, 0x58,
    0x1, 0x35, 0x41, 0x0, 0xe9, 0xff, 0xc2, 0xdf,
    0xfa, 0x0, 0x3f, 0xf9, 0xd3, 0xff, 0x85, 0xbf,
    0xf4, 0x0, 0x7c, 0xd7, 0x78, 0xa, 0xef, 0x30,
    0x7, 0xde, 0x89, 0x85, 0x13, 0xb8, 0x3, 0xec,
    0x55, 0xc2, 0xca, 0xbb, 0x40, 0x3c, 0x29, 0x77,
    0x80, 0x17, 0x79, 0x4, 0x3, 0xbb, 0xbc, 0x2d,
    0xdd, 0xe1, 0x0, 0x33, 0x7e, 0x16, 0x6f, 0xca,
    0x13, 0x3f, 0x80, 0x13, 0x3f, 0x58, 0x7f, 0xfe,
    0x16, 0xff, 0xfb, 0x80, 0x3f, 0xfd, 0xa0,

    /* U+535C "卜" */
    0x35, 0x0, 0xfe, 0xaa, 0x8, 0x7, 0xff, 0xa8,
    0xc0, 0x3f, 0xdb, 0x88, 0x1, 0xf9, 0xca, 0xf5,
    0x40, 0x3d, 0x3d, 0x7, 0x5a, 0xa0, 0x1e, 0x7e,
    0x82, 0xac, 0x30, 0xf, 0x3f, 0x31, 0xc0, 0x7,
    0xc3, 0x39, 0x20, 0x1f, 0xc6, 0x40, 0x1f, 0xfe,
    0xb0,

    /* U+5360 "占" */
    0x0, 0xf5, 0x40, 0x7, 0xff, 0x9, 0xc8, 0x3,
    0xff, 0xa6, 0x20, 0x1f, 0xfc, 0x22, 0x4f, 0xff,
    0xb0, 0x3, 0xf5, 0x57, 0xd0, 0x1, 0xe2, 0x55,
    0xfc, 0x80, 0x1f, 0xfd, 0x4a, 0xbb, 0xe2, 0x5b,
    0xbe, 0xa0, 0x2, 0x30, 0x6, 0x44, 0x0, 0x65,
    0x40, 0x9, 0x2e, 0xff, 0xc8, 0x1, 0xff, 0xe8,
    0x31, 0x1f, 0xf8, 0x3, 0x2f, 0x77, 0xf9, 0x0,
    0x30, 0xd5, 0x7f, 0x84, 0x2, 0xfe, 0x55, 0xff,
    0x77, 0x0, 0x0,

    /* U+5373 "即" */
    0x6, 0xf9, 0x9e, 0x80, 0x3, 0xbf, 0x69, 0x86,
    0x82, 0xae, 0x76, 0x1, 0x88, 0xe2, 0xb0, 0x11,
    0x66, 0x67, 0x0, 0xd3, 0xff, 0x0, 0x7f, 0xf2,
    0x44, 0x5f, 0xf9, 0x80, 0x3f, 0xe1, 0x9, 0x9c,
    0x1, 0xff, 0xc1, 0x16, 0x6e, 0x0, 0xff, 0xe9,
    0xb, 0xbe, 0x50, 0xf, 0xf8, 0x42, 0x67, 0x11,
    0x80, 0x7f, 0x84, 0x5d, 0xdd, 0xa0, 0x1f, 0xfc,
    0x25, 0xe1, 0x0, 0xfe, 0xf0, 0xe, 0x41, 0xb0,
    0xe, 0x5d, 0xd0, 0x8, 0x7, 0x28, 0x29, 0x80,
    0x64, 0x55, 0x53, 0x0, 0x6, 0x7a, 0xc4, 0x20,
    0x3, 0xc, 0x41, 0x40, 0xd4, 0x19, 0x6f, 0x9d,
    0xc, 0x3, 0xf1, 0x2, 0xed, 0xa0, 0x4b, 0x10,
    0x7, 0xe1, 0xea, 0x20, 0x8, 0x64, 0x40, 0x3f,
    0x0,

    /* U+5374 "却" */
    0x0, 0xc9, 0x0, 0x1f, 0xfc, 0x4c, 0x60, 0xe,
    0x66, 0xea, 0x30, 0xf, 0xfa, 0x67, 0x96, 0xc1,
    0xdf, 0xb, 0xbc, 0x1, 0x4f, 0xfc, 0x1, 0x44,
    0x40, 0x8, 0x88, 0x40, 0x3f, 0xbf, 0xe7, 0x1f,
    0xf8, 0x40, 0x3f, 0xfc, 0x17, 0xff, 0x38, 0xff,
    0xd4, 0x1, 0xfb, 0xe6, 0x50, 0x5, 0x33, 0x70,
    0x7, 0xe4, 0x66, 0x8, 0x73, 0x34, 0x80, 0x1f,
    0xf5, 0xa1, 0xa6, 0x80, 0x7f, 0xf0, 0x10, 0xa0,
    0x14, 0x98, 0x3, 0xfe, 0x84, 0x30, 0x16, 0xb0,
    0xe, 0x11, 0x7, 0x83, 0x1f, 0x2b, 0xd3, 0x12,
    0x0, 0x49, 0xdc, 0x3, 0x19, 0xa, 0xa4, 0x8b,
    0x87, 0x0, 0x49, 0x32, 0xc4, 0x10, 0x6a, 0xde,
    0xb8, 0x71, 0x0, 0xcc, 0xc3, 0x0, 0x7c, 0xa9,
    0x0, 0x51, 0x60, 0x1f, 0xfc, 0xe0,

    /* U+5382 "厂" */
    0x0, 0x16, 0xd4, 0x47, 0xff, 0x4, 0xc0, 0xe,
    0x4a, 0xef, 0xff, 0xc1, 0x40, 0xd, 0x5f, 0xff,
    0xfc, 0x17, 0x0, 0xc2, 0x1, 0xff, 0xff, 0x70,
    0xf, 0xfe, 0xb9, 0x0, 0x80, 0x7f, 0xf1, 0x3c,
    0x8, 0x3, 0xff, 0x88, 0x42, 0x1, 0xff, 0xc5,
    0x45, 0x0, 0xff, 0xe2, 0x8, 0xb0, 0x3, 0xff,
    0x88, 0xe0, 0x80, 0x1f, 0xfc, 0x4b, 0x13, 0x0,
    0xff, 0xe1, 0x99, 0x48, 0x7, 0xff, 0x10, 0xf5,
    0xc0, 0x3f, 0xf8, 0x80,

    /* U+539A "厚" */
    0x0, 0x37, 0xff, 0xff, 0xf, 0x0, 0x39, 0xe2,
    0x3f, 0xf8, 0x32, 0x1, 0xd2, 0xec, 0xdf, 0xf3,
    0xa8, 0x7, 0xdd, 0xdf, 0xef, 0x0, 0xff, 0x4f,
    0xff, 0xce, 0x1, 0xff, 0x4f, 0xff, 0xce, 0x1,
    0xe1, 0x1, 0x0, 0x4f, 0xff, 0xce, 0x1, 0xff,
    0x4f, 0x77, 0xce, 0x1, 0xef, 0x0, 0xb7, 0x59,
    0x9f, 0x6e, 0x0, 0x70, 0x88, 0x0, 0xcd, 0xfc,
    0xe0, 0x1e, 0x32, 0x1, 0x99, 0xfa, 0xae, 0xa4,
    0x3, 0x9d, 0xc0, 0x3b, 0xbb, 0x1c, 0x44, 0xb7,
    0x60, 0xe, 0x2c, 0x23, 0x3e, 0x75, 0xb, 0x97,
    0x33, 0x80, 0x6, 0x7, 0xd9, 0x9d, 0x20, 0x77,
    0x99, 0xc2, 0x16, 0x9, 0x9f, 0xfd, 0x81, 0x7f,
    0xfe, 0x10, 0x65, 0x0, 0xe3, 0x25, 0x7, 0x0,
    0xf8, 0x89, 0x20, 0x1d, 0x9b, 0x26, 0x60, 0xf,
    0x8b, 0xc, 0x3, 0xbf, 0xec, 0x0, 0xfc,

    /* U+53CB "友" */
    0x0, 0xf0, 0xeb, 0x0, 0x7f, 0xf1, 0x4c, 0x80,
    0x3f, 0xf8, 0xc2, 0x6, 0x1, 0xff, 0xc0, 0x27,
    0x7d, 0x1, 0xce, 0xff, 0xcc, 0x0, 0x48, 0x8c,
    0x80, 0x91, 0x1f, 0xe0, 0x3, 0x7f, 0xe6, 0xf,
    0xff, 0xf7, 0x0, 0x7c, 0xa6, 0x1, 0xff, 0xc6,
    0x33, 0x2a, 0xfc, 0xe2, 0x1, 0xf8, 0xc0, 0x15,
    0x5f, 0x44, 0x0, 0x3f, 0x58, 0x2, 0x7b, 0xba,
    0x2, 0x80, 0x3f, 0x29, 0xa5, 0x8, 0xf5, 0x11,
    0x80, 0x7c, 0x65, 0x52, 0x6e, 0x1, 0x39, 0x48,
    0x7, 0xe8, 0x7, 0x28, 0x82, 0x1, 0xc2, 0xa0,
    0x7, 0xc6, 0x8e, 0x20, 0xe9, 0x71, 0xa5, 0x60,
    0x1f, 0xb8, 0x60, 0x2, 0xb0, 0x71, 0xf1, 0x0,
    0xfa, 0x8a, 0xc0, 0x22, 0xa0, 0xb, 0xd4, 0x3,
    0xd2, 0xab, 0x1, 0xd6, 0xac, 0x7d, 0x85, 0x6c,
    0x18, 0x5, 0xab, 0x43, 0xd8, 0x8f, 0xce, 0x9,
    0xb6, 0xcf, 0x9c, 0x20, 0x94, 0x3, 0x76, 0xe8,
    0x10, 0xc, 0x97, 0xf5, 0x62,

    /* U+53CC "双" */
    0x3, 0x44, 0xe6, 0x20, 0x44, 0xf9, 0x80, 0x2e,
    0xbb, 0xe9, 0xd0, 0xbb, 0xfa, 0x58, 0x1, 0xf9,
    0x9c, 0x26, 0xc, 0x19, 0x9a, 0x0, 0x80, 0x4,
    0x67, 0xc0, 0xc1, 0xa0, 0x26, 0x70, 0x1, 0x40,
    0x2, 0xe0, 0x10, 0x88, 0x81, 0x41, 0xc0, 0x2e,
    0x11, 0x0, 0x12, 0x1c, 0x0, 0xa1, 0x80, 0x22,
    0xc0, 0x9, 0xd0, 0x2, 0x57, 0x85, 0xc, 0x4,
    0x0, 0x22, 0x0, 0x6, 0x38, 0x1, 0xa0, 0xe8,
    0x94, 0xc0, 0x2f, 0x21, 0xa, 0x7, 0x0, 0xed,
    0x1d, 0x24, 0x0, 0x90, 0x1c, 0x1d, 0x4, 0x3,
    0x86, 0xc0, 0x14, 0x1, 0x9, 0xdb, 0x8f, 0x80,
    0x7c, 0xa0, 0x6, 0x0, 0xd2, 0x50, 0x68, 0x1,
    0xf3, 0x80, 0x28, 0x40, 0x25, 0x0, 0x78, 0x7,
    0xc3, 0x27, 0x43, 0x0, 0x13, 0x0, 0x18, 0x3,
    0xeb, 0x1f, 0x53, 0x62, 0x4, 0x92, 0x1b, 0x20,
    0xe, 0x65, 0x73, 0x8, 0x62, 0x5b, 0x2c, 0xd1,
    0xf1, 0x0, 0x96, 0x4e, 0x0, 0x9, 0x13, 0x45,
    0x82, 0x74, 0x58, 0x60, 0x54, 0x7a, 0x1, 0xad,
    0x99, 0xa2, 0x0, 0x5b, 0x3c, 0x12, 0xbc, 0x10,
    0xd, 0x76, 0x90, 0xe, 0x4f, 0xb1,

    /* U+53D1 "发" */
    0x0, 0xc2, 0x1, 0xb1, 0xc0, 0x25, 0x0, 0xfe,
    0xae, 0x0, 0x9, 0xf0, 0x0, 0xea, 0x40, 0x3e,
    0x14, 0x70, 0x2, 0x87, 0x80, 0xe, 0x9a, 0x0,
    0x3c, 0xc1, 0x40, 0x3, 0x5, 0x0, 0x96, 0x14,
    0x3, 0x86, 0x0, 0x6, 0x68, 0x7, 0x33, 0xc9,
    0x26, 0x40, 0x13, 0x0, 0x33, 0x20, 0x5, 0xe6,
    0x75, 0xe4, 0x0, 0x4d, 0x39, 0x94, 0x2, 0x66,
    0x7e, 0x80, 0x8, 0x58, 0xce, 0xe0, 0x93, 0x3f,
    0xc4, 0x1, 0xf0, 0xb0, 0x2b, 0xbf, 0x4a, 0x0,
    0x7f, 0x30, 0x2, 0x23, 0xcd, 0xe0, 0x1f, 0x86,
    0x0, 0x7f, 0xfa, 0x43, 0xc0, 0x3f, 0x58, 0x40,
    0xc0, 0x4, 0x30, 0x68, 0x1, 0xf3, 0x2a, 0x3c,
    0xba, 0x0, 0x28, 0x7c, 0x3, 0xe4, 0x92, 0xa0,
    0x64, 0xb4, 0x94, 0x93, 0x0, 0xf2, 0xd8, 0xf8,
    0x80, 0x2c, 0xed, 0x9d, 0x80, 0x3d, 0x34, 0x38,
    0x40, 0x12, 0x10, 0x0, 0xc8, 0x3, 0xca, 0xaf,
    0x20, 0x2, 0xe5, 0x96, 0xd2, 0x6d, 0x20, 0x6,
    0xca, 0x10, 0xae, 0xa0, 0xac, 0x25, 0xe8, 0x4b,
    0xfb, 0x10, 0xe, 0xd6, 0xcc, 0x28, 0x4, 0x2f,
    0xd6, 0xd8, 0x20,

    /* U+53D6 "取" */
    0xd, 0xee, 0x6e, 0xdf, 0xda, 0x1, 0xff, 0x20,
    0x89, 0x12, 0x1, 0x47, 0x7f, 0xac, 0xc0, 0x12,
    0x88, 0x99, 0x85, 0xa6, 0xa2, 0x3c, 0x88, 0x0,
    0xff, 0xb4, 0xdb, 0xfe, 0xd0, 0x30, 0xc, 0x9d,
    0xd0, 0x98, 0x1, 0x54, 0x1, 0x30, 0x28, 0x7,
    0x44, 0x40, 0x60, 0xf, 0x20, 0xb, 0x4, 0x40,
    0x19, 0x19, 0xa1, 0x0, 0x94, 0x4c, 0x0, 0x88,
    0x0, 0xff, 0xe0, 0x98, 0xa0, 0x9, 0xe0, 0x7,
    0x22, 0xac, 0x26, 0x1, 0x26, 0x3, 0x83, 0x80,
    0x7a, 0xaa, 0x1, 0x0, 0xb1, 0x6, 0xd0, 0x40,
    0x39, 0x3f, 0xe1, 0x20, 0x9, 0x82, 0x8b, 0x80,
    0x3f, 0xf8, 0x8a, 0x82, 0xa0, 0x1f, 0xc6, 0x2d,
    0x68, 0x0, 0x20, 0x30, 0xc, 0x2c, 0x88, 0xef,
    0xc0, 0x0, 0xb0, 0xb, 0x1, 0x10, 0x3, 0x48,
    0x1b, 0x4e, 0xb, 0x51, 0x6, 0x86, 0xf, 0x80,
    0x43, 0xdf, 0x90, 0xc6, 0x1, 0xac, 0xe8, 0xe8,
    0xac, 0x40, 0x2, 0x1, 0xf1, 0x6a, 0x52, 0x2,
    0x52, 0x78, 0x80, 0x7f, 0x13, 0x62, 0x80, 0x4b,
    0x8c, 0x20, 0x1f, 0x74, 0x85, 0x98, 0x7, 0x1c,
    0x0,

    /* U+53D7 "受" */
    0x0, 0xff, 0x84, 0xda, 0x1c, 0x0, 0x28, 0xac,
    0xf1, 0x57, 0x9d, 0xfd, 0x92, 0xba, 0x20, 0xb,
    0xa8, 0xa4, 0x11, 0x3c, 0xd6, 0x77, 0xfa, 0x84,
    0x7, 0xe5, 0x77, 0x2e, 0x50, 0xd4, 0xc4, 0x32,
    0xc0, 0x32, 0x21, 0x80, 0x6, 0x5c, 0x1, 0x40,
    0xc8, 0x6, 0x25, 0xc0, 0xa, 0x8c, 0x0, 0x4f,
    0x24, 0x0, 0x8f, 0xf2, 0xab, 0xfe, 0x86, 0xff,
    0x68, 0x4f, 0xfa, 0x40, 0x17, 0x7f, 0xfc, 0x20,
    0x8, 0x51, 0x3f, 0xf8, 0x42, 0x1, 0xb, 0xbf,
    0xfa, 0xcc, 0x2, 0x8e, 0x38, 0x8f, 0xf2, 0x70,
    0x74, 0x80, 0xb, 0x1, 0xff, 0xfc, 0xc1, 0x20,
    0x1e, 0x38, 0x77, 0x0, 0x67, 0x67, 0x40, 0xf,
    0x9d, 0xd1, 0x20, 0x9, 0x86, 0x80, 0xf, 0xe8,
    0x96, 0xff, 0x34, 0x48, 0x7, 0xf8, 0x40, 0x3c,
    0x20, 0x1e, 0x14, 0x8b, 0xe9, 0x4b, 0xb2, 0x47,
    0x63, 0xa0, 0x84, 0xf5, 0xb8, 0x47, 0x5a, 0x22,
    0xf6, 0x2, 0x2f, 0xa6, 0x27, 0x3e, 0xdc, 0x40,
    0x31, 0x3e, 0x7e, 0x44, 0x0,

    /* U+53EF "可" */
    0x46, 0x6f, 0xfe, 0x28, 0x7c, 0xcf, 0xff, 0x14,
    0x6b, 0xbb, 0xff, 0x82, 0x7, 0xdc, 0x11, 0xff,
    0xe2, 0x30, 0x88, 0x3, 0xff, 0x95, 0x3f, 0xff,
    0x40, 0x7, 0xf8, 0xc2, 0x23, 0x80, 0x40, 0x3f,
    0xe2, 0x77, 0xe1, 0x0, 0xff, 0xfc, 0x97, 0xff,
    0x8, 0x7, 0xff, 0x5, 0xdf, 0xda, 0x1, 0xff,
    0x14, 0x47, 0x90, 0x3, 0xfd, 0x58, 0x1, 0xff,
    0xc6, 0x10, 0xf, 0xfe, 0x6c, 0xc4, 0x24, 0x48,
    0x3, 0xff, 0x82, 0x4e, 0xe6, 0x4a, 0x0, 0xff,
    0xe0, 0xdf, 0xfd, 0x64, 0x1, 0x0,

    /* U+53F6 "叶" */
    0x0, 0xff, 0x91, 0x80, 0x3f, 0xf8, 0xbd, 0x0,
    0x1e, 0x3c, 0x77, 0xc6, 0x1, 0xff, 0xc0, 0xb3,
    0x88, 0xc8, 0x1, 0xff, 0xc1, 0x1f, 0xf8, 0x3,
    0xff, 0xdd, 0x1f, 0xf9, 0x47, 0xff, 0x8c, 0x3,
    0xc6, 0xef, 0x80, 0xe, 0xfc, 0x40, 0x1e, 0xb8,
    0x8c, 0xa3, 0x11, 0xc2, 0x1, 0xff, 0xdb, 0x1f,
    0xf8, 0x3, 0xff, 0x89, 0x11, 0x90, 0x3, 0xff,
    0x82, 0x2e, 0xf8, 0xc0, 0x3f, 0xf8, 0x11, 0xc0,
    0x1f, 0xff, 0xe0,

    /* U+5408 "合" */
    0x0, 0xfe, 0x95, 0x0, 0xff, 0xe2, 0x43, 0x68,
    0x7, 0xff, 0xd, 0x9c, 0x18, 0x80, 0x3f, 0xf8,
    0x2f, 0x2b, 0xc7, 0x88, 0x1, 0xfe, 0x1a, 0x85,
    0xa1, 0xc2, 0xb8, 0x0, 0xfc, 0xbe, 0xb1, 0x40,
    0x1, 0xc7, 0x77, 0x28, 0x6, 0x3c, 0xa1, 0x83,
    0x44, 0xec, 0x71, 0xac, 0x50, 0xac, 0x37, 0x28,
    0xbb, 0xf9, 0xea, 0xa, 0x92, 0x1f, 0xa3, 0x37,
    0x7f, 0x95, 0xfe, 0x90, 0xa0, 0x40, 0x48, 0xbf,
    0x80, 0x2, 0xa0, 0x19, 0x59, 0xbf, 0xe3, 0x0,
    0xf4, 0x4c, 0xff, 0xd4, 0x1, 0xf2, 0xff, 0xff,
    0x0, 0x7f, 0xfd, 0x49, 0x7f, 0xff, 0x80, 0x3f,
    0xd1, 0x1f, 0xc0, 0x1f, 0xbb, 0xdd, 0xff, 0xbe,
    0x40, 0x20,

    /* U+5409 "吉" */
    0x0, 0xfd, 0x6e, 0x1, 0xff, 0xc4, 0x4e, 0x0,
    0xff, 0xe7, 0x6f, 0xff, 0xc0, 0xdf, 0xff, 0x4c,
    0x4c, 0xfc, 0x0, 0x99, 0xfa, 0x95, 0x9b, 0xe0,
    0x66, 0xfc, 0x60, 0x1f, 0xfc, 0x77, 0xbb, 0xf0,
    0x35, 0xdf, 0x98, 0x3, 0xf9, 0x10, 0x1, 0xfc,
    0xf7, 0x7f, 0xfc, 0x26, 0x0, 0xff, 0xe4, 0xc7,
    0xff, 0xff, 0x2, 0x40, 0x3d, 0x33, 0xfe, 0x3,
    0x0, 0xf3, 0x37, 0xf8, 0x3, 0xff, 0xc0, 0xcd,
    0xfe, 0x0, 0xfd, 0x33, 0xfe, 0x0, 0xfd, 0xff,
    0xfe, 0x0, 0xc0,

    /* U+540E "后" */
    0x0, 0xff, 0xe1, 0x1b, 0x40, 0x7, 0xc2, 0x46,
    0x8d, 0x13, 0x9d, 0xf9, 0x2c, 0xe0, 0x1d, 0xfd,
    0xb9, 0x72, 0xaa, 0x66, 0x4e, 0x77, 0x1c, 0x3,
    0x84, 0x33, 0xbf, 0xdb, 0x95, 0xc, 0x62, 0x1,
    0xf1, 0x19, 0x84, 0x3, 0xff, 0x8a, 0x68, 0x9f,
    0xfc, 0x21, 0x0, 0xeb, 0xbf, 0xfe, 0x12, 0x80,
    0x76, 0x67, 0xff, 0x9, 0x0, 0x32, 0x19, 0xff,
    0xf0, 0x80, 0x30, 0x80, 0x7f, 0xf1, 0xc8, 0x81,
    0x1f, 0xff, 0xec, 0x0, 0xc2, 0x2, 0x1, 0x44,
    0x7e, 0x21, 0x0, 0xc4, 0x1c, 0x1, 0x3b, 0xfe,
    0x60, 0xe, 0x50, 0x50, 0xf, 0xfe, 0x2e, 0x81,
    0x80, 0x7f, 0xf1, 0x5, 0x10, 0x1, 0xff, 0xc5,
    0x90, 0xd0, 0xd, 0xff, 0xf9, 0x0, 0x33, 0x3,
    0x0, 0x68, 0x8f, 0xc0, 0x1d, 0x50, 0x1, 0xce,
    0xff, 0x90, 0x3, 0x23, 0x80, 0x51, 0xe0, 0x1f,
    0xaf, 0x40, 0x0,

    /* U+5426 "否" */
    0x6, 0x77, 0xff, 0xe2, 0x18, 0x5c, 0x47, 0xff,
    0x11, 0x3, 0x7f, 0xfe, 0x80, 0x5f, 0xff, 0x38,
    0x7, 0xe9, 0x80, 0xa0, 0xf, 0xfe, 0x9, 0xeb,
    0x2, 0xe, 0xd9, 0x80, 0x7e, 0x2a, 0xc0, 0xc3,
    0x1, 0x86, 0xcb, 0x20, 0xc, 0x75, 0xab, 0x1a,
    0x60, 0x12, 0xed, 0x2e, 0xc0, 0x1e, 0xe2, 0xb7,
    0x38, 0x7, 0xcb, 0xcc, 0xf6, 0x69, 0x1d, 0x22,
    0x1, 0xfe, 0x9b, 0x90, 0x97, 0x10, 0xe, 0x4c,
    0x0, 0xf2, 0x10, 0x4, 0xdf, 0xfc, 0xf1, 0xff,
    0xd2, 0x1, 0xc2, 0x13, 0x55, 0xfc, 0x6, 0x1,
    0xf3, 0xaa, 0xff, 0x0, 0x7f, 0xf8, 0xfb, 0xbf,
    0xc0, 0x1f, 0xcf, 0x11, 0xfc, 0x1, 0xfd, 0x2c,
    0xdf, 0xc0, 0x1f, 0x3f, 0x88, 0x7, 0xf7, 0xd0,
    0x0,

    /* U+542C "听" */
    0x0, 0xff, 0xe1, 0x14, 0x10, 0x7, 0xff, 0x0,
    0x9a, 0x77, 0x4f, 0x0, 0x7, 0xff, 0xe1, 0xc,
    0xfd, 0x94, 0x45, 0x7d, 0x0, 0x68, 0x82, 0x0,
    0x4a, 0x17, 0xdb, 0x2a, 0x1, 0xe7, 0x76, 0x80,
    0x42, 0x8, 0x20, 0x1f, 0xfd, 0x88, 0x77, 0xf8,
    0x3, 0xfe, 0x78, 0x8f, 0x80, 0x3f, 0x84, 0x3f,
    0xee, 0x8, 0xff, 0x0, 0x7f, 0xf4, 0xc, 0x40,
    0x3f, 0xf8, 0xac, 0x40, 0x1f, 0xf7, 0xfa, 0x40,
    0x22, 0x60, 0xf, 0xf9, 0xdf, 0x8, 0xc4, 0x1,
    0xff, 0x44, 0x60, 0x40, 0xc0, 0xf, 0xe7, 0xf0,
    0xe, 0xf0, 0x40, 0xf, 0xfe, 0x18, 0xaa, 0x80,
    0x3f, 0xf8, 0x96, 0x12, 0x1, 0xff, 0xc4, 0x96,
    0x30, 0xf, 0xf0,

    /* U+542F "启" */
    0x0, 0xfe, 0x96, 0x0, 0xff, 0xe2, 0x14, 0x88,
    0x7, 0xff, 0xf, 0xc1, 0xc0, 0x3f, 0xb3, 0xff,
    0xac, 0x27, 0xff, 0xa4, 0x2, 0x70, 0x88, 0xff,
    0x80, 0x3c, 0x4e, 0xff, 0xf0, 0x80, 0x7f, 0xf2,
    0x9c, 0xbf, 0xff, 0xe1, 0x0, 0xf4, 0x47, 0xff,
    0x3, 0x40, 0x32, 0x3b, 0xff, 0xf0, 0x10, 0x2,
    0x11, 0x8c, 0xff, 0xf8, 0x0, 0x11, 0x11, 0xb3,
    0x3f, 0xf8, 0x0, 0x1, 0xe, 0x0, 0x66, 0x7f,
    0x28, 0x4, 0x80, 0xa0, 0x3, 0x3f, 0xf0, 0x5,
    0x80, 0x60, 0x1f, 0xfc, 0x37, 0x50, 0x8, 0x8b,
    0xfc, 0x0, 0x71, 0x90, 0xb, 0x77, 0xf9, 0x0,
    0x18, 0xc6, 0x1, 0x66, 0x7f, 0x18, 0x2, 0xe4,
    0x0, 0xfe, 0x67, 0xfd, 0x9e,

    /* U+5440 "呀" */
    0x0, 0xf1, 0xf7, 0x7d, 0xfe, 0xeb, 0x7, 0xff,
    0xdc, 0x4c, 0xdf, 0x0, 0x1b, 0x43, 0xc2, 0x20,
    0x80, 0x30, 0x15, 0x11, 0x85, 0xa1, 0x80, 0x2,
    0xee, 0xc0, 0x1, 0x3b, 0x0, 0x7f, 0xf1, 0x18,
    0x18, 0x3, 0xff, 0x88, 0x60, 0x40, 0x1f, 0xfc,
    0x4e, 0x11, 0xf8, 0xc4, 0x40, 0x1f, 0x90, 0x7b,
    0xb8, 0x17, 0xb8, 0x60, 0x1f, 0x43, 0xd5, 0x4c,
    0x0, 0x1a, 0xa1, 0x0, 0x7c, 0xb0, 0xaa, 0x47,
    0x30, 0x75, 0x50, 0x80, 0x7f, 0x87, 0x7, 0x84,
    0x3, 0x87, 0xfd, 0x0, 0x18, 0x70, 0xac, 0x80,
    0x3e, 0x77, 0xa4, 0x0, 0x7e, 0x54, 0x80, 0x1f,
    0xc, 0x44, 0xe0, 0xd8, 0x34, 0xa0, 0x1f, 0x47,
    0x0, 0x47, 0x92, 0x16, 0xa0, 0x1f, 0xfc, 0x17,
    0x32, 0xd4, 0x0, 0xe1, 0x0, 0xfc, 0x95, 0xa4,
    0x4, 0xee, 0x81, 0x0, 0xff, 0x28, 0x4, 0x51,
    0x7, 0x39, 0x0, 0xff, 0xe1, 0x7f, 0xd8, 0x20,
    0x10,

    /* U+5446 "呆" */
    0x0, 0x9f, 0xff, 0xff, 0x81, 0x20, 0x1f, 0xa6,
    0x7f, 0xc0, 0x60, 0x1f, 0x99, 0xbf, 0xc2, 0x1,
    0xff, 0xe5, 0xff, 0xff, 0x8, 0x7, 0xcb, 0x55,
    0xc0, 0x35, 0x5d, 0x20, 0x1e, 0x25, 0x5e, 0x14,
    0x55, 0xe3, 0x0, 0xff, 0xe6, 0x5f, 0xff, 0xc2,
    0xbf, 0xff, 0x40, 0x3, 0xa2, 0x39, 0x80, 0x34,
    0x47, 0xb0, 0x0, 0xae, 0xf9, 0x90, 0x80, 0x83,
    0x5d, 0xf9, 0x0, 0x3c, 0x58, 0x7e, 0x2f, 0x4b,
    0x60, 0x1f, 0xe4, 0xc3, 0xc2, 0x0, 0x2d, 0x26,
    0x98, 0x7, 0x86, 0x6c, 0xf0, 0x80, 0x32, 0xe1,
    0xe4, 0x88, 0x0, 0x63, 0x99, 0x74, 0x80, 0x3c,
    0x7e, 0x8d, 0xd2, 0x0, 0x53, 0xba, 0x0, 0xfe,
    0x1b, 0xb1, 0x88, 0xe, 0x61, 0x0, 0x3f, 0xf8,
    0x9, 0x90, 0x0,

    /* U+547D "命" */
    0x0, 0xfe, 0x4a, 0x0, 0xff, 0xe2, 0x9d, 0xa9,
    0x80, 0x7f, 0xf0, 0xd7, 0x4, 0xb4, 0xc0, 0x3f,
    0xf8, 0x31, 0x47, 0xfa, 0x58, 0xe0, 0x1f, 0xe4,
    0xd7, 0x6c, 0x10, 0xc6, 0x8d, 0x40, 0xf, 0x2e,
    0x59, 0xaf, 0xb3, 0x6f, 0x43, 0xbc, 0x61, 0x1,
    0xea, 0x28, 0xf5, 0x99, 0xf2, 0xf4, 0x14, 0xf8,
    0x8a, 0x2b, 0x9c, 0x7f, 0xfe, 0xe0, 0x7e, 0xaa,
    0x8, 0x33, 0xd3, 0x36, 0x40, 0x16, 0x6e, 0x96,
    0x40, 0x9, 0x55, 0x33, 0xb8, 0xa, 0x67, 0x9a,
    0xc0, 0x3d, 0xff, 0x18, 0x6, 0xcf, 0xf8, 0x40,
    0x3f, 0xfe, 0xfb, 0xb1, 0x80, 0x71, 0xb3, 0x4,
    0x3, 0xea, 0xaa, 0x38, 0x3, 0x34, 0xc8, 0xe8,
    0x3, 0xce, 0xf9, 0x0, 0x32, 0xff, 0xb0, 0x80,
    0x33, 0xf8, 0x7, 0xff, 0x60,

    /* U+54CD "响" */
    0x0, 0xff, 0x9a, 0x48, 0x3, 0xff, 0x87, 0x6c,
    0x40, 0x19, 0xbf, 0x76, 0x40, 0xc, 0x64, 0xe0,
    0x1d, 0xc0, 0x88, 0x21, 0x5, 0x5b, 0x3, 0xd5,
    0x69, 0x30, 0x29, 0x90, 0x80, 0x2a, 0xa0, 0x4,
    0x55, 0x4d, 0x0, 0x1f, 0xa7, 0xff, 0xe3, 0x0,
    0xff, 0xe8, 0xff, 0xec, 0x0, 0xff, 0xe0, 0x8,
    0x6e, 0xa4, 0x3, 0xff, 0x86, 0x45, 0x0, 0x7f,
    0xf7, 0x4b, 0xfc, 0x20, 0x1e, 0x22, 0x80, 0x3d,
    0x33, 0x38, 0x7, 0x6e, 0xa4, 0x3, 0x89, 0x9a,
    0x20, 0xe, 0xff, 0xb0, 0x2, 0x9f, 0x0, 0xf8,
    0x78, 0x3, 0xe1, 0x20, 0xf, 0xc2, 0x1, 0xff,
    0xc9, 0x46, 0x21, 0x0, 0xf8, 0x4c, 0x3, 0xb2,
    0x4f, 0x80,

    /* U+54E6 "哦" */
    0x0, 0xff, 0x11, 0x13, 0x40, 0x40, 0x22, 0x75,
    0x58, 0x0, 0x2d, 0x7b, 0xc4, 0x40, 0xc9, 0x0,
    0x5c, 0x55, 0x4f, 0x9d, 0x2b, 0x78, 0x60, 0xe,
    0x64, 0x0, 0x27, 0xe8, 0x1d, 0xe0, 0xca, 0x0,
    0x80, 0xd, 0xa8, 0x3, 0xca, 0xe6, 0x1, 0xfa,
    0x2c, 0x3, 0xff, 0x86, 0x20, 0x2a, 0x1, 0xea,
    0xff, 0xc, 0x7f, 0xac, 0x3b, 0xfe, 0x20, 0xe,
    0xe9, 0x90, 0x14, 0xc9, 0x81, 0xa6, 0x62, 0x0,
    0xe4, 0x66, 0xd, 0x33, 0x20, 0x29, 0xb0, 0xc0,
    0x3f, 0xf8, 0x22, 0xc, 0x6a, 0xc0, 0x1f, 0xc3,
    0x35, 0xa4, 0x7, 0x44, 0x60, 0x1e, 0x9c, 0xf0,
    0x10, 0xb3, 0x2c, 0x6b, 0x0, 0x93, 0xb0, 0x5,
    0xa4, 0x22, 0x98, 0x59, 0x49, 0x80, 0x35, 0xda,
    0xa6, 0x98, 0x40, 0x33, 0x4, 0x80, 0x64, 0x55,
    0x80, 0x3e, 0x12, 0x4, 0x8, 0x1b, 0x80, 0xf,
    0xf6, 0x80, 0xc, 0x11, 0x48, 0xc0, 0x3f, 0xac,
    0xf0, 0xa8, 0x9, 0x80, 0x38, 0xd5, 0x84, 0x58,
    0x96, 0x74, 0xd0, 0x24, 0x1, 0xcd, 0x52, 0x6f,
    0x18, 0x80, 0xea, 0xee, 0x0, 0xf2, 0xff, 0xb0,
    0x50, 0xc0, 0x2a, 0xf8, 0x0,

    /* U+5531 "唱" */
    0x0, 0xfa, 0x3f, 0xff, 0x48, 0x37, 0xf7, 0x5a,
    0x1, 0x66, 0x78, 0x3, 0xa6, 0x4a, 0x60, 0x1,
    0x33, 0xf0, 0x80, 0x67, 0x71, 0x80, 0x43, 0xff,
    0xe1, 0x0, 0xff, 0xb3, 0x3c, 0x1, 0xff, 0x9,
    0x9f, 0x84, 0x3, 0xfc, 0x3f, 0xfe, 0x10, 0xf,
    0xea, 0xbb, 0xfe, 0x0, 0xfc, 0x2e, 0xff, 0x84,
    0x40, 0x1e, 0x1c, 0xcf, 0xf2, 0x80, 0x8, 0x82,
    0x1, 0x57, 0x77, 0xac, 0x3, 0x6e, 0x98, 0x3,
    0x8, 0xf9, 0xc0, 0x35, 0xdd, 0xa0, 0xa, 0xff,
    0xf6, 0x0, 0x64, 0x48, 0xc0, 0xb, 0x55, 0xe7,
    0x0, 0x3e, 0x0, 0x7b, 0xd5, 0x7d, 0x60, 0x1,
    0x30, 0xf, 0x7a, 0xaf, 0xa8, 0x3, 0xfc, 0xb5,
    0x5e, 0x60, 0xf, 0xc3, 0xdf, 0xff, 0xc8,

    /* U+5566 "啦" */
    0x0, 0xff, 0xe7, 0x73, 0x0, 0x6e, 0x50, 0xe,
    0x21, 0x18, 0x3, 0xf2, 0xf0, 0x6, 0x9d, 0xee,
    0x78, 0x7, 0xec, 0x40, 0xe, 0x1b, 0x70, 0xf,
    0x12, 0xab, 0xd9, 0x56, 0x0, 0x22, 0x34, 0x2b,
    0xc6, 0x7d, 0x2a, 0x8e, 0xd5, 0x48, 0x0, 0xf7,
    0x48, 0x14, 0xb7, 0xff, 0xb4, 0x3, 0xc8, 0xc3,
    0x6c, 0x14, 0x80, 0x3, 0xf3, 0x0, 0xff, 0xe0,
    0xe, 0x0, 0x18, 0x8, 0x3, 0xfc, 0x20, 0x44,
    0x0, 0x10, 0x8, 0x7, 0xe1, 0x9e, 0x3e, 0x70,
    0x7, 0x10, 0x7, 0xcf, 0xa0, 0x9, 0x32, 0x20,
    0x0, 0x9c, 0x2, 0x62, 0x30, 0xc7, 0x9, 0x60,
    0x60, 0x10, 0x62, 0x0, 0x8f, 0x64, 0x2e, 0x84,
    0x2, 0x10, 0x20, 0x2e, 0x0, 0x86, 0xed, 0x40,
    0x1e, 0x20, 0x72, 0x5, 0x0, 0x91, 0x30, 0x7,
    0xe1, 0x70, 0x30, 0x4, 0x40, 0x3, 0xfc, 0xad,
    0xa4, 0x1, 0x9, 0x0, 0x7e, 0x66, 0x62, 0xb9,
    0x33, 0x4, 0x3, 0x8d, 0x44, 0x6, 0x67, 0x0,
    0x26, 0x44, 0x1, 0xc9, 0x46, 0xe3, 0xff, 0xf8,
    0xc0,

    /* U+5582 "喂" */
    0x0, 0xf8, 0x8c, 0xff, 0x80, 0x21, 0x1c, 0x0,
    0xcc, 0xff, 0x18, 0x37, 0x76, 0x60, 0x4, 0xff,
    0xa4, 0x7f, 0xd8, 0x1, 0xd5, 0x40, 0xf, 0xfe,
    0x2a, 0xa8, 0x40, 0x29, 0xff, 0x48, 0xff, 0xb0,
    0x3, 0xfe, 0x8d, 0xd3, 0x86, 0xea, 0x80, 0x3f,
    0xe1, 0x22, 0x70, 0x91, 0x18, 0x3, 0xfe, 0xbb,
    0xa4, 0x6e, 0xde, 0x1, 0xfe, 0x8a, 0xcc, 0x44,
    0x33, 0x17, 0x4, 0x1, 0xf9, 0x9d, 0xff, 0x84,
    0x3, 0xeb, 0xff, 0xff, 0x8c, 0x0, 0x44, 0x0,
    0x7a, 0x3, 0x4a, 0x84, 0x4c, 0xe2, 0x0, 0x6e,
    0x84, 0x13, 0x82, 0x9a, 0x84, 0x19, 0x9e, 0x42,
    0x0, 0xbb, 0x9c, 0x3, 0xcd, 0x27, 0xae, 0x1,
    0x91, 0x21, 0x0, 0xf4, 0x8e, 0x27, 0xa0, 0x3e,
    0x0, 0x7f, 0x86, 0x43, 0x4, 0x0, 0x26, 0x1,
    0xc4, 0x15, 0x3b, 0x2c, 0xca, 0x80, 0xf, 0xe8,
    0x6, 0x55, 0x50, 0x4b, 0xbb, 0x88, 0x3, 0xe7,
    0xaf, 0xc8, 0x30, 0x4, 0x64, 0x90,

    /* U+559C "喜" */
    0x0, 0xfe, 0x87, 0x0, 0xff, 0x9, 0x9f, 0xcf,
    0x26, 0x7f, 0x8, 0x1, 0xf3, 0x3e, 0x1, 0xcc,
    0xf9, 0x80, 0xd, 0xff, 0xf1, 0x27, 0xff, 0xce,
    0x1, 0xb7, 0x7c, 0x49, 0xbb, 0xe1, 0x0, 0xe9,
    0x9f, 0x5d, 0xa6, 0x7c, 0x20, 0x1c, 0x97, 0x7f,
    0xfc, 0x5, 0x0, 0xf0, 0x84, 0xf7, 0x7e, 0x90,
    0x30, 0xf, 0xfe, 0x70, 0x84, 0xf7, 0x7e, 0x90,
    0x30, 0xf, 0xbe, 0x43, 0x7f, 0xf6, 0x84, 0x78,
    0x80, 0x65, 0x5c, 0x0, 0xe5, 0x5d, 0xa0, 0x4a,
    0xb8, 0x1, 0x77, 0xa0, 0xa, 0xef, 0x8, 0x5d,
    0xf0, 0x3, 0xba, 0xcc, 0x6e, 0x67, 0xb7, 0x31,
    0xfd, 0xc0, 0xc, 0xdb, 0xbf, 0xfc, 0x9, 0x0,
    0xfd, 0xdf, 0xff, 0xc0, 0x1f, 0xe2, 0x2f, 0xf0,
    0x7, 0xfb, 0x37, 0x7f, 0x80, 0x3f, 0xdd, 0xff,
    0xfc, 0x1, 0xf9, 0xbc, 0x40, 0x3f, 0xbe, 0x0,
    0x20,

    /* U+559D "喝" */
    0x0, 0xfb, 0x7f, 0xff, 0x70, 0x3f, 0xf7, 0x4c,
    0x0, 0x6d, 0xdf, 0x30, 0x3, 0xc1, 0xdc, 0x22,
    0x0, 0xff, 0xe0, 0x94, 0xc8, 0x40, 0x26, 0xdd,
    0xf3, 0x0, 0x7f, 0x9f, 0xff, 0xce, 0x1, 0xfe,
    0x24, 0x4f, 0x10, 0x7, 0xf0, 0xad, 0x57, 0x90,
    0xc0, 0x3f, 0x68, 0x5f, 0x77, 0xb4, 0x3, 0xf5,
    0x85, 0x7f, 0xfd, 0xc0, 0x1e, 0x45, 0x7b, 0xb5,
    0x3d, 0xdc, 0x66, 0x3, 0x22, 0x7, 0x5b, 0x42,
    0x20, 0x8d, 0x12, 0x50, 0x0, 0xee, 0x87, 0xa1,
    0xd4, 0xa, 0x10, 0x80, 0x6, 0x20, 0xb, 0xb9,
    0x9c, 0x0, 0x79, 0x35, 0x8a, 0xc, 0xe0, 0x48,
    0x90, 0x80, 0x57, 0x66, 0x5c, 0x30, 0x12, 0x9f,
    0x0, 0xf5, 0x3d, 0x7f, 0xb6, 0x4c, 0x84, 0x44,
    0x1, 0xdf, 0xbb, 0xec, 0x50, 0xd0, 0xf, 0x84,
    0x8b, 0x93, 0x24, 0xd4, 0x3, 0xff, 0x82, 0xdf,
    0xec, 0x0,

    /* U+56DB "四" */
    0x1, 0x1f, 0xfe, 0x18, 0x3f, 0x77, 0xff, 0xf,
    0x0, 0x13, 0x33, 0x2, 0xcc, 0x80, 0xa6, 0x62,
    0x0, 0x9d, 0x99, 0x41, 0x2c, 0xc1, 0x56, 0x68,
    0x40, 0x3c, 0xe0, 0x1f, 0xfc, 0x41, 0x2, 0x0,
    0xff, 0xe1, 0x10, 0x8, 0x7, 0xff, 0xb, 0x48,
    0x3, 0xff, 0x86, 0x88, 0x0, 0xff, 0xe1, 0x38,
    0xd0, 0x4, 0x66, 0x55, 0x80, 0x39, 0x61, 0x4c,
    0x2, 0xb4, 0xaa, 0x58, 0x6, 0x6a, 0x4a, 0x0,
    0xcd, 0xff, 0x70, 0x6, 0x6b, 0xb0, 0x7, 0xff,
    0xd, 0x0, 0x3f, 0xe1, 0x0, 0xbb, 0xff, 0xff,
    0x80, 0x42, 0x0, 0x89, 0x9f, 0xfe, 0x0, 0x8,
    0x81, 0xd9, 0xbf, 0xf8, 0x2a,

    /* U+56DE "回" */
    0x8f, 0xff, 0xfe, 0x23, 0x0, 0x1d, 0xff, 0xf8,
    0x2c, 0x1, 0xa2, 0x3f, 0xf8, 0x34, 0x1, 0xff,
    0xcd, 0x55, 0xf8, 0xc0, 0x3f, 0x8a, 0xab, 0xf0,
    0x7, 0xfd, 0x7f, 0xf8, 0x40, 0x3f, 0xfe, 0xda,
    0xcd, 0x84, 0x3, 0xfc, 0x60, 0xd3, 0x38, 0x4,
    0x3, 0xf8, 0x7f, 0xfe, 0x80, 0xf, 0xfe, 0xff,
    0xff, 0xff, 0x7, 0x0, 0x34, 0x47, 0xff, 0x5,
    0x40, 0x33, 0xbf, 0xff, 0x6, 0x40, 0x0,

    /* U+56FE "图" */
    0x6f, 0xff, 0xfe, 0x23, 0x8, 0x4c, 0xff, 0xf0,
    0x60, 0x4, 0x0, 0xcd, 0x8a, 0x11, 0x9b, 0xe0,
    0xf, 0x8a, 0xc1, 0xd5, 0x68, 0x20, 0xf, 0xc5,
    0x80, 0x71, 0x15, 0xbd, 0x80, 0x7c, 0x98, 0x21,
    0xdb, 0xaf, 0x33, 0x48, 0x7, 0xd2, 0xfe, 0xf8,
    0xee, 0xd6, 0xc0, 0xf, 0xdb, 0x21, 0x9, 0x10,
    0x2b, 0x0, 0xff, 0x24, 0xfa, 0xbb, 0x8f, 0xe9,
    0x44, 0x3, 0x97, 0xed, 0x63, 0x62, 0x1d, 0x43,
    0x5c, 0x40, 0x19, 0x6b, 0xb0, 0xf7, 0xa9, 0x16,
    0xff, 0x48, 0x3, 0x94, 0x41, 0x3b, 0x4a, 0xa0,
    0x0, 0x40, 0x1f, 0x1e, 0x53, 0xba, 0x7a, 0x0,
    0x3f, 0xc5, 0x25, 0xb5, 0xdb, 0x2a, 0x1, 0xfc,
    0x2b, 0x15, 0xdb, 0x7, 0xc0, 0x1f, 0x33, 0x7c,
    0x87, 0x9a, 0xcd, 0x0, 0x69, 0x9f, 0xfe, 0xc,
    0x0, 0x6f, 0xff, 0xfe, 0xf, 0x0, 0x0,

    /* U+571F "土" */
    0x0, 0xfe, 0xa8, 0x0, 0xff, 0xe2, 0xa1, 0x80,
    0x7f, 0xff, 0xc0, 0x3f, 0xe4, 0x55, 0xf0, 0xa2,
    0xaf, 0x8c, 0x2, 0x8a, 0xaf, 0x0, 0x2a, 0xbd,
    0x20, 0x16, 0xf7, 0x78, 0xf, 0xbb, 0xd4, 0x1,
    0x8, 0xfe, 0x71, 0x1f, 0x0, 0x7f, 0xff, 0xc0,
    0x3f, 0xfb, 0xdf, 0xff, 0x85, 0x3f, 0xfe, 0xd0,
    0x77, 0xff, 0xe2, 0xd0,

    /* U+5728 "在" */
    0x0, 0xf8, 0x98, 0x40, 0x3f, 0xf8, 0x95, 0x26,
    0x1, 0xff, 0xc4, 0x53, 0x20, 0xf, 0xf2, 0x3b,
    0xeb, 0x22, 0x3b, 0xff, 0x83, 0x62, 0x32, 0x0,
    0xc4, 0x7f, 0x48, 0x4f, 0xfd, 0x80, 0xff, 0xfb,
    0x3b, 0xff, 0x70, 0x7, 0x78, 0xc0, 0x6, 0xc6,
    0x0, 0xfe, 0x83, 0x80, 0xf, 0xfe, 0x1a, 0x38,
    0x30, 0x7, 0xff, 0x8, 0x68, 0x20, 0xd, 0x56,
    0x60, 0xa5, 0x5c, 0x0, 0x2c, 0x10, 0x10, 0xba,
    0xaa, 0x40, 0xaa, 0xb0, 0x3, 0xe, 0xc0, 0x28,
    0xff, 0xb8, 0x1f, 0xff, 0x0, 0x2f, 0xd4, 0x3,
    0xe1, 0xf, 0x0, 0xf2, 0x88, 0x7, 0xff, 0xc4,
    0x47, 0x10, 0x78, 0x8f, 0x0, 0x79, 0x7b, 0xb6,
    0x83, 0xf7, 0x6f,

    /* U+58F0 "声" */
    0x0, 0xfe, 0x8c, 0x0, 0xff, 0x11, 0x7c, 0x66,
    0x22, 0xf8, 0x41, 0xb7, 0x7e, 0x40, 0xdd, 0xfc,
    0xf, 0x99, 0xf1, 0x86, 0x67, 0xdc, 0x2, 0x67,
    0xf2, 0x89, 0x9f, 0xc4, 0x0, 0x2d, 0xdf, 0x30,
    0xee, 0xfb, 0x0, 0x23, 0xaa, 0xf4, 0x42, 0xab,
    0xe0, 0x8, 0x54, 0x91, 0x3f, 0xf8, 0xe, 0x1,
    0xbe, 0xb3, 0x3f, 0xf8, 0x12, 0x1, 0xcb, 0xdd,
    0x94, 0x3b, 0xb8, 0x3, 0xe3, 0x11, 0xc6, 0x23,
    0xe0, 0xf, 0x10, 0x7, 0xff, 0x1d, 0xb3, 0x33,
    0xe, 0x67, 0x0, 0x71, 0x1, 0x22, 0x67, 0x72,
    0x27, 0x0, 0x72, 0x86, 0x44, 0x7f, 0xcf, 0x80,
    0x15, 0x18, 0x80, 0x7f, 0xd0, 0x80, 0x6, 0x29,
    0x0, 0xff, 0xe2, 0x41, 0xa8, 0x7, 0xff, 0x13,
    0x34, 0x3, 0xff, 0x88,

    /* U+58F3 "壳" */
    0x0, 0xfe, 0xb8, 0x0, 0xff, 0x84, 0x7e, 0x43,
    0x11, 0xf8, 0x2, 0xde, 0xef, 0x81, 0x3b, 0xbe,
    0xa0, 0x4, 0xdd, 0xfc, 0x0, 0xbb, 0xfa, 0x40,
    0x8, 0x9f, 0x85, 0x51, 0x3e, 0x30, 0x9, 0x37,
    0x7c, 0x2b, 0xbb, 0xe1, 0x0, 0xcd, 0x55, 0xe8,
    0x85, 0x57, 0x84, 0x3, 0x1b, 0x37, 0xff, 0x8,
    0x40, 0x26, 0xee, 0xff, 0xe2, 0x30, 0x6, 0xcc,
    0xff, 0xe0, 0xd8, 0x7, 0x8c, 0xe4, 0x70, 0xc,
    0xea, 0x46, 0xa0, 0x1f, 0x8a, 0x2f, 0x33, 0x5c,
    0xa0, 0x8, 0x6, 0x6f, 0x0, 0xd3, 0xbb, 0xac,
    0x3, 0x7b, 0x0, 0x78, 0x40, 0x8b, 0x98, 0x3,
    0xff, 0x81, 0x60, 0xa0, 0x1f, 0xe1, 0x0, 0xe7,
    0x73, 0x8, 0x7, 0xf1, 0xf0, 0x0, 0xe3, 0x61,
    0x64, 0x3, 0xec, 0x55, 0x50, 0x81, 0x63, 0xbb,
    0x28, 0x3, 0xc4, 0x8d, 0x54, 0x69, 0x2, 0xdf,
    0xa3, 0x0, 0xfd, 0x7f, 0xf9, 0xc0,

    /* U+5904 "处" */
    0x0, 0xce, 0xc0, 0x1e, 0x8b, 0x0, 0xff, 0x4e,
    0x80, 0x78, 0xd4, 0x3, 0xf8, 0x87, 0x0, 0x3f,
    0xf8, 0xae, 0x15, 0x57, 0x48, 0x7, 0xff, 0x7,
    0x0, 0x59, 0x82, 0xc0, 0x1f, 0xfc, 0x17, 0x4c,
    0xc9, 0x4, 0x2, 0x1a, 0x0, 0xf8, 0xc5, 0x80,
    0x25, 0x40, 0xc, 0xb4, 0x1, 0xea, 0x6, 0x0,
    0x8, 0xb4, 0x2, 0x1a, 0x58, 0x0, 0xc2, 0xc2,
    0x80, 0x4, 0x4, 0x0, 0xca, 0xee, 0x50, 0xa,
    0x83, 0x1, 0x43, 0x84, 0xc0, 0x3a, 0xe, 0x88,
    0x1, 0xb2, 0x4b, 0x22, 0x8e, 0x1, 0xf6, 0x82,
    0x80, 0x19, 0x81, 0xc7, 0x81, 0x60, 0x1f, 0xf,
    0x38, 0x7, 0x21, 0x11, 0x8, 0x3, 0xf0, 0x80,
    0x7c, 0x60, 0xc0, 0x1f, 0xfc, 0x48, 0x12, 0x25,
    0x88, 0x0, 0x40, 0x3f, 0xd0, 0xe9, 0xb2, 0x9c,
    0xe3, 0x5c, 0x1, 0xf0, 0xdb, 0xa5, 0x83, 0x61,
    0xc7, 0x6d, 0xd4, 0xc4, 0x42, 0x2f, 0x47, 0xb0,
    0x8, 0xf3, 0xe, 0xcc, 0x56, 0x77, 0x28, 0x8a,
    0xb2, 0x0, 0x3c, 0x71, 0x7b, 0xff, 0xb4, 0x0,

    /* U+590D "复" */
    0x0, 0xea, 0x70, 0xf, 0xfe, 0x2a, 0x29, 0x80,
    0x7f, 0xf1, 0x6, 0xc2, 0xff, 0xff, 0xe3, 0x0,
    0x87, 0x42, 0x6a, 0xbf, 0xf8, 0x4, 0x0, 0x1d,
    0x2c, 0x47, 0x7f, 0xf2, 0x28, 0x80, 0x20, 0xb2,
    0xb7, 0x7f, 0xf8, 0x0, 0x1a, 0x70, 0x80, 0x7f,
    0xff, 0x8c, 0x3, 0xc4, 0x0, 0x1f, 0xff, 0xe3,
    0x0, 0xfe, 0x1e, 0xef, 0xe3, 0x0, 0xfe, 0x15,
    0x5f, 0xe1, 0x0, 0xfd, 0xc5, 0x76, 0xa9, 0x9f,
    0x3, 0x0, 0x7c, 0xf8, 0x5, 0xf9, 0x9e, 0xfa,
    0x0, 0xf8, 0xb8, 0xb, 0xbb, 0xed, 0x30, 0xf,
    0x36, 0x80, 0x33, 0xbb, 0xa0, 0x18, 0xc0, 0x3a,
    0xa5, 0xfd, 0xf2, 0x44, 0x45, 0x51, 0x9, 0x0,
    0xf5, 0xec, 0x4, 0x5b, 0xff, 0xb0, 0x35, 0xc0,
    0x3e, 0x13, 0x33, 0x4c, 0x80, 0x32, 0xcb, 0xa9,
    0x88, 0x5, 0x9f, 0xd9, 0x2a, 0xab, 0xff, 0x75,
    0x95, 0x53, 0x3b, 0xc8, 0x2a, 0x6f, 0x7f, 0x21,
    0x0, 0x2, 0xb3, 0xbf, 0xb7, 0x62,

    /* U+5916 "外" */
    0x0, 0xc4, 0x80, 0x1e, 0x35, 0x0, 0xff, 0x55,
    0x80, 0x7a, 0x6c, 0x3, 0xfc, 0x88, 0x0, 0xff,
    0xe2, 0x89, 0xa7, 0xfe, 0x70, 0xf, 0xfe, 0x3,
    0x3, 0x44, 0x14, 0x3, 0xff, 0x85, 0x29, 0x2e,
    0xef, 0x3, 0x0, 0xff, 0x94, 0x7c, 0x2, 0xd0,
    0x50, 0x0, 0xd0, 0x80, 0x7a, 0x9, 0x0, 0x24,
    0x21, 0x0, 0x97, 0xc8, 0x3, 0x51, 0x56, 0x18,
    0x9, 0xa0, 0x4, 0x3a, 0x18, 0x60, 0x11, 0x32,
    0x8e, 0x33, 0x86, 0x80, 0x62, 0xc0, 0xc3, 0x0,
    0x44, 0x96, 0xac, 0xc8, 0x50, 0x3, 0x8b, 0x7,
    0x8, 0x3, 0xa8, 0x42, 0x0, 0x3e, 0x2d, 0x52,
    0x0, 0xf1, 0x8b, 0x0, 0x7e, 0x3a, 0x0, 0xf4,
    0x14, 0x0, 0x7f, 0xf1, 0x11, 0xd1, 0x80, 0x3f,
    0xf8, 0x6b, 0x63, 0x40, 0x1f, 0xfc, 0x37, 0xa1,
    0xc1, 0x0, 0xff, 0xe1, 0x5c, 0x16, 0x10, 0x7,
    0xff, 0xe, 0x1b, 0x48, 0x3, 0xff, 0x86,

    /* U+591A "多" */
    0x0, 0xf8, 0xf1, 0x40, 0x3f, 0xf8, 0x47, 0x82,
    0x82, 0x38, 0x3, 0xf9, 0x70, 0xb, 0xbb, 0xa8,
    0x3, 0xc3, 0x54, 0x4a, 0xbb, 0xc2, 0x12, 0x1,
    0x85, 0xf9, 0x2a, 0x8a, 0x89, 0x68, 0xc9, 0x80,
    0x64, 0x87, 0xef, 0xf2, 0x0, 0xdb, 0x4b, 0x0,
    0x72, 0xfc, 0x5, 0x3d, 0xff, 0x96, 0xd8, 0x3,
    0xfe, 0xf0, 0x3, 0xe7, 0xc0, 0x7, 0xe5, 0xaf,
    0x95, 0xd9, 0xe4, 0xb0, 0xe, 0x2d, 0xfa, 0x78,
    0xea, 0xd, 0x30, 0xcf, 0xfd, 0x24, 0x93, 0xba,
    0x71, 0x6d, 0x7, 0xaa, 0xc4, 0x18, 0x12, 0xc4,
    0x9, 0x92, 0xdb, 0xa, 0xb0, 0x92, 0x28, 0x4,
    0xdb, 0x61, 0x62, 0xe0, 0x12, 0x59, 0xd8, 0x7,
    0x35, 0xe2, 0x7c, 0x50, 0xc5, 0x9e, 0x80, 0x73,
    0x5a, 0x0, 0x1e, 0x97, 0x9d, 0xb0, 0x40, 0x3f,
    0x8a, 0x2c, 0x7, 0x24, 0x3, 0xc2, 0x6d, 0x3d,
    0xae, 0x97, 0xc6, 0x1, 0xc7, 0xfd, 0x92, 0x88,
    0xaf, 0xa4, 0x0, 0xf8, 0xde, 0x6f, 0xb6, 0x94,
    0x3, 0xfc,

    /* U+591C "夜" */
    0x0, 0xfc, 0x32, 0x80, 0x1f, 0xfc, 0x51, 0x49,
    0x0, 0xff, 0x2b, 0xbf, 0xc2, 0x56, 0xef, 0xe6,
    0x0, 0x7c, 0x47, 0xc6, 0x9, 0x11, 0xf0, 0x2,
    0xbf, 0xe8, 0x2e, 0xff, 0x89, 0xff, 0xfb, 0x80,
    0x3d, 0x2c, 0x20, 0x5, 0x2c, 0x0, 0xff, 0xa0,
    0x60, 0x2, 0xa0, 0xbf, 0xfe, 0x30, 0xc, 0x6e,
    0x6, 0x0, 0x90, 0x69, 0x9c, 0x40, 0x40, 0x1b,
    0x42, 0x0, 0x8, 0xcf, 0x9e, 0xcd, 0x9, 0x88,
    0x5, 0x42, 0x2, 0x5, 0x61, 0x6e, 0xeb, 0x3,
    0x34, 0x80, 0x52, 0xac, 0x0, 0x2c, 0x11, 0x41,
    0x62, 0xab, 0xc5, 0x40, 0x4, 0xcb, 0x0, 0x5,
    0xc, 0xa4, 0x52, 0xf0, 0x3b, 0x0, 0x8b, 0x68,
    0x2, 0x7f, 0x24, 0x5b, 0x13, 0xa4, 0x50, 0xc,
    0x40, 0x1c, 0x20, 0xb, 0xf, 0xc1, 0xa0, 0xf,
    0xfe, 0x10, 0xd8, 0x8a, 0x84, 0x3, 0xff, 0x84,
    0xd4, 0x0, 0xa3, 0x0, 0xff, 0xe0, 0x1e, 0x4a,
    0x76, 0x86, 0x50, 0x80, 0x7e, 0x4c, 0xc1, 0x4d,
    0x89, 0x73, 0x2f, 0x59, 0x0, 0x79, 0xc6, 0x39,
    0x80, 0x34, 0xea, 0xb9, 0x0, 0x43, 0xec, 0x7a,
    0xe0, 0x1f, 0x15, 0x60, 0x0,

    /* U+5927 "大" */
    0x0, 0xfe, 0x8b, 0x0, 0xff, 0xe3, 0x1a, 0x80,
    0x7f, 0xf1, 0xcc, 0x3, 0xff, 0x8c, 0xe2, 0x1,
    0xff, 0xc6, 0x27, 0x0, 0xff, 0xe3, 0x8, 0x80,
    0x3f, 0xd7, 0xff, 0xf0, 0x2f, 0xff, 0xdc, 0x0,
    0xe7, 0x7f, 0x18, 0x0, 0x9d, 0xfd, 0x20, 0x5,
    0x88, 0xf2, 0x0, 0x1a, 0x23, 0xce, 0x1, 0xfc,
    0xa4, 0xe8, 0x40, 0x1f, 0xfc, 0x23, 0x25, 0xa0,
    0xb0, 0xf, 0xfe, 0x14, 0x85, 0x12, 0xb1, 0x0,
    0x7f, 0xf0, 0x11, 0x58, 0x82, 0x2, 0x40, 0x3f,
    0xe1, 0xa1, 0x80, 0x1, 0x3a, 0x38, 0x7, 0xf0,
    0xe8, 0xd8, 0x80, 0x50, 0x70, 0xa0, 0x1f, 0x16,
    0x1c, 0xa8, 0x7, 0x68, 0xd4, 0x0, 0x73, 0xe9,
    0x4b, 0x0, 0x78, 0x7c, 0x9f, 0xc, 0x1, 0x70,
    0x78, 0xc0, 0x1f, 0x87, 0x58, 0xf8, 0x1, 0x54,
    0xc3, 0x0, 0xff, 0xa7, 0x3c, 0x0,

    /* U+5929 "天" */
    0x0, 0x3b, 0xff, 0xf0, 0xd8, 0x3, 0x44, 0x7f,
    0xf1, 0x0, 0x37, 0xff, 0xc0, 0x9f, 0xfe, 0xe0,
    0xf, 0xf8, 0x44, 0x1, 0xff, 0xda, 0x13, 0x0,
    0xff, 0xe2, 0x88, 0x7, 0xff, 0x2, 0x3f, 0xfd,
    0xc0, 0xdf, 0xff, 0x70, 0x2, 0xe2, 0x3c, 0x40,
    0x5, 0x88, 0xf8, 0x0, 0x6e, 0xfe, 0x60, 0x1,
    0xbb, 0xf9, 0x80, 0x3f, 0x12, 0x2b, 0xb1, 0x0,
    0x7f, 0xf0, 0xa4, 0x22, 0x46, 0x40, 0x3f, 0xf8,
    0x30, 0x8c, 0x43, 0x9, 0x0, 0x1f, 0xf3, 0xb8,
    0xe4, 0x0, 0xcc, 0x77, 0x0, 0x7e, 0x1a, 0x83,
    0xd0, 0xd, 0x2b, 0x14, 0x20, 0x1c, 0xfe, 0xad,
    0x82, 0x1, 0xd4, 0xcb, 0xf0, 0x20, 0xc, 0x83,
    0xb9, 0x0, 0xfd, 0x38, 0x4f, 0xc4, 0x1f, 0x7a,
    0x80, 0x1f, 0xe3, 0xcc, 0x51, 0x0,

    /* U+592A "太" */
    0x0, 0xfe, 0x9a, 0x0, 0xff, 0xe3, 0x2b, 0x0,
    0x7f, 0xf6, 0x85, 0xc0, 0x3f, 0xf8, 0xc4, 0x20,
    0x1f, 0xe5, 0x77, 0xf4, 0x2, 0xbb, 0xfe, 0x0,
    0x74, 0x47, 0x9c, 0x1, 0x11, 0xf4, 0x80, 0x2f,
    0xff, 0xd2, 0x0, 0x5f, 0xff, 0x70, 0x7, 0xf7,
    0x82, 0x20, 0x3, 0xff, 0x88, 0x87, 0xe2, 0xa0,
    0x1f, 0xfc, 0x23, 0x2b, 0x42, 0x90, 0xf, 0xfe,
    0x14, 0x3, 0x5, 0x9a, 0x80, 0x7f, 0xf0, 0x11,
    0xc, 0x20, 0xc5, 0x60, 0x1f, 0xf0, 0xd0, 0x68,
    0x5, 0x23, 0x40, 0x1f, 0xc3, 0x82, 0x16, 0xc0,
    0x4, 0x65, 0x80, 0xf, 0x8b, 0xa, 0x7d, 0x25,
    0xc0, 0x12, 0x6f, 0x40, 0x1c, 0xfa, 0x54, 0xc1,
    0x69, 0xe, 0x0, 0xc4, 0x5c, 0x40, 0x6, 0xc1,
    0xea, 0x80, 0x56, 0x74, 0x1, 0x5b, 0x9d, 0x90,
    0x7d, 0xe1, 0x0, 0x76, 0xe8, 0x3, 0x46, 0xd1,
    0x0,

    /* U+5931 "失" */
    0x0, 0xc9, 0x2, 0x0, 0xda, 0x0, 0xff, 0xe0,
    0xf3, 0x88, 0x0, 0xc4, 0x3, 0xff, 0x82, 0xaa,
    0x0, 0xff, 0xe2, 0xb0, 0x33, 0xbc, 0x28, 0xef,
    0xe1, 0x0, 0xe8, 0x3, 0x88, 0x80, 0x11, 0x1e,
    0x50, 0xc, 0xc3, 0x3f, 0xf8, 0x53, 0xff, 0xc8,
    0x1, 0x14, 0x9b, 0x0, 0x70, 0x80, 0x7f, 0x90,
    0x38, 0x3, 0x84, 0xc0, 0x3f, 0xcd, 0xe4, 0x1,
    0xe1, 0x0, 0xff, 0x77, 0xff, 0xc0, 0xff, 0xff,
    0x70, 0x1, 0x9d, 0xfc, 0x1, 0xb, 0xbf, 0x98,
    0x1, 0x11, 0xf1, 0x9, 0x94, 0x47, 0xc0, 0x1f,
    0x94, 0xa6, 0xd, 0x80, 0x3f, 0xf8, 0x25, 0x42,
    0xe8, 0x89, 0x30, 0xf, 0xf8, 0xf0, 0x34, 0x1,
    0x43, 0xa6, 0x1, 0xfd, 0x18, 0x16, 0x60, 0x1,
    0xc0, 0xc7, 0x0, 0xe1, 0x7e, 0x74, 0xf4, 0x0,
    0xc5, 0xe9, 0x1d, 0x4, 0x0, 0xc8, 0x2b, 0xb0,
    0x80, 0x78, 0x6e, 0xc4, 0xf8, 0x21, 0xfb, 0x88,
    0x1, 0xfe, 0x4c, 0xdd, 0x8,

    /* U+5934 "头" */
    0x0, 0xfe, 0x26, 0x0, 0xff, 0x33, 0x0, 0x32,
    0x48, 0x80, 0x7f, 0x64, 0xf3, 0x80, 0x4, 0x3,
    0xfe, 0xae, 0x78, 0xe1, 0x0, 0x8, 0x7, 0xf8,
    0x67, 0x58, 0x40, 0x3f, 0xd1, 0xac, 0x0, 0x28,
    0xf, 0x0, 0xfe, 0xb7, 0x9d, 0x50, 0xc, 0x20,
    0x1f, 0x8e, 0xb0, 0x69, 0x0, 0x4, 0x60, 0x1f,
    0xe3, 0xcb, 0x40, 0x3, 0x30, 0x3, 0xe6, 0x77,
    0xc6, 0xef, 0x1a, 0x3b, 0xf9, 0xae, 0x23, 0xf0,
    0x2, 0x23, 0xed, 0xff, 0xf9, 0x83, 0xff, 0xee,
    0x0, 0xf8, 0x59, 0x40, 0x3f, 0xf8, 0x74, 0x13,
    0xd6, 0x60, 0x1f, 0xf5, 0x24, 0x9d, 0x36, 0x50,
    0x80, 0x7c, 0x7a, 0xb0, 0xc0, 0x9b, 0x29, 0xec,
    0x1, 0x92, 0xf0, 0xed, 0xc0, 0x33, 0x7a, 0x4d,
    0x8b, 0xfd, 0xac, 0x72, 0x0, 0x78, 0x6a, 0x89,
    0xa, 0xf9, 0xce, 0x1, 0xfe, 0x5c, 0x90,

    /* U+5938 "夸" */
    0x0, 0xfc, 0xf2, 0x1, 0xff, 0xc6, 0x83, 0x0,
    0xff, 0x8d, 0x13, 0xb4, 0x35, 0x13, 0xf8, 0x1,
    0x37, 0x7c, 0x41, 0x17, 0x7f, 0xa8, 0x1, 0x5d,
    0xd6, 0x88, 0xbb, 0xb2, 0x86, 0x77, 0x60, 0x8,
    0x44, 0x1c, 0x38, 0x23, 0xa8, 0xf8, 0x4, 0x40,
    0x1c, 0x78, 0x6e, 0xc8, 0x9d, 0x47, 0xe6, 0x1,
    0xd1, 0x81, 0xad, 0x77, 0xe9, 0xa5, 0xc9, 0x10,
    0x6, 0xbb, 0x69, 0x77, 0xff, 0xc9, 0x72, 0xdc,
    0x81, 0x37, 0xa8, 0x9f, 0xfc, 0x2, 0xc8, 0x40,
    0x41, 0xbb, 0xff, 0xe1, 0x23, 0x80, 0x4b, 0xfe,
    0x90, 0xdf, 0xff, 0xe7, 0x0, 0xfa, 0x88, 0x80,
    0x1e, 0x10, 0xf, 0xe2, 0x32, 0xff, 0xfb, 0xb0,
    0x3, 0xf1, 0xd5, 0xe6, 0x7c, 0x8, 0x1, 0xf8,
    0x55, 0xc, 0xfc, 0xe1, 0x80, 0x1f, 0xfc, 0x1,
    0x54, 0x4a, 0x45, 0x0, 0x3f, 0xf8, 0x3, 0x77,
    0x82, 0x80, 0x3f, 0xf8, 0x5d, 0xff, 0x6a, 0x0,
    0x70,

    /* U+5947 "奇" */
    0x0, 0xfd, 0x18, 0x1, 0xff, 0xc4, 0x40, 0xf,
    0xf7, 0x7f, 0xf8, 0xcd, 0xff, 0xf0, 0x2, 0xe6,
    0x79, 0x0, 0xe6, 0x7e, 0x0, 0x2b, 0x36, 0x74,
    0x3, 0xc2, 0x66, 0xe0, 0xf, 0x2f, 0x8d, 0xc3,
    0xde, 0xb0, 0x7, 0x12, 0xcf, 0x52, 0xe2, 0x3e,
    0xe3, 0xcf, 0xc0, 0x80, 0x32, 0x95, 0xb6, 0xc8,
    0x2, 0x3a, 0xd6, 0x75, 0xa, 0x24, 0x73, 0x9b,
    0xbf, 0xa4, 0x93, 0xec, 0x1c, 0x3, 0xfe, 0x44,
    0x80, 0x15, 0x77, 0xff, 0xc1, 0xb, 0xb8, 0x1,
    0xbf, 0xff, 0x8, 0x7, 0xf1, 0x9a, 0xef, 0x40,
    0x18, 0x7, 0xf9, 0x13, 0x88, 0x3, 0xff, 0xa4,
    0xff, 0xfa, 0x80, 0x3f, 0xf8, 0x7, 0x77, 0xe2,
    0x0, 0xfe, 0x69, 0x44, 0xf2, 0xad, 0xa0, 0xe0,
    0x1a, 0x14, 0x3, 0xdd, 0x54, 0x75, 0x30, 0xf,
    0xfe, 0x5, 0xff, 0xba, 0x80, 0x20,

    /* U+5973 "女" */
    0x0, 0xfd, 0x78, 0x1, 0xff, 0xc4, 0x14, 0x60,
    0xf, 0xfe, 0x23, 0x87, 0x80, 0x7f, 0xf1, 0x34,
    0x14, 0x3, 0xff, 0x86, 0x48, 0xc0, 0x1f, 0xf6,
    0x7f, 0xed, 0x6, 0xff, 0xfe, 0xe0, 0xa6, 0x6c,
    0x0, 0x66, 0xe0, 0x2, 0xb3, 0x40, 0xd3, 0x36,
    0x4, 0xcf, 0x88, 0x95, 0x32, 0x80, 0xe, 0x81,
    0x60, 0xc, 0x44, 0x40, 0xf, 0xc8, 0x4c, 0x1,
    0xd4, 0x14, 0x1, 0xfa, 0xc2, 0x40, 0x30, 0xb1,
    0x18, 0x7, 0xc8, 0x0, 0xd6, 0x0, 0xa0, 0x60,
    0x3, 0xf2, 0x7c, 0x8c, 0xf4, 0x3b, 0x22, 0x80,
    0x7f, 0x9b, 0x71, 0x5e, 0x2, 0x0, 0x3f, 0xf8,
    0x24, 0x40, 0xb, 0x24, 0x40, 0x3f, 0x8a, 0x39,
    0x93, 0xb5, 0x1b, 0xa4, 0x40, 0x23, 0x69, 0xdd,
    0x39, 0xdd, 0x84, 0xae, 0xc6, 0xde, 0xc0, 0x9,
    0x93, 0x3, 0xee, 0x20, 0x6, 0x4c, 0x91, 0x93,
    0xb, 0xb7, 0xec, 0x10, 0x7, 0xe6, 0xeb, 0x30,

    /* U+597D "好" */
    0x0, 0x8e, 0x0, 0x3f, 0xf8, 0xd4, 0xe0, 0x18,
    0x55, 0x7e, 0x70, 0xe, 0x23, 0x0, 0xc9, 0x55,
    0xf4, 0x28, 0x6, 0x55, 0x0, 0x65, 0xee, 0xec,
    0x4, 0x50, 0x17, 0x91, 0x77, 0xac, 0x80, 0x47,
    0x7, 0x1d, 0x80, 0xe, 0x58, 0x6, 0x61, 0x1c,
    0x3, 0xe, 0x6, 0x80, 0x45, 0xd0, 0x1f, 0xda,
    0xc, 0x1, 0xb8, 0xb0, 0x40, 0x3b, 0x10, 0x0,
    0xc0, 0x60, 0x1c, 0xa2, 0x1, 0xe4, 0xc0, 0x1,
    0x89, 0x22, 0x60, 0x44, 0xe0, 0x1, 0x82, 0x0,
    0x31, 0x2e, 0xf8, 0x6, 0xef, 0x8, 0x40, 0x10,
    0x1, 0x32, 0x37, 0x70, 0x1e, 0xee, 0x10, 0x10,
    0xf3, 0x50, 0x71, 0x22, 0xc2, 0xc4, 0x58, 0x1,
    0x58, 0x19, 0x48, 0x20, 0x1f, 0xfc, 0x23, 0xf0,
    0xf, 0xfe, 0x38, 0x88, 0x11, 0xc0, 0x3f, 0xf8,
    0x74, 0x38, 0x90, 0xa0, 0x1f, 0xfc, 0x1a, 0x59,
    0x3b, 0x36, 0x0, 0xff, 0x8b, 0x56, 0x58, 0x1,
    0x86, 0x6, 0xcc, 0x13, 0x0, 0xe2, 0x6b, 0x60,
    0xf, 0x34, 0xc8, 0xa8, 0x3, 0xd6, 0x80, 0x1f,
    0x2f, 0xfb, 0x4c, 0x3, 0x80,

    /* U+5982 "如" */
    0x0, 0xcc, 0xc0, 0xf, 0xfe, 0x2d, 0xe0, 0x7,
    0xff, 0x14, 0xb4, 0x3, 0x13, 0x37, 0xc6, 0x1,
    0x10, 0x18, 0x6, 0x59, 0x9f, 0xac, 0x1d, 0xde,
    0x18, 0xee, 0xb3, 0x0, 0x7f, 0xf0, 0x5, 0x32,
    0x20, 0x69, 0x92, 0x20, 0x3, 0xfd, 0xdc, 0x25,
    0xee, 0x78, 0x10, 0x7, 0xfc, 0x25, 0x80, 0x5,
    0x6, 0x0, 0xff, 0x90, 0x10, 0x0, 0x60, 0x60,
    0x1f, 0xf6, 0x11, 0x0, 0x1a, 0x60, 0x1f, 0xfc,
    0x6, 0x30, 0x9, 0x50, 0x3, 0xff, 0x82, 0x34,
    0xc, 0x14, 0x1, 0xff, 0xc0, 0xf9, 0x5d, 0x93,
    0x20, 0xf, 0xfe, 0xb, 0x69, 0x3, 0x0, 0x7f,
    0xf0, 0xc4, 0x0, 0xae, 0x1, 0xff, 0xc1, 0x3d,
    0x2e, 0x48, 0x40, 0x7, 0xff, 0x0, 0x67, 0xc3,
    0xc1, 0xb7, 0x40, 0x4, 0x47, 0x0, 0x59, 0xb,
    0xa2, 0x0, 0x80, 0x9, 0xdf, 0x97, 0x43, 0xb2,
    0x80, 0x3c, 0xfe, 0x1, 0xd4, 0xa0,

    /* U+59CB "始" */
    0x0, 0x8d, 0x80, 0x3e, 0x45, 0x0, 0xfe, 0xaa,
    0x0, 0x7d, 0x30, 0x1, 0xfc, 0x4c, 0x1, 0xe5,
    0x28, 0x0, 0xfe, 0x5d, 0x0, 0xf4, 0x12, 0x82,
    0xa0, 0x4, 0x2f, 0x3, 0x6f, 0x4a, 0x0, 0x62,
    0xe0, 0x6, 0x50, 0x80, 0xe, 0x5c, 0xe, 0x57,
    0x80, 0x61, 0x4c, 0x1, 0x27, 0x40, 0x2, 0xe8,
    0x1f, 0xe3, 0x20, 0xa0, 0xb0, 0x8, 0x69, 0x18,
    0x2, 0xc4, 0x0, 0x17, 0x5a, 0xe, 0x77, 0xfb,
    0xa0, 0x24, 0x2, 0x5d, 0x0, 0x9, 0x28, 0x2a,
    0x4c, 0xaa, 0xf6, 0xc1, 0x80, 0xc5, 0x0, 0xc1,
    0xfb, 0xea, 0x5d, 0x95, 0x9, 0x2d, 0x82, 0x80,
    0xc1, 0x0, 0x81, 0x19, 0xbf, 0x80, 0x6, 0x18,
    0x36, 0x80, 0x8, 0x99, 0xfc, 0xe0, 0xa, 0xc2,
    0xe3, 0xe0, 0x9, 0x7f, 0xfb, 0x40, 0x38, 0xfc,
    0x3, 0xff, 0x95, 0x48, 0x1, 0xff, 0xc3, 0xb0,
    0xd3, 0xb0, 0xf, 0xfe, 0x14, 0x2d, 0x16, 0xc8,
    0x1, 0x59, 0xba, 0x80, 0x35, 0xbb, 0x94, 0x5,
    0x80, 0x29, 0x9e, 0x70, 0xc, 0x53, 0x0, 0x1e,
    0x5f, 0xfe, 0xd0, 0xd, 0x2c, 0x1, 0xec, 0xa0,
    0xe, 0x2f, 0x50,

    /* U+5B50 "子" */
    0x0, 0x3b, 0xff, 0xf0, 0x29, 0x40, 0x3a, 0x23,
    0xff, 0x80, 0xb4, 0x40, 0x1b, 0xff, 0xfd, 0x20,
    0xc, 0x20, 0xf, 0xfe, 0x0, 0xd4, 0xa7, 0x18,
    0x7, 0xff, 0x1, 0xf9, 0x66, 0xc4, 0x3, 0xff,
    0x81, 0xb0, 0xdc, 0xc0, 0x1f, 0xfc, 0x27, 0x9,
    0x10, 0xf, 0xfe, 0x20, 0x80, 0x7f, 0x77, 0xff,
    0xca, 0x3f, 0xff, 0x85, 0x9d, 0xfe, 0x0, 0x3b,
    0xfe, 0x8, 0x8f, 0xca, 0x31, 0x1f, 0x84, 0x3,
    0xff, 0xfe, 0x1, 0xff, 0xcc, 0x57, 0x7c, 0x60,
    0x1f, 0xfc, 0x28, 0x88, 0x20, 0x3, 0xff, 0x82,
    0xbf, 0xf6, 0xa8, 0x7, 0xf0,

    /* U+5B57 "字" */
    0x0, 0xf8, 0xe4, 0x40, 0x3f, 0xf8, 0x8d, 0x60,
    0x1f, 0x8e, 0x23, 0xd6, 0xb, 0x31, 0x1e, 0x35,
    0x77, 0xf8, 0x0, 0xce, 0xfe, 0x40, 0x7, 0x7f,
    0xff, 0xf0, 0x38, 0x3, 0xff, 0x90, 0x4a, 0x25,
    0xff, 0xfe, 0x51, 0x53, 0x4a, 0x3, 0x99, 0xf9,
    0x0, 0x8, 0x14, 0x80, 0x10, 0xb3, 0x73, 0xfa,
    0x37, 0x88, 0x7, 0xfd, 0x5c, 0x99, 0x20, 0x1f,
    0xfc, 0x15, 0xd, 0x30, 0xf, 0x67, 0xff, 0xc0,
    0xf, 0xff, 0x9e, 0x62, 0x3e, 0x0, 0x44, 0x7c,
    0x8a, 0xef, 0xf0, 0xab, 0xbf, 0xc6, 0x1, 0xff,
    0xef, 0x76, 0x71, 0x30, 0xf, 0xfe, 0xe, 0x4c,
    0x15, 0x0, 0x7f, 0xf0, 0x6f, 0xfd, 0xa6, 0x1,
    0xf8,

    /* U+5B58 "存" */
    0x0, 0xf9, 0x24, 0x40, 0x3f, 0xf8, 0xbe, 0xe2,
    0x1, 0xff, 0x9, 0x9f, 0x21, 0x19, 0xff, 0x10,
    0x2, 0x33, 0x38, 0xf, 0x33, 0xfc, 0x0, 0xbb,
    0xe0, 0x5, 0xdf, 0xfb, 0x40, 0x4, 0x89, 0x10,
    0x5a, 0x27, 0xf8, 0xc0, 0x3d, 0x6, 0x88, 0x66,
    0xfa, 0x48, 0x3, 0xd4, 0x3e, 0x1b, 0x33, 0xf3,
    0x40, 0x7, 0x32, 0xb1, 0x84, 0xff, 0xf4, 0x82,
    0xd0, 0x6, 0x39, 0xc, 0x0, 0xf1, 0x5c, 0xca,
    0x80, 0x32, 0x60, 0x7, 0xf6, 0x26, 0xb0, 0x6,
    0x1b, 0x2b, 0x0, 0xa, 0xaf, 0x8, 0x3a, 0xae,
    0x1, 0xad, 0x60, 0x2, 0xd5, 0x70, 0x2, 0xab,
    0x88, 0x14, 0x3, 0x27, 0x77, 0x18, 0x77, 0x71,
    0x0, 0x7c, 0x23, 0xce, 0x42, 0x3c, 0x1, 0xff,
    0xe6, 0x55, 0x98, 0x3, 0xff, 0x89, 0xd5, 0x43,
    0xb0, 0xf, 0xe2, 0xf5, 0x0, 0xaf, 0xfd, 0xcc,
    0x1, 0xe0,

    /* U+5B66 "学" */
    0x0, 0xa, 0x0, 0x49, 0x60, 0x1c, 0x8a, 0x1,
    0x9a, 0xcc, 0x0, 0xc9, 0x0, 0x1a, 0xa4, 0x3,
    0x39, 0xe8, 0x0, 0x99, 0xc4, 0x1, 0x23, 0xc0,
    0x2, 0x66, 0x28, 0xbb, 0x30, 0x44, 0xcc, 0xb6,
    0x44, 0x31, 0xa4, 0xc9, 0x82, 0x26, 0x4e, 0x31,
    0x28, 0x9, 0x32, 0xa0, 0x7, 0xff, 0xff, 0x8,
    0x3, 0xff, 0x86, 0x20, 0x19, 0x58, 0x1f, 0xff,
    0xfb, 0x94, 0x1f, 0xe, 0x41, 0xae, 0xfd, 0x42,
    0x8, 0xa1, 0xa, 0x1, 0xa, 0x26, 0x5c, 0xa2,
    0xcb, 0x0, 0xff, 0xe0, 0x73, 0xde, 0x18, 0x7,
    0x33, 0xbf, 0xc0, 0x3, 0x77, 0xf2, 0xc4, 0x7e,
    0x0, 0x44, 0x7d, 0xdc, 0xff, 0xf8, 0x5b, 0xff,
    0xeb, 0x0, 0xff, 0xee, 0x1a, 0xa9, 0x84, 0x3,
    0xff, 0x85, 0x54, 0x93, 0xa0, 0xf, 0xfe, 0x1,
    0xff, 0xd8, 0x60, 0x1f, 0x80,

    /* U+5B75 "孵" */
    0x0, 0x8e, 0x44, 0x3, 0xf8, 0x96, 0x0, 0x28,
    0xc2, 0x32, 0x21, 0x8a, 0xc5, 0x67, 0xed, 0x19,
    0x13, 0xd6, 0xad, 0xb7, 0x59, 0x46, 0x44, 0xbb,
    0x6f, 0xc9, 0x8, 0x6a, 0x30, 0x1f, 0x29, 0x3e,
    0x40, 0x11, 0x17, 0x0, 0x2, 0x7, 0x0, 0x1,
    0x20, 0x19, 0x30, 0xc0, 0xf7, 0x0, 0xff, 0xe0,
    0x3c, 0xa2, 0x1, 0x74, 0x2, 0xb1, 0x0, 0x1d,
    0x0, 0x56, 0xe4, 0xe8, 0x48, 0x1, 0xa, 0x80,
    0xd, 0xc0, 0x26, 0x84, 0xc1, 0xa0, 0xd, 0x9e,
    0x1, 0x3a, 0x0, 0x2e, 0xf5, 0x43, 0x0, 0x44,
    0x60, 0x16, 0x8, 0x3, 0xba, 0xd0, 0x66, 0x0,
    0x49, 0x26, 0x0, 0x65, 0x0, 0xcd, 0x91, 0x20,
    0x1c, 0x80, 0x1f, 0xc2, 0xe, 0x1, 0x38, 0xdc,
    0x8, 0x7, 0x46, 0x62, 0x3, 0x32, 0x4a, 0x3,
    0x54, 0x0, 0x29, 0x86, 0xa2, 0x0, 0x8, 0x93,
    0x57, 0x43, 0xe0, 0x3, 0x1e, 0x96, 0x22, 0x18,
    0x88, 0x90, 0x50, 0xd0, 0x1, 0x38, 0x60, 0x1f,
    0xf4, 0x48, 0x7, 0xff, 0x12, 0x41, 0xc0, 0x3e,
    0x45, 0xc0, 0xe, 0x34, 0xd0, 0xf, 0xc7, 0x6d,
    0x20, 0x18, 0xf4, 0x40, 0x9, 0x80, 0x19, 0xfb,
    0x5c, 0x3, 0x0,

    /* U+5B83 "它" */
    0x0, 0xf9, 0x30, 0x40, 0x3f, 0xf8, 0x6c, 0x70,
    0x1, 0xfc, 0x23, 0xe3, 0x46, 0x11, 0xf8, 0x1b,
    0xbb, 0xe4, 0xe, 0xef, 0x84, 0x1, 0x35, 0x5f,
    0xfc, 0x5, 0x0, 0xce, 0xab, 0xff, 0xc0, 0xd0,
    0xe, 0x6a, 0x0, 0xff, 0xe0, 0xb7, 0xe, 0x28,
    0x7, 0xe1, 0x7, 0xe1, 0x1, 0x0, 0xfe, 0x5c,
    0xe3, 0x1, 0x0, 0xfe, 0x49, 0xea, 0x19, 0x30,
    0xf, 0xcb, 0x5d, 0x68, 0xd9, 0xac, 0x1, 0xfd,
    0x4d, 0x3b, 0xa8, 0x30, 0xf, 0xfb, 0xf1, 0xc8,
    0x3, 0xff, 0x98, 0x82, 0x1, 0xff, 0xc4, 0x9a,
    0x0, 0xc6, 0x1, 0xfe, 0x12, 0x20, 0x6, 0xe0,
    0xb8, 0x77, 0xf4, 0x68, 0x68, 0x6, 0x76, 0x57,
    0x88, 0xf3, 0x94, 0x20, 0x0,

    /* U+5B88 "守" */
    0x0, 0xf8, 0xf0, 0xc0, 0x3f, 0xf8, 0x66, 0x50,
    0x1, 0xf8, 0x99, 0xbe, 0x4, 0x76, 0x6f, 0x2,
    0xcc, 0xfc, 0x21, 0x13, 0x3e, 0x10, 0x7, 0x7f,
    0xff, 0xf0, 0x1c, 0x3, 0xff, 0x83, 0x90, 0x1,
    0xc6, 0xc2, 0x1, 0xf8, 0x84, 0x1, 0x8c, 0x29,
    0x20, 0x1f, 0xfc, 0x14, 0x90, 0xff, 0xff, 0x85,
    0xbf, 0xf6, 0x4c, 0x47, 0xf8, 0x1, 0x11, 0xa5,
    0x9d, 0xc4, 0xef, 0xf0, 0xb3, 0xbe, 0x50, 0x1,
    0x5e, 0x0, 0x7f, 0xf0, 0xcb, 0x4e, 0x80, 0x3f,
    0xf8, 0x67, 0x4a, 0xe0, 0x1f, 0xfc, 0x35, 0x56,
    0x80, 0x7f, 0xf1, 0x2a, 0x80, 0x1f, 0xfc, 0x64,
    0x77, 0x84, 0x3, 0xff, 0x82, 0x31, 0x11, 0xd8,
    0x7, 0xff, 0x1, 0x7f, 0xec, 0x20, 0xe,

    /* U+5B89 "安" */
    0x0, 0xf8, 0xe8, 0xc0, 0x3f, 0xf8, 0x64, 0xb0,
    0x1, 0xfc, 0xce, 0xfc, 0xc0, 0x92, 0xef, 0xe2,
    0x8, 0x8f, 0x80, 0xd, 0x11, 0xe4, 0x0, 0x37,
    0xfe, 0xef, 0xff, 0xb0, 0x3, 0xfa, 0xbc, 0x40,
    0x3f, 0x9b, 0x0, 0x22, 0x46, 0x10, 0xe, 0x26,
    0x50, 0x85, 0x0, 0xa0, 0x20, 0x3, 0xc3, 0x26,
    0xdf, 0xfc, 0xa1, 0xdf, 0xff, 0xb9, 0x22, 0x30,
    0x2, 0x23, 0x80, 0x11, 0x18, 0x9d, 0xe0, 0x5,
    0x3b, 0xe5, 0x7, 0x7c, 0xc0, 0x12, 0x42, 0x28,
    0x6, 0x90, 0x90, 0xf, 0xac, 0x12, 0xd4, 0x0,
    0xe9, 0x22, 0x1, 0xf7, 0xf4, 0x3d, 0x7f, 0xa1,
    0x58, 0x3, 0xf8, 0x5f, 0x2c, 0x2, 0x76, 0x0,
    0xff, 0xc, 0x58, 0x3c, 0x1c, 0xf3, 0x80, 0x71,
    0xb5, 0xf3, 0xaf, 0x43, 0xf4, 0x9c, 0x73, 0x0,
    0x33, 0x12, 0xd1, 0xd4, 0x20, 0x13, 0x6c, 0x84,
    0x90, 0x75, 0x76, 0xb8, 0x80, 0x7c, 0xdf, 0x84,

    /* U+5B8C "完" */
    0x0, 0xfc, 0xf8, 0x1, 0xff, 0xc6, 0x23, 0x70,
    0xf, 0xf1, 0xbb, 0xf8, 0x82, 0x1d, 0xfe, 0x0,
    0x96, 0x23, 0xe0, 0x4, 0x47, 0xc2, 0x1, 0xbb,
    0xff, 0xff, 0x81, 0x0, 0x1f, 0xfc, 0xfb, 0xff,
    0xff, 0x10, 0x7, 0x37, 0x8f, 0xcc, 0xff, 0x89,
    0xfc, 0x40, 0x39, 0x19, 0xbf, 0xc0, 0x1e, 0x56,
    0x6f, 0xfe, 0x22, 0x80, 0x2e, 0x67, 0xff, 0x89,
    0x0, 0xe, 0xff, 0xc4, 0x9f, 0xf2, 0x1f, 0xff,
    0x68, 0x7, 0xc4, 0x40, 0xf, 0xfe, 0x29, 0x7,
    0x80, 0x7f, 0xf1, 0x6c, 0x1c, 0x3, 0xf9, 0xe4,
    0x3, 0x99, 0xa1, 0x0, 0xfe, 0xe6, 0x0, 0x96,
    0xe5, 0x24, 0x3, 0x9, 0x33, 0x64, 0x20, 0x6,
    0x53, 0xd5, 0x80, 0x77, 0x4, 0xce, 0x38, 0x0,
    0x77, 0x31, 0x40, 0x3c, 0x9d, 0xff, 0xb9, 0x40,

    /* U+5B9A "定" */
    0x0, 0xfc, 0x76, 0x60, 0x1f, 0xfc, 0x52, 0x48,
    0x0, 0xff, 0x13, 0xbf, 0x98, 0x12, 0x1d, 0xfc,
    0x60, 0x7, 0x88, 0xf8, 0x0, 0xf1, 0x1e, 0x40,
    0xd, 0xbf, 0xff, 0xfc, 0xe, 0x0, 0xff, 0xe6,
    0x89, 0xbd, 0x57, 0xfa, 0x40, 0x44, 0x0, 0x5e,
    0x1e, 0x77, 0xca, 0xa7, 0x7c, 0x43, 0xcc, 0x1,
    0xd3, 0xbb, 0x8c, 0xdb, 0xba, 0xc0, 0x3f, 0x2b,
    0x80, 0x7f, 0xf1, 0xba, 0x80, 0x3f, 0xf8, 0xca,
    0xe0, 0x18, 0xff, 0xfa, 0xc0, 0x3c, 0x42, 0xa0,
    0x1d, 0x11, 0xdc, 0x1, 0xea, 0x0, 0x18, 0x4,
    0x6e, 0xfc, 0xa0, 0x1e, 0x64, 0x46, 0x90, 0x7,
    0xff, 0xa, 0x6, 0x28, 0xf5, 0xc4, 0x3, 0xfe,
    0x67, 0x63, 0x1c, 0x58, 0x23, 0xa9, 0x88, 0xf0,
    0x8a, 0xd2, 0x40, 0x3, 0x5a, 0xe8, 0xef, 0xf3,
    0x8, 0xb2, 0xc0, 0x38, 0xa2, 0xf7, 0xbf, 0xfb,
    0x80,

    /* U+5B9C "宜" */
    0x0, 0xfc, 0x98, 0x40, 0x1f, 0xfc, 0x45, 0x3b,
    0x0, 0xfe, 0x27, 0x7f, 0x30, 0x3b, 0xfe, 0x30,
    0x78, 0x8f, 0x80, 0x62, 0x3e, 0x40, 0xb, 0x7f,
    0xff, 0xf8, 0x1c, 0x1, 0xff, 0xca, 0x13, 0x32,
    0x7f, 0xff, 0x58, 0x9, 0x90, 0x26, 0x8, 0x2,
    0x6a, 0xbc, 0x40, 0x16, 0x28, 0x7, 0x91, 0x57,
    0xc2, 0x1, 0xff, 0x2a, 0xfc, 0x6e, 0x1, 0xfe,
    0x8a, 0xaf, 0x1, 0x0, 0x7f, 0xb7, 0xff, 0xc6,
    0xa0, 0x1f, 0xfd, 0x1d, 0xff, 0xf1, 0xa8, 0x7,
    0xfa, 0x2e, 0xfc, 0x4, 0x1, 0xfe, 0x54, 0x4f,
    0x1b, 0x80, 0x70, 0x8c, 0x40, 0xc2, 0x3f, 0x30,
    0x8c, 0x3, 0xdd, 0x48, 0x5f, 0x77, 0x88, 0x9d,
    0xd5, 0x0,

    /* U+5B9E "实" */
    0x0, 0xfd, 0x2e, 0x1, 0xff, 0xc4, 0x28, 0x10,
    0xf, 0xcc, 0xef, 0xe1, 0xf, 0x77, 0xf1, 0x84,
    0xc4, 0x79, 0x40, 0x62, 0x3c, 0x80, 0x7, 0xff,
    0xf7, 0x73, 0xff, 0x70, 0x7, 0xaa, 0xc4, 0x1,
    0x5a, 0x1, 0xf9, 0xb4, 0x25, 0xbd, 0x1, 0xc0,
    0x38, 0x54, 0xc2, 0x54, 0xf, 0x17, 0x40, 0x5c,
    0x3, 0xa9, 0x0, 0xf, 0x22, 0x2b, 0x90, 0x32,
    0x0, 0xfe, 0x27, 0xf4, 0x0, 0x84, 0x40, 0x1f,
    0xcb, 0xeb, 0x0, 0x3, 0xd, 0x0, 0xfc, 0x44,
    0x39, 0xf2, 0x25, 0x0, 0x91, 0x78, 0x57, 0x77,
    0x66, 0xe9, 0x82, 0xf7, 0x7d, 0xe9, 0x99, 0xe6,
    0x6, 0xbc, 0xcf, 0x84, 0xcf, 0x9d, 0x8e, 0x63,
    0x6c, 0x8c, 0xe2, 0x0, 0xe7, 0xb2, 0xd0, 0xd6,
    0x67, 0x48, 0x80, 0x63, 0x8e, 0x85, 0xc1, 0x1,
    0x8e, 0x87, 0xe8, 0x0, 0x66, 0x1d, 0x32, 0x84,
    0x3, 0x9f, 0x9d, 0xd2, 0x1f, 0x5f, 0x46, 0x1,
    0xfd, 0x19, 0x20,

    /* U+5BA0 "宠" */
    0x0, 0xff, 0xe8, 0x1f, 0xb0, 0x7, 0xff, 0x14,
    0xcd, 0x0, 0x1f, 0xf7, 0x77, 0xc6, 0x3f, 0xdd,
    0xe7, 0x0, 0x85, 0x66, 0x7a, 0x22, 0x99, 0xe1,
    0xf0, 0xd, 0x8e, 0xf7, 0xe3, 0xb8, 0xbd, 0x9d,
    0xcc, 0x1, 0xc2, 0x20, 0x8, 0xdc, 0x2, 0x5e,
    0x80, 0x0, 0xf8, 0x5, 0xcc, 0x1, 0x33, 0x0,
    0xb, 0xb0, 0xc4, 0x3c, 0xe0, 0x14, 0x46, 0x92,
    0x58, 0x8d, 0xef, 0x51, 0x5, 0x0, 0x91, 0x33,
    0x0, 0x11, 0xde, 0x45, 0x44, 0x88, 0x2, 0xcc,
    0xd0, 0x1d, 0x96, 0x19, 0x9e, 0x70, 0xf, 0xac,
    0x84, 0x3, 0x87, 0x68, 0x3, 0xf1, 0x1d, 0x0,
    0x71, 0x61, 0xc0, 0x7, 0xeb, 0x6, 0x0, 0xd3,
    0xa3, 0xe4, 0x1, 0xf1, 0xb3, 0x88, 0x0, 0xc1,
    0x5f, 0x4, 0x3, 0xe2, 0xd1, 0x80, 0x19, 0x80,
    0x98, 0x0, 0x88, 0xc0, 0x23, 0xc0, 0xc2, 0xae,
    0x74, 0x5, 0x0, 0xc9, 0x80, 0x9, 0xc0, 0xd2,
    0x36, 0x8e, 0x80, 0xa6, 0x6d, 0x46, 0x0, 0xf5,
    0xf3, 0x1, 0xc7, 0x3, 0x56, 0x99, 0xc5, 0x0,
    0x6, 0xa1, 0x0, 0xfa, 0xbf, 0xfb, 0x90, 0x0,

    /* U+5BA2 "客" */
    0x0, 0xfc, 0x5a, 0xc0, 0x1f, 0xfc, 0x52, 0x18,
    0x0, 0xff, 0x3f, 0xff, 0xc6, 0x3f, 0xff, 0x38,
    0x6, 0x99, 0xce, 0xe9, 0x9f, 0xc0, 0x1e, 0x66,
    0x91, 0xcd, 0x9b, 0xe7, 0x0, 0xc4, 0x60, 0x2,
    0xd0, 0x4f, 0xff, 0x18, 0x99, 0x0, 0x17, 0x1,
    0x74, 0x1f, 0x33, 0x58, 0x0, 0x83, 0x14, 0x2,
    0x2a, 0xa2, 0x13, 0x1, 0x98, 0xa4, 0x30, 0x40,
    0x3d, 0xc9, 0x57, 0x85, 0x8e, 0xbe, 0x78, 0x60,
    0x1f, 0x6f, 0x28, 0xe, 0x1c, 0x50, 0xf9, 0x80,
    0x7e, 0x10, 0x9, 0x6c, 0xc0, 0x2c, 0x72, 0x0,
    0xfc, 0x91, 0xd4, 0xd3, 0xfe, 0xa1, 0x8d, 0xd4,
    0xa9, 0x80, 0xe7, 0xdb, 0x8b, 0x41, 0xaa, 0x82,
    0x5c, 0x88, 0xd5, 0xc0, 0x29, 0x19, 0x0, 0xf7,
    0x7e, 0x62, 0x6f, 0xcf, 0x0, 0x43, 0x98, 0x3,
    0xbb, 0xf0, 0x80, 0xc, 0x80, 0x3f, 0xf9, 0xea,
    0xbf, 0x84, 0x3, 0xfe, 0xaa, 0xfc, 0x1, 0xff,
    0xc0, 0xff, 0xfc, 0x20, 0x1f, 0xcf, 0xe0, 0x1f,
    0xba, 0x40, 0x30,

    /* U+5BB6 "家" */
    0x0, 0xf9, 0x70, 0x80, 0x3f, 0xf8, 0x8e, 0x70,
    0x1, 0xfc, 0xbf, 0xfe, 0xd0, 0x5f, 0xff, 0x9c,
    0x2, 0x8a, 0xaf, 0xfe, 0x4, 0x80, 0x72, 0xaf,
    0xff, 0x5, 0xc0, 0x3d, 0xbf, 0xff, 0xea, 0x0,
    0xcb, 0xa5, 0x13, 0x32, 0x0, 0x26, 0x77, 0xe,
    0xb8, 0x0, 0x81, 0x58, 0xa9, 0x17, 0xd9, 0xb1,
    0x98, 0x80, 0x30, 0xb6, 0xdb, 0x1a, 0x8, 0x5,
    0x31, 0x20, 0x11, 0x67, 0x4a, 0x6d, 0x70, 0xd8,
    0x16, 0x34, 0x50, 0x4, 0x49, 0x5f, 0x24, 0xfa,
    0xb, 0x1a, 0x78, 0xe0, 0x1d, 0xa, 0xd, 0xd3,
    0x5e, 0xe, 0x40, 0x1f, 0x92, 0x7e, 0x27, 0x95,
    0x0, 0x1a, 0x52, 0x1, 0xc5, 0x69, 0x3c, 0xe1,
    0x36, 0x1, 0x5a, 0xa0, 0x6, 0x2d, 0xd3, 0x2,
    0xf3, 0xdc, 0x0, 0x18, 0xe8, 0x80, 0x31, 0x3,
    0x6d, 0x3f, 0x27, 0x0, 0x5c, 0x18, 0x40, 0x4,
    0xaf, 0x97, 0xd9, 0x0, 0x21, 0x80, 0xb, 0x43,
    0x5c, 0x5, 0x1f, 0x68, 0x15, 0x54, 0x52, 0x1,
    0x1e, 0x25, 0x82, 0xf4, 0x10, 0x1d, 0x51, 0x21,
    0x40, 0x31, 0x5e, 0x0, 0x78, 0x7f, 0xdc, 0xe0,
    0x1f, 0xc0,

    /* U+5BB9 "容" */
    0x0, 0xfc, 0x58, 0xc0, 0x1f, 0xfc, 0x52, 0x8,
    0x0, 0xff, 0x2f, 0xff, 0xc6, 0x3f, 0xff, 0x38,
    0x6, 0x89, 0x9f, 0xfe, 0x4, 0x0, 0x79, 0x59,
    0x80, 0x6c, 0xd8, 0xd1, 0x9a, 0x0, 0xcc, 0x86,
    0xf, 0x26, 0x1, 0xbb, 0x5c, 0x5, 0x8, 0x0,
    0x76, 0x33, 0x10, 0x60, 0x5a, 0xb, 0x98, 0xc2,
    0xb5, 0x0, 0x93, 0x5a, 0x5c, 0xe, 0x94, 0xc1,
    0xb4, 0x75, 0x0, 0x34, 0x6, 0x30, 0x1e, 0x99,
    0xb4, 0xc0, 0xb1, 0x20, 0x3, 0x6e, 0x8c, 0x13,
    0xb, 0x71, 0x31, 0x80, 0x6f, 0x0, 0x30, 0x80,
    0x22, 0xd3, 0x4, 0x2a, 0x26, 0xc8, 0x3, 0xe5,
    0xe7, 0x6a, 0x11, 0xcd, 0x69, 0xb2, 0x40, 0x12,
    0xe5, 0x8, 0x37, 0x77, 0xac, 0x0, 0xfb, 0x62,
    0x12, 0x14, 0xc3, 0x99, 0xf8, 0x57, 0x9c, 0xc4,
    0x33, 0xa, 0x6, 0x7f, 0xc0, 0x14, 0x40, 0x3,
    0xff, 0x9c, 0x4c, 0xdf, 0x84, 0x3, 0xfe, 0x99,
    0xfc, 0x1, 0xff, 0x17, 0xff, 0xe1, 0x0, 0xfe,
    0x9c, 0x0, 0xfd, 0xd4, 0x1, 0x80,

    /* U+5BC6 "密" */
    0x0, 0xfc, 0x5c, 0xa0, 0x1f, 0xe1, 0x1f, 0x18,
    0xf0, 0x8f, 0xc0, 0x7, 0xee, 0xf8, 0x13, 0xbb,
    0xe4, 0x0, 0xae, 0xf4, 0x4d, 0xdf, 0xd0, 0x1,
    0xc8, 0x9b, 0xa7, 0x11, 0x2c, 0x4, 0x40, 0x4,
    0x24, 0x1, 0x2d, 0xe2, 0xe0, 0x53, 0x80, 0x44,
    0xe0, 0xdb, 0x50, 0x14, 0x87, 0x95, 0x6b, 0x61,
    0x85, 0xa6, 0x0, 0x45, 0xc0, 0xc, 0x90, 0xda,
    0x8a, 0x1e, 0x40, 0x2, 0xa5, 0x40, 0x6, 0x62,
    0x9f, 0x8, 0x99, 0xa5, 0xe2, 0x12, 0x54, 0xa,
    0xa, 0x19, 0x22, 0x8, 0x43, 0xa7, 0x61, 0x73,
    0x2f, 0xa0, 0x1, 0xe7, 0xfd, 0x2c, 0x3, 0x94,
    0x1d, 0x4e, 0xed, 0xfc, 0xbb, 0xec, 0x90, 0x1,
    0x0, 0x37, 0x3a, 0x8, 0xd, 0x2b, 0x51, 0x6,
    0x2, 0x20, 0x8, 0xcd, 0x74, 0x1, 0xfe, 0xda,
    0x0, 0xe7, 0x10, 0xf, 0xfe, 0xca, 0xe6, 0x61,
    0x6c, 0xcc, 0x6e, 0x1, 0xc8, 0x86, 0x6c, 0xaa,
    0x66, 0xc0, 0xe0, 0x1d, 0x15, 0x5f, 0xf1, 0x80,
    0x40,

    /* U+5BF9 "对" */
    0x0, 0xff, 0xe1, 0xdb, 0x80, 0x7f, 0xf1, 0x57,
    0x80, 0x21, 0x22, 0xe3, 0x10, 0xf, 0xfb, 0x77,
    0xd9, 0xe0, 0x1f, 0xf7, 0xdd, 0xf0, 0x10, 0x7,
    0xfc, 0x68, 0x9c, 0x4b, 0x3f, 0xfc, 0x2d, 0xfe,
    0x0, 0xf8, 0xbb, 0x62, 0x38, 0x1, 0x10, 0x1,
    0xb3, 0x0, 0x18, 0x1a, 0x3b, 0xf0, 0xb3, 0xb8,
    0x0, 0xf8, 0x81, 0x60, 0x80, 0x20, 0x1f, 0xc3,
    0xa7, 0x66, 0x88, 0x0, 0x7c, 0x0, 0x7f, 0xe,
    0x96, 0x1e, 0x0, 0x25, 0xc8, 0x3, 0xf8, 0x7c,
    0x0, 0xa0, 0x7, 0x1b, 0x0, 0xff, 0x18, 0x2,
    0x40, 0x26, 0x60, 0x7, 0xfa, 0x1, 0x52, 0x0,
    0x14, 0xa2, 0x1, 0xf8, 0x99, 0x69, 0x5c, 0xc0,
    0xa8, 0x40, 0x3e, 0x1f, 0x1b, 0xb, 0x15, 0x0,
    0xff, 0xb4, 0xa8, 0x40, 0x71, 0x80, 0x3c, 0x20,
    0x1, 0xd3, 0x94, 0x0, 0x88, 0x2, 0x88, 0x84,
    0x2, 0x14, 0xa6, 0x0, 0xfc, 0x8e, 0xe3, 0x90,
    0xa, 0x54, 0x3, 0xfb, 0x3f, 0xd8, 0x20, 0x0,

    /* U+5C04 "射" */
    0x0, 0xe9, 0x80, 0xf, 0xcb, 0x60, 0x1f, 0x98,
    0x3, 0xf8, 0x90, 0x3, 0x8d, 0x6c, 0x3d, 0x60,
    0x80, 0x3f, 0xf8, 0x17, 0x4a, 0x15, 0xe, 0x80,
    0x1f, 0xfc, 0x12, 0xef, 0xdd, 0x0, 0x11, 0x3b,
    0x1, 0x10, 0x1, 0x8b, 0xff, 0x0, 0xdd, 0xf2,
    0x5, 0xd8, 0x80, 0x36, 0x66, 0x1, 0xff, 0xe8,
    0xf, 0xf1, 0x0, 0x44, 0x67, 0x80, 0x3f, 0xf8,
    0x65, 0xff, 0x80, 0x3, 0x84, 0x1, 0xff, 0x6e,
    0xe0, 0x0, 0x84, 0x80, 0x7f, 0x88, 0xb8, 0x2,
    0xf4, 0x40, 0x7, 0xde, 0xe5, 0xff, 0x80, 0x23,
    0x37, 0x80, 0x7d, 0x55, 0xc0, 0x1e, 0x94, 0x10,
    0xf, 0x2a, 0xef, 0x1d, 0x0, 0xcb, 0x82, 0x1,
    0xfd, 0x6b, 0xa4, 0x1, 0xc6, 0x1, 0xf8, 0xb5,
    0x70, 0xc0, 0x3f, 0xf8, 0x4f, 0xa1, 0x86, 0x1,
    0xff, 0xc3, 0xb6, 0xd2, 0x34, 0x40, 0x18, 0x0,
    0xd9, 0x98, 0x1, 0xd9, 0x20, 0x4, 0xbb, 0x1a,
    0x0, 0x1e, 0x64, 0xb2, 0x1, 0xf9, 0xff, 0xd8,
    0x20, 0x4, 0xff, 0x73, 0x0, 0x40,

    /* U+5C06 "将" */
    0x0, 0xc4, 0xc0, 0x1e, 0x43, 0x0, 0xfe, 0x49,
    0x10, 0xc, 0xd7, 0x6, 0x72, 0x0, 0x7f, 0xd3,
    0x20, 0x4c, 0xca, 0xd8, 0x2d, 0xc0, 0x39, 0x35,
    0xeb, 0xfe, 0xe2, 0x16, 0xd, 0x86, 0x0, 0xaa,
    0xd1, 0xb4, 0x2, 0xa2, 0xd0, 0x3, 0x32, 0x7c,
    0x1, 0x7b, 0x36, 0xf4, 0x58, 0x96, 0x60, 0x14,
    0x99, 0x0, 0x4, 0x80, 0xe5, 0x74, 0x75, 0x0,
    0x3b, 0x34, 0x3, 0x25, 0x48, 0xc6, 0xaa, 0x0,
    0x7f, 0x3f, 0xdb, 0x4f, 0x38, 0x4e, 0x80, 0x7b,
    0x0, 0xb, 0x5d, 0x8c, 0x1, 0x8, 0x7, 0x91,
    0x40, 0x1b, 0x5d, 0xff, 0xc0, 0xdf, 0xe0, 0x2,
    0xd8, 0x5, 0x33, 0xf8, 0x1, 0x34, 0xf, 0x4b,
    0x20, 0x6, 0x5a, 0x46, 0x6c, 0x2c, 0xc5, 0x9,
    0x5a, 0x0, 0xc4, 0x4f, 0x0, 0xfe, 0xda, 0x0,
    0xe1, 0xd2, 0x90, 0xf, 0xc6, 0x1, 0xf1, 0xb3,
    0x4, 0x3, 0xff, 0x89, 0x14, 0x20, 0x1f, 0xfc,
    0x41, 0x55, 0xc2, 0x20, 0xf, 0xfe, 0x17, 0x55,
    0xa, 0xc0, 0x3c, 0xde, 0x20, 0x1d, 0x7f, 0xed,
    0x30, 0x0,

    /* U+5C0F "小" */
    0x0, 0xff, 0x8, 0x7, 0xff, 0x1a, 0xfc, 0x3,
    0xff, 0xfa, 0x82, 0x1, 0xf8, 0x90, 0x3, 0xe2,
    0xb8, 0x0, 0xfd, 0x16, 0x40, 0x1e, 0x40, 0xd0,
    0xf, 0xd6, 0x12, 0x1, 0xec, 0x4, 0x0, 0xfc,
    0x2e, 0x86, 0x1, 0x85, 0x50, 0x3, 0xfd, 0x21,
    0x0, 0x19, 0xc3, 0xc0, 0x3f, 0xc2, 0xa8, 0x40,
    0x15, 0x8a, 0x0, 0x7f, 0xd2, 0x16, 0x0, 0x62,
    0x90, 0xf, 0xfe, 0x1, 0x99, 0x80, 0x64, 0x9c,
    0x3, 0xff, 0x83, 0x60, 0x83, 0x5c, 0x1, 0xff,
    0xc2, 0x43, 0x70, 0x53, 0x0, 0xff, 0xe1, 0x1e,
    0x18, 0x7, 0xff, 0x34, 0xdd, 0xd0, 0xa6, 0x1,
    0xff, 0xc2, 0x18, 0x83, 0x9c, 0x0, 0x7f, 0xf0,
    0x8b, 0xfe, 0xd5, 0x0, 0xfe,

    /* U+5C1A "尚" */
    0x0, 0xfa, 0xdc, 0x3, 0x84, 0x13, 0xd0, 0x3,
    0x2f, 0x0, 0x67, 0xe3, 0x44, 0x59, 0x0, 0x7e,
    0x18, 0x53, 0xa, 0x9, 0x0, 0xfd, 0x43, 0x60,
    0x1, 0x94, 0x30, 0xf, 0x3a, 0x50, 0x80, 0x4d,
    0x66, 0x1, 0xe6, 0xb4, 0x0, 0x47, 0xfa, 0xff,
    0xe1, 0x6f, 0xf7, 0x5f, 0xfa, 0x4, 0x22, 0x3f,
    0xf8, 0x0, 0x20, 0x2e, 0xff, 0xfc, 0x1, 0x0,
    0xe3, 0x85, 0x5e, 0x20, 0xf, 0xd0, 0xf5, 0x5c,
    0xa0, 0x1f, 0xc9, 0xff, 0x84, 0x3, 0xff, 0x9c,
    0xe4, 0x58, 0x3, 0xfe, 0x3d, 0xdc, 0x20, 0x1f,
    0xe2, 0xcc, 0xe6, 0x0, 0xfd, 0xf0, 0x67, 0xc2,
    0x1, 0xf9, 0x14, 0x3, 0x9d, 0xd0, 0x22, 0x0,
    0xff, 0xb2, 0x19, 0x28,

    /* U+5C31 "就" */
    0x0, 0x92, 0xc0, 0x3e, 0xa7, 0x0, 0xfc, 0xc8,
    0xe0, 0x1e, 0x7e, 0x49, 0x0, 0x95, 0x67, 0x8,
    0x55, 0x84, 0x2, 0x15, 0x78, 0x0, 0x5d, 0x54,
    0x0, 0xaa, 0x88, 0x3, 0xd, 0xb9, 0x7, 0x7f,
    0xfe, 0x30, 0x1, 0xf8, 0x2c, 0x18, 0x1, 0x13,
    0xe1, 0x58, 0x80, 0xcc, 0x43, 0xe4, 0x1, 0x37,
    0x7e, 0x7d, 0x66, 0x0, 0xb3, 0x61, 0x0, 0x47,
    0xfe, 0x0, 0x47, 0x78, 0x5f, 0x76, 0x10, 0xf,
    0xf8, 0x80, 0xdc, 0x3, 0xd3, 0x99, 0x80, 0x32,
    0x87, 0x58, 0x7, 0x5c, 0xd9, 0x95, 0xc2, 0x0,
    0x3c, 0xc0, 0x3e, 0x72, 0x72, 0x63, 0x12, 0x0,
    0x22, 0x0, 0x3e, 0x68, 0x0, 0x86, 0x44, 0x8,
    0x96, 0x1, 0xf5, 0xa8, 0x4, 0xa4, 0xc1, 0x42,
    0x60, 0x1e, 0x33, 0x50, 0x6, 0xac, 0x6, 0x90,
    0xe, 0x82, 0x84, 0x20, 0xc, 0xf7, 0x20, 0xe0,
    0x1c, 0x8f, 0x12, 0x48, 0x60, 0x12, 0xb5, 0x0,
    0x4, 0x44, 0x50, 0x99, 0x25, 0x85, 0x80, 0x22,
    0x8, 0x0, 0xb3, 0xdd, 0x12, 0x0, 0x1b, 0xf8,
    0xc0, 0x1a, 0xe0, 0x11, 0xf7, 0xfb, 0x0,

    /* U+5C4F "屏" */
    0x0, 0x37, 0xff, 0xff, 0xa, 0x80, 0x3a, 0x6a,
    0xbf, 0xe0, 0xf, 0x9d, 0x57, 0xfe, 0x10, 0xf,
    0x32, 0xaf, 0xfc, 0x20, 0x1e, 0x8a, 0xaf, 0xf8,
    0x3, 0xee, 0xff, 0x34, 0xff, 0xf3, 0xaf, 0xd0,
    0x7, 0xf4, 0x90, 0x4, 0x2e, 0x40, 0x1c, 0x20,
    0x6, 0x67, 0x22, 0x19, 0xae, 0xe, 0x66, 0x8,
    0x7, 0x44, 0x25, 0x26, 0x22, 0x0, 0x44, 0x44,
    0x0, 0xf0, 0x1e, 0xe8, 0x1f, 0xba, 0x70, 0xee,
    0x8c, 0x0, 0x22, 0x0, 0xff, 0xe2, 0x91, 0xd,
    0x56, 0x4, 0x55, 0xc0, 0xab, 0x20, 0x1, 0x99,
    0x55, 0x80, 0xea, 0xa2, 0xa, 0xaa, 0x0, 0x4b,
    0x67, 0xfd, 0x41, 0x9f, 0xf3, 0x87, 0xfd, 0x80,
    0x80, 0x80, 0x14, 0x9, 0x80, 0x7f, 0xbc, 0xc,
    0x1, 0x65, 0x60, 0x1f, 0xe2, 0x56, 0x5, 0xd4,
    0x85, 0x0, 0xff, 0x92, 0x1, 0x86, 0xdc, 0x3,
    0xfe, 0x2b, 0x10, 0x3c, 0x40, 0xf, 0x47, 0x80,
    0x60,

    /* U+5C5E "属" */
    0x0, 0x37, 0xff, 0xff, 0x9, 0xc0, 0x35, 0x5d,
    0xff, 0xc1, 0xe0, 0x19, 0x13, 0xff, 0x80, 0x1,
    0xee, 0xff, 0xff, 0x80, 0x3d, 0x57, 0x7f, 0xd5,
    0x37, 0x40, 0x19, 0x7, 0x31, 0xbd, 0x57, 0x35,
    0x74, 0xe4, 0x1, 0xcd, 0xba, 0xce, 0x40, 0xce,
    0xe6, 0x18, 0x4, 0x20, 0x2f, 0x33, 0x42, 0x86,
    0xe6, 0x60, 0xf, 0x9, 0xf7, 0x4c, 0x1d, 0xd2,
    0x18, 0x5, 0xc2, 0x1, 0x19, 0x13, 0x80, 0x8a,
    0xf0, 0xc, 0x66, 0x0, 0xbb, 0xfd, 0x1, 0xff,
    0x40, 0x80, 0x4c, 0xc0, 0x4e, 0xec, 0xe1, 0xdd,
    0xbc, 0x40, 0x6, 0x62, 0xee, 0xe7, 0xe, 0xef,
    0x1, 0x6, 0x80, 0x33, 0xfe, 0x81, 0xf9, 0xcf,
    0x62, 0x4, 0x4, 0x0, 0x99, 0xe2, 0x3, 0x32,
    0xc0, 0xd, 0x44, 0x20, 0x17, 0xe8, 0xbc, 0x74,
    0x8b, 0x80, 0xc, 0xd6, 0x1, 0xa6, 0xa6, 0x1d,
    0xcd, 0x40, 0x60, 0x4c, 0xc0, 0xf, 0xf8, 0xe1,
    0x28,

    /* U+5CF0 "峰" */
    0x0, 0xff, 0xe4, 0x9d, 0x80, 0x7a, 0x30, 0x3,
    0xf9, 0xd4, 0x3, 0x85, 0xc9, 0x56, 0x71, 0x0,
    0xff, 0xb0, 0x1, 0x10, 0xa8, 0x40, 0x4, 0x18,
    0x5, 0x24, 0x14, 0x41, 0xdb, 0xa3, 0x25, 0x0,
    0x2b, 0x0, 0x4e, 0xeb, 0x56, 0x7, 0x8, 0x3e,
    0x0, 0xff, 0x2c, 0xcd, 0x1e, 0xf2, 0x60, 0x1f,
    0xc3, 0xcc, 0xe, 0x1, 0x38, 0x7, 0xff, 0x5,
    0xbc, 0x9c, 0x7a, 0x4, 0x3, 0xf1, 0xd7, 0xcc,
    0xbf, 0x7d, 0xdd, 0xd4, 0x1, 0xf1, 0xc, 0x6b,
    0x2d, 0x1c, 0xec, 0x48, 0x7, 0xc3, 0x51, 0xbd,
    0x1, 0xbd, 0xb6, 0x60, 0x1f, 0x87, 0xfe, 0x90,
    0xdf, 0xf6, 0x0, 0x7f, 0xaa, 0xed, 0x21, 0xd7,
    0x68, 0x0, 0xff, 0x66, 0x44, 0x9, 0x98, 0xd0,
    0x1, 0x45, 0xe, 0x8, 0xa, 0x2a, 0xc1, 0x6a,
    0xa7, 0x10, 0x47, 0x68, 0xa0, 0x7, 0xee, 0xce,
    0x19, 0xbb, 0x40, 0x5d, 0x43, 0xb7, 0x27, 0x7f,
    0xd2, 0x1d, 0xff, 0x48, 0x7, 0x84, 0x3, 0xff,
    0xa8,

    /* U+5D2D "崭" */
    0x2, 0x10, 0xe, 0x98, 0x0, 0xe1, 0x10, 0x3,
    0x64, 0x3, 0x91, 0x0, 0x1d, 0xf4, 0x1, 0xff,
    0xc9, 0x7f, 0xfe, 0x23, 0xff, 0xe1, 0x0, 0xb2,
    0xe0, 0xaa, 0xef, 0xfd, 0xc0, 0x3, 0x4e, 0x35,
    0x44, 0xca, 0x3, 0x91, 0x70, 0x1d, 0xfe, 0x61,
    0xff, 0xc9, 0xf7, 0x4, 0x97, 0x81, 0x56, 0x41,
    0x57, 0x79, 0x58, 0xf6, 0xa1, 0x4, 0x11, 0x4a,
    0x1e, 0x9d, 0x10, 0x20, 0x1f, 0xd6, 0x4e, 0x2,
    0x1, 0xc7, 0x11, 0xcc, 0xea, 0x5f, 0xa1, 0x9f,
    0xe4, 0x0, 0x22, 0x1d, 0xc9, 0xe4, 0x75, 0x47,
    0x7, 0xaa, 0x28, 0xa6, 0x60, 0x5f, 0x25, 0x71,
    0x55, 0x41, 0x6a, 0xa1, 0x31, 0x0, 0xfc, 0x27,
    0x41, 0xd7, 0xaa, 0xc4, 0x1, 0xed, 0xfe, 0xc7,
    0x2, 0x5, 0x63, 0xe0, 0xf, 0x23, 0xcd, 0xd8,
    0x32, 0xe1, 0xc1, 0x0, 0x3d, 0x30, 0xc8, 0xc0,
    0x1b, 0x88, 0x80, 0x1f, 0xfc, 0x24, 0x5b, 0x0,
    0xff, 0xe2, 0x23, 0x0, 0x7f, 0xc5, 0xe6, 0x9,
    0x60, 0x1b, 0xa0, 0x0,

    /* U+5DE5 "工" */
    0x8, 0x8f, 0xfe, 0x20, 0x1, 0xdf, 0xff, 0x88,
    0x0, 0xff, 0xf8, 0x53, 0xff, 0xe0, 0xf, 0xff,
    0xf8, 0x7, 0xff, 0xfc, 0x3, 0xff, 0xa7, 0x55,
    0xf8, 0x52, 0xab, 0xe9, 0x44, 0xfc, 0x22, 0x44,
    0xfc,

    /* U+5DE8 "巨" */
    0xaf, 0xff, 0xfe, 0x10, 0x8, 0x9d, 0xff, 0xf8,
    0x20, 0x3, 0x88, 0xff, 0xe0, 0x80, 0x7f, 0xf1,
    0x88, 0x47, 0xfe, 0x0, 0xee, 0xef, 0xfa, 0x80,
    0x35, 0x57, 0xf8, 0x3, 0x89, 0x57, 0xfc, 0x20,
    0x1f, 0xfd, 0x82, 0x88, 0xff, 0x8, 0x7, 0x3b,
    0xff, 0x80, 0xc0, 0x22, 0xff, 0xff, 0xa4, 0x3,
    0xff, 0xae, 0x4e, 0xff, 0xfc, 0x13, 0x10, 0x88,
    0xff, 0xe0, 0xa8,

    /* U+5DF1 "己" */
    0x9, 0x9f, 0xfe, 0xb, 0x0, 0x66, 0x6f, 0xfe,
    0xd, 0x0, 0x6f, 0xff, 0xfe, 0x1, 0x0, 0x7f,
    0xfc, 0x8, 0x47, 0xfc, 0x60, 0x1d, 0x9b, 0xdd,
    0xfe, 0x10, 0xf, 0xa6, 0x7f, 0xc0, 0x1f, 0x1b,
    0x37, 0xf9, 0xec, 0x3, 0xff, 0x89, 0xe, 0x1,
    0xff, 0xd8, 0x4b, 0x20, 0xf, 0xfe, 0x19, 0x20,
    0x7, 0xff, 0x13, 0x40, 0x81, 0x4e, 0xa1, 0xdf,
    0xfa, 0xd1, 0x80, 0x10, 0xce, 0xe8, 0x8f, 0xe5,
    0x69, 0x0,

    /* U+5DF2 "已" */
    0x88, 0xff, 0xe1, 0x30, 0x4, 0xce, 0xff, 0xfc,
    0x1d, 0x0, 0xbb, 0xff, 0xff, 0x80, 0x40, 0x1c,
    0x64, 0x1, 0xff, 0xc4, 0xe8, 0x0, 0xff, 0xf4,
    0x1a, 0xff, 0xff, 0x88, 0x3, 0xe7, 0x7f, 0xf0,
    0x7, 0x8d, 0x62, 0x3f, 0xed, 0x0, 0xff, 0xe2,
    0x3b, 0x0, 0x7f, 0xf1, 0x84, 0x40, 0x1f, 0xfc,
    0x44, 0xe2, 0x0, 0xff, 0xe1, 0xe8, 0x18, 0x8,
    0x80, 0x3f, 0xf8, 0xa, 0x42, 0xa, 0x97, 0xe,
    0xff, 0xa3, 0xa, 0x80, 0x12, 0xcc, 0x78, 0x8f,
    0xce, 0x30, 0xe0,

    /* U+5E01 "币" */
    0x0, 0xff, 0xe1, 0x91, 0x0, 0x48, 0x86, 0x64,
    0x56, 0x78, 0x9b, 0xce, 0xfd, 0xc0, 0x6d, 0xd6,
    0x62, 0xea, 0x61, 0xd4, 0x19, 0x93, 0x78, 0xd,
    0x98, 0xdd, 0x77, 0xf8, 0x57, 0x2e, 0xa1, 0x90,
    0x80, 0x4c, 0xc4, 0x41, 0x0, 0xff, 0xea, 0x44,
    0x78, 0x56, 0x23, 0x6b, 0x80, 0x67, 0x7f, 0x0,
    0x1d, 0xf1, 0x40, 0x7, 0x3f, 0xfe, 0x15, 0xff,
    0xca, 0x20, 0x1f, 0xff, 0xf0, 0xf, 0xfe, 0x82,
    0x33, 0x1c, 0xc0, 0x3f, 0xf8, 0x23, 0x32, 0x3b,
    0x0, 0xd1, 0x60, 0x1f, 0x2f, 0xfb, 0x98, 0x3,
    0x39, 0x80, 0x7f, 0xf5, 0x0,

    /* U+5E08 "师" */
    0x0, 0xd6, 0xa0, 0x1f, 0xfc, 0x45, 0x23, 0xcc,
    0xdd, 0xf9, 0x9c, 0x14, 0x40, 0x10, 0xdd, 0xe1,
    0xb, 0xbe, 0x15, 0x10, 0x8, 0x9d, 0xf8, 0x5d,
    0xf8, 0x3, 0xf0, 0x8f, 0xf0, 0x7, 0xe7, 0xee,
    0x98, 0x3b, 0xb3, 0x0, 0x7f, 0x55, 0x8, 0x2a,
    0xa0, 0xf, 0xf0, 0xaa, 0xc2, 0xab, 0x0, 0x7f,
    0xf3, 0x4, 0x40, 0x1f, 0xfd, 0x51, 0x3, 0x0,
    0xff, 0xe0, 0xf, 0x99, 0x3, 0x80, 0x7f, 0xf0,
    0xd0, 0x8, 0x3, 0xff, 0x87, 0x66, 0x1, 0xfd,
    0x7c, 0x4, 0x0, 0x33, 0x58, 0x0, 0x90, 0x3,
    0xbe, 0x31, 0x0, 0x1e, 0xc, 0x0, 0x5a, 0x0,
    0xe4, 0x63, 0x0, 0x51, 0xc8, 0x80, 0x7f, 0xf0,
    0xbd, 0x98, 0x1, 0xff, 0xc3, 0x59, 0x0, 0xfd,
    0x1c, 0x1, 0xc0,

    /* U+5E26 "带" */
    0x0, 0x9a, 0x40, 0x29, 0x60, 0x9, 0x64, 0x3,
    0xef, 0x70, 0x9, 0xf0, 0x2, 0xc7, 0x0, 0xca,
    0xcd, 0xb, 0x34, 0x2a, 0xcd, 0x85, 0x9a, 0x9,
    0x98, 0x1, 0x33, 0x0, 0x26, 0x60, 0x4, 0xcc,
    0x59, 0xfe, 0x61, 0xff, 0x85, 0x7f, 0xe6, 0x1f,
    0xf8, 0x80, 0x3f, 0x19, 0x80, 0x3f, 0xf8, 0x13,
    0xc0, 0x16, 0xc8, 0x5, 0x3e, 0x1, 0x9f, 0xff,
    0xff, 0x83, 0xdf, 0xe7, 0x0, 0xae, 0xfc, 0x3,
    0x77, 0xe0, 0xe, 0x44, 0xf0, 0xa2, 0x79, 0x40,
    0x38, 0x59, 0xb8, 0x55, 0x9b, 0x42, 0x80, 0x4f,
    0xa5, 0x33, 0xc0, 0x9, 0x9c, 0xfd, 0xae, 0x0,
    0x20, 0x4, 0xff, 0xc2, 0xbf, 0xf8, 0xc0, 0x80,
    0x3f, 0xfc, 0xe4, 0xaa, 0x23, 0x0, 0xe1, 0x3,
    0x0, 0xf1, 0xd5, 0x9d, 0x0, 0x71, 0x7a, 0x80,
    0x78, 0x7f, 0xb4, 0xc0, 0x3f, 0xf9, 0x40,

    /* U+5E72 "干" */
    0x6, 0x77, 0xff, 0xe1, 0x80, 0x22, 0x3f, 0xf8,
    0x80, 0xf, 0xee, 0xf0, 0x17, 0x77, 0xc0, 0x1,
    0x1f, 0xfe, 0x20, 0x7, 0xff, 0xae, 0x67, 0xf0,
    0x9c, 0xcf, 0xd0, 0xec, 0xdf, 0x0, 0x19, 0xbf,
    0x77, 0xff, 0xc2, 0x7f, 0xff, 0x70, 0x7, 0xff,
    0xfc, 0x3, 0xff, 0xf2,

    /* U+5E73 "平" */
    0x0, 0x44, 0x7f, 0xf0, 0xd8, 0x2, 0x77, 0xff,
    0xe1, 0xd0, 0x5, 0xff, 0xf0, 0xaf, 0xff, 0xb0,
    0x3, 0x2f, 0x8, 0x7, 0xe4, 0xf5, 0x0, 0xe4,
    0x16, 0x0, 0xfd, 0xc2, 0xa0, 0x1c, 0x2b, 0x20,
    0x1f, 0xa, 0xb0, 0x7, 0xdc, 0x2a, 0x1, 0xe8,
    0x19, 0x0, 0xf9, 0x8, 0x3, 0xe4, 0x91, 0x0,
    0xfd, 0xaa, 0x1, 0xed, 0x70, 0xe, 0xff, 0xfc,
    0x2b, 0xff, 0xf6, 0x83, 0xbf, 0xe0, 0x3, 0xbf,
    0xd4, 0x11, 0x1f, 0x85, 0x62, 0x3e, 0x70, 0xf,
    0xff, 0xf8, 0x7, 0xff, 0x6c,

    /* U+5E74 "年" */
    0x0, 0xcf, 0x60, 0x1f, 0xfc, 0x59, 0x0, 0xff,
    0xe2, 0xb0, 0x83, 0xbf, 0xfc, 0x40, 0x10, 0xc8,
    0x24, 0x47, 0xfc, 0xc0, 0x15, 0x86, 0xff, 0xe6,
    0xf, 0xff, 0x20, 0x1, 0xd5, 0xc8, 0x3, 0xff,
    0x84, 0xd0, 0x90, 0x1, 0xff, 0xc3, 0x54, 0xa8,
    0xff, 0xe6, 0xf, 0xfe, 0xc0, 0x1, 0xd8, 0x88,
    0x22, 0x30, 0x2, 0x23, 0xa8, 0x3, 0xc2, 0xef,
    0x98, 0x1d, 0xf9, 0x80, 0x3f, 0xfb, 0x93, 0x54,
    0x61, 0xaa, 0xcc, 0x15, 0x5f, 0x11, 0xb3, 0xc,
    0x99, 0xb0, 0x1, 0x9b, 0xe0, 0xac, 0xcb, 0x73,
    0x33, 0x6, 0x67, 0xc4, 0x1, 0xff, 0xff, 0x0,

    /* U+5E78 "幸" */
    0x0, 0xfe, 0x85, 0x0, 0xff, 0xe2, 0xb7, 0x80,
    0x7f, 0xce, 0xfe, 0x15, 0x77, 0xe6, 0x0, 0xe9,
    0x9f, 0x0, 0x26, 0x7a, 0xc0, 0x3b, 0xbb, 0xc2,
    0xbd, 0xdd, 0xa0, 0x1f, 0xfc, 0x91, 0xff, 0xfc,
    0x2b, 0xff, 0xf8, 0x6a, 0xa9, 0x26, 0xaa, 0xf3,
    0x1c, 0xd5, 0x40, 0xab, 0x30, 0x2a, 0xfe, 0x16,
    0x55, 0x80, 0x3a, 0xcc, 0xc0, 0x19, 0xe, 0x40,
    0x3c, 0xdb, 0xab, 0xe, 0xdd, 0xd6, 0x13, 0xba,
    0x60, 0x9, 0x57, 0x3a, 0xa8, 0x8d, 0x5d, 0xca,
    0xb8, 0x2, 0x38, 0x8f, 0xa, 0x44, 0x78, 0xc0,
    0x2, 0x45, 0xf0, 0xb1, 0x17, 0xc0, 0x8, 0xdd,
    0xf8, 0xf, 0x77, 0xe6, 0x8, 0xcc, 0xf8, 0xb,
    0x33, 0xe7, 0x1, 0x33, 0xf8, 0x5c, 0xcf, 0xe1,
    0x0, 0xff, 0xed, 0x0,

    /* U+5E7C "幼" */
    0x0, 0xc8, 0xe0, 0x1e, 0x5c, 0x0, 0xfd, 0xd0,
    0x1, 0xe3, 0x30, 0x7, 0xc2, 0xac, 0x1, 0xe1,
    0x0, 0xfc, 0xc1, 0x40, 0x1f, 0xfc, 0x3a, 0x43,
    0x0, 0xc4, 0x4e, 0x2, 0x2c, 0x0, 0x62, 0x80,
    0x2, 0xca, 0xee, 0x98, 0x37, 0x70, 0x2, 0xd0,
    0xc0, 0x10, 0xe9, 0x76, 0x30, 0xbb, 0x18, 0x2,
    0x4b, 0x55, 0xb0, 0xa0, 0x51, 0xa, 0x48, 0x8b,
    0x0, 0x30, 0x4d, 0x49, 0x8b, 0x0, 0x46, 0x20,
    0xf, 0x0, 0x56, 0x77, 0xc0, 0x50, 0x6, 0x66,
    0x0, 0x42, 0xa, 0x62, 0x28, 0x64, 0x0, 0xc4,
    0x40, 0xf, 0xd6, 0x31, 0x88, 0x0, 0x11, 0x70,
    0x7, 0xca, 0xaa, 0x17, 0xf0, 0x2, 0x2, 0x0,
    0x4, 0xc0, 0x3, 0x6c, 0x81, 0xe8, 0x61, 0xc4,
    0x40, 0x1, 0x88, 0x3, 0x7, 0xe2, 0xe8, 0x24,
    0x92, 0x80, 0x21, 0x70, 0xf2, 0x9, 0x60, 0x61,
    0x4e, 0x16, 0x0, 0x9c, 0x40, 0x56, 0xfb, 0x97,
    0x18, 0xa7, 0x62, 0x6c, 0xc3, 0x20, 0xea, 0x41,
    0x0, 0x9d, 0x21, 0x41, 0xa6, 0x45, 0x20, 0x1f,
    0x97, 0x1c, 0x0, 0xbf, 0xed, 0x10,

    /* U+5E94 "应" */
    0x0, 0xfe, 0x5d, 0x10, 0xf, 0xfe, 0x2b, 0x94,
    0x0, 0x7f, 0x89, 0x8c, 0xf8, 0x44, 0xc6, 0x7e,
    0x20, 0xa, 0xe7, 0x33, 0xc2, 0x19, 0x9e, 0xf0,
    0xe, 0xcc, 0xff, 0xe1, 0x78, 0x7, 0x19, 0xf8,
    0x4c, 0xf8, 0xc, 0x80, 0x3e, 0x20, 0x1, 0xe9,
    0x80, 0x6e, 0xd0, 0xf, 0xa3, 0x0, 0x6, 0x16,
    0x1, 0x9, 0x28, 0x7, 0x8, 0x58, 0xa0, 0x1,
    0x10, 0x1, 0x38, 0x50, 0x7, 0xc6, 0x5c, 0x0,
    0xc3, 0x10, 0x5, 0x11, 0x0, 0x31, 0x98, 0x0,
    0xaa, 0x0, 0x20, 0x20, 0x11, 0xd8, 0x7, 0x8,
    0x80, 0x16, 0xa, 0x6, 0x1a, 0x16, 0x2c, 0x1,
    0xcc, 0xc0, 0x1, 0x8e, 0x0, 0x1b, 0x41, 0x98,
    0x1, 0xe2, 0x30, 0x9, 0xf8, 0x1, 0x2a, 0xe1,
    0x20, 0x1c, 0x41, 0x80, 0x14, 0xb8, 0x4, 0x30,
    0xe2, 0x1, 0xc8, 0xe, 0x1, 0xfa, 0x6, 0x0,
    0x3d, 0x44, 0x4c, 0xff, 0xf9, 0x87, 0xff, 0x84,
    0x47, 0x41, 0x51, 0x1f, 0x3c, 0x47, 0x84, 0x58,
    0xc0, 0xce, 0xff, 0x43, 0xbf, 0x80,

    /* U+5EA6 "度" */
    0x0, 0xff, 0xe8, 0xa7, 0x18, 0x7, 0xff, 0x15,
    0x2, 0x0, 0x3f, 0xcf, 0xff, 0xf0, 0xa7, 0xff,
    0xb8, 0x3, 0xa2, 0x3f, 0xf8, 0x60, 0x1c, 0xef,
    0x24, 0xab, 0xbe, 0xa0, 0x77, 0x30, 0x7, 0x9,
    0x11, 0x45, 0x88, 0xbb, 0x48, 0x82, 0x1, 0xd3,
    0xba, 0x90, 0xbd, 0xdc, 0xb, 0xba, 0xa0, 0xe,
    0x8e, 0xe4, 0x85, 0xf7, 0x60, 0x6e, 0xe5, 0x0,
    0x5e, 0x0, 0x11, 0x10, 0x30, 0x8e, 0x1, 0x1c,
    0x1, 0xfe, 0xdf, 0xfc, 0x1, 0xf8, 0x44, 0x1,
    0x2d, 0xdf, 0xd4, 0x1, 0xe3, 0x30, 0x22, 0x14,
    0x3, 0xe7, 0x40, 0xe, 0x16, 0x3b, 0xbf, 0xf5,
    0x58, 0x80, 0x65, 0x23, 0xfe, 0x14, 0xff, 0xe9,
    0x9, 0x10, 0x8, 0x45, 0xe0, 0x1, 0xd5, 0xc2,
    0x1, 0xa9, 0x86, 0x0, 0xc8, 0xa, 0x1, 0x1f,
    0x86, 0xff, 0x3d, 0xb8, 0x7, 0x78, 0x98, 0x0,
    0x96, 0x8, 0x3, 0x62, 0x8, 0x4, 0x2a, 0xe1,
    0x9f, 0xb4, 0xad, 0x9f, 0x88, 0xd7, 0xdc, 0xb0,
    0x1b, 0xb0, 0x45, 0x6f, 0xe4, 0x18, 0x1c, 0xf7,
    0x2a, 0x78, 0x0,

    /* U+5EA7 "座" */
    0x0, 0xfe, 0x18, 0x20, 0xf, 0xfe, 0x28, 0xb7,
    0x0, 0x7f, 0x97, 0x1d, 0xfc, 0x66, 0xc7, 0x7f,
    0x0, 0x52, 0x71, 0x1e, 0x20, 0x38, 0x8e, 0x90,
    0xc, 0x9f, 0xfe, 0xeb, 0xff, 0xf7, 0x0, 0x7c,
    0x3c, 0x60, 0x96, 0x40, 0xd, 0x40, 0xf, 0xe4,
    0x12, 0x0, 0xe3, 0x26, 0x0, 0xfe, 0xe0, 0x10,
    0xe, 0x80, 0x20, 0xf, 0xc4, 0x81, 0x40, 0x18,
    0x90, 0x28, 0x3, 0xc2, 0x12, 0x58, 0x94, 0x1,
    0x71, 0x6a, 0x60, 0x80, 0x42, 0x12, 0x92, 0x7a,
    0x84, 0x12, 0x7c, 0x5e, 0x3a, 0x1, 0x19, 0x6d,
    0x20, 0x1f, 0x10, 0x4e, 0x18, 0xe, 0x40, 0x4,
    0x3e, 0x80, 0xcd, 0xb8, 0x29, 0x59, 0xa4, 0x40,
    0x0, 0x80, 0x82, 0x26, 0x72, 0x3, 0xcc, 0xf0,
    0x4, 0xe0, 0xe1, 0xbf, 0xfa, 0x83, 0x7f, 0xf6,
    0x0, 0x5a, 0x24, 0x1, 0xff, 0xc5, 0x57, 0x0,
    0xf8, 0xc0, 0x3f, 0x90, 0xa8, 0xff, 0xfd, 0x21,
    0xbf, 0xfe, 0x14, 0xc3, 0x37, 0xff, 0xff, 0xc,
    0x40,

    /* U+5EB7 "康" */
    0x0, 0xfe, 0x5e, 0x20, 0xf, 0xf8, 0x40, 0x39,
    0x7, 0x80, 0x3f, 0xd5, 0xdf, 0xfd, 0xc0, 0x7f,
    0xff, 0x0, 0x75, 0xdf, 0x84, 0x2e, 0xfe, 0x0,
    0xc6, 0x8a, 0xbe, 0x5, 0x5e, 0x44, 0x0, 0x7a,
    0xbb, 0xb2, 0x7, 0x77, 0x18, 0x7, 0xd7, 0xff,
    0x98, 0x7f, 0xec, 0x0, 0xfc, 0x6a, 0xbc, 0xc2,
    0xab, 0x58, 0x4b, 0x8, 0x6, 0xb9, 0x9e, 0x0,
    0x4c, 0xce, 0xb, 0x6, 0x1, 0xa3, 0x33, 0x98,
    0x73, 0x30, 0x67, 0x10, 0x0, 0x5c, 0x3b, 0xff,
    0x30, 0xff, 0xd8, 0x1, 0xe7, 0x10, 0x9b, 0xdd,
    0x88, 0x33, 0x76, 0xb1, 0x0, 0xc2, 0x41, 0x96,
    0xe4, 0x44, 0xb, 0x22, 0x3d, 0xc8, 0x6, 0x2f,
    0xb, 0x7a, 0x60, 0x40, 0x76, 0x9a, 0x7b, 0x0,
    0x88, 0xc, 0x1, 0x13, 0xfc, 0x43, 0x32, 0x6c,
    0x80, 0xc, 0xe0, 0xa0, 0x75, 0x29, 0xc, 0xd,
    0x21, 0xe6, 0x1, 0xbc, 0x83, 0x71, 0xeb, 0x58,
    0x2, 0x6c, 0x1c, 0xb6, 0x1, 0x5a, 0x14, 0xbd,
    0x63, 0x31, 0x0, 0x47, 0xb4, 0xf4, 0x0, 0x46,
    0x9, 0x40, 0xbc, 0xc2, 0xc0, 0x6, 0x5c, 0xc0,
    0xd, 0x88, 0x6, 0x8f, 0xf7, 0x30, 0x7, 0xe0,

    /* U+5EFA "建" */
    0x0, 0xff, 0x8f, 0x4, 0x3, 0xe5, 0x88, 0xbd,
    0x40, 0x46, 0x53, 0x21, 0x18, 0x3, 0x6a, 0x21,
    0x80, 0x83, 0xba, 0x90, 0xce, 0xe9, 0x80, 0x28,
    0xcc, 0x30, 0xb8, 0x77, 0x52, 0x19, 0xdc, 0x10,
    0xf, 0xb, 0xc8, 0x99, 0x15, 0xc0, 0xc4, 0x41,
    0xc2, 0x0, 0xd0, 0x2e, 0x99, 0x99, 0xc2, 0xb3,
    0x0, 0xbc, 0x1, 0x1b, 0x58, 0x2f, 0xfe, 0xb0,
    0xdf, 0xf0, 0xce, 0x0, 0xb, 0x2, 0xbe, 0x8b,
    0xba, 0xb0, 0xde, 0xe0, 0x80, 0x66, 0x3a, 0xb0,
    0x23, 0xbb, 0x94, 0x22, 0xed, 0x48, 0x1, 0x26,
    0x2a, 0x7, 0xa, 0xad, 0xc0, 0xab, 0x88, 0x2,
    0x2b, 0x2, 0x5, 0x57, 0xfd, 0x61, 0xbf, 0xf8,
    0x2, 0x24, 0x48, 0xd, 0x33, 0x28, 0xa, 0xcc,
    0xc0, 0x19, 0xa3, 0x54, 0x8, 0x3, 0xfc, 0x40,
    0x14, 0x1a, 0x79, 0xe6, 0x68, 0xa, 0xcc, 0xde,
    0x1, 0x8, 0x4, 0x7f, 0xfa, 0x83, 0x7f, 0xf6,
    0x80, 0x48, 0x3, 0x54, 0x20, 0x8, 0x40, 0x3f,
    0x8a, 0x8f, 0xa9, 0xf7, 0x55, 0x7, 0x2e, 0xab,
    0xc0, 0xf, 0x3d, 0x5, 0xdb, 0x51, 0x58, 0x9a,
    0xae, 0x80, 0x7, 0xe0, 0x80, 0x49, 0x17, 0xbf,
    0xff, 0x68, 0x0,

    /* U+5F00 "开" */
    0x18, 0x8f, 0xfe, 0x21, 0x81, 0xbb, 0xff, 0xf1,
    0x14, 0xb, 0xfe, 0xe0, 0x8f, 0xfe, 0x6, 0xff,
    0x98, 0x3, 0xff, 0xe8, 0x20, 0x1f, 0xfc, 0x5,
    0x5c, 0xc1, 0x4a, 0xbc, 0xc, 0xab, 0x82, 0xea,
    0xa8, 0x3, 0xaa, 0xe0, 0x5, 0x56, 0xf, 0xee,
    0xa8, 0x27, 0xbb, 0x81, 0x7b, 0xb0, 0x8, 0xe3,
    0x4, 0x11, 0xe0, 0x31, 0x1c, 0x1, 0xd8, 0x4,
    0x1, 0xff, 0xc4, 0x44, 0x0, 0x7f, 0xf1, 0x1c,
    0x78, 0x3, 0xff, 0x86, 0x50, 0x6a, 0x1, 0xff,
    0xc2, 0x2c, 0xe, 0x0, 0xff, 0xe1, 0x2e, 0x8d,
    0x90, 0x7, 0xff, 0x9, 0x8b, 0x10, 0x3, 0xff,
    0x86, 0x7a, 0x60, 0x1f, 0xdf, 0x20, 0x1c,

    /* U+5F20 "张" */
    0x0, 0xfe, 0x62, 0x0, 0xfe, 0xff, 0xe5, 0x1,
    0x94, 0x0, 0xc7, 0x86, 0x0, 0xaa, 0xa4, 0x3,
    0xfd, 0xe2, 0x60, 0x5, 0x59, 0xc0, 0x3f, 0xa8,
    0xf8, 0x3, 0xff, 0x87, 0xb, 0x26, 0x1, 0x1e,
    0xbc, 0x80, 0x7d, 0x4f, 0xc, 0x1, 0xa8, 0xa1,
    0xc0, 0x3d, 0xb, 0x4e, 0x1, 0xc6, 0x9f, 0xf2,
    0x81, 0x80, 0x23, 0x14, 0x3, 0xcc, 0x20, 0x12,
    0xfe, 0x84, 0xfe, 0x7f, 0xf2, 0x0, 0x90, 0x4,
    0x95, 0x20, 0x94, 0x21, 0x55, 0x94, 0x9, 0xff,
    0xe7, 0x57, 0xd, 0x5b, 0x4, 0x55, 0x84, 0x1d,
    0xd2, 0xe0, 0x60, 0x1c, 0xa0, 0xc0, 0x1d, 0x10,
    0x6a, 0x1, 0x0, 0xf3, 0x48, 0x7, 0xe6, 0x7,
    0x0, 0xf5, 0x8b, 0x80, 0x7c, 0x40, 0x20, 0x1e,
    0x36, 0x83, 0x0, 0xf7, 0x1, 0x0, 0x5f, 0x3c,
    0xf2, 0x5a, 0x40, 0x4, 0x49, 0x8c, 0x1, 0x60,
    0xce, 0xce, 0x1e, 0x1a, 0x81, 0xd7, 0x63, 0x80,
    0x2, 0x85, 0x74, 0x8, 0x16, 0x32, 0x5, 0x7f,
    0xb5, 0x0, 0x1d, 0xea, 0x1, 0xc5, 0x20,

    /* U+5F53 "当" */
    0x0, 0xfb, 0x28, 0x3, 0xe5, 0xd1, 0x0, 0xc4,
    0x20, 0x18, 0xbd, 0xd0, 0xf4, 0x3, 0xfd, 0x0,
    0xa3, 0x6, 0xa0, 0x1f, 0x89, 0x58, 0x81, 0x8a,
    0x0, 0x3f, 0x40, 0x40, 0x5, 0x66, 0x40, 0x1e,
    0x35, 0x91, 0x0, 0x9b, 0x88, 0x3, 0xc7, 0xac,
    0x0, 0x4c, 0xcf, 0xa, 0x66, 0x5d, 0x98, 0x60,
    0x77, 0xf2, 0x21, 0xdf, 0x8f, 0x92, 0xef, 0xff,
    0x81, 0x40, 0x1f, 0xfc, 0x73, 0x55, 0xff, 0x9c,
    0x2, 0x8a, 0xaf, 0xfa, 0x40, 0x2a, 0xdd, 0xff,
    0xb0, 0x2, 0x12, 0x2f, 0xfe, 0x0, 0x7, 0xff,
    0x1a, 0xff, 0xff, 0xf8, 0x1c, 0x0, 0xd7, 0x7f,
    0xfe, 0x3, 0x0, 0x1a, 0x23, 0xff, 0x82, 0x0,

    /* U+5F55 "录" */
    0x4, 0x77, 0xff, 0xae, 0x4, 0x2, 0xc9, 0x9f,
    0xf9, 0x1c, 0xc0, 0x28, 0xee, 0xff, 0x9c, 0xc,
    0x3, 0x33, 0x7f, 0xce, 0x2, 0x1, 0xa6, 0x7f,
    0xe0, 0xf, 0xbf, 0xff, 0xe5, 0x10, 0x8, 0xd1,
    0x3f, 0xf8, 0xa, 0x28, 0x83, 0xfb, 0xbf, 0xfe,
    0x0, 0x2, 0xed, 0x39, 0xfb, 0xff, 0xc0, 0xf,
    0xfd, 0xdc, 0xfa, 0x4, 0xda, 0x10, 0xe, 0x10,
    0x1, 0x67, 0x80, 0x49, 0x4b, 0xe8, 0x0, 0x10,
    0xb0, 0x3c, 0x3d, 0x0, 0xcb, 0xa7, 0x40, 0x1,
    0x25, 0xdc, 0x2f, 0x30, 0xe, 0x2d, 0xd3, 0x68,
    0x23, 0x11, 0xe0, 0x80, 0x78, 0xa3, 0x25, 0xc0,
    0x12, 0x86, 0xe0, 0x1c, 0x97, 0xae, 0xdb, 0x42,
    0x0, 0xb4, 0x8b, 0x20, 0x4, 0xda, 0xbf, 0x49,
    0x0, 0x75, 0xc2, 0x6d, 0x25, 0xcf, 0x40, 0x99,
    0x90, 0x40, 0x33, 0xeb, 0x29, 0x11, 0x80, 0x28,
    0xcb, 0x2a, 0x0, 0xc5, 0x3e, 0xc0, 0x1d, 0x7f,
    0xed, 0x30, 0xf, 0xc0,

    /* U+5F71 "影" */
    0x0, 0x8, 0xfe, 0x0, 0xe1, 0x10, 0x5, 0x9d,
    0xdf, 0x8c, 0x3, 0x6f, 0x80, 0x65, 0xff, 0xec,
    0x0, 0xc3, 0x85, 0x80, 0x19, 0x7f, 0xfb, 0x0,
    0x24, 0xf1, 0xc2, 0x0, 0xcb, 0xff, 0xd6, 0x0,
    0xab, 0x4c, 0x20, 0xe, 0x5e, 0xee, 0xa0, 0x7,
    0x55, 0x4, 0x3, 0xb7, 0x59, 0x67, 0xb9, 0x8d,
    0x34, 0x50, 0x0, 0xf4, 0x1, 0xab, 0x30, 0xca,
    0x19, 0xa3, 0x0, 0x87, 0xe, 0x42, 0x2e, 0xe9,
    0x4, 0xbb, 0xb4, 0x0, 0x7e, 0x7e, 0x21, 0x7d,
    0xbb, 0xfb, 0x81, 0xf0, 0xbc, 0x80, 0x28, 0xdd,
    0xfc, 0x17, 0xd, 0x82, 0x1, 0xc7, 0xff, 0xd0,
    0x0, 0x9c, 0x90, 0xf, 0x85, 0x9b, 0xb4, 0x0,
    0x46, 0x1, 0x4f, 0x8, 0x7b, 0x6d, 0x4c, 0xb4,
    0x50, 0x3, 0x9d, 0xa0, 0x41, 0x1a, 0x74, 0x27,
    0xc2, 0xc0, 0x35, 0x44, 0x18, 0x1, 0xc2, 0x40,
    0x12, 0x3c, 0x80, 0xf, 0x56, 0x9c, 0x1, 0x5,
    0xc6, 0xa0, 0x17, 0x3a, 0xde, 0x6, 0x28, 0x5,
    0x1e, 0x5f, 0x64, 0x80, 0x5c, 0xed, 0x3a, 0x60,
    0x1c, 0x21, 0x9f, 0xa4, 0x1, 0x16, 0xb0, 0x7,
    0x80,

    /* U+5F85 "待" */
    0x0, 0xc5, 0x22, 0x1, 0xd4, 0xc0, 0x1f, 0xee,
    0x41, 0x0, 0xe4, 0xf0, 0xf, 0xc3, 0x87, 0xe0,
    0x26, 0x78, 0x54, 0xcf, 0x0, 0x45, 0x85, 0x84,
    0x9, 0x99, 0x80, 0xf3, 0x31, 0x0, 0x30, 0x30,
    0xcc, 0xb, 0xbb, 0x81, 0x37, 0x71, 0x0, 0x37,
    0x44, 0x4c, 0x80, 0x22, 0xc2, 0x45, 0xc0, 0x11,
    0x80, 0x38, 0x6d, 0x57, 0x85, 0x95, 0x78, 0x40,
    0x29, 0x38, 0xba, 0xae, 0x0, 0x55, 0x71, 0x0,
    0x1d, 0x81, 0x23, 0xff, 0xee, 0x9, 0xff, 0x18,
    0x44, 0x0, 0x3f, 0xf8, 0xa6, 0xe9, 0x40, 0x1,
    0x77, 0xfa, 0x42, 0x1d, 0xc0, 0x71, 0x62, 0x0,
    0x29, 0x9f, 0x9c, 0x6, 0x64, 0x20, 0xe0, 0x18,
    0xfb, 0x95, 0xdd, 0xc1, 0x3d, 0xc1, 0x0, 0xfc,
    0xf6, 0x80, 0x1f, 0xfc, 0x57, 0x3a, 0x10, 0xf,
    0xfe, 0x2f, 0xc, 0x0, 0x7f, 0xf1, 0x4a, 0x30,
    0x3, 0xff, 0x8c, 0xea, 0xcd, 0x0, 0x7f, 0xf1,
    0x6a, 0x60, 0xdc, 0x3, 0xc9, 0xe4, 0x1, 0xec,
    0xff, 0x60, 0x80, 0x40,

    /* U+5F88 "很" */
    0x0, 0xc3, 0x24, 0x1, 0xff, 0xc5, 0xd7, 0x30,
    0xcf, 0xff, 0xce, 0x1, 0xd8, 0x7a, 0x20, 0x14,
    0xcf, 0x80, 0x38, 0xb4, 0xec, 0xc0, 0x25, 0x66,
    0xf0, 0x7, 0x61, 0xe2, 0x10, 0x4, 0xe6, 0x7e,
    0x0, 0xea, 0xf3, 0x1d, 0xa0, 0x1, 0x66, 0x78,
    0x3, 0x90, 0x42, 0x86, 0xc0, 0x9, 0xdd, 0xe0,
    0xf, 0xa5, 0x20, 0x40, 0x2, 0x3f, 0x0, 0x79,
    0xd8, 0x1c, 0x2, 0x55, 0xf8, 0x3, 0xa6, 0x0,
    0x3e, 0xaa, 0xf0, 0x6, 0x36, 0x59, 0x0, 0xe5,
    0xfd, 0xd, 0xff, 0x98, 0x0, 0x73, 0x40, 0x1f,
    0x88, 0x94, 0x0, 0x6e, 0x40, 0x3, 0x0, 0x7f,
    0xa9, 0x86, 0xa5, 0xd0, 0x3, 0xff, 0x82, 0xc3,
    0xc9, 0x70, 0x1, 0xff, 0xc2, 0x18, 0xa, 0x40,
    0xf, 0xfe, 0x23, 0x9d, 0x98, 0x7, 0xfc, 0x2c,
    0xca, 0xe3, 0xd1, 0xc6, 0x0, 0xfe, 0x42, 0x39,
    0x77, 0x10, 0xf9, 0xce, 0x88, 0x7, 0xcc, 0x11,
    0xba, 0x91, 0x1, 0xc9, 0xa1,

    /* U+5F97 "得" */
    0x0, 0xc5, 0x22, 0x4, 0x67, 0xf8, 0x80, 0x38,
    0x7d, 0x4, 0x33, 0x3f, 0xb8, 0x3, 0xb4, 0xfc,
    0x2, 0x7f, 0xff, 0x20, 0x6, 0x1c, 0x2c, 0x20,
    0x8, 0x8c, 0xfc, 0xe0, 0x1b, 0xc3, 0x8, 0x40,
    0x25, 0xdd, 0xf1, 0x80, 0x6a, 0xc2, 0x3e, 0x60,
    0x3, 0xf7, 0x79, 0x0, 0x32, 0x0, 0x34, 0x98,
    0x0, 0xfd, 0xde, 0x40, 0xf, 0x60, 0xf0, 0x3,
    0x73, 0x77, 0xd9, 0xc0, 0x1a, 0xcc, 0xc, 0x11,
    0xdf, 0xf9, 0x8c, 0x7, 0x10, 0x80, 0x3, 0x77,
    0xff, 0x40, 0x29, 0xcd, 0x80, 0x7, 0xff, 0xe8,
    0xe, 0xfb, 0x4, 0xc6, 0x0, 0x84, 0xcf, 0xed,
    0x5, 0x33, 0x0, 0xc, 0x3, 0x4e, 0x67, 0xca,
    0x17, 0x98, 0x10, 0xf, 0x47, 0x65, 0x77, 0x67,
    0xd, 0xee, 0x8, 0x7, 0xc3, 0x54, 0x21, 0x1b,
    0xc0, 0xc4, 0x40, 0x1f, 0xd2, 0x7a, 0x20, 0x1f,
    0xfc, 0x5d, 0x9, 0x0, 0xff, 0xe2, 0x8e, 0x4a,
    0x23, 0x40, 0x40, 0x3f, 0xf8, 0x24, 0x37, 0x65,
    0x60, 0xf, 0x9b, 0xc0, 0x3e, 0xff, 0xa4, 0x3,
    0x0,

    /* U+5FC3 "心" */
    0x0, 0xf8, 0x40, 0x3f, 0xf8, 0xf9, 0xa4, 0x1,
    0xff, 0xc5, 0xf0, 0xd5, 0x0, 0xff, 0xe2, 0x16,
    0xa5, 0x40, 0x7, 0xff, 0x16, 0xdd, 0xd4, 0x1,
    0xff, 0xc1, 0x73, 0x0, 0x44, 0x1c, 0x40, 0x3f,
    0xe1, 0x84, 0x0, 0x9f, 0x44, 0x5, 0x0, 0x39,
    0x70, 0x40, 0x3f, 0xd1, 0x62, 0x1, 0xb4, 0xc4,
    0x3, 0xfd, 0x60, 0xc0, 0x18, 0x88, 0x1, 0xff,
    0x12, 0x48, 0x6, 0x47, 0x0, 0xff, 0xe0, 0x70,
    0xa0, 0x0, 0x87, 0x0, 0x3f, 0xf8, 0xa, 0x1c,
    0x0, 0x40, 0x50, 0xf, 0xf2, 0x0, 0x11, 0x0,
    0xd, 0x3, 0x0, 0xff, 0x45, 0x6, 0x89, 0x83,
    0x28, 0x7, 0xfc, 0x46, 0x9, 0x26, 0x1b, 0x60,
    0x1f, 0xe1, 0x17, 0x81, 0x30, 0x4, 0x20, 0x1,
    0xa, 0x76, 0x6d, 0x40, 0x80, 0x1f, 0xe9, 0x38,
    0x99, 0xcb, 0x4, 0x1, 0x80,

    /* U+5FCC "忌" */
    0x3, 0xff, 0xff, 0xe0, 0xb8, 0x4, 0x53, 0x3f,
    0xfc, 0x0, 0xe, 0x16, 0x6f, 0xfe, 0x0, 0x7,
    0x89, 0x4c, 0xff, 0xc0, 0x1e, 0x9a, 0xcc, 0xff,
    0x0, 0x7e, 0xdd, 0xff, 0x98, 0x3, 0x8c, 0x8b,
    0xff, 0x81, 0x84, 0x0, 0x12, 0x10, 0xf, 0xf5,
    0x19, 0x80, 0x1e, 0x3d, 0xff, 0xfe, 0x66, 0x8,
    0x1, 0x7a, 0xea, 0x93, 0x13, 0x3a, 0xa9, 0x92,
    0x1, 0x85, 0x15, 0x59, 0x28, 0xcd, 0x2b, 0x88,
    0x4, 0x3a, 0x55, 0x40, 0xb3, 0xf1, 0x0, 0xbb,
    0x80, 0x13, 0x91, 0x8b, 0x0, 0xf9, 0x50, 0x5,
    0xe6, 0xa0, 0xa, 0x41, 0x0, 0xc5, 0x4a, 0x40,
    0xe4, 0x70, 0x6, 0x6e, 0x0, 0xf2, 0xf1, 0x4,
    0x34, 0x12, 0x78, 0xa8, 0x9, 0xbb, 0x37, 0x48,
    0x1a, 0xe, 0xf5, 0x0, 0x24, 0xa2, 0x67, 0x99,
    0x88, 0x19, 0x20,

    /* U+6001 "态" */
    0x0, 0xfe, 0xab, 0x0, 0xff, 0xe3, 0x20, 0x80,
    0x7f, 0xf1, 0x84, 0x80, 0x3f, 0xdb, 0xff, 0xf0,
    0x3f, 0xff, 0xe0, 0x4, 0x4c, 0xf8, 0x3, 0x4c,
    0xfc, 0x0, 0x56, 0x6e, 0x70, 0x59, 0x2, 0x66,
    0xf0, 0x7, 0xeb, 0x8, 0x63, 0xa1, 0x0, 0xff,
    0xe0, 0x42, 0xc1, 0x7, 0x6, 0x10, 0x7, 0xf0,
    0xdb, 0xad, 0xd0, 0x96, 0x9e, 0x30, 0x7, 0x8e,
    0x79, 0x26, 0xa1, 0x3d, 0xf, 0xca, 0x75, 0x84,
    0x1, 0x98, 0x77, 0x73, 0x2, 0x79, 0x40, 0xe,
    0x50, 0x4e, 0x80, 0x3e, 0xfa, 0x4, 0x0, 0xd9,
    0xd8, 0x1, 0x2e, 0x63, 0x40, 0x6, 0xb8, 0x71,
    0x80, 0xe3, 0x84, 0x1, 0x65, 0x18, 0x80, 0x48,
    0x62, 0x22, 0x1, 0xd3, 0xc1, 0x0, 0x42, 0x20,
    0x3, 0x71, 0x10, 0x3, 0xf, 0x99, 0x3, 0x30,
    0xa0, 0x2, 0x24, 0xa0, 0xf, 0x16, 0x98, 0x45,
    0x59, 0xa0, 0x2, 0x1, 0x80, 0x44, 0xca, 0xbd,
    0x3, 0xac, 0x1a, 0x0, 0x8a, 0x10, 0xa3, 0x9a,
    0xae, 0x75, 0x50, 0x55, 0x80,

    /* U+6015 "怕" */
    0x0, 0x85, 0x80, 0x3e, 0x13, 0x0, 0xfc, 0xb2,
    0x40, 0x1e, 0x6c, 0x40, 0xf, 0xfe, 0x26, 0xa,
    0x0, 0x7f, 0x31, 0x80, 0x99, 0xc8, 0x46, 0x78,
    0x40, 0xf0, 0x1, 0xba, 0x6, 0xcc, 0x80, 0xf3,
    0x34, 0x2, 0x88, 0x2, 0x85, 0x40, 0x19, 0x9f,
    0x0, 0x5c, 0xe0, 0x1, 0x6e, 0x0, 0x19, 0xfc,
    0x1, 0x1e, 0x80, 0x55, 0xe0, 0x1f, 0xfc, 0x4,
    0x30, 0x8, 0xd0, 0x3, 0xff, 0x81, 0x8, 0x1,
    0xf1, 0x17, 0xc0, 0x13, 0x80, 0x7e, 0xdd, 0xf8,
    0x3, 0xff, 0x81, 0x99, 0xf0, 0x7, 0xff, 0x0,
    0xcf, 0xe0, 0xf, 0xff, 0xcf, 0xff, 0xc0, 0x1f,
    0xfc, 0x7, 0x7f, 0x80, 0x3f, 0xf8, 0x11, 0x1f,
    0x7c, 0x80,

    /* U+6027 "性" */
    0x0, 0x8d, 0x40, 0x3e, 0x24, 0x0, 0xfd, 0x54,
    0x0, 0xcc, 0x61, 0x76, 0x0, 0xff, 0xe1, 0x4a,
    0x0, 0x7f, 0xf0, 0x48, 0x41, 0x1, 0x0, 0x3f,
    0x9a, 0x0, 0x11, 0x0, 0xc0, 0xb7, 0x60, 0x77,
    0xc6, 0x1e, 0x20, 0x9, 0x62, 0x70, 0x78, 0x0,
    0x44, 0x64, 0x2, 0xe0, 0x1, 0x94, 0x85, 0xff,
    0x98, 0x3f, 0xf3, 0x82, 0x98, 0x5, 0xee, 0x48,
    0x1, 0xfc, 0x62, 0x80, 0x11, 0x3d, 0x80, 0x7f,
    0x8a, 0x40, 0x3a, 0xd8, 0x3, 0xfc, 0x2c, 0x1,
    0xec, 0xff, 0x98, 0x3f, 0xf0, 0x7, 0xf4, 0xc4,
    0x40, 0x8, 0x8c, 0x1, 0xfc, 0xae, 0xf3, 0x3,
    0xbe, 0x0, 0xff, 0xfa, 0x1e, 0x67, 0x30, 0x66,
    0x70, 0x7, 0xcc, 0xdc, 0xa8, 0xcd, 0xc0, 0x1e,
    0x3a, 0xaf, 0x5d, 0x57, 0x0,

    /* U+6062 "恢" */
    0x0, 0x91, 0x0, 0x1c, 0xc4, 0x1, 0xff, 0x7f,
    0x80, 0x3a, 0x50, 0x3, 0xff, 0x8a, 0x40, 0x40,
    0x1f, 0xfc, 0x7, 0x92, 0xff, 0x68, 0x5f, 0xff,
    0xb4, 0x0, 0x9a, 0xe, 0x8b, 0x10, 0x20, 0x88,
    0xfa, 0xc0, 0x4, 0x20, 0xa, 0xb7, 0x72, 0x13,
    0xbd, 0x66, 0xee, 0x60, 0x7, 0xb0, 0x1, 0xc,
    0x40, 0x9c, 0x2, 0x30, 0xf, 0x16, 0x80, 0xe,
    0x4, 0x13, 0x4d, 0xc4, 0x1c, 0x25, 0x40, 0x8,
    0x60, 0x13, 0x81, 0x82, 0x5e, 0x98, 0x10, 0x30,
    0x80, 0x21, 0x0, 0x3a, 0xc0, 0xcd, 0xac, 0x2,
    0x60, 0x80, 0x7, 0x0, 0xf2, 0xa8, 0x15, 0x8,
    0x42, 0xd0, 0x3, 0xf8, 0xcb, 0x94, 0xe, 0x4,
    0x1b, 0x80, 0x3f, 0xa0, 0x91, 0xec, 0x4, 0xa,
    0x14, 0x3, 0xf2, 0xa4, 0x1, 0x29, 0x80, 0x15,
    0x80, 0x3f, 0x15, 0x9a, 0x80, 0x50, 0x53, 0x20,
    0xf, 0xe3, 0x5d, 0x0, 0x95, 0x2d, 0x82, 0x40,
    0x3f, 0xd, 0x88, 0x1, 0x69, 0x18, 0x2d, 0x9c,
    0x3, 0xfc, 0x57, 0x49, 0x60, 0x5, 0x78, 0xb0,
    0xf, 0xe3, 0x68, 0xb0, 0xd, 0x14, 0x60, 0x1a,
    0xec, 0x1, 0xe, 0xb8, 0x7, 0x96, 0x0,

    /* U+606F "息" */
    0x0, 0xff, 0xe8, 0x6d, 0x80, 0x7f, 0xf1, 0x10,
    0xb4, 0x3, 0xfe, 0x1f, 0xfd, 0x61, 0x3f, 0xfc,
    0x20, 0x1c, 0x61, 0x17, 0x7f, 0x98, 0x3, 0xf8,
    0x59, 0xbf, 0x8, 0x7, 0xf4, 0xee, 0xfe, 0x70,
    0xf, 0xea, 0xff, 0xfd, 0x20, 0x1f, 0xc4, 0x67,
    0xfb, 0x80, 0x3f, 0xa3, 0x33, 0xf3, 0x80, 0x7f,
    0x57, 0xff, 0xe9, 0x0, 0xfe, 0xbd, 0xdf, 0xd0,
    0x1, 0xf1, 0x55, 0xc4, 0x28, 0x2e, 0x22, 0xba,
    0x10, 0xe, 0x15, 0x66, 0x2a, 0x8f, 0x55, 0x73,
    0xb0, 0x6, 0x6e, 0x1f, 0x80, 0x2d, 0x49, 0x0,
    0x92, 0x54, 0x2, 0xb4, 0x10, 0xc, 0x72, 0x82,
    0xe, 0xe3, 0xb0, 0x2, 0x97, 0x80, 0x79, 0xb4,
    0x4a, 0x17, 0xc5, 0xc2, 0xd, 0x1, 0xd5, 0x9b,
    0xd0, 0xa, 0x6a, 0x0, 0xce, 0x0, 0x79, 0xcc,
    0xf9, 0x20, 0x42, 0x9c,

    /* U+607C "恼" */
    0x0, 0x8d, 0x0, 0x3c, 0x42, 0x1, 0xfd, 0x30,
    0x1, 0xee, 0xd0, 0xf, 0xfe, 0x2f, 0x9b, 0x0,
    0x7f, 0xa0, 0xff, 0xf6, 0x4, 0xff, 0xee, 0x5,
    0xc0, 0x2, 0x2c, 0x47, 0xfd, 0x20, 0x6c, 0x0,
    0x4c, 0x77, 0xf8, 0x49, 0xde, 0xf, 0x20, 0x6,
    0x3b, 0x58, 0x8, 0x5, 0x1a, 0x5a, 0x60, 0x5c,
    0x0, 0x54, 0xe5, 0x4e, 0x30, 0x41, 0xa0, 0x27,
    0x4, 0x40, 0x0, 0x64, 0x0, 0x8b, 0xa5, 0xe6,
    0x40, 0x1a, 0x48, 0x3, 0xea, 0x2d, 0x49, 0x0,
    0xe6, 0x0, 0xfe, 0xd0, 0x2, 0x80, 0x7f, 0xf0,
    0xdc, 0x1, 0x0, 0x1f, 0xfc, 0x22, 0x95, 0x97,
    0x40, 0xf, 0xfe, 0x0, 0xf9, 0x53, 0x25, 0x8,
    0x7, 0xfd, 0x7, 0xe0, 0x9, 0x90, 0x80, 0x7f,
    0xd3, 0x84, 0x0, 0x27, 0x0, 0xff, 0x87, 0xf7,
    0xff, 0xb4, 0x3, 0xfa, 0xe2, 0x3f, 0x28, 0x7,
    0xf1, 0xbb, 0xfe, 0x80, 0x0,

    /* U+60C5 "情" */
    0x0, 0x94, 0x80, 0x3c, 0x2c, 0x20, 0x1f, 0xd4,
    0x80, 0x26, 0x79, 0xe5, 0x8c, 0xf0, 0x80, 0x7c,
    0xb9, 0x9a, 0x42, 0x33, 0x34, 0x80, 0x77, 0xca,
    0x7f, 0xec, 0xb, 0xff, 0xd0, 0x0, 0x98, 0xe,
    0x63, 0xcf, 0xfb, 0x2, 0xff, 0xf0, 0x4, 0x5e,
    0x2, 0xb7, 0xbb, 0xa8, 0x27, 0x77, 0x0, 0x4c,
    0x40, 0x8, 0xe4, 0x77, 0xb0, 0x31, 0xdf, 0x28,
    0x0, 0x9c, 0x0, 0x5b, 0x33, 0x94, 0xda, 0x67,
    0x85, 0x0, 0x80, 0x2b, 0xcc, 0xff, 0xe0, 0xa,
    0xc8, 0x7, 0x3f, 0xff, 0xf4, 0x80, 0x5, 0x80,
    0x3c, 0x3b, 0xbf, 0x8, 0x7, 0xfc, 0x23, 0xfc,
    0x1, 0xff, 0xc0, 0xcc, 0xf8, 0x3, 0xff, 0x80,
    0x3f, 0xff, 0x10, 0x7, 0xfc, 0x3d, 0xdf, 0x10,
    0x7, 0xff, 0x3, 0x77, 0xe0, 0xf, 0xfe, 0x0,
    0x99, 0xfc, 0x40, 0x1f, 0xfc, 0x42, 0x55, 0x18,
    0x80, 0x7f, 0xf1, 0x2e, 0xc5, 0x60, 0x0,

    /* U+60F3 "想" */
    0x0, 0xc5, 0x84, 0x1, 0xff, 0xc5, 0x13, 0x10,
    0xb, 0xbf, 0xfe, 0x0, 0xf3, 0x80, 0x79, 0xae,
    0xf3, 0x80, 0x80, 0x3b, 0xfd, 0x61, 0x9f, 0xe6,
    0xe, 0x44, 0xdc, 0x1, 0xaa, 0xec, 0x0, 0x8b,
    0xb3, 0x84, 0xf7, 0x68, 0x0, 0xc8, 0x86, 0x0,
    0x72, 0x20, 0x41, 0x2a, 0xb3, 0x0, 0x7a, 0x0,
    0xd, 0x40, 0x16, 0xa2, 0x6e, 0x0, 0xe5, 0x54,
    0x4, 0xa6, 0x90, 0x4e, 0xee, 0x80, 0xc, 0x56,
    0xc8, 0xb, 0x80, 0x12, 0x44, 0x67, 0x0, 0x8b,
    0xe, 0x40, 0x22, 0xd2, 0xd, 0x55, 0xde, 0x1,
    0x13, 0xf8, 0x7, 0xed, 0x44, 0xdc, 0x1, 0xa4,
    0x80, 0x2, 0x20, 0x0, 0x9a, 0x55, 0x66, 0x11,
    0x0, 0x71, 0xf1, 0x3, 0x7f, 0x77, 0x7c, 0x70,
    0x6, 0x7e, 0x5, 0xf2, 0x64, 0xc4, 0x0, 0x96,
    0x58, 0x3, 0x52, 0x0, 0x75, 0x26, 0x81, 0x99,
    0x11, 0x22, 0x0, 0x52, 0xe0, 0xf, 0x5c, 0x82,
    0x60, 0x48, 0x58, 0x2, 0xd, 0x0, 0x42, 0x99,
    0xba, 0x90, 0x9, 0xc8, 0x1, 0xba, 0x0, 0x22,
    0x1e, 0x67, 0x8e, 0x0, 0x11, 0x0,

    /* U+610F "意" */
    0x0, 0xfd, 0x16, 0x1, 0xfc, 0x28, 0x9e, 0x24,
    0x94, 0x4e, 0x30, 0x3, 0xdd, 0xf9, 0x41, 0xae,
    0xfb, 0xc0, 0xd, 0xfe, 0xc0, 0xbf, 0xfe, 0x34,
    0xff, 0x60, 0x0, 0x46, 0x20, 0x81, 0x1c, 0xc7,
    0xa2, 0x39, 0x7b, 0xb0, 0x1f, 0x76, 0x90, 0x9e,
    0xeb, 0xd7, 0xbb, 0xff, 0x8a, 0x2, 0x2e, 0xef,
    0xfe, 0x4, 0x88, 0x7, 0x47, 0x77, 0xf0, 0x7,
    0xee, 0x22, 0xfe, 0x0, 0xfc, 0x9f, 0xff, 0xc0,
    0x1f, 0xab, 0x77, 0xf8, 0x3, 0xf4, 0x77, 0x7f,
    0x0, 0x7d, 0xfe, 0xef, 0xb0, 0x7f, 0xfd, 0xd4,
    0x1, 0xa7, 0x43, 0x29, 0x31, 0x74, 0x80, 0x11,
    0x86, 0x0, 0x36, 0xb0, 0xc, 0x7b, 0x65, 0x31,
    0x2b, 0xa2, 0x5a, 0x8c, 0x2, 0xc8, 0x91, 0x22,
    0x4, 0x2c, 0x20, 0xa6, 0xc0, 0x14, 0x57, 0x7c,
    0x16, 0x0, 0xf9,

    /* U+611F "感" */
    0x0, 0xff, 0xe9, 0xaf, 0x8c, 0xd9, 0x80, 0x7f,
    0xf0, 0x84, 0xe, 0x4f, 0x4, 0x3, 0x37, 0xff,
    0xeb, 0xd, 0xf7, 0xe, 0xe0, 0x4, 0x21, 0x77,
    0xf5, 0x3, 0x5d, 0xea, 0x0, 0xe4, 0x66, 0xf2,
    0x8f, 0x22, 0x1, 0xd0, 0x3, 0x9, 0xee, 0xf8,
    0xd7, 0x40, 0x15, 0x60, 0x1b, 0xc0, 0xff, 0xfc,
    0x66, 0x40, 0x61, 0x90, 0xc, 0x24, 0x1f, 0xfd,
    0xa1, 0x82, 0x90, 0xc2, 0x1, 0x95, 0x80, 0x15,
    0xba, 0x93, 0x4, 0x1b, 0x39, 0x0, 0xe3, 0xd0,
    0x3, 0x11, 0xc, 0x2, 0x10, 0x90, 0x1c, 0x0,
    0x18, 0x28, 0x2, 0x2a, 0x92, 0x0, 0x90, 0x7,
    0x1, 0x18, 0x2, 0x8, 0x81, 0x19, 0xba, 0xb8,
    0xc6, 0xaa, 0x2e, 0x41, 0x80, 0x50, 0x0, 0x77,
    0x98, 0x5a, 0x35, 0x55, 0x6e, 0xef, 0x0, 0x5a,
    0x90, 0x44, 0x0, 0x17, 0x88, 0x40, 0x7, 0x3c,
    0x30, 0x9, 0xb4, 0x51, 0x0, 0x38, 0x38, 0x0,
    0x20, 0x77, 0x0, 0x43, 0xc, 0x20, 0x18, 0x7d,
    0x4, 0x31, 0x1e, 0x8, 0x1, 0x41, 0x0, 0xe4,
    0x86, 0x61, 0xb2, 0x61, 0x38, 0x1a, 0x0, 0x4e,
    0x88, 0x79, 0xde, 0x67, 0x4a, 0xa0, 0x74, 0x0,

    /* U+613F "愿" */
    0x0, 0x4f, 0xff, 0xff, 0xd, 0x40, 0x6, 0x19,
    0x9e, 0x45, 0xcc, 0xf2, 0x0, 0x46, 0x62, 0x11,
    0xc8, 0xc2, 0x3c, 0x62, 0x1, 0xcf, 0xbd, 0xcf,
    0x3, 0xee, 0xbf, 0x44, 0x3, 0xf6, 0x63, 0x7f,
    0xd9, 0x94, 0x0, 0x7f, 0xbf, 0xff, 0x50, 0x7,
    0xfb, 0xff, 0xf5, 0x0, 0x79, 0xc0, 0x2f, 0xff,
    0xd4, 0x1, 0xc2, 0x0, 0x6f, 0x7c, 0xf8, 0x1f,
    0xe7, 0xef, 0x10, 0x9, 0xc8, 0xb, 0x54, 0x80,
    0x31, 0xa7, 0xa8, 0x6, 0x11, 0x36, 0xb6, 0x1a,
    0x68, 0x0, 0xb1, 0xaa, 0x40, 0x22, 0xf4, 0x8b,
    0x17, 0x86, 0x80, 0xa, 0x2f, 0x0, 0x4, 0x6,
    0x46, 0x8, 0xf8, 0xa2, 0x1, 0x19, 0x94, 0x0,
    0xe0, 0xa9, 0x63, 0x34, 0x15, 0x30, 0x0, 0x19,
    0x70, 0x6, 0x88, 0xb9, 0x44, 0x2, 0x3c, 0x10,
    0x75, 0xa8, 0x40, 0x57, 0x35, 0x90, 0x13, 0x38,
    0x69, 0x2f, 0x91, 0xc8, 0xad, 0x3c, 0x30, 0xa5,
    0xcc, 0xd6, 0x34, 0x10, 0xc5, 0xa8, 0x6, 0x0,
    0x6e, 0xff, 0xed, 0x30, 0x8,

    /* U+6162 "慢" */
    0x0, 0x94, 0x80, 0x3f, 0xf8, 0xd6, 0xa0, 0x4,
    0xff, 0xfe, 0x60, 0xf, 0xfb, 0xbf, 0xfb, 0x80,
    0x3f, 0x7b, 0x80, 0x59, 0xbb, 0xd8, 0x1, 0xd4,
    0x81, 0xf2, 0x60, 0xc, 0xdd, 0xec, 0x0, 0xe7,
    0x70, 0x1, 0x2c, 0x1, 0xfd, 0xdd, 0xe0, 0x1c,
    0x44, 0x0, 0x61, 0xa7, 0x7f, 0xfd, 0xcc, 0x0,
    0x20, 0x10, 0x3, 0x77, 0xf7, 0x7f, 0x7a, 0x82,
    0x20, 0x3, 0xdf, 0xe1, 0xbf, 0xb1, 0xff, 0x0,
    0x4b, 0xe0, 0x1e, 0x11, 0x0, 0x4, 0x0, 0x22,
    0x0, 0x8d, 0x0, 0x3d, 0xdc, 0x1b, 0xeb, 0x1e,
    0xe0, 0x7, 0xf2, 0x6e, 0xff, 0x67, 0xa8, 0x7,
    0xd7, 0xbb, 0xfd, 0x96, 0x1, 0xfa, 0xf4, 0x7,
    0x77, 0x90, 0x20, 0x3, 0xf0, 0x96, 0x87, 0x81,
    0x1c, 0x25, 0x18, 0x7, 0xf8, 0xbc, 0x37, 0xb8,
    0x96, 0xa0, 0x1f, 0xfc, 0x2, 0x40, 0x10, 0x57,
    0x0, 0xfe, 0x18, 0xbe, 0xc7, 0x6b, 0x64, 0xce,
    0xb8, 0x0, 0xf0, 0xb3, 0xb5, 0xf4, 0xa4, 0xfd,
    0x3b, 0x0, 0x77, 0x38, 0x76, 0x42, 0x0, 0x72,
    0xce, 0xc0, 0x0,

    /* U+6210 "成" */
    0x0, 0xff, 0xe, 0x20, 0xc0, 0x80, 0x7f, 0xf0,
    0xcc, 0x88, 0xbc, 0xc0, 0x1f, 0xfc, 0x43, 0xd8,
    0x99, 0x0, 0x63, 0x97, 0x66, 0xf0, 0x43, 0x30,
    0x54, 0x58, 0x2, 0x46, 0x89, 0x9e, 0x80, 0x19,
    0x99, 0x5e, 0x40, 0x3b, 0x7b, 0xbc, 0xb, 0xdd,
    0xde, 0x1, 0xc6, 0x23, 0xe3, 0x11, 0xc4, 0x1,
    0xf3, 0xa2, 0x4e, 0x40, 0xcc, 0x0, 0xe, 0x48,
    0x7, 0xa6, 0xee, 0x84, 0x2, 0x20, 0x1, 0x82,
    0x80, 0x37, 0x86, 0xf7, 0x34, 0x2, 0xe0, 0x20,
    0x94, 0x20, 0xf, 0x10, 0x88, 0xc0, 0xc1, 0x41,
    0xdc, 0x3e, 0x1, 0xc2, 0x1, 0x8c, 0x2, 0x30,
    0xe8, 0x54, 0x0, 0xe3, 0x20, 0xe, 0x10, 0x2,
    0x20, 0x6c, 0x3, 0xce, 0xc0, 0x13, 0x3, 0x80,
    0x10, 0x1c, 0x40, 0x48, 0x0, 0x25, 0x85, 0xf,
    0x0, 0x61, 0x0, 0x2, 0x0, 0x2e, 0x88, 0x38,
    0x21, 0x2d, 0x4, 0x8d, 0xbb, 0xc8, 0xa0, 0x40,
    0x21, 0x62, 0x61, 0xba, 0xc3, 0xf4, 0x98, 0x81,
    0x55, 0x21, 0x0, 0x42, 0x0, 0x38, 0x4b, 0x18,
    0x1, 0x8a, 0xa3, 0x80, 0x1d, 0x60, 0xe, 0x4c,
    0x30, 0x8, 0x6b, 0xf4, 0xc0,

    /* U+6216 "或" */
    0x0, 0xff, 0x53, 0x82, 0xa0, 0x7, 0xff, 0x9,
    0x30, 0x32, 0xf0, 0x80, 0x3f, 0xf8, 0x6, 0x0,
    0x9c, 0x1c, 0x0, 0x2c, 0x47, 0xf1, 0x24, 0x42,
    0xd5, 0x4c, 0x18, 0xef, 0xfc, 0x0, 0x77, 0xc9,
    0xa1, 0x3f, 0xff, 0xc8, 0x5f, 0xfd, 0x60, 0x2,
    0x55, 0xf1, 0x1, 0x10, 0x2, 0x66, 0x0, 0x4b,
    0x55, 0xe5, 0x1, 0x1, 0x0, 0x4e, 0x0, 0x61,
    0xff, 0xc0, 0x17, 0x1, 0x83, 0x7, 0x0, 0x7f,
    0xf0, 0x8, 0x1c, 0x28, 0x90, 0x3, 0xff, 0x80,
    0xa0, 0x48, 0x76, 0x1, 0xc2, 0xab, 0x80, 0x21,
    0x16, 0x48, 0xb0, 0x7, 0xaa, 0xb0, 0x8, 0x1,
    0x50, 0xac, 0x3, 0x9f, 0xff, 0xcc, 0x0, 0x10,
    0x15, 0x0, 0x8, 0x7, 0x85, 0x22, 0xc4, 0x94,
    0x10, 0x0, 0x5e, 0x40, 0x6f, 0x5b, 0xd6, 0xee,
    0x5c, 0x1, 0x40, 0x0, 0x88, 0x2b, 0x21, 0x1a,
    0x2f, 0xe2, 0xc7, 0x28, 0x64, 0x14, 0xb, 0xab,
    0x7a, 0xdd, 0x2a, 0xcb, 0x4d, 0x19, 0x97, 0x64,
    0x4, 0x52, 0x0, 0xda, 0xb8, 0x40, 0x9, 0x65,
    0x8, 0x0,

    /* U+624B "手" */
    0x0, 0xff, 0xe0, 0x13, 0x4a, 0x80, 0x71, 0x1a,
    0x2b, 0x44, 0xde, 0xfe, 0xca, 0x60, 0x6, 0x6d,
    0xcb, 0xa9, 0x56, 0x45, 0x9c, 0xed, 0x90, 0xc,
    0xd9, 0xbd, 0xfe, 0xd6, 0x18, 0x63, 0x10, 0xf,
    0x8c, 0x84, 0x3, 0xff, 0x86, 0x24, 0x5f, 0x9,
    0x17, 0xc0, 0x14, 0xee, 0xf9, 0x3, 0x77, 0xe0,
    0xa, 0xab, 0xe1, 0xa, 0xaf, 0x80, 0x22, 0x55,
    0xf3, 0x8a, 0xaf, 0xc0, 0x1f, 0xfc, 0x96, 0x77,
    0xf9, 0x85, 0xdf, 0xf0, 0xc4, 0x7e, 0x0, 0x44,
    0x7e, 0x2e, 0xff, 0xf9, 0x43, 0xff, 0xf1, 0x80,
    0x7e, 0x31, 0x0, 0xff, 0xf3, 0xab, 0xbc, 0x86,
    0x1, 0xff, 0xc1, 0xd8, 0x88, 0x20, 0x3, 0xff,
    0x83, 0x1f, 0xf6, 0xa8, 0x7, 0xf0,

    /* U+624E "扎" */
    0x0, 0x9f, 0x80, 0x32, 0xe8, 0x80, 0x7f, 0xbc,
    0x40, 0x31, 0x90, 0x7, 0xff, 0x8a, 0xbf, 0xce,
    0x1f, 0xec, 0x0, 0xff, 0xbe, 0x20, 0x0, 0x88,
    0x50, 0x7, 0xfc, 0xae, 0xf0, 0x3b, 0x98, 0x3,
    0xff, 0xb2, 0x60, 0x1f, 0xfc, 0x23, 0xb, 0xfe,
    0x0, 0xff, 0x96, 0xb9, 0x0, 0x11, 0xe0, 0x1f,
    0xf6, 0x23, 0x90, 0x5b, 0x90, 0x7, 0xfd, 0x3d,
    0x2a, 0x1, 0xff, 0xd3, 0x3b, 0x0, 0xff, 0xe2,
    0xba, 0x8, 0x7, 0xff, 0x10, 0xc0, 0x40, 0x3f,
    0x88, 0x21, 0x57, 0x52, 0x0, 0x15, 0x46, 0x20,
    0x19, 0x15, 0xaa, 0xb0, 0x40, 0x3, 0xe9, 0x60,
    0x3, 0xab, 0xff, 0xb4, 0xc0,

    /* U+6253 "打" */
    0x0, 0xde, 0xe0, 0x1f, 0xfc, 0xa1, 0x22, 0xff,
    0x0, 0x7f, 0x5e, 0xef, 0xf8, 0xc0, 0x3f, 0x45,
    0xdf, 0x0, 0xdd, 0xc6, 0x1f, 0xf0, 0x47, 0xf8,
    0x51, 0x38, 0x11, 0x30, 0x1, 0xde, 0x0, 0x3b,
    0x88, 0x3, 0xff, 0x81, 0x11, 0x4, 0x44, 0x20,
    0x1f, 0xfd, 0xa4, 0x20, 0xf, 0xfe, 0x11, 0x84,
    0x7d, 0xb8, 0x7, 0xfc, 0x35, 0xd8, 0x0, 0x8d,
    0x50, 0xf, 0xf8, 0x59, 0xe8, 0x21, 0xc8, 0x3,
    0xff, 0x83, 0x92, 0xa0, 0x1f, 0xff, 0xf0, 0x1,
    0x33, 0x80, 0x80, 0x65, 0x87, 0x80, 0x30, 0xf,
    0x4c, 0x1b, 0x80, 0x63, 0x78, 0x72, 0xa0, 0xe,
    0x2f, 0xf6, 0x8, 0x6, 0x6e, 0xff, 0x69, 0x80,
    0x60,

    /* U+6263 "扣" */
    0x0, 0xd8, 0xa0, 0x1f, 0xfc, 0x31, 0x33, 0x0,
    0x42, 0x45, 0xf0, 0x80, 0x7f, 0x66, 0xef, 0xd8,
    0x2, 0x44, 0xe, 0x21, 0x0, 0x25, 0xdf, 0x18,
    0x3, 0xb7, 0x1, 0xf7, 0x0, 0x2, 0x89, 0xce,
    0x0, 0xbb, 0x50, 0x25, 0xf0, 0x7, 0xfc, 0x89,
    0x6, 0xa1, 0x80, 0x7f, 0xf9, 0xfd, 0xec, 0x3,
    0xfe, 0x15, 0xa0, 0x68, 0x10, 0xf, 0xf0, 0xf5,
    0x20, 0x27, 0xd0, 0x7, 0xf8, 0x67, 0x78, 0x34,
    0x3, 0xff, 0x82, 0xc4, 0x1, 0xff, 0xcd, 0x44,
    0xf8, 0x3, 0xfe, 0x1b, 0xbe, 0x0, 0xff, 0xe0,
    0x1e, 0xef, 0x10, 0x0, 0x99, 0x80, 0x1e, 0x62,
    0x2e, 0x46, 0x0, 0x4c, 0x23, 0x80, 0x5b, 0x40,
    0x1d, 0x36,

    /* U+6267 "执" */
    0x0, 0x96, 0x40, 0x39, 0x68, 0x3, 0xfe, 0xd6,
    0x0, 0xe2, 0x50, 0xf, 0xff, 0x2b, 0xbc, 0xe,
    0xe3, 0x55, 0x50, 0x2a, 0xd2, 0x60, 0x1a, 0x20,
    0x0, 0x88, 0x5d, 0x50, 0x82, 0xaa, 0x6b, 0x0,
    0xdf, 0xe7, 0xf, 0xf4, 0x7f, 0x9c, 0x7f, 0xe0,
    0xf, 0xfe, 0x18, 0x98, 0x6, 0xf0, 0xf, 0xfe,
    0x9, 0x88, 0x7, 0xff, 0x5, 0x69, 0x7e, 0x19,
    0x80, 0x1f, 0xc4, 0xce, 0x14, 0xee, 0x87, 0x37,
    0x0, 0xfc, 0x7b, 0x20, 0xd, 0xd1, 0x3e, 0x1,
    0x58, 0x80, 0x78, 0xe3, 0x5c, 0x8, 0x2, 0x50,
    0x85, 0xe5, 0x0, 0xf3, 0x90, 0x7, 0xa8, 0xdf,
    0xcc, 0x3, 0xff, 0x84, 0x87, 0x40, 0x38, 0xa3,
    0xe0, 0x1f, 0xe1, 0x92, 0x60, 0xc, 0x62, 0x1a,
    0x40, 0x1f, 0x51, 0x48, 0x7, 0x39, 0x9, 0x0,
    0x11, 0x8c, 0x4b, 0x52, 0x50, 0x3, 0xb1, 0x2c,
    0x8, 0xe, 0x56, 0xc, 0x69, 0x80, 0x3c, 0xc8,
    0xb0, 0x0, 0x7f, 0xe6, 0x1c, 0x50, 0xf, 0xd7,
    0xee, 0x0,

    /* U+626B "扫" */
    0x0, 0xda, 0xa0, 0x1f, 0xfc, 0x42, 0x20, 0x7,
    0xff, 0x22, 0xff, 0xff, 0x68, 0x7, 0xef, 0x99,
    0xf9, 0x0, 0x1f, 0xf0, 0x47, 0xf9, 0x19, 0xbe,
    0x20, 0x4, 0xc4, 0x0, 0x62, 0x0, 0x1f, 0xf3,
    0x3b, 0x82, 0x5d, 0xc0, 0x1f, 0xfd, 0x83, 0x88,
    0xf9, 0x88, 0x3, 0xaa, 0x9c, 0xae, 0xff, 0x0,
    0x4f, 0x5e, 0x4, 0xcd, 0x7f, 0xfc, 0xc4, 0x10,
    0xea, 0xf, 0x90, 0x1, 0xff, 0x76, 0xd0, 0x78,
    0x7, 0xff, 0x4, 0x40, 0x3f, 0xfb, 0xc8, 0xab,
    0xf3, 0x98, 0x12, 0xb0, 0x8, 0x2, 0x2a, 0xbe,
    0x11, 0x0, 0x2a, 0x4d, 0xc0, 0x19, 0xdd, 0xf2,
    0x90, 0x17, 0xfb, 0x4, 0x2, 0x11, 0xfa, 0xb4,

    /* U+627E "找" */
    0x0, 0x8f, 0xcc, 0x3, 0x2f, 0x10, 0x20, 0x7,
    0xff, 0xc, 0x46, 0x2b, 0xb0, 0x7, 0xff, 0x9,
    0xc1, 0xcb, 0x12, 0xc0, 0x3f, 0xf8, 0x22, 0x4,
    0x7, 0x4a, 0x40, 0x1, 0xff, 0x60, 0x67, 0xd0,
    0x0, 0xc0, 0x40, 0xf, 0x4e, 0x80, 0x31, 0x4,
    0x4, 0x8f, 0x68, 0x80, 0x47, 0x7e, 0xdd, 0x78,
    0x1, 0xdd, 0x1, 0xe, 0xb2, 0xca, 0x0, 0x99,
    0x5e, 0xf5, 0x80, 0x7f, 0x7f, 0x62, 0x13, 0xb2,
    0x30, 0x7, 0xf0, 0x98, 0x4, 0x44, 0x0, 0xaa,
    0x0, 0x39, 0x3, 0x3b, 0x80, 0x17, 0x81, 0x4,
    0x8d, 0x80, 0xa, 0xfe, 0x0, 0x6b, 0x0, 0x25,
    0x4, 0x43, 0x41, 0x0, 0x9, 0xdd, 0x1, 0xaa,
    0x20, 0x11, 0x85, 0xd8, 0xdc, 0x3, 0x64, 0x20,
    0x7, 0xe2, 0x20, 0xe8, 0x7, 0xff, 0xd, 0x8,
    0x18, 0x40, 0x10, 0x20, 0x1f, 0xe6, 0xb2, 0x5,
    0x0, 0x9d, 0x0, 0x3f, 0x1e, 0x4a, 0xe4, 0x94,
    0x81, 0x83, 0x81, 0xad, 0x80, 0x49, 0x85, 0x54,
    0x16, 0x46, 0xde, 0x22, 0x3, 0x53, 0xa9, 0x82,
    0x5f, 0x28, 0x5, 0x6e, 0x44, 0x80, 0x2, 0xff,
    0xa8, 0x2, 0x40, 0xf, 0x47, 0xf2, 0x80,

    /* U+628A "把" */
    0x0, 0xa7, 0x80, 0x3f, 0xf9, 0x6d, 0xf1, 0x1f,
    0x90, 0x3, 0xfb, 0x41, 0xdf, 0xf6, 0x0, 0x7f,
    0x8b, 0xfd, 0x3, 0xff, 0x0, 0x6f, 0xf3, 0xf,
    0xf8, 0x3, 0xff, 0x85, 0x10, 0x0, 0x44, 0x0,
    0x3f, 0xf8, 0x4e, 0xe6, 0x17, 0x70, 0x7, 0xff,
    0xb4, 0x63, 0x11, 0xcb, 0xb9, 0x3, 0xdc, 0xf0,
    0x8, 0x5a, 0x98, 0x1d, 0x98, 0xe0, 0xcc, 0x77,
    0x33, 0x1c, 0x3, 0x4b, 0x80, 0x3e, 0x88, 0xa,
    0x23, 0xe2, 0xe0, 0x1e, 0xd6, 0x10, 0xf, 0xfe,
    0x6, 0xb0, 0x0, 0x40, 0x3f, 0xf8, 0x84, 0x1,
    0xff, 0xc7, 0xd8, 0x0, 0xff, 0xe2, 0x88, 0x78,
    0x7, 0xe3, 0x29, 0x66, 0xf5, 0x2, 0x81, 0xb2,
    0x80, 0x69, 0x46, 0x99, 0xf2, 0xc1, 0x3, 0xc9,
    0x40, 0x4, 0x37, 0xff, 0xf7, 0x38, 0x0,

    /* U+6295 "投" */
    0x0, 0x93, 0x4, 0x3, 0x10, 0x8c, 0x40, 0x1f,
    0x84, 0xcc, 0x1, 0x4e, 0xf7, 0x5b, 0x60, 0x1f,
    0xfc, 0x11, 0xa, 0xa8, 0x3, 0xff, 0x88, 0x4a,
    0xb2, 0x0, 0x70, 0xf7, 0x28, 0x37, 0xa0, 0xc,
    0x40, 0x3f, 0x86, 0x64, 0x40, 0xd3, 0x84, 0x88,
    0x0, 0xce, 0x1, 0xce, 0xe8, 0xb, 0x77, 0x60,
    0xc8, 0x4, 0x66, 0xee, 0x58, 0x7, 0xef, 0xd,
    0x10, 0xa, 0x2a, 0x21, 0xc0, 0x1f, 0xbb, 0xcc,
    0x3, 0x95, 0x98, 0xa0, 0x1e, 0x8d, 0xae, 0xff,
    0xfd, 0x0, 0x1, 0x7b, 0xa0, 0x54, 0xc0, 0x4,
    0x47, 0x18, 0x60, 0x5, 0x0, 0x41, 0xb2, 0x92,
    0x6, 0xef, 0x31, 0x1a, 0x0, 0x7, 0xee, 0x0,
    0x33, 0x25, 0x10, 0x2, 0x87, 0x80, 0x3f, 0xf8,
    0x14, 0x7e, 0x76, 0x96, 0x40, 0x1f, 0xfc, 0x1,
    0xf2, 0xc4, 0xa4, 0x0, 0xff, 0xe0, 0xa4, 0x80,
    0x52, 0xa0, 0x1c, 0x8b, 0x80, 0x69, 0x3d, 0x6b,
    0x3f, 0x25, 0x5d, 0x2a, 0x0, 0x3a, 0x76, 0x1e,
    0x64, 0xae, 0x60, 0x6e, 0xa5, 0x6f, 0x0, 0x3f,
    0xf4, 0x85, 0x7d, 0x28, 0x7, 0x2d, 0xfd, 0x0,

    /* U+6298 "折" */
    0x0, 0x8b, 0xd0, 0x3, 0xf0, 0xa4, 0x58, 0x7,
    0xc2, 0x1, 0x2c, 0xc5, 0xf7, 0x2d, 0xc0, 0xc0,
    0x3f, 0xd4, 0xc8, 0x2d, 0x5b, 0xf6, 0x60, 0x1f,
    0xe4, 0x3c, 0xa8, 0x52, 0x0, 0xee, 0xfd, 0xa,
    0xff, 0x0, 0x7f, 0xf0, 0x66, 0x18, 0xe, 0x20,
    0x1, 0xff, 0xc1, 0x77, 0x58, 0x4b, 0xb8, 0x0,
    0x6a, 0xbf, 0x84, 0x3, 0xfe, 0xaa, 0xfc, 0x80,
    0x1e, 0x15, 0x7, 0x3e, 0xe9, 0x83, 0xba, 0x50,
    0x9, 0xc2, 0xba, 0x84, 0x4c, 0x23, 0xf8, 0x6,
    0xba, 0x80, 0x13, 0xc2, 0x6, 0x1, 0xfc, 0x2c,
    0xc9, 0xa, 0x61, 0x2, 0x10, 0xf, 0xf6, 0x42,
    0x0, 0x61, 0xe, 0x0, 0xff, 0xe2, 0xb8, 0x20,
    0x7, 0xff, 0x17, 0x44, 0x80, 0x3f, 0xf8, 0x84,
    0x8c, 0x1, 0xff, 0x12, 0xa8, 0x4, 0x24, 0x24,
    0x3, 0xfe, 0x1a, 0x84, 0x40, 0x14, 0x88, 0x7,
    0xfc, 0x7f, 0xeb, 0x0, 0x4b, 0x0, 0x74, 0x70,
    0x6,

    /* U+629A "抚" */
    0x0, 0x9f, 0x80, 0x3f, 0xf8, 0xde, 0x1, 0x95,
    0xdd, 0x15, 0xe, 0xf8, 0x3, 0xfd, 0xf1, 0x7,
    0x57, 0x88, 0xc0, 0x1f, 0xea, 0xff, 0x50, 0x6f,
    0xfe, 0x0, 0xbb, 0xdc, 0x7f, 0xca, 0x1, 0xff,
    0xc1, 0x98, 0x0, 0x44, 0x1c, 0x2, 0x30, 0x30,
    0xf, 0x9d, 0xe1, 0x77, 0x10, 0x5, 0xc0, 0x20,
    0x1f, 0xfc, 0x17, 0xcc, 0x9c, 0x33, 0x3c, 0x40,
    0x1f, 0xb, 0x34, 0x0, 0x33, 0x33, 0x60, 0xe,
    0x18, 0xde, 0xaa, 0x81, 0xd0, 0xea, 0xb1, 0x2,
    0xd3, 0x83, 0x25, 0x0, 0xc, 0x34, 0x3, 0xf5,
    0x38, 0x3, 0xa4, 0x80, 0x16, 0xa, 0x1, 0xfb,
    0x74, 0xe2, 0x1, 0xcc, 0xa0, 0x1f, 0xc4, 0x1,
    0xf3, 0x8c, 0x80, 0x7f, 0xf1, 0xa, 0x14, 0xc0,
    0x3c, 0x60, 0x1f, 0x8b, 0xa, 0x80, 0x3e, 0xf8,
    0x4, 0x63, 0x0, 0x26, 0x7, 0x80, 0x42, 0x4a,
    0xa6, 0x3d, 0x2, 0x95, 0x80, 0x85, 0xf2, 0x0,
    0xb8, 0x2a, 0x92, 0x6a, 0xd, 0xfc, 0xc1, 0x96,
    0x20, 0x19, 0x3b, 0xfe, 0xc0,

    /* U+62A4 "护" */
    0x0, 0x8f, 0xcc, 0x3, 0xd4, 0xe0, 0x1f, 0xfc,
    0x5d, 0x84, 0x0, 0xff, 0xe2, 0x39, 0x48, 0x7,
    0xff, 0x6, 0x32, 0x20, 0xcf, 0x11, 0x20, 0x77,
    0xe0, 0x67, 0xc0, 0x39, 0xaa, 0x99, 0xd5, 0x4f,
    0x81, 0x2e, 0x80, 0x8f, 0x80, 0x8, 0xdd, 0xf0,
    0x4, 0xf1, 0x0, 0x88, 0x20, 0x7, 0xff, 0x73,
    0x48, 0xbc, 0x1, 0xf4, 0x64, 0x0, 0x17, 0x77,
    0xc0, 0x13, 0x56, 0x2, 0x36, 0x8, 0x2d, 0xdf,
    0x80, 0x29, 0x73, 0xc, 0xa4, 0x20, 0xe4, 0x4f,
    0x3e, 0x7, 0x6f, 0x80, 0x66, 0x6, 0x0, 0xf4,
    0x20, 0x8, 0x7, 0xb0, 0x8, 0x3, 0xff, 0x88,
    0xca, 0x1, 0xff, 0xc4, 0x60, 0xf0, 0xf, 0xf1,
    0xb5, 0x0, 0x94, 0x12, 0x80, 0x7f, 0x9e, 0x59,
    0x48, 0xf, 0x80, 0x3f, 0xe4, 0xff, 0x50, 0x16,
    0x98, 0x7, 0xf8,

    /* U+62A5 "报" */
    0x0, 0xd8, 0xa0, 0x1, 0x22, 0xfe, 0x0, 0xe1,
    0x32, 0x0, 0x4e, 0xef, 0xf0, 0x7, 0xff, 0x2,
    0xef, 0xc6, 0x1, 0xff, 0xc1, 0x44, 0xf2, 0x88,
    0x5, 0x9d, 0xc0, 0x8e, 0xa0, 0xf, 0xca, 0x40,
    0x15, 0xb3, 0x0, 0xd, 0x80, 0x1a, 0xbb, 0xa3,
    0xa0, 0x9, 0xe2, 0x1, 0x10, 0x60, 0xd, 0x75,
    0x56, 0xb0, 0x7, 0xff, 0x1, 0x10, 0xa0, 0x13,
    0x30, 0x40, 0x3f, 0xeb, 0xbf, 0xa6, 0x0, 0x3d,
    0x39, 0x60, 0xa, 0xa, 0xee, 0xac, 0x34, 0x0,
    0xb3, 0xc0, 0x22, 0xc0, 0x2, 0x97, 0x88, 0xd8,
    0x8, 0x3, 0x4c, 0x40, 0xda, 0xe0, 0x15, 0xa9,
    0x80, 0x19, 0x80, 0x1, 0xae, 0xc0, 0xe0, 0xe,
    0x62, 0xf0, 0x71, 0xa0, 0x9, 0x44, 0x3, 0xfa,
    0x4e, 0x61, 0x4c, 0x3, 0xff, 0x84, 0x8a, 0xc1,
    0x60, 0x1f, 0xfc, 0x41, 0x0, 0x28, 0x7, 0xff,
    0xe, 0xd1, 0xca, 0xdc, 0x2, 0x56, 0x60, 0x8,
    0x6, 0x4d, 0x49, 0x8c, 0x38, 0xd2, 0xf, 0x98,
    0x47, 0x0, 0xc2, 0x18, 0xc0, 0x39, 0xe, 0x41,
    0x5f, 0xeb, 0x10, 0x4, 0x7a, 0xe9, 0x80, 0x67,
    0xa0,

    /* U+62B1 "抱" */
    0x0, 0x97, 0x0, 0x32, 0x50, 0x80, 0x7f, 0xc6,
    0x60, 0xd, 0xce, 0x20, 0x1f, 0xfc, 0x41, 0x56,
    0x33, 0xf2, 0x88, 0x7, 0xf3, 0x2, 0x66, 0x7a,
    0xa0, 0x7, 0x31, 0x21, 0x96, 0x32, 0x99, 0x9f,
    0x0, 0x80, 0x15, 0x40, 0x6, 0x2b, 0x19, 0x33,
    0xf8, 0x40, 0x3, 0x33, 0x5, 0x62, 0x86, 0xff,
    0xe7, 0x0, 0xf, 0x80, 0x7c, 0xb4, 0x81, 0x33,
    0x0, 0x70, 0x80, 0x7e, 0x50, 0x36, 0x68, 0x40,
    0x2, 0x1, 0xfa, 0x34, 0x3, 0xf8, 0xc0, 0xc0,
    0xb, 0x32, 0x7, 0x70, 0x81, 0xaa, 0xc2, 0x0,
    0x10, 0x60, 0x5a, 0x70, 0x7, 0x50, 0x80, 0x2a,
    0xa0, 0x9, 0x40, 0x81, 0x2f, 0xa4, 0x4, 0x2,
    0x3f, 0xfb, 0x3d, 0xec, 0x44, 0x2, 0x80, 0x1f,
    0xf1, 0x2d, 0xd, 0x0, 0x7f, 0xf0, 0xc7, 0x75,
    0x89, 0x2, 0x1, 0xf8, 0x40, 0x3f, 0x13, 0xa8,
    0x7, 0xe3, 0x33, 0xaa, 0xfa, 0x41, 0x41, 0x1f,
    0x40, 0x35, 0x9c, 0x55, 0x79, 0x64, 0x40, 0xa1,
    0x60, 0x2, 0x2c, 0xff, 0xfb, 0x98, 0x0,

    /* U+62E8 "拨" */
    0x0, 0x9e, 0xc0, 0x3e, 0x58, 0x0, 0xfe, 0xe5,
    0x0, 0xda, 0xa1, 0xca, 0xd, 0x60, 0x1f, 0xf1,
    0x93, 0x2, 0xb8, 0x3b, 0x60, 0x7, 0xfa, 0x88,
    0xc4, 0x5a, 0x3, 0xe2, 0x60, 0xa, 0xc6, 0x1c,
    0xa1, 0x65, 0x4, 0x3, 0x0, 0x16, 0x18, 0x0,
    0x98, 0x0, 0xc5, 0x20, 0xff, 0x41, 0x7f, 0xf7,
    0x79, 0x84, 0x53, 0xd, 0x45, 0x4d, 0xd8, 0x1,
    0x77, 0xe3, 0x0, 0xf8, 0x99, 0x18, 0x25, 0x13,
    0xc0, 0x1f, 0x8, 0x5, 0x41, 0x3d, 0xd7, 0xf0,
    0x80, 0x63, 0x1b, 0xe0, 0x9, 0xc2, 0x62, 0x20,
    0x0, 0x80, 0x1f, 0x14, 0x1e, 0x40, 0xe, 0x0,
    0x66, 0x9c, 0x18, 0x2, 0x81, 0x0, 0x63, 0x0,
    0xc9, 0x83, 0x80, 0x2c, 0x24, 0x2, 0xdd, 0x30,
    0x80, 0x56, 0x3f, 0x10, 0x24, 0x58, 0x10, 0x8,
    0x80, 0x39, 0x95, 0xcd, 0xcb, 0x6c, 0x9c, 0x3,
    0xf9, 0xa4, 0xe0, 0x1, 0x20, 0xf, 0x0, 0xff,
    0x41, 0xe8, 0x0, 0xe8, 0x1, 0xc2, 0x1, 0xfd,
    0x9a, 0x22, 0x9c, 0xd, 0xa3, 0xf4, 0x0, 0x91,
    0xd0, 0x0, 0x43, 0x1c, 0xcc, 0xe2, 0x5c, 0xb,
    0xb1, 0x0, 0x20, 0xe0, 0x3, 0x26, 0x48, 0x4,
    0x7e, 0xec, 0x60, 0x9f, 0xcc, 0x1, 0x45, 0x98,
    0x7, 0xc, 0x68, 0x80,

    /* U+62E9 "择" */
    0x0, 0x9b, 0xc0, 0x3f, 0xf8, 0xc2, 0x1, 0x17,
    0xff, 0xf6, 0x80, 0x7f, 0x14, 0x80, 0x26, 0x73,
    0x83, 0x80, 0x7f, 0x9b, 0x40, 0x59, 0xa4, 0x1b,
    0x0, 0xf, 0xfa, 0x3, 0xfc, 0xa0, 0x55, 0xc,
    0x38, 0x58, 0x20, 0x1, 0x88, 0x8, 0x44, 0x1c,
    0x0, 0xb1, 0x3c, 0x5a, 0x40, 0x19, 0xdd, 0x20,
    0xee, 0x20, 0x1, 0x68, 0x4, 0xe0, 0x1f, 0xfc,
    0x4, 0xad, 0x4a, 0xd2, 0xbc, 0x61, 0x0, 0xfd,
    0x76, 0x79, 0xe4, 0xc, 0xb0, 0x9e, 0x30, 0xb,
    0xc2, 0xbf, 0xb3, 0x58, 0x23, 0x1, 0x33, 0x6c,
    0xc5, 0xed, 0xc1, 0xe1, 0x1d, 0x9b, 0xb, 0x36,
    0x40, 0x4, 0x38, 0x86, 0xb8, 0xec, 0xcc, 0x0,
    0x99, 0xb8, 0x0, 0x3d, 0x92, 0x1, 0xa7, 0xfe,
    0x61, 0xff, 0xa8, 0x2, 0x10, 0xf, 0x8, 0xe3,
    0x11, 0xf0, 0x7, 0xea, 0xee, 0xca, 0x1d, 0xdc,
    0x40, 0x1f, 0x4d, 0xde, 0x10, 0xbb, 0xe2, 0x3,
    0x6c, 0x0, 0x8d, 0x13, 0x38, 0xa2, 0x70, 0x1,
    0xa5, 0x60, 0x3, 0xff, 0x88, 0xbf, 0xce, 0x1,
    0xf4, 0x78, 0x7, 0x80,

    /* U+6309 "按" */
    0x0, 0xff, 0xe5, 0xbf, 0x80, 0x7d, 0xd0, 0x1,
    0xff, 0xc6, 0x56, 0x0, 0xff, 0xe0, 0x93, 0x37,
    0xc, 0xb3, 0x4a, 0x1, 0xf9, 0xe6, 0x22, 0x20,
    0x78, 0x84, 0xd8, 0x17, 0xfa, 0x3, 0xfc, 0x41,
    0xfd, 0xfb, 0xfd, 0xd3, 0x80, 0xe, 0x20, 0x21,
    0x10, 0x10, 0xa, 0x74, 0x40, 0x3c, 0x2e, 0xe9,
    0x7, 0x72, 0xa8, 0x41, 0x50, 0x40, 0x2d, 0x70,
    0xf, 0xc7, 0x40, 0x65, 0xa0, 0x19, 0x64, 0x3,
    0xf6, 0xf7, 0x30, 0x27, 0xbb, 0xc4, 0x1, 0xe3,
    0x49, 0x60, 0x4, 0x4c, 0x84, 0x4d, 0x26, 0x1,
    0x60, 0x76, 0x73, 0xf0, 0x63, 0xbc, 0x47, 0xe,
    0x25, 0x5e, 0x80, 0x96, 0xe1, 0x66, 0x60, 0x0,
    0x92, 0x0, 0x64, 0x53, 0xa, 0x40, 0x72, 0xb0,
    0xa, 0x42, 0x80, 0x22, 0xea, 0xb0, 0xc, 0x41,
    0x14, 0x42, 0xca, 0x40, 0x1f, 0xf2, 0xfd, 0x3e,
    0xf0, 0xc0, 0x7, 0xff, 0x9, 0x7c, 0x2, 0x40,
    0xf, 0xfe, 0x8, 0xc6, 0xd, 0x24, 0xe1, 0x80,
    0x48, 0xba, 0x1, 0x2d, 0xf3, 0xbb, 0xd6, 0xe8,
    0xb2, 0x0, 0x19, 0x49, 0x0, 0x13, 0x46, 0xc8,
    0x80, 0x17, 0xd4, 0x2, 0x8f, 0xe7, 0x0, 0x2e,
    0xb9, 0x0, 0x70, 0xd4, 0x0,

    /* U+6362 "换" */
    0x0, 0x9e, 0xc0, 0x39, 0x2c, 0xc0, 0x3f, 0xdc,
    0xa0, 0x1d, 0x2a, 0x40, 0x1, 0x0, 0xff, 0xe0,
    0xb9, 0xf, 0x7f, 0xbb, 0x0, 0x3f, 0xe3, 0x83,
    0xcc, 0xa0, 0x2c, 0x3, 0x56, 0x30, 0xe4, 0x9e,
    0x9e, 0x19, 0xd4, 0x8e, 0x1, 0x8d, 0x80, 0xc,
    0x18, 0x22, 0xbb, 0xbc, 0x9e, 0xdc, 0x2, 0x9a,
    0x61, 0xa9, 0xb0, 0x6c, 0xc2, 0x83, 0xda, 0xe8,
    0x7, 0xf2, 0x9, 0xbb, 0x98, 0x61, 0xcc, 0x3,
    0xff, 0x9e, 0x33, 0x40, 0x1c, 0x26, 0x1, 0xf2,
    0xd3, 0x2, 0x68, 0x7, 0x18, 0x80, 0x7d, 0x48,
    0x0, 0xd3, 0xc1, 0x7c, 0xc2, 0x9e, 0x60, 0x97,
    0x0, 0x1b, 0xcc, 0x20, 0xe8, 0xee, 0x47, 0x0,
    0x22, 0x1d, 0xc8, 0x0, 0x20, 0xc, 0x71, 0x18,
    0x40, 0x1f, 0x11, 0x80, 0x3f, 0xe5, 0x55, 0x4c,
    0x18, 0x7, 0xff, 0x5, 0x69, 0x95, 0x93, 0x48,
    0x3, 0xfe, 0x9a, 0x69, 0x0, 0x51, 0xe2, 0x0,
    0x46, 0xea, 0x60, 0xdc, 0xd3, 0x20, 0x8, 0x70,
    0xae, 0x84, 0x1, 0x3, 0x61, 0xa9, 0xac, 0x1,
    0xc3, 0x90, 0x22, 0x3, 0xfd, 0x60, 0xba, 0x20,
    0xf, 0xcf, 0x60,

    /* U+63A5 "接" */
    0x0, 0xb9, 0xc0, 0x3c, 0xf4, 0x1, 0xff, 0xc6,
    0x45, 0x50, 0x7, 0xff, 0x5, 0xfb, 0xad, 0xa,
    0xee, 0xc8, 0x1, 0xf9, 0x21, 0xa6, 0x26, 0x50,
    0x93, 0xc, 0x9, 0xfe, 0x18, 0xf7, 0x36, 0x5d,
    0x66, 0x95, 0x44, 0xc4, 0xd, 0x10, 0x1, 0x84,
    0x0, 0x4a, 0x98, 0x2, 0x9, 0x40, 0x22, 0x77,
    0xc, 0xb9, 0x80, 0x11, 0x40, 0x8, 0x89, 0x0,
    0xff, 0x1f, 0xfc, 0xb9, 0xf6, 0x17, 0xfe, 0xd0,
    0xf, 0x8e, 0xef, 0x23, 0xdd, 0xf7, 0x0, 0x61,
    0xba, 0x44, 0xce, 0x9a, 0x89, 0xc6, 0x2, 0xb4,
    0x6, 0x86, 0xab, 0x60, 0x1, 0x57, 0xc0, 0xf4,
    0x80, 0x7c, 0x15, 0x50, 0x2, 0xab, 0xe1, 0x7b,
    0xe1, 0xb0, 0x7f, 0xf1, 0xa7, 0xfd, 0xc1, 0x1f,
    0xe1, 0x12, 0x0, 0x7a, 0x8e, 0x40, 0x29, 0x6,
    0x0, 0xff, 0x94, 0x3e, 0x4, 0xdd, 0x84, 0x3,
    0xfe, 0xfd, 0x56, 0xec, 0x9, 0x0, 0xff, 0xe0,
    0x95, 0xa8, 0x5, 0x88, 0x1, 0x99, 0x82, 0x20,
    0x37, 0xae, 0xc7, 0xaf, 0xb0, 0xbb, 0x8, 0x3,
    0x24, 0xdc, 0x1a, 0x42, 0x77, 0x14, 0x13, 0x25,
    0x8c, 0x1, 0x5f, 0x82, 0xb, 0xd4, 0xe4, 0x1,
    0xcd, 0xa4, 0x0,

    /* U+63A7 "控" */
    0x0, 0xb1, 0x80, 0x3c, 0x56, 0x40, 0x1f, 0xc4,
    0x20, 0x1e, 0x24, 0xb0, 0xf, 0xfe, 0xa, 0xb3,
    0x60, 0x66, 0xe5, 0x0, 0xfd, 0x73, 0x11, 0x0,
    0xc4, 0x53, 0x60, 0xbf, 0xe1, 0x8f, 0x80, 0x8e,
    0xeb, 0xfb, 0xb3, 0x80, 0x1e, 0x20, 0x0, 0x8c,
    0x0, 0x96, 0xc4, 0x28, 0xc3, 0xcc, 0x9, 0xdc,
    0x30, 0xe9, 0xee, 0x74, 0x42, 0x0, 0xc4, 0x7d,
    0x0, 0xfc, 0x2b, 0x89, 0x20, 0xa, 0x6b, 0x50,
    0xf, 0xe7, 0xa5, 0xb0, 0xd, 0x2d, 0x46, 0x1,
    0xd9, 0x2c, 0xaf, 0x40, 0x1e, 0x9a, 0x30, 0x1,
    0xc0, 0xa3, 0x99, 0x1e, 0x67, 0xed, 0x0, 0x3e,
    0x38, 0x27, 0x28, 0x1a, 0xac, 0x66, 0x55, 0xb8,
    0x0, 0xb5, 0xe3, 0x80, 0x14, 0x4c, 0xc0, 0xd3,
    0x33, 0x0, 0x9, 0x40, 0x3f, 0xfd, 0xec, 0xc1,
    0x0, 0x2d, 0x57, 0x3, 0x55, 0x70, 0x2, 0xe4,
    0xd4, 0xc, 0x47, 0x8c, 0xc2, 0x3c, 0x0,

    /* U+63CF "描" */
    0x0, 0xad, 0x40, 0x32, 0xe0, 0x4, 0x58, 0x40,
    0x1c, 0xa4, 0x1, 0x88, 0xc0, 0x21, 0x31, 0x0,
    0xff, 0xf, 0x80, 0x8c, 0xe0, 0xe2, 0x1, 0xfb,
    0x79, 0xc3, 0xba, 0xb0, 0xbe, 0xd5, 0xff, 0xc,
    0x7c, 0xf5, 0xa0, 0x5d, 0xd0, 0x11, 0x7c, 0xf1,
    0x0, 0x18, 0xd3, 0x4c, 0x4, 0x4c, 0x8, 0x83,
    0x27, 0x70, 0xcb, 0xa0, 0x7, 0xff, 0x1c, 0x50,
    0xe9, 0x12, 0x7a, 0x74, 0x10, 0xf, 0xa, 0x5d,
    0xaa, 0xef, 0x55, 0xd9, 0x0, 0x21, 0x8e, 0x80,
    0x7, 0x74, 0xf, 0xdc, 0xb0, 0x1, 0xcf, 0x0,
    0x12, 0x80, 0x2, 0x3b, 0xc4, 0x40, 0x12, 0x32,
    0x3, 0xd1, 0x80, 0x7f, 0xf0, 0x1b, 0xe8, 0x7c,
    0x3, 0x7f, 0xc3, 0x1f, 0xeb, 0x0, 0x8, 0x7,
    0xe9, 0xaa, 0x1, 0x55, 0x18, 0x3, 0xfe, 0x65,
    0x50, 0xd2, 0xab, 0x40, 0x3f, 0xf9, 0x4a, 0xc2,
    0x1, 0xdf, 0xdc, 0x18, 0xee, 0x58, 0x5, 0x12,
    0x6a, 0x1, 0xa2, 0x29, 0x94, 0x41, 0x40, 0x2d,
    0xfc, 0x20, 0x2, 0xf3, 0xb3, 0x7a, 0xbd, 0x40,

    /* U+6469 "摩" */
    0x0, 0xfe, 0x3d, 0x30, 0xf, 0xf1, 0xa1, 0x9f,
    0x39, 0x61, 0x9f, 0xc0, 0x16, 0xde, 0x67, 0x58,
    0x3, 0x33, 0xe0, 0xc, 0xff, 0xf4, 0xef, 0xff,
    0x74, 0xff, 0xc0, 0x1c, 0x24, 0x49, 0x52, 0x20,
    0x11, 0x1e, 0x48, 0xa0, 0xe, 0xac, 0xd0, 0x8c,
    0xc0, 0xe6, 0x24, 0x37, 0x30, 0x1, 0xd7, 0xcc,
    0x0, 0xae, 0x1e, 0xb0, 0x1, 0xf7, 0x0, 0x3d,
    0x24, 0x31, 0x32, 0x8, 0xa8, 0x14, 0xd2, 0x0,
    0xec, 0x2b, 0x33, 0x6d, 0x4a, 0xe1, 0x84, 0x2e,
    0x0, 0x6f, 0xdb, 0xa, 0x60, 0x2b, 0x96, 0xd1,
    0x88, 0x78, 0x7, 0xc, 0x74, 0xef, 0xf6, 0xdf,
    0x8c, 0xd8, 0x8, 0x4, 0x22, 0x8, 0xfe, 0xff,
    0x60, 0x5d, 0x43, 0x18, 0x7, 0x88, 0x3f, 0xbf,
    0xec, 0xb, 0xff, 0xe2, 0x0, 0x10, 0x38, 0x77,
    0x75, 0x85, 0x77, 0x71, 0x0, 0x1c, 0x9, 0x15,
    0x7b, 0x3, 0x55, 0x79, 0x0, 0x1a, 0x22, 0x88,
    0xf3, 0x83, 0xc4, 0x78, 0x0, 0xa8, 0x19, 0x9f,
    0x5, 0xe6, 0x78, 0x8, 0x9e, 0x1, 0x84, 0x88,
    0xc0, 0xe0, 0x1f, 0x1a, 0x28, 0x6, 0x9d, 0xd5,
    0x21, 0x80, 0x7c, 0x36, 0x1, 0xd1, 0xff, 0x58,
    0x7, 0xe0,

    /* U+6478 "摸" */
    0x0, 0xad, 0x40, 0x3b, 0x14, 0x0, 0xd8, 0x1,
    0xf2, 0x90, 0x0, 0x8a, 0x3d, 0x22, 0x61, 0x91,
    0x4, 0x3, 0xf6, 0xec, 0xf, 0xba, 0x50, 0xdd,
    0x60, 0x7, 0xed, 0xd8, 0x1f, 0x74, 0xa1, 0xba,
    0xc0, 0x2c, 0xc0, 0xc6, 0x31, 0x14, 0xb8, 0x44,
    0xe5, 0x22, 0x8, 0x1, 0x98, 0x0, 0x63, 0x1f,
    0xf2, 0xdf, 0xfa, 0xd7, 0xec, 0x0, 0x55, 0x41,
    0x8a, 0x50, 0x4, 0xee, 0xf9, 0x1c, 0x3, 0xfe,
    0x11, 0xf9, 0xc0, 0x3f, 0xf8, 0x13, 0xbb, 0xe3,
    0x0, 0xfb, 0x5e, 0x0, 0x17, 0xdd, 0xe4, 0x0,
    0x85, 0x64, 0x56, 0xbc, 0x1, 0x7d, 0xde, 0x40,
    0x9, 0x69, 0x41, 0x75, 0xc7, 0x37, 0x54, 0x2f,
    0xba, 0xce, 0x0, 0x27, 0x60, 0xe8, 0x0, 0x84,
    0x62, 0xc, 0x11, 0x80, 0x40, 0x2, 0x1, 0x9b,
    0x77, 0x48, 0x56, 0xee, 0xc0, 0xf, 0x9b, 0x76,
    0xa0, 0x30, 0x3d, 0xdb, 0xc0, 0x3f, 0x11, 0x1a,
    0xcb, 0x2c, 0xe4, 0xc8, 0x80, 0x6, 0x60, 0x80,
    0xd, 0xf2, 0xd7, 0x1, 0x2d, 0x7a, 0x54, 0x1,
    0x72, 0x6c, 0x15, 0x2d, 0x96, 0x20, 0x4, 0xe8,
    0x4e, 0x0, 0x6f, 0xe0, 0x84, 0xf5, 0x18, 0x7,
    0x9f, 0x6c, 0x0,

    /* U+64AD "播" */
    0x0, 0x96, 0xc0, 0x3e, 0x24, 0x68, 0xba, 0x0,
    0xe2, 0x50, 0x2, 0x6f, 0x7f, 0xb6, 0xec, 0x66,
    0xf0, 0xf, 0xe5, 0x84, 0xcd, 0x71, 0xdb, 0x21,
    0x0, 0xfe, 0x14, 0x55, 0x17, 0x80, 0x9, 0x58,
    0x2, 0xbb, 0x40, 0xdd, 0x84, 0x4b, 0x60, 0x1a,
    0xd0, 0x80, 0x26, 0x60, 0x1, 0x98, 0x8a, 0x4c,
    0xca, 0x16, 0x61, 0x2a, 0x84, 0x37, 0x50, 0x3b,
    0xac, 0xb6, 0x59, 0x20, 0x90, 0x7b, 0xb2, 0x80,
    0x7d, 0x3d, 0xca, 0x2, 0x3, 0x4e, 0xe9, 0x0,
    0x3c, 0x20, 0x6, 0xb7, 0xa1, 0xd6, 0xc2, 0x0,
    0xee, 0x1c, 0xf1, 0xa9, 0x94, 0x0, 0x7, 0x5f,
    0x18, 0x0, 0xd8, 0xc0, 0xc9, 0xc9, 0x48, 0x40,
    0xa4, 0x49, 0x49, 0x71, 0x97, 0x20, 0xaa, 0x5a,
    0xd6, 0xea, 0x13, 0x76, 0x5e, 0x71, 0xfb, 0xa1,
    0x0, 0x20, 0x2f, 0xfa, 0xb, 0xfd, 0x20, 0x20,
    0x1f, 0xe6, 0x22, 0x69, 0x15, 0xe0, 0x1f, 0xfc,
    0x3, 0xdd, 0x28, 0x6e, 0x98, 0x3, 0xff, 0x80,
    0xbf, 0xe8, 0x2f, 0xf4, 0x80, 0x7f, 0xf0, 0x16,
    0xa9, 0x5, 0x54, 0x90, 0xc, 0x8d, 0x86, 0x1,
    0xdb, 0xa7, 0x76, 0xe8, 0x40, 0x31, 0x4b, 0x58,
    0x5, 0x5c, 0xee, 0x88, 0x3b, 0xbb, 0xc0, 0x0,

    /* U+64CD "操" */
    0x0, 0xad, 0x80, 0x3f, 0xf8, 0xca, 0x20, 0x1b,
    0xbf, 0xfc, 0x80, 0x1f, 0xfc, 0x17, 0xdd, 0xac,
    0x3, 0xff, 0x87, 0xe4, 0x53, 0x0, 0x71, 0x77,
    0x6, 0x39, 0x0, 0x29, 0xdd, 0xbc, 0x3, 0x8e,
    0x64, 0x0, 0x96, 0x0, 0x6e, 0xbb, 0xb6, 0x20,
    0x4, 0x2e, 0xe1, 0x87, 0x2d, 0xed, 0xd8, 0x7b,
    0x75, 0xdc, 0x50, 0xf, 0xc7, 0x1b, 0xa1, 0x3,
    0x8d, 0xd0, 0x7, 0xfc, 0x46, 0x40, 0x11, 0x19,
    0x80, 0x3c, 0x31, 0xea, 0x6, 0xa8, 0x1, 0x1a,
    0xa8, 0x40, 0x5, 0x3c, 0x0, 0x77, 0x2d, 0xcc,
    0x8d, 0xca, 0xe6, 0x46, 0x20, 0x7, 0x60, 0x88,
    0x15, 0xe6, 0x6a, 0xfc, 0xcc, 0x80, 0x5d, 0x2,
    0x0, 0x2e, 0xed, 0xe1, 0x9d, 0xdc, 0x1, 0xf1,
    0x5d, 0xce, 0x1, 0x1d, 0xde, 0x0, 0xfc, 0xaa,
    0x26, 0x70, 0x82, 0xc4, 0x55, 0x0, 0x7e, 0x4d,
    0x9a, 0x80, 0x4c, 0x7f, 0x60, 0x8, 0xd4, 0x40,
    0xf6, 0xdb, 0xd4, 0x2, 0x3f, 0x49, 0xd1, 0x6,
    0xa2, 0x53, 0xac, 0xb1, 0x0, 0xe1, 0xac, 0xf1,
    0x5, 0xfd, 0x20, 0x73, 0x0, 0xfe, 0x32, 0x0,

    /* U+64E6 "擦" */
    0x0, 0xad, 0x40, 0x3c, 0xb6, 0x1, 0xfe, 0x53,
    0x0, 0xf3, 0xa3, 0x0, 0x7f, 0xf0, 0x7f, 0xf6,
    0x84, 0xff, 0xeb, 0x0, 0xfe, 0x88, 0x56, 0x67,
    0x8c, 0x0, 0x39, 0x81, 0x9c, 0x33, 0x14, 0x9,
    0xe, 0x91, 0x4b, 0x80, 0x1f, 0xb3, 0xc2, 0xba,
    0x47, 0xba, 0x66, 0x0, 0xe6, 0x6, 0x70, 0xd5,
    0x59, 0xc5, 0x92, 0x5e, 0xc8, 0x20, 0x1f, 0x25,
    0x53, 0xf8, 0xdd, 0x8e, 0x1a, 0x0, 0x3f, 0x2d,
    0x7, 0xc, 0x0, 0x2d, 0xd4, 0xc0, 0x3d, 0xb4,
    0x49, 0x1a, 0x46, 0xaa, 0x3, 0x71, 0x0, 0x8e,
    0x45, 0x18, 0xc, 0x0, 0x97, 0x7a, 0x7, 0x8,
    0xb, 0x1c, 0x1b, 0x1b, 0x5f, 0xe7, 0xbb, 0x26,
    0x37, 0x81, 0x57, 0xf, 0x82, 0x41, 0xcc, 0xd7,
    0x53, 0x36, 0x60, 0x0, 0xa0, 0x18, 0x54, 0xcf,
    0x22, 0x99, 0xde, 0x20, 0x1f, 0x8a, 0xce, 0xe8,
    0x26, 0xb3, 0xa0, 0x3, 0xfd, 0x68, 0x20, 0x1b,
    0xac, 0x80, 0x3f, 0xa1, 0x78, 0x3, 0xa0, 0xfc,
    0x2, 0x24, 0x10, 0x2, 0xbc, 0x9a, 0x20, 0x3,
    0x69, 0x30, 0x1, 0xec, 0x90, 0x17, 0x18, 0x3e,
    0xcd, 0x0, 0x3, 0x8c, 0x0,

    /* U+6500 "攀" */
    0x0, 0xdc, 0x40, 0x5, 0x5, 0x80, 0x1, 0xf8,
    0x7, 0xe1, 0x10, 0xf, 0xfa, 0xb4, 0x0, 0xe0,
    0x1e, 0xcf, 0xf0, 0x67, 0xb9, 0x0, 0xb, 0x3e,
    0xc3, 0xfd, 0xa0, 0xe, 0xc3, 0x2, 0xc1, 0x5c,
    0xc6, 0xfd, 0x80, 0x59, 0xc0, 0x2, 0x3, 0x2,
    0xa6, 0x41, 0x91, 0x3d, 0x0, 0x12, 0x18, 0x0,
    0xf6, 0x2, 0xd1, 0x43, 0x56, 0x61, 0xe8, 0x3a,
    0x1c, 0x1, 0x8e, 0xe0, 0x7d, 0x65, 0x0, 0x5a,
    0xe8, 0x81, 0xdc, 0x90, 0x54, 0x80, 0x6c, 0x2f,
    0xb1, 0xd3, 0x0, 0x93, 0x88, 0x10, 0x45, 0x62,
    0x42, 0x82, 0xb2, 0x22, 0x6c, 0x11, 0x80, 0x1d,
    0xd5, 0xee, 0x81, 0x7b, 0xbb, 0x73, 0xba, 0x0,
    0x76, 0xea, 0xc0, 0x19, 0xba, 0xb8, 0x80, 0x8b,
    0x37, 0x5c, 0x0, 0x12, 0x4b, 0x46, 0xec, 0xdb,
    0xe1, 0xf5, 0xc5, 0x21, 0x0, 0x36, 0xcb, 0xd4,
    0x67, 0x99, 0xa1, 0xc2, 0x9e, 0x39, 0xc0, 0x16,
    0xfb, 0x7d, 0xd8, 0xcd, 0xdd, 0xb3, 0x53, 0x0,
    0x1b, 0x44, 0x7f, 0xf9, 0x11, 0xff, 0x90, 0xaa,
    0xc0, 0x26, 0xff, 0xf2, 0x23, 0xff, 0xce, 0x1,
    0x9b, 0xff, 0xc8, 0x8f, 0xff, 0x38, 0x7, 0xff,
    0x41, 0xff, 0xcb, 0xa0, 0x1f, 0xfc, 0x37, 0xff,
    0x73, 0x0, 0x7f, 0x0,

    /* U+652F "支" */
    0x0, 0xfe, 0x85, 0x0, 0xff, 0xe3, 0x37, 0x80,
    0x7f, 0xf4, 0x92, 0x23, 0xe1, 0x58, 0x8f, 0x88,
    0x1, 0x8e, 0xff, 0x0, 0x1d, 0xfe, 0x60, 0x4,
    0x7f, 0xfc, 0x2b, 0xff, 0xf2, 0x0, 0x7f, 0xf7,
    0xeb, 0xff, 0xc2, 0xbf, 0xfc, 0xc0, 0x1d, 0xd0,
    0x0, 0x88, 0xfc, 0x0, 0x50, 0xe, 0x47, 0x90,
    0x37, 0x7f, 0x20, 0x29, 0x80, 0x7c, 0xc7, 0x42,
    0x1, 0x87, 0x46, 0xc0, 0x3f, 0xb8, 0x30, 0x40,
    0x3, 0x83, 0xa2, 0x1, 0xfc, 0x5a, 0x5e, 0x66,
    0xf2, 0xc3, 0x0, 0xff, 0x8f, 0x47, 0x30, 0x1a,
    0x60, 0x1f, 0xfc, 0x3, 0xb0, 0x8, 0x68, 0x80,
    0x3f, 0x92, 0x37, 0x19, 0x9d, 0x88, 0xfb, 0x90,
    0x82, 0x0, 0x1d, 0xfb, 0x76, 0x9f, 0x91, 0x3b,
    0xd8, 0x17, 0xbe, 0xc0, 0x15, 0x7b, 0xfb, 0x60,
    0xe, 0x27, 0xde, 0xb8, 0x80, 0x0,

    /* U+6536 "收" */
    0x0, 0xe1, 0x10, 0x4, 0x68, 0x1, 0xff, 0xc0,
    0x9e, 0x0, 0xa6, 0x80, 0x3f, 0x39, 0x0, 0x7c,
    0x88, 0x0, 0xf8, 0x61, 0x0, 0x3c, 0x43, 0x80,
    0x1f, 0xfc, 0x45, 0x9, 0xff, 0xf0, 0x80, 0x7f,
    0x40, 0x44, 0x60, 0x4, 0x8, 0x7, 0xe3, 0x0,
    0x3b, 0xcc, 0x12, 0xe0, 0x1f, 0xde, 0x0, 0x20,
    0x2, 0x82, 0x80, 0x7f, 0x31, 0xc1, 0x50, 0x3,
    0x44, 0xc0, 0x3f, 0xc4, 0xea, 0xa0, 0x2, 0x20,
    0x3, 0xfc, 0xd8, 0x14, 0x48, 0x65, 0xe0, 0x1f,
    0x90, 0x0, 0x20, 0x47, 0x12, 0x2a, 0x1, 0xd9,
    0x3c, 0x60, 0x1d, 0x6, 0xb2, 0x1, 0xa0, 0x15,
    0x90, 0xc0, 0x39, 0x0, 0xc, 0x1, 0x88, 0x27,
    0xe9, 0x0, 0x39, 0xc0, 0x10, 0x1, 0xab, 0xd8,
    0x3, 0xe6, 0x85, 0x86, 0x80, 0x8, 0x40, 0x3f,
    0x44, 0xa5, 0x3b, 0x3c, 0x80, 0x7f, 0x16, 0xbb,
    0x58, 0x2, 0x59, 0x9a, 0x20, 0x1f, 0x13, 0x54,
    0x80, 0x69, 0xaa, 0x8,

    /* U+653E "放" */
    0x0, 0xce, 0xe0, 0xf, 0x53, 0x80, 0x7f, 0xd0,
    0x20, 0x18, 0x57, 0xc0, 0x3f, 0xcc, 0x8, 0x1,
    0x94, 0x30, 0x3, 0xc3, 0x33, 0x42, 0x64, 0xc9,
    0x83, 0x1, 0x44, 0x78, 0x0, 0x88, 0x66, 0x91,
    0x2c, 0x7, 0xe, 0xef, 0x18, 0xee, 0x8d, 0x37,
    0x75, 0x18, 0x2, 0xaa, 0x0, 0x51, 0x0, 0x7f,
    0xa8, 0x11, 0x56, 0x8, 0x51, 0x0, 0xc8, 0xee,
    0xa6, 0x16, 0x5, 0x0, 0x18, 0x18, 0x7, 0xd1,
    0x5, 0xbb, 0x4, 0x89, 0x2, 0x2, 0x0, 0x79,
    0x7f, 0xcc, 0x0, 0x76, 0x15, 0xb, 0x40, 0xf,
    0x9, 0x80, 0xc, 0x6a, 0x1, 0x28, 0x8f, 0x40,
    0x3c, 0x62, 0x1, 0xf4, 0x96, 0x8b, 0x0, 0x70,
    0x8b, 0x80, 0x2, 0xe0, 0x11, 0x80, 0x24, 0x3,
    0xc8, 0x8, 0x0, 0x71, 0x0, 0xf7, 0x80, 0x7b,
    0x88, 0x80, 0x1, 0x30, 0xa, 0xc0, 0x9d, 0x0,
    0x31, 0xa5, 0x0, 0x44, 0x20, 0x5a, 0x97, 0x85,
    0x68, 0x0, 0x1e, 0x27, 0x35, 0x70, 0xe8, 0xd3,
    0xc4, 0x1c, 0x2b, 0xa1, 0x30, 0xe0, 0x6a, 0x84,
    0x43, 0x2f, 0x98, 0x0, 0x75, 0x98, 0x25, 0xa6,
    0xb, 0xfe, 0xb2, 0xea, 0x10, 0xe, 0x9c, 0x0,

    /* U+6548 "效" */
    0x0, 0xd0, 0xc0, 0x1e, 0x3b, 0x10, 0xf, 0xf4,
    0x90, 0x7, 0x22, 0x4, 0x3, 0xfa, 0x6, 0x80,
    0x3b, 0x4c, 0x3, 0xec, 0xee, 0x85, 0xbb, 0xa2,
    0x5, 0x72, 0x2e, 0x0, 0x5c, 0xcd, 0x13, 0x38,
    0xcc, 0x9, 0xbb, 0xc0, 0x7, 0x75, 0x13, 0xad,
    0x23, 0x8d, 0x86, 0x64, 0x21, 0x80, 0x13, 0x92,
    0x1, 0x3f, 0x0, 0x1c, 0x4c, 0xf3, 0x18, 0x0,
    0x65, 0xc4, 0x1, 0x67, 0x8, 0x2, 0x1, 0x17,
    0x80, 0x54, 0x10, 0x0, 0x38, 0x62, 0x90, 0x0,
    0x82, 0x2, 0x80, 0x9, 0x6f, 0x10, 0x25, 0x22,
    0x5, 0x60, 0xe1, 0xa2, 0x60, 0x2, 0xe5, 0x6b,
    0x55, 0x50, 0x16, 0xa2, 0xd0, 0x3b, 0x80, 0x3d,
    0x49, 0x40, 0xc0, 0x2, 0xe, 0x38, 0x1a, 0x0,
    0xfa, 0x40, 0x3e, 0x42, 0x74, 0x30, 0xf, 0xa0,
    0x1, 0xa0, 0x1f, 0x18, 0x7, 0xce, 0xb5, 0x67,
    0x0, 0x11, 0x90, 0x30, 0x80, 0x73, 0x43, 0xaa,
    0x33, 0x88, 0x26, 0x1e, 0x8e, 0x80, 0x69, 0x92,
    0xc0, 0x2, 0x70, 0x5e, 0xd3, 0xa, 0xcf, 0x8,
    0x0, 0x51, 0x40, 0x18, 0xf6, 0x1e, 0xc0, 0x9,
    0x47, 0x80, 0xb, 0x70, 0xf, 0x46, 0x40, 0x6,
    0x5d, 0xd0, 0x0,

    /* U+6570 "数" */
    0x0, 0x10, 0x2, 0xd8, 0x4, 0x40, 0x5, 0x60,
    0xf, 0x87, 0x50, 0x14, 0x42, 0xf4, 0x1, 0xfa,
    0x1, 0xf0, 0xb4, 0x0, 0x46, 0xbc, 0x0, 0x73,
    0x0, 0xf8, 0x75, 0x44, 0x5c, 0xd0, 0x60, 0x2,
    0xd0, 0xf, 0xf, 0x5b, 0x70, 0x35, 0x47, 0x4a,
    0x85, 0x7f, 0xee, 0x1, 0xdd, 0x8c, 0x0, 0xfb,
    0xa8, 0x90, 0x88, 0x80, 0x10, 0x0, 0x22, 0x41,
    0x2, 0x37, 0x0, 0x98, 0x2b, 0xb8, 0x29, 0x80,
    0x5, 0x89, 0x83, 0x9e, 0xf2, 0xa0, 0x7, 0x3,
    0x7, 0x0, 0xe, 0x86, 0x11, 0x80, 0xdd, 0x42,
    0x23, 0x1, 0x0, 0x80, 0x3, 0x98, 0x25, 0xa7,
    0x0, 0x11, 0x23, 0x5c, 0x31, 0x0, 0x39, 0x16,
    0xa8, 0x88, 0x71, 0xe3, 0x41, 0x44, 0x68, 0x6,
    0x9b, 0xa0, 0x2b, 0xb4, 0x40, 0x40, 0x8e, 0xc1,
    0xc0, 0x35, 0x79, 0x37, 0xfb, 0x42, 0x40, 0x2a,
    0x4, 0x10, 0xe, 0xc2, 0xd0, 0x7, 0x21, 0x80,
    0x5c, 0xc, 0x1, 0xea, 0x1b, 0xb6, 0x95, 0x0,
    0x46, 0xe2, 0x48, 0x1, 0xcd, 0xd6, 0x84, 0x6,
    0x0, 0x3d, 0x3e, 0x3a, 0x20, 0xc, 0x31, 0x67,
    0x45, 0xc0, 0xd8, 0x5a, 0x1a, 0x18, 0x80, 0xc,
    0xe5, 0x9c, 0x5c, 0xdb, 0x94, 0xd1, 0x1, 0xc3,
    0xb2, 0x9, 0xcd, 0x60, 0x8, 0x7a, 0xac, 0x40,
    0x22, 0xdb, 0x20,

    /* U+6572 "敲" */
    0x0, 0xc3, 0x46, 0x1, 0xe6, 0xb0, 0xf, 0xe1,
    0x78, 0x0, 0xf7, 0x28, 0x7, 0x95, 0x70, 0x23,
    0x2a, 0x90, 0x3, 0xf8, 0x6a, 0xb1, 0x4, 0xd5,
    0x24, 0x2, 0x1b, 0xbc, 0x3, 0xfd, 0xbb, 0xef,
    0xd0, 0xc, 0x45, 0x80, 0x29, 0xdd, 0xf2, 0x0,
    0x61, 0x99, 0xc0, 0x18, 0xff, 0xee, 0x0, 0xff,
    0xe1, 0x89, 0x16, 0x0, 0x2d, 0xd9, 0xc6, 0xed,
    0xea, 0x1, 0x79, 0x6e, 0xd8, 0x0, 0x17, 0x47,
    0x63, 0x30, 0x18, 0x0, 0x57, 0x77, 0xc0, 0x9e,
    0x13, 0x28, 0xc0, 0x40, 0x4, 0xee, 0xfd, 0x68,
    0x62, 0xc0, 0xd, 0x12, 0x0, 0x8f, 0xff, 0xc0,
    0x13, 0x48, 0x1, 0xa4, 0x3, 0x8b, 0xfb, 0x98,
    0x1, 0xa4, 0x55, 0xc1, 0x80, 0x3c, 0x5d, 0x82,
    0x1, 0x85, 0xaa, 0x18, 0x40, 0x3f, 0xf8, 0x70,
    0x0, 0x80, 0xf, 0x8b, 0xb0, 0x3, 0xd6, 0x0,
    0x60, 0xf, 0x8b, 0xb9, 0xa0, 0x1a, 0xd6, 0x5a,
    0x20, 0x1, 0xc5, 0xa0, 0x2, 0x30, 0xce, 0x4a,
    0x69, 0x67, 0xc1, 0x0, 0xfb, 0x35, 0x2c, 0xb5,
    0x40, 0x13, 0x27, 0x10, 0x8c, 0x0, 0xdd, 0xcb,
    0x3c, 0x20, 0xc, 0xd6, 0x0,

    /* U+6574 "整" */
    0x0, 0xe9, 0x30, 0xe, 0x26, 0x0, 0xf9, 0x15,
    0x66, 0x85, 0x58, 0x42, 0xac, 0x3, 0xef, 0x88,
    0x81, 0x22, 0x22, 0x7, 0x15, 0x5e, 0x0, 0x5f,
    0xfb, 0x81, 0xff, 0xe3, 0x80, 0x3b, 0xb5, 0x52,
    0xc0, 0x9, 0xbf, 0xa0, 0xff, 0x98, 0x37, 0xd,
    0xee, 0xb, 0xf0, 0x6, 0xde, 0x9, 0xdb, 0x8,
    0x65, 0x90, 0x51, 0x90, 0xe, 0xff, 0x4, 0xfd,
    0x5, 0xcd, 0xa4, 0xdb, 0x88, 0x4, 0x9f, 0xa0,
    0x4, 0x46, 0xf0, 0x0, 0x61, 0x86, 0x0, 0x39,
    0x31, 0x83, 0x4f, 0x5c, 0x0, 0xf0, 0x21, 0x62,
    0x0, 0x1b, 0xb4, 0xc8, 0x1, 0x18, 0x6f, 0xd3,
    0x5d, 0x8d, 0xd4, 0x3, 0xb8, 0xc2, 0xa4, 0x24,
    0xa5, 0x3e, 0x82, 0x59, 0x38, 0x0, 0x68, 0xee,
    0x2d, 0xf7, 0x55, 0x1d, 0xdd, 0x4c, 0x1, 0x4e,
    0x67, 0x80, 0x73, 0x3d, 0xc0, 0x18, 0x8d, 0x84,
    0xcf, 0x11, 0x9f, 0x88, 0x3, 0xd7, 0x40, 0x18,
    0xff, 0xf9, 0xc0, 0x3f, 0xf8, 0x25, 0xbb, 0xce,
    0x1, 0xff, 0xc1, 0x62, 0x2e, 0x0, 0xc7, 0xff,
    0xb, 0xff, 0xc6, 0x9f, 0xff, 0x84,

    /* U+6599 "料" */
    0x0, 0xc8, 0x40, 0x1f, 0xca, 0x60, 0x1f, 0x52,
    0x80, 0x80, 0x7d, 0x76, 0x0, 0xda, 0xa0, 0x1a,
    0xa4, 0x1e, 0xc4, 0x3, 0xf2, 0xf0, 0x6, 0x4d,
    0x5, 0x7f, 0x40, 0xf, 0xad, 0x0, 0x25, 0x24,
    0x2, 0xc7, 0x90, 0xf, 0x8c, 0x8, 0x1, 0xf4,
    0x1, 0xa7, 0x0, 0x3e, 0x1c, 0x31, 0xe9, 0x50,
    0x11, 0x0, 0x4, 0x3, 0xc5, 0xd9, 0xc0, 0xd9,
    0xb9, 0x1e, 0xc0, 0x1f, 0x8a, 0xa8, 0x80, 0xa,
    0xa7, 0xcb, 0xcd, 0x0, 0x7e, 0x55, 0x38, 0x1,
    0xd4, 0xc2, 0x69, 0xc0, 0x3f, 0x88, 0xc0, 0x1e,
    0x1, 0x97, 0x40, 0x3f, 0xad, 0x45, 0xc2, 0x80,
    0x3e, 0x16, 0x8a, 0x0, 0xb, 0x70, 0x7c, 0xaa,
    0x1, 0xb4, 0xe7, 0x80, 0xb0, 0x80, 0x20, 0x90,
    0x0, 0x8c, 0xff, 0x92, 0xef, 0x2, 0xf5, 0x81,
    0xb5, 0x80, 0x69, 0x38, 0xbe, 0xe5, 0xc0, 0x90,
    0x4, 0x46, 0xc0, 0x1e, 0x74, 0x10, 0xf, 0xc3,
    0xa0, 0x1f, 0xfc, 0x71, 0x0, 0xff, 0xed, 0x0,

    /* U+65B0 "新" */
    0x0, 0xff, 0xe6, 0x3f, 0x0, 0x7f, 0x95, 0x80,
    0x3c, 0xc2, 0xe0, 0x18, 0x9a, 0x33, 0xea, 0x84,
    0x0, 0xbe, 0xe7, 0x84, 0x77, 0x41, 0xb2, 0x69,
    0x5d, 0x84, 0x0, 0xf9, 0x5b, 0xaa, 0x3a, 0x58,
    0x22, 0xdc, 0x28, 0x80, 0x64, 0x49, 0xd5, 0x60,
    0x50, 0xf, 0xfe, 0x1, 0x8a, 0x0, 0x9f, 0x0,
    0x7f, 0xf0, 0x15, 0x45, 0xeb, 0x80, 0x2a, 0x40,
    0xa8, 0x9e, 0x1, 0xbb, 0x13, 0xd1, 0x5, 0xd9,
    0xdc, 0x17, 0x7e, 0x21, 0xee, 0xc1, 0x3f, 0xdc,
    0x57, 0x3d, 0xd2, 0x86, 0xe8, 0x80, 0x3f, 0xe7,
    0x62, 0x28, 0x8, 0x80, 0xf, 0xfc, 0x13, 0xff,
    0x10, 0x18, 0x7, 0xe9, 0x9c, 0x7, 0x33, 0x10,
    0x88, 0x3, 0xf3, 0x7, 0x30, 0x50, 0x89, 0x80,
    0xb8, 0x3, 0xfa, 0x3c, 0x2, 0x38, 0x22, 0x1,
    0x0, 0x7e, 0x80, 0x60, 0x9, 0x11, 0x68, 0x8,
    0x1, 0xf9, 0x60, 0x40, 0x37, 0xfa, 0x90, 0x3,
    0xfb, 0x58, 0xd0, 0x2, 0x42, 0x3f, 0x0, 0xff,
    0x92, 0xcd, 0xc0, 0x4, 0xa8, 0x1, 0xf8,

    /* U+65B9 "方" */
    0x0, 0xff, 0xe8, 0x64, 0x0, 0x7f, 0xf1, 0x5d,
    0xc2, 0x1, 0xff, 0xc4, 0x80, 0x90, 0xf, 0xc8,
    0xef, 0xf2, 0x10, 0x3b, 0xf9, 0x43, 0xa2, 0x3f,
    0x13, 0xc4, 0x7b, 0x82, 0xbf, 0xf6, 0x4, 0xff,
    0xff, 0x58, 0x7, 0x9c, 0xc, 0x3, 0xff, 0x88,
    0x40, 0xc0, 0x1f, 0xfc, 0x4e, 0xa, 0x88, 0xf5,
    0xb0, 0x7, 0xe3, 0x6, 0x77, 0xf2, 0x60, 0x7,
    0xe5, 0x4f, 0xff, 0x84, 0xc0, 0x3e, 0x31, 0xc0,
    0xf, 0x84, 0x40, 0x1f, 0x50, 0x28, 0x7, 0x88,
    0x38, 0x3, 0xc4, 0xc8, 0x40, 0x1e, 0x60, 0x20,
    0xf, 0x70, 0x48, 0x7, 0xc6, 0xc, 0x1, 0xd6,
    0x72, 0x40, 0x1f, 0x60, 0x90, 0x4, 0x7a, 0x8e,
    0xc0, 0x11, 0x33, 0x15, 0xd1, 0x0, 0x1a, 0x4e,
    0xa0, 0x3, 0x1c, 0xca, 0xa1, 0x2c, 0x3, 0x57,
    0xa8, 0x7, 0xf, 0xfe, 0xb1, 0x0, 0x80,

    /* U+65C5 "旅" */
    0x0, 0xd2, 0x80, 0x1d, 0x4a, 0x1, 0xff, 0x2c,
    0x80, 0x61, 0x50, 0xf, 0xfe, 0x5, 0x11, 0x80,
    0x4c, 0xe, 0x45, 0xc2, 0x0, 0x77, 0xb9, 0x51,
    0xd8, 0x20, 0x37, 0x7e, 0x0, 0x4c, 0x41, 0xd6,
    0x21, 0x4a, 0x13, 0x77, 0xef, 0x0, 0x77, 0x9b,
    0x7f, 0xdb, 0x6c, 0xc4, 0x43, 0x1c, 0xc8, 0x80,
    0x3f, 0x90, 0xed, 0x67, 0x75, 0x29, 0x22, 0x1,
    0xcc, 0xee, 0xb6, 0xdd, 0x51, 0x10, 0x7a, 0x50,
    0x3, 0x84, 0x22, 0x8, 0xa0, 0x7, 0xb8, 0x0,
    0x98, 0x40, 0x31, 0xc7, 0xf8, 0x2, 0x10, 0x1,
    0x89, 0x44, 0xb8, 0x6, 0x11, 0x0, 0x46, 0x1,
    0x94, 0x35, 0xe9, 0x80, 0x38, 0xc0, 0x3f, 0x8,
    0x3, 0x54, 0x3, 0x18, 0x38, 0x8, 0x8, 0x7,
    0x40, 0x10, 0x7, 0x20, 0x10, 0x4, 0xe0, 0x1c,
    0xa0, 0xe0, 0x1d, 0x4a, 0x0, 0x20, 0x10, 0xf,
    0x2c, 0x88, 0x4, 0x85, 0xc0, 0x6, 0x3, 0x1,
    0x29, 0xf8, 0x80, 0xd0, 0x5, 0x26, 0x89, 0x70,
    0x88, 0xc1, 0x52, 0x68, 0xa5, 0x2c, 0x8, 0x3c,
    0x3e, 0xd6, 0x0, 0x2a, 0xd6, 0x0, 0x34, 0xf0,
    0x16, 0x98, 0x5f, 0xf3, 0x1, 0xfa, 0x80, 0x73,
    0x28, 0x0,

    /* U+65E0 "无" */
    0x0, 0x2b, 0xbf, 0xff, 0x9, 0x80, 0x37, 0x44,
    0x7f, 0xf0, 0xc0, 0x35, 0xff, 0xf6, 0x84, 0xff,
    0xfb, 0x80, 0x3f, 0xf8, 0x6, 0x1, 0xff, 0xc5,
    0x60, 0x10, 0xf, 0xfe, 0x28, 0x83, 0x0, 0x7f,
    0xa2, 0x3e, 0xa0, 0xb8, 0x8f, 0xc0, 0x6, 0x6f,
    0x80, 0xc, 0xec, 0xdf, 0x0, 0x3b, 0xbe, 0x15,
    0x33, 0x77, 0x7c, 0x1, 0xf8, 0xc7, 0xc0, 0x3f,
    0xf8, 0xb2, 0xa, 0x1, 0xff, 0xc4, 0x35, 0x70,
    0xf, 0xfe, 0x2f, 0xc, 0x80, 0x7e, 0x23, 0x0,
    0xf5, 0x95, 0x8, 0x7, 0xe7, 0xc2, 0x0, 0x8b,
    0x12, 0x50, 0x3, 0xf8, 0x80, 0x80, 0x63, 0x4e,
    0x98, 0x2, 0x73, 0x87, 0x7a, 0x24, 0x80, 0x18,
    0xeb, 0xca, 0x1, 0xa0, 0x9e, 0x22, 0x73, 0x90,
    0x7, 0xed, 0x8, 0x7, 0x1e, 0xff, 0xf6, 0xa0,
    0x0,

    /* U+65E5 "日" */
    0x37, 0x7f, 0xfe, 0x2, 0x5c, 0x47, 0xff, 0x3,
    0x40, 0x1f, 0xff, 0xe0, 0xf, 0xff, 0x84, 0x47,
    0xf8, 0x3, 0x3b, 0xff, 0x80, 0x37, 0xff, 0xf8,
    0x3, 0xff, 0xe0, 0xef, 0xfe, 0x0, 0xd1, 0x1f,
    0xe0, 0xd, 0xff, 0xfe, 0x0, 0x47, 0x0, 0x7f,
    0xbe, 0x40,

    /* U+65E9 "早" */
    0x0, 0xbb, 0xff, 0xff, 0x81, 0xc0, 0x1e, 0x14,
    0x99, 0xff, 0x18, 0x7, 0xe3, 0x66, 0xff, 0x28,
    0x7, 0xe2, 0x55, 0xff, 0x10, 0x7, 0xe5, 0xaa,
    0xff, 0x20, 0x7, 0xe7, 0xff, 0xff, 0x30, 0x7,
    0xff, 0x41, 0xfb, 0xbf, 0xcc, 0x1, 0xf4, 0xc4,
    0xce, 0x10, 0x99, 0xd1, 0x0, 0xf, 0x33, 0xbf,
    0xa, 0x3b, 0xf3, 0x0, 0x7f, 0xf2, 0xc6, 0x23,
    0xf0, 0xac, 0x47, 0xe0, 0x37, 0x7f, 0xc0, 0x7,
    0x7f, 0xc0, 0x5f, 0xff, 0x85, 0x7f, 0xff, 0x0,
    0x7f, 0xff, 0xc0, 0x3c,

    /* U+65F6 "时" */
    0x0, 0xff, 0xe1, 0x64, 0x0, 0x42, 0xe8, 0x98,
    0xc0, 0x3e, 0x21, 0x0, 0x9a, 0x2e, 0xf7, 0x0,
    0x7f, 0xf0, 0xbb, 0xa6, 0x0, 0xff, 0xe1, 0x88,
    0xc0, 0x6, 0xff, 0xf0, 0xb7, 0xf8, 0x3, 0xf2,
    0xbb, 0xf8, 0x0, 0xee, 0x0, 0xfc, 0x71, 0x1e,
    0x16, 0x88, 0x0, 0x4c, 0xd3, 0x80, 0x9, 0xc0,
    0x3f, 0xe9, 0x98, 0x40, 0xf, 0xa, 0x1, 0xfe,
    0xff, 0x98, 0x0, 0xa9, 0x62, 0x1, 0xff, 0xc4,
    0xa1, 0xb0, 0xf, 0xfe, 0x20, 0xc2, 0xa0, 0x7,
    0xff, 0x11, 0xd5, 0xc0, 0x3f, 0x33, 0x44, 0x1,
    0xd4, 0x60, 0x1f, 0xa6, 0x64, 0x10, 0xf, 0xfe,
    0x17, 0xfe, 0xc0, 0xf, 0xfe, 0x1, 0xb0, 0x7,
    0xe6, 0x77, 0x40, 0x88, 0x2, 0x49, 0x0, 0xfd,
    0xf1, 0x7, 0x3a, 0x0, 0xff, 0xe0, 0xcf, 0xfd,
    0x84, 0x1, 0x0,

    /* U+65FA "旺" */
    0x29, 0x55, 0xc4, 0xce, 0xff, 0xcc, 0xa, 0xd5,
    0x59, 0x26, 0x23, 0xfc, 0x1, 0x7f, 0xc0, 0xf,
    0xfd, 0x1, 0xdf, 0xf7, 0x0, 0x7f, 0xfc, 0x22,
    0x20, 0xf, 0xfe, 0x22, 0x24, 0x0, 0x37, 0x7a,
    0x42, 0x5d, 0xe2, 0x0, 0xb3, 0x20, 0x2, 0x44,
    0x42, 0xf, 0x11, 0x38, 0x7, 0xe7, 0xff, 0xa0,
    0x3b, 0xfe, 0x50, 0xf, 0xfe, 0xeb, 0x34, 0x1,
    0xff, 0xc4, 0x99, 0x80, 0x3f, 0xf8, 0x9f, 0xf9,
    0x80, 0x3f, 0xf8, 0x9, 0x0, 0x1a, 0xae, 0xf4,
    0x5, 0x5d, 0xe2, 0x37, 0x0, 0xc2, 0xef, 0x8c,
    0xce, 0xfc, 0x0,

    /* U+660E "明" */
    0x2a, 0x66, 0xe2, 0xb, 0xfc, 0xce, 0xf6, 0x45,
    0x99, 0xe7, 0x5, 0x5, 0x5e, 0xe, 0x0, 0x7f,
    0xe0, 0xc, 0xd3, 0x3c, 0x1, 0xff, 0xd2, 0x30,
    0xf, 0xe6, 0x6c, 0x1, 0x97, 0xff, 0x80, 0x34,
    0xce, 0x0, 0xc5, 0x77, 0xc0, 0x1b, 0xff, 0x0,
    0x65, 0x44, 0xe0, 0xf, 0xf8, 0x40, 0x3f, 0xf8,
    0xc4, 0x67, 0xc0, 0x1f, 0x8, 0x0, 0x81, 0x73,
    0x38, 0x3, 0x7f, 0xdc, 0x0, 0x40, 0xbd, 0xde,
    0x0, 0xd5, 0x5c, 0xf4, 0x48, 0x45, 0xc0, 0x19,
    0x57, 0x84, 0xe8, 0x3, 0xf3, 0xe0, 0x7, 0x70,
    0xb8, 0x7, 0xe1, 0x30, 0xd, 0x65, 0x40, 0x10,
    0xb3, 0x1c, 0x3, 0xe3, 0x59, 0x40, 0x8, 0x62,
    0x60, 0xe8, 0x3, 0x8f, 0x98, 0x3, 0xbb, 0xfd,
    0x84,

    /* U+661F "星" */
    0x0, 0x47, 0xff, 0xff, 0x2, 0x40, 0x3d, 0x99,
    0xfe, 0x3, 0x0, 0xe1, 0x33, 0xff, 0x8, 0x7,
    0x87, 0xff, 0xfc, 0x20, 0x1e, 0x1d, 0xdf, 0xf0,
    0x80, 0x7c, 0x67, 0xfe, 0x0, 0xf8, 0x7b, 0xbf,
    0xc2, 0x1, 0xd2, 0xc3, 0xbb, 0x42, 0xee, 0xf5,
    0x80, 0x63, 0x67, 0x22, 0xb5, 0x8, 0xb8, 0x40,
    0x37, 0x3, 0x7f, 0xca, 0x3f, 0xfe, 0x90, 0x5,
    0x9c, 0x55, 0x60, 0x5, 0x57, 0xc1, 0x9, 0x4e,
    0xab, 0xc2, 0xab, 0xe3, 0x8, 0xc6, 0xdd, 0xe5,
    0x1d, 0xde, 0x70, 0x8, 0xca, 0x23, 0x80, 0x11,
    0x1c, 0x80, 0x18, 0x55, 0x7c, 0x2a, 0xbc, 0x60,
    0x1f, 0xf0, 0x80, 0x7e, 0x9f, 0xff, 0x94, 0x3f,
    0xfe, 0xd0,

    /* U+662F "是" */
    0x0, 0xbb, 0xff, 0xff, 0x80, 0xe0, 0x1f, 0x36,
    0xef, 0xf6, 0x0, 0x7f, 0xf1, 0xc4, 0x3, 0xf9,
    0xb7, 0x7f, 0xc0, 0x1f, 0xcf, 0xff, 0xfd, 0xc0,
    0x1f, 0xc4, 0x89, 0xfe, 0x0, 0xfc, 0x4f, 0x33,
    0xfd, 0x4, 0x20, 0x18, 0x8f, 0xfb, 0xbf, 0xf8,
    0xa, 0x64, 0x0, 0xcc, 0xff, 0xe2, 0xf0, 0x3,
    0xf7, 0x7e, 0x30, 0xdd, 0xfc, 0x0, 0x12, 0x24,
    0x71, 0x14, 0xc4, 0x5f, 0x84, 0x3, 0x91, 0x40,
    0x31, 0x33, 0x78, 0xc0, 0x39, 0x5, 0xc0, 0x3a,
    0x67, 0xc8, 0x1, 0xde, 0x2, 0x80, 0x11, 0x7f,
    0xf9, 0xc0, 0x32, 0xa5, 0x25, 0xb8, 0x7, 0xff,
    0x4, 0xe9, 0x55, 0x6d, 0x1e, 0xa4, 0xee, 0x66,
    0xf0, 0xe, 0x25, 0x0, 0x27, 0x5c, 0x42, 0x21,
    0x33, 0xd4, 0x3, 0xb6, 0x1, 0x8a, 0x3b, 0xff,
    0xf6, 0x0,

    /* U+663C "昼" */
    0x0, 0x84, 0xc8, 0xbf, 0xf8, 0x0, 0x1d, 0x59,
    0xbb, 0xff, 0x60, 0x7, 0x87, 0x33, 0xfc, 0xa0,
    0x1f, 0x11, 0x9f, 0xfc, 0x1, 0xe7, 0x35, 0x5f,
    0xf1, 0x0, 0x78, 0x42, 0xab, 0xfc, 0x80, 0x1c,
    0x25, 0x1f, 0xff, 0x30, 0xef, 0xf0, 0x6, 0x40,
    0x30, 0xf, 0xa4, 0xfc, 0x40, 0x3b, 0x87, 0xbf,
    0xff, 0x11, 0x39, 0x0, 0x26, 0x49, 0x3, 0xcc,
    0xfa, 0xc0, 0x17, 0x64, 0x44, 0x93, 0x83, 0x99,
    0xfc, 0xc1, 0x4e, 0x86, 0x8d, 0x80, 0x4, 0xff,
    0xfb, 0x40, 0x63, 0xdc, 0x24, 0x40, 0x9, 0xdd,
    0xf6, 0x0, 0x7f, 0xf4, 0x53, 0xbb, 0xec, 0x0,
    0xfe, 0xaf, 0xff, 0xf2, 0x0, 0x65, 0x77, 0xff,
    0xe2, 0x0, 0x26, 0x23, 0xff, 0x88, 0x20,

    /* U+663E "显" */
    0x0, 0xa3, 0xff, 0xff, 0x81, 0x20, 0x1f, 0xb3,
    0x3f, 0xc0, 0x1f, 0xc2, 0x67, 0xfe, 0x10, 0xf,
    0xc2, 0xab, 0xfe, 0x10, 0xf, 0xe8, 0x8f, 0xf0,
    0x7, 0xf0, 0xee, 0xff, 0x84, 0x3, 0xf0, 0xa2,
    0x7f, 0x84, 0x3, 0xfa, 0xef, 0xfc, 0x1, 0xfa,
    0x3f, 0xec, 0xef, 0xf6, 0xe7, 0xfd, 0x20, 0x1e,
    0x30, 0xb, 0x58, 0x1, 0x5a, 0x1, 0x28, 0x80,
    0x63, 0xc4, 0x0, 0xff, 0x1d, 0x20, 0x6, 0x35,
    0x90, 0xf, 0xf7, 0x22, 0x80, 0x75, 0x93, 0x80,
    0x7e, 0x93, 0xa0, 0xf, 0xb, 0xe0, 0x7, 0xc2,
    0x9a, 0x20, 0x1f, 0x45, 0x80, 0x7c, 0x3a, 0x60,
    0x18, 0xb3, 0x3c, 0x31, 0x98, 0x71, 0xcc, 0xf1,
    0x99, 0x9b, 0xca, 0xa6, 0x62, 0xa9, 0x9b, 0xc2,

    /* U+6676 "晶" */
    0x0, 0xc2, 0x3f, 0xe0, 0xf, 0x47, 0x77, 0xf9,
    0x80, 0x3e, 0xcc, 0xfa, 0xc0, 0x3f, 0x9, 0x9f,
    0xca, 0x1, 0xf8, 0x7f, 0xfe, 0xe0, 0xf, 0xeb,
    0xbf, 0xa8, 0x3, 0xf0, 0xa2, 0x7e, 0x0, 0xfc,
    0x3f, 0xff, 0x70, 0x7, 0xd5, 0x5f, 0xf2, 0x0,
    0x4, 0xcc, 0x2c, 0xd9, 0x51, 0x9b, 0x9, 0x99,
    0xf3, 0x3d, 0xa0, 0xf9, 0x9e, 0xe0, 0x7, 0x76,
    0x50, 0xd, 0xdd, 0x94, 0x2, 0x11, 0xc6, 0x1,
    0x84, 0x70, 0x6, 0xff, 0xcc, 0x1, 0xbf, 0xf2,
    0x80, 0x57, 0x99, 0x10, 0x6, 0xcc, 0xc2, 0x1,
    0x21, 0x9c, 0x80, 0x18, 0xcf, 0x20, 0x4, 0xca,
    0xb3, 0x0, 0x65, 0x5e, 0x0, 0xa6, 0xaa, 0x0,
    0xea, 0xac, 0x0, 0x6e, 0xff, 0xee, 0x6, 0xef,
    0xfe, 0xd0,

    /* U+6682 "暂" */
    0x0, 0x91, 0x80, 0x3f, 0xe2, 0x0, 0x19, 0x92,
    0xe4, 0xcf, 0x9, 0xc3, 0xce, 0x7e, 0x98, 0x6e,
    0x58, 0x3, 0x33, 0x24, 0xbe, 0x5, 0xdb, 0x8c,
    0x3b, 0x42, 0x3a, 0x3b, 0xfc, 0xba, 0x57, 0x2e,
    0x82, 0x1, 0x79, 0x2a, 0x42, 0x11, 0x3, 0xc9,
    0x13, 0xc1, 0x64, 0x4d, 0xa0, 0xad, 0xd3, 0x10,
    0x55, 0x2e, 0xd5, 0x40, 0x8c, 0xee, 0x58, 0x5f,
    0x71, 0x81, 0x3b, 0x88, 0x8e, 0xe0, 0x19, 0x84,
    0xc8, 0x3a, 0x6c, 0xd0, 0xc0, 0x3e, 0xcf, 0xf6,
    0xc8, 0x28, 0x93, 0x8e, 0x80, 0x7d, 0x17, 0xbf,
    0xa1, 0x93, 0x10, 0x15, 0x0, 0xf9, 0x10, 0x40,
    0x68, 0x20, 0x8, 0xa0, 0xb, 0x30, 0x1, 0xcf,
    0xfc, 0x9b, 0xfe, 0xbb, 0x7f, 0xd1, 0xe0, 0x1d,
    0xe1, 0x99, 0xfe, 0x11, 0x0, 0x7c, 0x45, 0xfe,
    0x10, 0xf, 0xdd, 0xdf, 0xe0, 0xf, 0xef, 0xff,
    0xf0, 0x80, 0x7e, 0x44, 0xff, 0x8, 0x7, 0xeb,
    0xbf, 0xf0, 0x7, 0xe1, 0xff, 0xff, 0x8, 0x7,
    0xa3, 0x80, 0x3f, 0xdd, 0x20, 0x10,

    /* U+6697 "暗" */
    0x0, 0xff, 0x99, 0xc0, 0x3c, 0x2c, 0x89, 0x10,
    0x7, 0x74, 0x0, 0x79, 0xa6, 0xee, 0x80, 0x55,
    0xc2, 0x16, 0xab, 0x18, 0x5, 0xba, 0x40, 0x5,
    0xd5, 0x4c, 0x9, 0x55, 0x58, 0x0, 0x48, 0x82,
    0x0, 0xec, 0x3f, 0xfd, 0x47, 0xb0, 0x1, 0xfc,
    0x46, 0xc0, 0x17, 0x89, 0x0, 0x7f, 0x85, 0x34,
    0x0, 0x2b, 0x60, 0x18, 0x59, 0x8a, 0xf, 0xba,
    0x45, 0xdd, 0x70, 0x46, 0xe8, 0x40, 0x13, 0x20,
    0x13, 0x55, 0x3b, 0x2a, 0x9d, 0xcc, 0xaa, 0x10,
    0x1f, 0xf2, 0x8a, 0x44, 0xcf, 0xe8, 0x80, 0x7,
    0xe1, 0xee, 0xfd, 0xe0, 0x1f, 0xf4, 0x66, 0x73,
    0x0, 0x7f, 0xf0, 0xc, 0xfc, 0x20, 0x18, 0x59,
    0xa0, 0xd, 0x77, 0xe7, 0x0, 0xe9, 0x91, 0x80,
    0x63, 0xcc, 0xe0, 0xe, 0x1f, 0xfa, 0x80, 0x28,
    0x77, 0xf0, 0x4, 0x92, 0x1, 0xf7, 0x2a, 0xf8,
    0x2, 0x37, 0x0, 0xf9, 0x6a, 0xb8, 0x80, 0x3f,
    0xf8, 0x17, 0xff, 0xce, 0x1, 0xfe, 0x1f, 0x40,
    0xe, 0x8f, 0x0, 0x0,

    /* U+66F4 "更" */
    0x6, 0x99, 0xff, 0xe2, 0x30, 0x3, 0x95, 0x7e,
    0x66, 0x2a, 0xfd, 0xc0, 0x8, 0xcc, 0xf9, 0x47,
    0x33, 0xe8, 0x0, 0xdb, 0xdd, 0xca, 0x3d, 0xde,
    0x60, 0xe, 0x35, 0xbb, 0xc0, 0xb, 0xbd, 0x2,
    0x1, 0xf1, 0xaa, 0xf0, 0xaa, 0xe7, 0x0, 0xfc,
    0x48, 0x9c, 0x28, 0x99, 0x40, 0x3f, 0x2d, 0xde,
    0x10, 0xbb, 0xe0, 0xf, 0xcf, 0xff, 0x94, 0x7f,
    0xf7, 0x0, 0x7e, 0x13, 0x3c, 0x82, 0x67, 0x94,
    0x3, 0xf3, 0x66, 0x61, 0xc, 0xcd, 0x60, 0x1f,
    0x7a, 0x57, 0x73, 0x1, 0xfb, 0xbc, 0xc0, 0x1c,
    0x22, 0xa5, 0x18, 0x9, 0x11, 0xf0, 0x7, 0xd4,
    0x97, 0xe9, 0x22, 0x1, 0xff, 0xc1, 0x1c, 0x0,
    0xb1, 0x44, 0x3, 0xf9, 0x23, 0x3a, 0x16, 0xe1,
    0xeb, 0xb9, 0x95, 0x30, 0xee, 0x10, 0xc7, 0x74,
    0x75, 0x23, 0xef, 0x54, 0xb3, 0x11, 0xa2, 0x44,
    0x23, 0xed, 0xc4, 0x3, 0xa, 0xbd, 0x66, 0xf7,
    0xf0, 0x0,

    /* U+66FF "替" */
    0x0, 0xc3, 0x88, 0x1, 0xe6, 0xb0, 0xf, 0xe3,
    0x31, 0x0, 0x7b, 0xd0, 0x3, 0xc7, 0xfe, 0xd0,
    0x9f, 0xf0, 0x47, 0xf9, 0x83, 0xfe, 0x20, 0x1,
    0xee, 0xac, 0x23, 0x74, 0x13, 0xba, 0x40, 0xdd,
    0x88, 0x0, 0x26, 0x60, 0x1, 0x9c, 0x0, 0x33,
    0x0, 0x99, 0xc0, 0x17, 0xf7, 0x2c, 0x2f, 0xb8,
    0x7d, 0xd2, 0xf, 0x75, 0x80, 0xc, 0xdd, 0x0,
    0x1f, 0x74, 0x7b, 0xa8, 0x0, 0x16, 0xec, 0x0,
    0x22, 0x20, 0x23, 0xd9, 0x1, 0xc, 0x2e, 0x92,
    0x90, 0x80, 0x4f, 0x2d, 0x78, 0xf8, 0x31, 0x89,
    0x45, 0x31, 0x20, 0x16, 0x43, 0x48, 0x1f, 0xf8,
    0x12, 0x2c, 0x0, 0xd4, 0xdc, 0x0, 0x9b, 0xdf,
    0xfb, 0xb3, 0x8e, 0x3f, 0xf0, 0xf6, 0x80, 0x15,
    0x0, 0x11, 0x55, 0xfa, 0x0, 0x2, 0x60, 0x1e,
    0x45, 0x5f, 0xc6, 0x1, 0xfe, 0xce, 0xef, 0xd6,
    0x1, 0xfe, 0x7a, 0xaf, 0xce, 0x1, 0xfe, 0xb4,
    0x4f, 0xd8, 0x1, 0xfe, 0xb5, 0x5f, 0xda, 0x1,
    0xfe, 0x7a, 0xaf, 0xcc, 0x1, 0xf9, 0x3b, 0xff,
    0xfe, 0x40, 0x8,

    /* U+6708 "月" */
    0x0, 0xdb, 0xff, 0xff, 0x40, 0x7, 0x9d, 0xff,
    0x80, 0x40, 0x39, 0x62, 0x3f, 0x80, 0x3f, 0xfb,
    0xab, 0xff, 0xfc, 0x1, 0xe3, 0x8, 0x8f, 0xe0,
    0xf, 0x99, 0xdf, 0xf8, 0x3, 0xc2, 0x20, 0xf,
    0xfe, 0x11, 0x0, 0x4, 0x7f, 0x80, 0x39, 0xc1,
    0xfb, 0xbf, 0x80, 0x3b, 0x42, 0x6a, 0xbf, 0x80,
    0x39, 0x8d, 0x95, 0x7f, 0x80, 0x33, 0xc, 0x80,
    0x7f, 0xf0, 0x46, 0x9, 0x40, 0x3f, 0xf8, 0x3,
    0x83, 0xc0, 0x1e, 0x28, 0x8a, 0x40, 0x40, 0x68,
    0xc0, 0x3c, 0x4c, 0xef, 0x24, 0x8e, 0x28, 0x7,
    0xee, 0xff, 0x75, 0x88,

    /* U+6709 "有" */
    0x0, 0xf8, 0xe8, 0x80, 0x3f, 0xf8, 0x94, 0xa4,
    0x1, 0xfe, 0x13, 0x3e, 0x62, 0x33, 0xfe, 0x20,
    0x8c, 0xce, 0x2, 0xcc, 0xff, 0x4, 0x66, 0x60,
    0x6, 0x67, 0xfc, 0x2, 0x67, 0x28, 0x59, 0x9f,
    0xf8, 0x80, 0x30, 0xc8, 0x13, 0x37, 0xd0, 0x40,
    0x1e, 0xa0, 0x4, 0xcf, 0xe7, 0x50, 0xe, 0x84,
    0x6, 0xff, 0xfc, 0x1, 0xe7, 0x73, 0x9, 0x88,
    0xfe, 0x0, 0xe9, 0x86, 0x90, 0x5e, 0xef, 0xc0,
    0x1d, 0xd1, 0x20, 0x3, 0xcc, 0xfa, 0xc0, 0x39,
    0xdc, 0x1, 0x29, 0x9f, 0xc8, 0x1, 0xfe, 0x6e,
    0xef, 0xbc, 0x3, 0xfc, 0x31, 0x1f, 0x80, 0x3f,
    0xce, 0xcd, 0xf3, 0x80, 0x7f, 0xf5, 0x89, 0xdd,
    0x0, 0x20, 0x1f, 0xfc, 0x12, 0x88, 0x32, 0x38,
    0x0,

    /* U+671F "期" */
    0x0, 0x1c, 0x80, 0x43, 0x24, 0x1, 0xff, 0x33,
    0x0, 0x23, 0x66, 0x3, 0x7e, 0x66, 0xf5, 0x2,
    0xd0, 0x22, 0x98, 0x8, 0x78, 0x15, 0x70, 0x10,
    0x6b, 0x86, 0xed, 0x61, 0x3a, 0x3, 0x33, 0x80,
    0x2c, 0x60, 0xcc, 0xa8, 0x23, 0x80, 0x3f, 0x8f,
    0x0, 0xce, 0x70, 0x32, 0x1, 0x33, 0xc0, 0x1e,
    0xff, 0xb4, 0x3, 0xb3, 0x30, 0x7, 0xb3, 0x2a,
    0x0, 0xed, 0xdc, 0x1, 0xe3, 0x39, 0xc0, 0x30,
    0x91, 0x60, 0xf, 0x7f, 0xda, 0x1, 0x8c, 0x3,
    0xfd, 0x77, 0x48, 0x4, 0x25, 0x55, 0x80, 0x3c,
    0x89, 0x80, 0x23, 0x6, 0x6c, 0x0, 0x3a, 0xa0,
    0x55, 0x5c, 0x12, 0xec, 0xb9, 0x98, 0x2, 0x14,
    0x40, 0x8c, 0xe8, 0xde, 0x44, 0x0, 0xf1, 0xdd,
    0x80, 0xee, 0x5e, 0x6e, 0x47, 0x40, 0x3f, 0x3a,
    0x60, 0x13, 0xe0, 0xa0, 0x20, 0x7, 0xcf, 0x10,
    0x40, 0x5, 0x4, 0x71, 0x88, 0x23, 0x38, 0x8,
    0xad, 0x9c, 0x2, 0x1c, 0x97, 0x90, 0x1, 0x4c,
    0x1b, 0x8e, 0x48, 0x7, 0x10, 0x62, 0x80, 0x1b,
    0xfd, 0x82,

    /* U+672A "未" */
    0x0, 0xfe, 0xb8, 0x0, 0xff, 0xe3, 0x29, 0x0,
    0x7f, 0xf4, 0xce, 0x23, 0xc2, 0xb1, 0x1e, 0x30,
    0xc, 0xae, 0xfe, 0x0, 0x3b, 0xf9, 0x80, 0x33,
    0x7f, 0xf8, 0x57, 0xff, 0xca, 0x1, 0xff, 0xdf,
    0x78, 0x8f, 0x85, 0x62, 0x3e, 0x60, 0x5, 0x3b,
    0xfc, 0x0, 0x77, 0xfb, 0x40, 0x1b, 0xff, 0xd8,
    0x1, 0x17, 0xff, 0xac, 0x3, 0xe1, 0xd3, 0x3,
    0x35, 0x80, 0x7f, 0xf0, 0x7, 0x3, 0x85, 0xa9,
    0x28, 0x3, 0xfc, 0x58, 0x58, 0x40, 0x4, 0xa5,
    0xa0, 0xf, 0xc9, 0x87, 0x84, 0x1, 0x96, 0x57,
    0x48, 0x3, 0xc, 0xd9, 0xe1, 0x80, 0x79, 0xac,
    0xb5, 0x80, 0x5, 0xec, 0xb8, 0x40, 0x1f, 0x93,
    0x4e, 0x70, 0xa, 0x6e, 0x84, 0x3, 0xfc, 0x59,
    0x12, 0x0, 0x74, 0x0, 0xff, 0xe1, 0x3a, 0x80,

    /* U+673A "机" */
    0x0, 0xcd, 0x60, 0x1f, 0xfc, 0x6e, 0x50, 0xc,
    0xd6, 0xef, 0x62, 0x80, 0x7f, 0xf0, 0x61, 0x22,
    0x23, 0x90, 0xf, 0xfe, 0x13, 0x7f, 0xc8, 0x1,
    0xcc, 0xef, 0xb, 0xb9, 0x80, 0x3f, 0xf8, 0x15,
    0x10, 0x0, 0x44, 0x2c, 0x3, 0xff, 0x81, 0x9f,
    0xe0, 0x7, 0xfb, 0x40, 0x3f, 0xf8, 0x46, 0x1,
    0xff, 0xc7, 0x90, 0x5, 0x80, 0x61, 0x0, 0xff,
    0xa, 0xa0, 0x35, 0x0, 0x4, 0x3, 0xfe, 0x83,
    0x30, 0xfa, 0xc8, 0x3, 0xc0, 0x3f, 0x89, 0xa0,
    0x0, 0x52, 0x26, 0x4, 0x1, 0xfd, 0xc6, 0x80,
    0x13, 0x42, 0x83, 0x80, 0x7e, 0x23, 0xf0, 0xf,
    0x60, 0x10, 0x7, 0x91, 0xcb, 0xc, 0x3, 0x85,
    0x4c, 0x3, 0xe1, 0xb0, 0x30, 0xf, 0x40, 0x50,
    0x7, 0xc6, 0x1, 0xf9, 0x18, 0x58, 0x3, 0x9,
    0x35, 0x30, 0x7, 0xdc, 0x10, 0x1, 0xdc, 0x12,
    0x5c, 0x1, 0xf5, 0xb3, 0x0, 0x39, 0x3b, 0xf9,
    0x0, 0x34, 0x70, 0xc, 0x80, 0x7f, 0xc0,

    /* U+6765 "来" */
    0x0, 0xfe, 0xb8, 0x0, 0xff, 0xe3, 0x29, 0x0,
    0x7f, 0xcc, 0xdf, 0xa, 0xb3, 0x79, 0x40, 0x34,
    0xcf, 0xc0, 0x9, 0x9f, 0x50, 0x6, 0xfe, 0xae,
    0xff, 0x81, 0x3f, 0xee, 0x8d, 0xf0, 0xe, 0x3a,
    0x90, 0x8, 0x44, 0x1, 0x34, 0x8, 0x7, 0x89,
    0x9c, 0x40, 0x3e, 0x94, 0x30, 0xf, 0xa0, 0x24,
    0x3, 0xce, 0x32, 0x1, 0xf8, 0x5f, 0x40, 0x3d,
    0xf0, 0x40, 0x1d, 0xff, 0x9e, 0xbf, 0xc2, 0xbf,
    0xe7, 0x8f, 0xfa, 0xc0, 0x11, 0x1e, 0x70, 0xd,
    0x11, 0xed, 0x0, 0x3b, 0xf8, 0xc8, 0x8, 0x0,
    0xef, 0xcc, 0x1, 0xf5, 0x27, 0xb, 0xc4, 0x18,
    0x3, 0xfe, 0xa5, 0xa3, 0x0, 0x3b, 0x4b, 0x0,
    0x7e, 0x1c, 0x59, 0x50, 0xd, 0x2b, 0x32, 0x0,
    0xf2, 0x79, 0xd3, 0x0, 0x7a, 0x9d, 0xb0, 0x80,
    0x3, 0x76, 0xc, 0x50, 0xf, 0xd1, 0x27, 0xb2,
    0x2, 0xed, 0xc6, 0x1, 0xfe, 0x6d, 0x33, 0x0,
    0x32, 0x40, 0x3f, 0xf8, 0x25, 0x94, 0x0,

    /* U+6781 "极" */
    0x0, 0x87, 0x4c, 0x3, 0xff, 0x8c, 0x4e, 0x5,
    0x11, 0xf5, 0xa0, 0x7, 0xf8, 0x59, 0x8e, 0xe6,
    0x63, 0xa0, 0x80, 0x7f, 0x8f, 0xb8, 0x13, 0xdc,
    0x90, 0x40, 0xd, 0x7f, 0xc1, 0x7e, 0xe0, 0x20,
    0x60, 0xc, 0x31, 0x0, 0xdd, 0x6, 0x9, 0x8,
    0x6, 0x2, 0x0, 0x44, 0x0, 0x72, 0xba, 0x82,
    0xb9, 0x80, 0x83, 0x81, 0xe, 0x0, 0x80, 0x72,
    0x0, 0xa0, 0x1, 0x41, 0x41, 0x42, 0xff, 0x98,
    0x2, 0x12, 0x5, 0x90, 0xd, 0x80, 0x91, 0x6e,
    0x4, 0x1, 0x31, 0x87, 0x3, 0x87, 0x2, 0x81,
    0xba, 0x78, 0x20, 0x5, 0x56, 0x0, 0x85, 0x3,
    0x30, 0x38, 0x5, 0x4a, 0x1, 0x29, 0x28, 0x1,
    0x48, 0x15, 0x1a, 0x40, 0x8, 0x5c, 0x1, 0x43,
    0x18, 0x6, 0x21, 0xcb, 0x18, 0x8, 0x24, 0x0,
    0x19, 0x58, 0x7, 0x28, 0x21, 0x3b, 0xa8, 0xe4,
    0x2, 0x3a, 0x20, 0xe, 0xa5, 0x0, 0x40, 0x29,
    0xa0, 0x6, 0x50, 0xe, 0x52, 0xe0, 0x1, 0x0,
    0x8, 0x80, 0x1f, 0xe8, 0x34, 0x4, 0xc1, 0x90,
    0xc5, 0x0, 0xfd, 0x45, 0xe1, 0x36, 0x7e, 0xd8,
    0x75, 0x82, 0x1, 0xe3, 0x83, 0x3, 0x6d, 0x10,
    0x2d, 0x85, 0x10, 0x8, 0x7d, 0x25, 0xc0, 0x15,
    0x20, 0x1c, 0xf2, 0x0,

    /* U+679C "果" */
    0x0, 0xa6, 0xab, 0xae, 0xd5, 0x5d, 0x20, 0x1e,
    0x77, 0x0, 0x64, 0x40, 0x6, 0x47, 0x0, 0xf9,
    0x2a, 0xb0, 0xad, 0x56, 0x50, 0xf, 0xc4, 0x89,
    0x85, 0x51, 0x33, 0x80, 0x7e, 0x4b, 0xbc, 0x0,
    0xbb, 0xc6, 0x1, 0xf9, 0xbf, 0xf0, 0xaf, 0xfe,
    0x40, 0xf, 0xc6, 0x7c, 0x2e, 0x67, 0x80, 0x3f,
    0x97, 0x33, 0x1, 0x66, 0x64, 0x0, 0xfb, 0xf7,
    0x78, 0xf, 0x77, 0xbc, 0x3, 0x11, 0x90, 0x8f,
    0x0, 0x8f, 0x88, 0xc4, 0x1, 0x99, 0xf8, 0xb,
    0x33, 0xeb, 0x0, 0x66, 0x79, 0x40, 0x34, 0x66,
    0x74, 0x0, 0x8, 0xcf, 0x22, 0xb8, 0xaa, 0xa1,
    0x8c, 0xf1, 0x0, 0x70, 0xd4, 0x3c, 0x0, 0x29,
    0xaa, 0x40, 0x3f, 0x37, 0xad, 0x40, 0x6, 0x99,
    0x37, 0x28, 0x6, 0x6d, 0x92, 0xd5, 0x0, 0xf3,
    0x69, 0x56, 0xb0, 0xc, 0x1c, 0xe1, 0x0, 0x7e,
    0x2c, 0xa0, 0xc0, 0x1f, 0xe6, 0x0, 0xff, 0xe0,
    0x2e, 0xd0, 0x0,

    /* U+679D "枝" */
    0x0, 0x8b, 0x8, 0x3, 0xcd, 0x60, 0x1f, 0xc2,
    0x62, 0x1, 0xee, 0x40, 0xf, 0xfe, 0xb4, 0x55,
    0x4e, 0x15, 0x59, 0x80, 0x1f, 0xec, 0xc, 0xf9,
    0x11, 0xc0, 0x1, 0x1e, 0x0, 0x44, 0x0, 0xb,
    0x1b, 0x37, 0x73, 0x85, 0xde, 0x70, 0x3, 0xb8,
    0x80, 0xdd, 0x0, 0x3f, 0xf8, 0x64, 0xc, 0x40,
    0x1c, 0x20, 0x1f, 0xc6, 0x0, 0x3e, 0x8, 0xff,
    0x98, 0x3f, 0xee, 0x0, 0xd4, 0x41, 0x6, 0xd6,
    0x9, 0x55, 0xc0, 0x40, 0x19, 0x94, 0x1e, 0x28,
    0xd5, 0x95, 0x73, 0x4, 0x80, 0x4e, 0x36, 0x0,
    0x7e, 0x9, 0x25, 0x0, 0xbc, 0x94, 0x2, 0x96,
    0x0, 0xc4, 0x6, 0xb6, 0x20, 0xe7, 0x20, 0x12,
    0x8c, 0x80, 0x7d, 0x61, 0xab, 0xc, 0x80, 0x12,
    0xd0, 0x80, 0x7c, 0x34, 0x74, 0x72, 0x1, 0xca,
    0x1, 0xfd, 0xa0, 0x1, 0x20, 0xf, 0xfe, 0xb,
    0x73, 0x3d, 0x9e, 0xc0, 0x80, 0x7e, 0x19, 0xe9,
    0x2c, 0x84, 0xf5, 0x7e, 0xa2, 0x0, 0xf0, 0x92,
    0x5e, 0x18, 0x0, 0x6b, 0x18, 0x48, 0x2, 0x3f,
    0x30, 0xba, 0x40, 0xf, 0x1c, 0xd8, 0x0,

    /* U+67D4 "柔" */
    0x0, 0xff, 0xe5, 0xff, 0xff, 0xf0, 0x34, 0x40,
    0x3d, 0x99, 0x5e, 0x66, 0xb4, 0x0, 0x70, 0x80,
    0x78, 0xce, 0xfc, 0xfa, 0xeb, 0x7a, 0xf3, 0x0,
    0xe1, 0x33, 0xd1, 0x68, 0x82, 0x7, 0x63, 0x39,
    0x40, 0x26, 0xcc, 0xeb, 0x72, 0x0, 0x26, 0x66,
    0xa4, 0x0, 0x3f, 0xfe, 0xc1, 0x26, 0xe, 0xff,
    0xb0, 0x19, 0x0, 0x3d, 0x18, 0x99, 0xc0, 0x20,
    0x2, 0xd4, 0x90, 0xe, 0x6e, 0x69, 0xa1, 0x0,
    0xef, 0x2b, 0x0, 0xd1, 0xf2, 0xfe, 0xf3, 0x2a,
    0x0, 0xdb, 0x80, 0x1d, 0x51, 0xd2, 0x23, 0x1,
    0x38, 0x7, 0xf8, 0x50, 0x8c, 0xeb, 0xa0, 0x53,
    0x3f, 0x88, 0x1, 0x99, 0xf8, 0xb, 0x33, 0xee,
    0x0, 0x6e, 0xf8, 0x80, 0x33, 0xee, 0xf8, 0x0,
    0x45, 0x83, 0x8a, 0xc5, 0x9d, 0xd6, 0x64, 0x50,
    0x80, 0x74, 0x68, 0xe2, 0x0, 0x22, 0x5b, 0xd4,
    0x3, 0xcd, 0xce, 0xba, 0x60, 0x19, 0xb5, 0x6b,
    0x58, 0x40, 0x7a, 0x4e, 0xa8, 0x1, 0xf1, 0x5d,
    0x4, 0xe0, 0xd, 0xd6, 0xa8, 0x7, 0xf9, 0x76,
    0xf8, 0x0,

    /* U+67F3 "柳" */
    0x0, 0xa5, 0x0, 0x38, 0xa0, 0x3, 0xfc, 0xe4,
    0x1, 0xc, 0xea, 0x10, 0x7, 0xff, 0x7, 0xb8,
    0x57, 0x84, 0xdf, 0xf9, 0x0, 0x3e, 0x17, 0xb6,
    0x60, 0x5, 0x54, 0x1, 0x7, 0x70, 0xc3, 0x90,
    0xf0, 0x3c, 0x80, 0x5, 0x54, 0x0, 0x18, 0x80,
    0xc, 0x38, 0x7, 0xff, 0x0, 0x7f, 0x81, 0xbd,
    0x40, 0x3f, 0xf8, 0x4a, 0xc, 0x1, 0xff, 0xc4,
    0xc0, 0x4, 0x80, 0x7f, 0xf0, 0xd4, 0x1d, 0x90,
    0x3, 0x8, 0x7, 0xe2, 0x20, 0x73, 0x80, 0x7f,
    0xf0, 0xa9, 0x44, 0x21, 0x0, 0x23, 0x30, 0x7,
    0xe6, 0xf0, 0xc, 0x3b, 0x32, 0x0, 0xfc, 0xc0,
    0xa0, 0x12, 0x82, 0x18, 0x28, 0x4, 0x8a, 0x2,
    0xd6, 0x1, 0x96, 0x3e, 0x2, 0xc0, 0x2c, 0xb4,
    0x40, 0x28, 0x7, 0x38, 0x41, 0x98, 0x2, 0x8e,
    0xb0, 0xf, 0xe6, 0x5f, 0x0, 0xff, 0xe1, 0xc4,
    0xc8, 0xc0, 0x3f, 0xf8, 0x65, 0x6c, 0x1, 0xfc,

    /* U+6821 "校" */
    0x0, 0x86, 0xc8, 0x3, 0x8a, 0x84, 0x3, 0xf8,
    0xd0, 0x40, 0x38, 0xd2, 0x80, 0x3f, 0xf8, 0xa3,
    0x68, 0x60, 0x1f, 0xfc, 0x1c, 0xcd, 0x25, 0xf9,
    0x95, 0x80, 0x15, 0xec, 0x21, 0xcd, 0x9b, 0x9d,
    0x9b, 0x8, 0x3, 0xa1, 0x81, 0x21, 0x2a, 0x9b,
    0xaa, 0xa4, 0x8d, 0x54, 0x0, 0xbf, 0x40, 0xbf,
    0x70, 0x28, 0xe0, 0x0, 0xae, 0x0, 0x79, 0x42,
    0xc0, 0x2f, 0x29, 0x0, 0x16, 0x9d, 0x0, 0x61,
    0x10, 0x1, 0x2, 0x8a, 0x40, 0x31, 0x52, 0xb8,
    0x4, 0xe4, 0xb, 0x2c, 0xaf, 0x64, 0x1, 0x71,
    0x2e, 0x80, 0x54, 0xa1, 0xc6, 0x1b, 0x5, 0x60,
    0x6, 0x4, 0xaa, 0x0, 0x8, 0xec, 0x1e, 0x10,
    0x82, 0x98, 0x82, 0xcc, 0xc0, 0x1a, 0x10, 0x40,
    0xc, 0x40, 0x7, 0x29, 0x62, 0x80, 0xc, 0x6b,
    0xe0, 0x1f, 0xa5, 0x25, 0x10, 0x1, 0x8d, 0x10,
    0x1, 0xf9, 0x40, 0x6, 0x1, 0xeb, 0x0, 0xfc,
    0x58, 0x2, 0xf2, 0x1, 0xff, 0xc1, 0x5c, 0x3c,
    0xe5, 0x6d, 0x40, 0xf, 0xe3, 0xca, 0x5f, 0x30,
    0xaa, 0x15, 0xe8, 0x80, 0x7e, 0x1a, 0xb1, 0x0,
    0x97, 0x9e, 0x84, 0x2, 0x2f, 0x30, 0x3d, 0x50,
    0xf, 0xc, 0x38, 0x0,

    /* U+683C "格" */
    0x0, 0xd6, 0xa0, 0x1c, 0xb0, 0x1, 0xff, 0x21,
    0x0, 0x74, 0x18, 0x7, 0xff, 0x15, 0xc9, 0xa6,
    0x6d, 0x40, 0xf, 0xf8, 0xa0, 0x18, 0x88, 0x84,
    0x60, 0x13, 0xbc, 0x12, 0xee, 0x1f, 0x4, 0xbb,
    0x90, 0x18, 0x2, 0x98, 0x80, 0xc, 0x43, 0xa,
    0x11, 0x40, 0xda, 0x4, 0x2, 0xef, 0xb0, 0x7f,
    0x92, 0xb7, 0x75, 0x2e, 0xa3, 0x80, 0x7b, 0x41,
    0xc9, 0xb9, 0x2, 0x6, 0x86, 0x80, 0x3e, 0x70,
    0x7, 0x88, 0x80, 0xc, 0x20, 0x7, 0x0, 0xf2,
    0x0, 0x20, 0x68, 0xb, 0x25, 0x79, 0xa7, 0x10,
    0x3, 0x7b, 0x0, 0x38, 0xab, 0x4a, 0xa8, 0x33,
    0x63, 0x7a, 0x60, 0x69, 0x40, 0x2, 0x57, 0x1,
    0xaf, 0xfa, 0xc8, 0x14, 0xc3, 0xd4, 0x80, 0x2c,
    0xd6, 0x2a, 0xae, 0x24, 0x80, 0x43, 0x90, 0xf,
    0x85, 0x57, 0x84, 0x2, 0x49, 0x30, 0xf, 0xfe,
    0x33, 0x0, 0x7f, 0xf4, 0xd, 0x57, 0x8c, 0x3,
    0xff, 0x85, 0x55, 0xc0, 0x1f, 0xfc, 0x23, 0xff,
    0xe3, 0x0, 0xfb, 0xdc, 0x2, 0x9c, 0x0, 0xec,
    0xb0, 0x0,

    /* U+6843 "桃" */
    0x0, 0x9e, 0xc0, 0x39, 0x30, 0x1, 0xa8, 0x1,
    0xf7, 0xa8, 0x7, 0x9, 0x80, 0x8, 0x80, 0x1f,
    0xfd, 0x33, 0x90, 0xf, 0xcf, 0x20, 0x3f, 0xe7,
    0x1f, 0xd2, 0x64, 0x0, 0xfa, 0x40, 0x3, 0x10,
    0x0, 0x45, 0x8b, 0x78, 0x7, 0x98, 0x60, 0x0,
    0xee, 0x0, 0x23, 0x5, 0x21, 0x0, 0x74, 0x40,
    0x40, 0x22, 0x0, 0x68, 0x81, 0xb8, 0x7, 0xb,
    0x38, 0x6, 0x50, 0x15, 0xa0, 0x4, 0x10, 0x6,
    0x18, 0x0, 0xeb, 0x10, 0x94, 0x20, 0x6, 0x0,
    0x6b, 0x60, 0xc, 0x66, 0x40, 0x2c, 0x20, 0x96,
    0x0, 0xcd, 0x2e, 0x1, 0x4a, 0x10, 0x0, 0xcd,
    0xae, 0x82, 0x1, 0x6d, 0xc4, 0x0, 0xd7, 0xc0,
    0x36, 0x8f, 0x82, 0x80, 0x64, 0xa7, 0x22, 0x1a,
    0x0, 0x6a, 0xc0, 0x43, 0x0, 0xe5, 0xd2, 0x1c,
    0x0, 0xe4, 0x6, 0xb, 0x0, 0xf2, 0x88, 0x7,
    0xe3, 0x82, 0x30, 0xf, 0x4a, 0x0, 0x7c, 0xb8,
    0x1c, 0x1, 0xb1, 0x98, 0x2c, 0x1, 0xe4, 0xa0,
    0x93, 0x0, 0x99, 0x66, 0x48, 0x60, 0x1e, 0x43,
    0xa6, 0x0, 0xd3, 0xff, 0x58, 0x6, 0x8e, 0x0,
    0x62, 0x80, 0x7f, 0xc0,

    /* U+6848 "案" */
    0x0, 0xfc, 0x36, 0x80, 0x1f, 0xe1, 0x44, 0xf2,
    0xa5, 0xaa, 0x27, 0x88, 0x0, 0xb7, 0x7f, 0x0,
    0x2a, 0xef, 0xd0, 0x1, 0xb7, 0xff, 0x3c, 0xff,
    0xfc, 0x40, 0x13, 0x30, 0xc0, 0x26, 0x75, 0x0,
    0xfa, 0xbc, 0x1, 0x6d, 0xdf, 0xf4, 0x86, 0x7f,
    0xfd, 0x16, 0x0, 0xbb, 0xd0, 0x9, 0x77, 0xc0,
    0xb, 0xbb, 0x40, 0x4, 0x88, 0x78, 0x85, 0xa2,
    0x4b, 0xe1, 0x88, 0x91, 0x80, 0x76, 0x84, 0x6d,
    0x45, 0xf3, 0x61, 0x80, 0x7f, 0x77, 0xdb, 0xab,
    0xa0, 0x14, 0xb1, 0x0, 0x72, 0x55, 0xef, 0xda,
    0x2d, 0x77, 0x28, 0xef, 0x7a, 0x44, 0x0, 0xc7,
    0x97, 0x9d, 0xca, 0xfc, 0x15, 0x9d, 0xd4, 0xf0,
    0x80, 0x1f, 0xc4, 0x15, 0xd9, 0x8a, 0x4c, 0xd9,
    0x4, 0x4a, 0x0, 0x88, 0xfa, 0x40, 0x13, 0x11,
    0xeb, 0x0, 0x6f, 0x77, 0x38, 0x0, 0x49, 0x7f,
    0xbb, 0x80, 0x3c, 0xdc, 0xf8, 0xa7, 0x81, 0xce,
    0x1, 0xf0, 0xb6, 0xcb, 0xf9, 0x80, 0x6, 0xe6,
    0x5c, 0xe2, 0x0, 0x1b, 0xe9, 0x6d, 0x91, 0x0,
    0xe6, 0xf6, 0x8e, 0xc2, 0x1d, 0x8d, 0xb2, 0x0,
    0xfc, 0x31, 0xf2, 0x84,

    /* U+6863 "档" */
    0x0, 0x87, 0xc, 0x3, 0xcb, 0x40, 0x1f, 0x8c,
    0xce, 0x0, 0x21, 0x0, 0x6a, 0x0, 0x4a, 0x20,
    0x1f, 0xba, 0xc0, 0x3c, 0x74, 0xe0, 0x1f, 0xa5,
    0x44, 0x3, 0xa8, 0x58, 0x1d, 0xd6, 0x10, 0xea,
    0xa1, 0x60, 0xe, 0x79, 0x0, 0x44, 0x18, 0xe,
    0x24, 0x1e, 0x80, 0x33, 0x83, 0x0, 0x3f, 0xc8,
    0xf, 0xf8, 0x17, 0x20, 0x18, 0xac, 0x40, 0x32,
    0x3, 0x88, 0xaa, 0x3a, 0x9c, 0x6b, 0xfd, 0x48,
    0x0, 0x20, 0xa, 0x81, 0xdf, 0x11, 0x1d, 0xe5,
    0x30, 0x2, 0x98, 0x4a, 0x36, 0xef, 0xf0, 0x6,
    0xab, 0x2, 0x7e, 0x0, 0xff, 0xe0, 0x29, 0xa8,
    0x2, 0x64, 0xac, 0xdf, 0x80, 0x28, 0x60, 0x8,
    0x42, 0x26, 0x7f, 0x0, 0x14, 0xa8, 0x3, 0xb7,
    0xff, 0xf0, 0x1, 0x64, 0x80, 0x3f, 0xf8, 0xac,
    0x1, 0xc4, 0x89, 0xfc, 0x1, 0xfd, 0x17, 0x7f,
    0xc0, 0x1f, 0xd7, 0x99, 0xfc, 0x1, 0xfc, 0x26,
    0x7f, 0xde, 0xe0,

    /* U+68A6 "梦" */
    0x0, 0xff, 0xe6, 0x27, 0x90, 0x7, 0x9f, 0x80,
    0x3f, 0xf9, 0xdb, 0xfe, 0xb0, 0xdf, 0xf3, 0x67,
    0xfa, 0x7, 0xff, 0x8, 0x44, 0xc8, 0x2, 0x99,
    0x24, 0x4c, 0x0, 0x53, 0x30, 0x82, 0xb7, 0x0,
    0x58, 0xc4, 0x8d, 0x60, 0x1, 0x13, 0x30, 0x2,
    0x77, 0x40, 0x63, 0xe8, 0x86, 0xb, 0x8d, 0x43,
    0x80, 0x53, 0x14, 0x60, 0x38, 0xe5, 0xa5, 0xfe,
    0x4, 0x98, 0xa1, 0x5, 0x95, 0x0, 0x86, 0x80,
    0x70, 0x80, 0x26, 0xa7, 0x30, 0xc6, 0x6, 0x43,
    0x7, 0xfe, 0x20, 0x24, 0x0, 0x2e, 0x90, 0x6,
    0x2b, 0x19, 0x80, 0x1, 0x11, 0xe0, 0xc0, 0x3f,
    0x8f, 0x58, 0xf, 0x77, 0xb2, 0x40, 0x3c, 0x55,
    0x83, 0x7b, 0xbe, 0x20, 0xa0, 0xe, 0xad, 0x49,
    0x80, 0x22, 0xeb, 0x28, 0x30, 0xe, 0x99, 0x73,
    0x6d, 0xea, 0x0, 0x29, 0x9d, 0xc0, 0x1e, 0x36,
    0x0, 0x4e, 0xb5, 0xff, 0x96, 0x60, 0x3, 0xff,
    0x80, 0x7a, 0x0, 0x4d, 0x60, 0xf, 0xf1, 0xbe,
    0x74, 0xae, 0x59, 0x0, 0x7e, 0x2d, 0xfc, 0x87,
    0x9e, 0xa3, 0x0, 0xff, 0x12, 0xce, 0x7d, 0xb0,
    0x80, 0x7f, 0xc0,

    /* U+6A59 "橙" */
    0x0, 0x93, 0x0, 0x3f, 0x32, 0x80, 0x7e, 0x23,
    0x0, 0x37, 0xfe, 0x3e, 0x91, 0xd5, 0x0, 0xfe,
    0x7b, 0xb2, 0x81, 0xd9, 0xf0, 0xa0, 0x7, 0xf3,
    0x12, 0x32, 0x81, 0x80, 0x31, 0x5c, 0x1, 0xbf,
    0x21, 0xfa, 0x53, 0xe7, 0x20, 0x9, 0x9, 0xbe,
    0x0, 0x5c, 0x0, 0x22, 0xd6, 0xc0, 0x40, 0xcc,
    0xa0, 0xd7, 0x20, 0x6, 0x70, 0x3, 0xb0, 0x40,
    0x8b, 0x33, 0x30, 0x70, 0x7, 0xd0, 0x38, 0x75,
    0xfd, 0xda, 0x69, 0x70, 0x40, 0xa, 0x0, 0x77,
    0x14, 0x93, 0x3b, 0xe6, 0x39, 0x10, 0xb, 0x8c,
    0x1e, 0xb8, 0x66, 0xef, 0xa2, 0x4b, 0x44, 0x9,
    0x2c, 0x24, 0x88, 0x0, 0xdd, 0xf0, 0x7, 0x5a,
    0x8, 0xe, 0x10, 0x0, 0xcf, 0x98, 0x3, 0x13,
    0x70, 0x4, 0x40, 0x16, 0x67, 0x50, 0x6, 0x13,
    0x50, 0xe, 0x7b, 0x8f, 0xfb, 0x57, 0x10, 0x0,
    0x7a, 0x1, 0xf1, 0x41, 0x0, 0x29, 0x44, 0x3,
    0x8, 0x7, 0xcc, 0xa, 0x0, 0x66, 0x10, 0x7,
    0xf1, 0x2a, 0xc7, 0xeb, 0x83, 0xea, 0xb0, 0x7,
    0xc9, 0x55, 0x1b, 0xd1, 0x84, 0xd5, 0x42, 0x1,
    0xe6, 0xff, 0xff, 0xe0, 0x8,

    /* U+6B21 "次" */
    0x0, 0xfe, 0xb5, 0x0, 0xff, 0x88, 0x3, 0x91,
    0x6, 0x1, 0xfe, 0x9d, 0x90, 0xd, 0x80, 0x80,
    0x1f, 0xe9, 0x86, 0xd3, 0x0, 0x30, 0x23, 0x37,
    0xa4, 0x3, 0x3e, 0x1c, 0x81, 0x8, 0x4c, 0xfc,
    0xd0, 0x1, 0x8f, 0xec, 0x2c, 0x33, 0xbb, 0xd0,
    0x16, 0x1, 0xc2, 0x33, 0x99, 0x86, 0x3c, 0x46,
    0xc2, 0x30, 0xf, 0xa4, 0x60, 0x0, 0x62, 0x0,
    0x14, 0xa0, 0xf, 0xca, 0x88, 0x0, 0x28, 0x5,
    0x20, 0xc0, 0x1e, 0x13, 0xda, 0x0, 0xe1, 0x9,
    0xb1, 0x0, 0xf5, 0xe8, 0x8, 0x7, 0x38, 0xa,
    0x0, 0x79, 0x15, 0x80, 0x32, 0x0, 0x28, 0x3,
    0xf0, 0xd1, 0x40, 0x6, 0xf0, 0x93, 0x30, 0x7,
    0xd6, 0x32, 0x1, 0x91, 0xc, 0xc3, 0xf0, 0xf,
    0x32, 0xb2, 0x0, 0x45, 0x43, 0x1, 0x7, 0x0,
    0x1d, 0x3, 0x20, 0x11, 0xe0, 0xe8, 0x82, 0x33,
    0xb8, 0x3, 0x7e, 0x80, 0x4f, 0x81, 0x66, 0x1,
    0x4a, 0xc5, 0x98, 0x0, 0x4c, 0x1, 0x90, 0x78,
    0x80, 0x1d, 0x50, 0x9c, 0x1, 0xef, 0xac, 0x20,
    0xf, 0x9f, 0xbc, 0x0,

    /* U+6B22 "欢" */
    0x0, 0xff, 0x16, 0x98, 0x7, 0xff, 0x15, 0xc8,
    0x40, 0x3f, 0x55, 0x7b, 0xd0, 0x34, 0x8, 0x3,
    0xf0, 0x8f, 0x80, 0x81, 0x3, 0xff, 0xd6, 0x0,
    0xbb, 0xe9, 0x5, 0x13, 0x29, 0x9e, 0x2, 0x0,
    0x3b, 0x80, 0x24, 0x2, 0x70, 0xc4, 0x6, 0x63,
    0x86, 0x0, 0x50, 0x80, 0xc, 0x21, 0xb4, 0x17,
    0x91, 0x4, 0x5, 0x0, 0x3a, 0x50, 0x82, 0x29,
    0x97, 0x81, 0x0, 0x83, 0x40, 0x6, 0xa0, 0xb4,
    0x1b, 0x3d, 0x40, 0xd0, 0x10, 0x37, 0x0, 0xc3,
    0x6b, 0x64, 0x60, 0x40, 0x3, 0x5, 0x0, 0xfc,
    0xa4, 0xa, 0x1, 0xc4, 0x18, 0x1, 0xfc, 0x20,
    0x60, 0x1c, 0x80, 0xa0, 0x1f, 0x90, 0xc5, 0xc,
    0x2, 0x50, 0x92, 0x40, 0xf, 0xd, 0x17, 0xf,
    0x80, 0x50, 0x6c, 0x7e, 0x1, 0xed, 0x1f, 0x8,
    0x20, 0x4, 0x17, 0x84, 0xa2, 0x80, 0x43, 0x87,
    0x64, 0xd, 0xe0, 0xce, 0xe3, 0x5, 0x4a, 0x30,
    0xd, 0x68, 0x1, 0xc, 0x4a, 0xc0, 0x5, 0x45,
    0x8c, 0x3, 0x88, 0x1, 0xa1, 0xdd, 0x40, 0x18,
    0x7c, 0xe0, 0x80, 0x3e, 0x8c, 0x80, 0xf, 0x16,
    0x60, 0x80,

    /* U+6B47 "歇" */
    0x0, 0xff, 0xe0, 0x15, 0x90, 0x7, 0xdd, 0xff,
    0xee, 0x0, 0x3a, 0x18, 0x7, 0xe9, 0xee, 0xd0,
    0x1, 0x68, 0x88, 0x3, 0xf0, 0x99, 0xef, 0x0,
    0x98, 0x59, 0xa8, 0x50, 0xd, 0x19, 0x99, 0xc0,
    0x2, 0x20, 0x99, 0x9e, 0xc0, 0x34, 0xf7, 0x69,
    0x0, 0x30, 0x76, 0xff, 0x95, 0x0, 0x34, 0xff,
    0xe9, 0x0, 0x4b, 0x6, 0xa0, 0x26, 0x0, 0x58,
    0x9, 0xbb, 0xb1, 0xc6, 0xc0, 0x22, 0x14, 0x0,
    0x84, 0x38, 0x3, 0x9a, 0x88, 0xc0, 0x85, 0x88,
    0x2, 0xf0, 0xad, 0xde, 0x95, 0x1, 0xc, 0x39,
    0x0, 0xa0, 0xf3, 0xaf, 0x3b, 0x81, 0xe0, 0x5,
    0x1, 0x0, 0xca, 0xe8, 0x43, 0x16, 0x23, 0x80,
    0x1c, 0xa, 0x1, 0x92, 0x15, 0xc, 0xcc, 0x40,
    0x26, 0x0, 0x43, 0x13, 0x0, 0x85, 0xc0, 0xf6,
    0x6f, 0x4, 0x4, 0x8, 0xe4, 0xe8, 0x3, 0xc7,
    0x6c, 0xb8, 0x60, 0xe1, 0x2, 0xb4, 0xc2, 0x1,
    0xd5, 0x4f, 0xf6, 0xb8, 0x12, 0x2c, 0x3, 0x15,
    0x0, 0x6f, 0xdd, 0xae, 0xde, 0x7, 0x46, 0xc0,
    0xe, 0x49, 0x0, 0x84, 0x8a, 0xeb, 0x58, 0x13,
    0xd0, 0x8, 0xe7, 0x80, 0x3e, 0xaf, 0xf3, 0x9e,
    0x88, 0x6, 0x67, 0x0,

    /* U+6B4C "歌" */
    0x0, 0xff, 0xe0, 0x23, 0x80, 0x7d, 0x33, 0xf5,
    0x4c, 0x7, 0x50, 0x7, 0xc4, 0x5f, 0x2b, 0x10,
    0x3b, 0x80, 0x3e, 0xb9, 0x9d, 0x56, 0x31, 0x42,
    0x4e, 0xcd, 0x42, 0x80, 0x5b, 0xbb, 0x0, 0x33,
    0x81, 0x4c, 0xcf, 0x40, 0x1b, 0x3e, 0x80, 0x3a,
    0x8f, 0xff, 0x29, 0x80, 0x67, 0x13, 0x0, 0xc4,
    0x74, 0x1c, 0x80, 0xe8, 0x1, 0xd, 0xf4, 0x88,
    0x5, 0x22, 0xc2, 0x20, 0x1, 0x60, 0x5, 0xdf,
    0xf6, 0x0, 0x5d, 0x60, 0x10, 0x91, 0x10, 0xf,
    0x33, 0xe1, 0x89, 0x10, 0x30, 0xc2, 0xd0, 0x0,
    0xa2, 0x7c, 0x0, 0x47, 0x6, 0x3, 0x0, 0xc5,
    0x17, 0x55, 0xa0, 0xde, 0xc, 0x30, 0x1c, 0x3,
    0x8b, 0x37, 0x6c, 0x0, 0xf2, 0x99, 0x18, 0x7,
    0xb7, 0xec, 0x3, 0xc8, 0x50, 0x72, 0x1, 0xe6,
    0x22, 0x0, 0x7a, 0xd, 0x25, 0x50, 0x3, 0xaf,
    0x64, 0x3, 0xa4, 0xfc, 0x14, 0xe8, 0x40, 0x6,
    0x5d, 0xff, 0x8, 0x82, 0x1a, 0xc, 0x1, 0xa1,
    0x84, 0x3, 0xa2, 0x0, 0xae, 0x3d, 0x47, 0x70,
    0x4, 0x3a, 0x1, 0xfa, 0xff, 0x97, 0x20, 0x3,
    0x8f, 0x48,

    /* U+6B62 "止" */
    0x0, 0xfe, 0x88, 0x0, 0x7f, 0xf1, 0x51, 0x0,
    0x1f, 0xfe, 0x55, 0x20, 0xf, 0xfe, 0x20, 0xd2,
    0x80, 0x7f, 0xf3, 0x4, 0x3, 0xff, 0x8c, 0x5f,
    0xfe, 0x50, 0xf, 0xfe, 0x4, 0x47, 0x9c, 0x3,
    0xfe, 0x37, 0x7f, 0x10, 0x7, 0xff, 0xfc, 0x3,
    0xff, 0xb9, 0x9d, 0xc0, 0x8e, 0xec, 0x66, 0xee,
    0xf8, 0x91, 0xd9, 0xa7, 0x7c, 0xcc, 0x77, 0xf8,
    0xc0,

    /* U+6B63 "正" */
    0x6, 0x77, 0xff, 0xe1, 0xa8, 0x2, 0xe2, 0x3f,
    0xf8, 0x7c, 0x0, 0xdf, 0xff, 0x85, 0x7f, 0xfd,
    0x60, 0x1f, 0xfd, 0xe3, 0x10, 0xf, 0xfe, 0x20,
    0xe3, 0x0, 0x7f, 0xf2, 0xc5, 0x62, 0x39, 0xc0,
    0x3f, 0xf8, 0x2e, 0xfd, 0x20, 0x1f, 0xf0, 0xaf,
    0xff, 0x70, 0x7, 0xff, 0xfc, 0x3, 0xff, 0x95,
    0x39, 0x80, 0x8c, 0xcc, 0x2b, 0x99, 0xf2, 0xb,
    0xb2, 0x21, 0xdf, 0x22, 0x1d, 0xfe, 0x0,

    /* U+6B64 "此" */
    0x0, 0xf3, 0x48, 0x4, 0xb4, 0x1, 0xff, 0xc1,
    0xc7, 0x0, 0xb5, 0x44, 0x3, 0xff, 0xc8, 0x92,
    0x1, 0xff, 0xc1, 0x10, 0xd, 0x8c, 0x1, 0xff,
    0xc0, 0x8e, 0x50, 0xf, 0xc2, 0xee, 0x50, 0x8,
    0xf1, 0xd1, 0x0, 0x1f, 0x8, 0x44, 0x38, 0x1,
    0x78, 0x35, 0x62, 0x1, 0xf0, 0x8b, 0xfd, 0x60,
    0x5, 0x9d, 0x50, 0xf, 0xfe, 0x27, 0x30, 0x7,
    0xff, 0xfc, 0x3, 0xf5, 0x90, 0x7, 0xff, 0x14,
    0x51, 0xc0, 0x3c, 0xc3, 0x17, 0x5e, 0x1, 0xc4,
    0xc, 0xa, 0xe1, 0xbe, 0x60, 0xec, 0x42, 0x16,
    0xef, 0x78, 0x18, 0x50, 0xb, 0x3d, 0x6f, 0xec,
    0x32, 0x22, 0x22, 0x29, 0x0, 0x67, 0x72, 0xe1,
    0x48, 0x3, 0x5f, 0x7f, 0xdc, 0xc0,

    /* U+6B65 "步" */
    0x0, 0xfe, 0x57, 0x0, 0xff, 0xe0, 0x19, 0x0,
    0x59, 0x60, 0x1f, 0xfc, 0xd, 0xb0, 0xc, 0x6e,
    0xfc, 0xc0, 0x1f, 0xfc, 0x18, 0x8f, 0x0, 0x7f,
    0xf0, 0xf, 0xff, 0xb8, 0x3, 0xff, 0x95, 0x35,
    0x41, 0x6a, 0xa9, 0x8e, 0xab, 0xe7, 0x3, 0x11,
    0x19, 0x84, 0x60, 0x0, 0x8f, 0xde, 0x15, 0x76,
    0xce, 0xab, 0xb0, 0xad, 0xdf, 0xd0, 0x1, 0xd9,
    0xa0, 0x1f, 0xaf, 0x40, 0x3d, 0x63, 0xc0, 0x1f,
    0x2a, 0x28, 0x7, 0x52, 0x51, 0x0, 0x78, 0xe8,
    0xa0, 0x2, 0x1b, 0x59, 0x50, 0xf, 0x1e, 0xf,
    0x80, 0x61, 0x9, 0x60, 0xf, 0x3e, 0xe, 0x10,
    0x7, 0x5b, 0x0, 0x74, 0x3c, 0x27, 0x90, 0x7,
    0xf8, 0x9f, 0xa4, 0xe6, 0xc4, 0x3, 0xe3, 0x69,
    0xed, 0x82, 0x9e, 0x60, 0xf, 0xd9, 0x89, 0x65,
    0x8d, 0xc6, 0x0, 0xff, 0x7d, 0x6f, 0xdb, 0x90,
    0x7, 0xfc,

    /* U+6BB5 "段" */
    0x0, 0xf2, 0xe1, 0x80, 0x4, 0x78, 0x3, 0xe5,
    0xaf, 0xa0, 0x60, 0x6e, 0xee, 0x60, 0xe, 0xda,
    0x19, 0xec, 0x50, 0xb, 0x32, 0x0, 0xf9, 0x6,
    0xd8, 0x40, 0x38, 0xce, 0x0, 0xff, 0xe1, 0xf0,
    0x80, 0x7f, 0xc3, 0xdd, 0x94, 0xd, 0x40, 0x3f,
    0xf8, 0xc, 0xdc, 0x49, 0xc0, 0x1b, 0xcc, 0xc0,
    0x18, 0x62, 0x31, 0x79, 0xa8, 0x4, 0xee, 0xcd,
    0x10, 0x8, 0x47, 0x81, 0x74, 0x3, 0x47, 0x7f,
    0x8, 0x6, 0xee, 0xc8, 0x3d, 0xff, 0xe9, 0x0,
    0xf5, 0xde, 0x4a, 0x15, 0xaa, 0xa0, 0x3c, 0x3,
    0x85, 0x13, 0x9, 0xa3, 0x2a, 0xc0, 0x7, 0x0,
    0xf8, 0x4d, 0x54, 0x10, 0x6e, 0x3, 0xe, 0x20,
    0x1, 0x86, 0x1e, 0xe6, 0x56, 0x1, 0x44, 0x17,
    0x46, 0x0, 0x33, 0x0, 0x26, 0xfb, 0xe4, 0x0,
    0xe7, 0x47, 0xa0, 0x18, 0x79, 0x85, 0xd0, 0x40,
    0x32, 0x10, 0x2, 0x44, 0x3, 0xfe, 0x16, 0xdb,
    0x5e, 0x85, 0xe9, 0x40, 0xf, 0xed, 0x96, 0xbb,
    0xb, 0xf3, 0x32, 0x0, 0x29, 0xe0, 0xd, 0xdc,
    0xb4, 0x0, 0x86, 0x7f, 0x40,

    /* U+6BCF "每" */
    0x0, 0xff, 0xe6, 0xe5, 0x0, 0x7f, 0xf1, 0x50,
    0xfc, 0x3, 0xff, 0x8b, 0x61, 0x5f, 0xff, 0xf5,
    0x0, 0x66, 0x4, 0x99, 0xff, 0xe0, 0x70, 0x4,
    0x32, 0xb6, 0xcd, 0xff, 0xc0, 0x40, 0xb, 0x47,
    0xa9, 0x9b, 0xfa, 0x4c, 0x3, 0x51, 0xd6, 0x2c,
    0xcf, 0xf3, 0x20, 0x6, 0x89, 0x42, 0x4f, 0xf2,
    0x37, 0x7f, 0xe0, 0xf, 0x13, 0x3, 0x8, 0x2,
    0xb, 0x98, 0x3, 0x8, 0x7, 0xc5, 0xa0, 0x3,
    0xb9, 0xb1, 0x1, 0x0, 0xf7, 0x7f, 0x86, 0x3f,
    0xf4, 0x97, 0x7f, 0x4, 0xff, 0x88, 0x2e, 0x5c,
    0x1a, 0x5c, 0xa6, 0x79, 0x81, 0x26, 0x46, 0xa,
    0xda, 0x10, 0xd8, 0x16, 0x4c, 0xd5, 0x4, 0x33,
    0x4, 0x2, 0x20, 0x10, 0x4d, 0x5b, 0x80, 0x3,
    0x0, 0x7e, 0xd0, 0x55, 0xda, 0xa8, 0xaa, 0x90,
    0x45, 0x30, 0xc, 0xe1, 0x55, 0xca, 0x75, 0x43,
    0x8, 0xa9, 0x0, 0xdb, 0xff, 0xfe, 0x52, 0xff,
    0x50, 0x7, 0xff, 0x0, 0xc8, 0xd1, 0xc0, 0x3f,
    0xf8, 0x7f, 0xb8, 0x50, 0x1, 0xff, 0xc3, 0xcf,
    0xf6, 0x10, 0x6,

    /* U+6BD4 "比" */
    0x4, 0x80, 0xf, 0x25, 0x0, 0x7e, 0xd7, 0x0,
    0xf1, 0xa8, 0x80, 0x7f, 0xfb, 0x5a, 0x80, 0x3f,
    0xf8, 0x71, 0x28, 0x40, 0x14, 0x47, 0x0, 0x61,
    0xc7, 0x4f, 0x20, 0x9, 0xdf, 0x30, 0x4, 0xde,
    0x73, 0x62, 0x1, 0xbf, 0xf7, 0x0, 0x50, 0x9c,
    0xc0, 0x1f, 0xfc, 0x2a, 0xa0, 0x80, 0x7f, 0xf0,
    0xd0, 0x3, 0xff, 0xb9, 0x28, 0x1, 0xff, 0xc4,
    0x4e, 0x0, 0xf1, 0x30, 0x7, 0xe3, 0x20, 0x8,
    0xe3, 0x75, 0x20, 0x1f, 0x87, 0x81, 0x83, 0x1c,
    0x67, 0x80, 0x82, 0xdd, 0xea, 0x4, 0x20, 0x4,
    0xf6, 0x30, 0x82, 0xa2, 0xc4, 0x4a, 0xe4, 0x4d,
    0xf6, 0x10, 0xe, 0xbf, 0xfe, 0x80,

    /* U+6BDB "毛" */
    0x0, 0xff, 0xe0, 0x2d, 0x50, 0x3, 0xff, 0x80,
    0x91, 0x9f, 0x48, 0x64, 0x1, 0xc4, 0xaf, 0x5b,
    0xf6, 0xee, 0x8c, 0xe9, 0x20, 0x9, 0x7f, 0x6a,
    0x45, 0x41, 0x3e, 0xdc, 0xc0, 0x3c, 0x95, 0x9f,
    0xd7, 0x0, 0x60, 0x1f, 0xe1, 0x53, 0x0, 0xfc,
    0x28, 0xd1, 0x44, 0x1, 0xe2, 0x46, 0x7, 0xdf,
    0xeb, 0x96, 0x60, 0x80, 0x6, 0xf7, 0xf6, 0xe4,
    0x0, 0x91, 0x59, 0xfd, 0x86, 0x0, 0x10, 0x48,
    0xbd, 0xf0, 0x79, 0x75, 0x30, 0xf, 0xae, 0x5d,
    0x8, 0x3, 0xfc, 0x44, 0x0, 0xfe, 0x24, 0x68,
    0xac, 0xef, 0xd8, 0x1, 0x35, 0x79, 0xbd, 0x5,
    0xb9, 0x66, 0xd3, 0x76, 0xa, 0xca, 0x84, 0x4,
    0x2, 0xdf, 0xec, 0xa8, 0x64, 0x10, 0x8c, 0xef,
    0xdb, 0x90, 0x52, 0x0, 0xf0, 0x80, 0xc, 0xc2,
    0x1, 0xff, 0xc1, 0x4e, 0x20, 0xf, 0xc2, 0x1,
    0xf1, 0x9, 0x80, 0x7c, 0x4d, 0xe, 0xfd, 0x12,
    0x62, 0x1, 0xf4, 0x93, 0xc4, 0x73, 0x97, 0x80,

    /* U+6C14 "气" */
    0x0, 0xe7, 0x30, 0xf, 0xfe, 0x2a, 0x43, 0x0,
    0x7f, 0xf1, 0x7c, 0xd, 0x57, 0xfe, 0x30, 0xc,
    0x88, 0x9, 0xaa, 0xff, 0xa4, 0x3, 0x49, 0x7f,
    0xff, 0xf0, 0x68, 0x2, 0x92, 0x9c, 0xff, 0xff,
    0x84, 0x2, 0x66, 0x2a, 0x7d, 0xdf, 0xfc, 0x20,
    0x2, 0x93, 0xa0, 0x34, 0x4f, 0xf8, 0x2, 0x2c,
    0xde, 0xff, 0xff, 0x98, 0x3, 0x8c, 0x6e, 0xab,
    0xfa, 0x40, 0x40, 0x3e, 0x55, 0xff, 0x30, 0x78,
    0x7, 0xff, 0x18, 0x44, 0x1, 0xff, 0xc6, 0x32,
    0x0, 0xff, 0xe3, 0x3b, 0x0, 0x7f, 0xf1, 0x88,
    0x80, 0x1f, 0xfc, 0x6c, 0x4, 0xa, 0x30, 0xf,
    0xfe, 0x12, 0x6, 0x83, 0xb8, 0x3, 0xff, 0x86,
    0xed, 0x24, 0xc0, 0x1f, 0xfc, 0x38, 0x66, 0x29,
    0x0,

    /* U+6C34 "水" */
    0x0, 0xfe, 0x97, 0x0, 0xff, 0xe3, 0x3e, 0x0,
    0x7f, 0xfd, 0xe, 0xc4, 0x2, 0x59, 0x9d, 0xae,
    0x2, 0x80, 0x10, 0xea, 0x18, 0x5, 0x8c, 0xd8,
    0xa8, 0x2, 0x40, 0x6, 0x8d, 0x90, 0x5, 0x3f,
    0xf8, 0x5c, 0x4, 0x20, 0x2c, 0xed, 0x0, 0x3f,
    0x18, 0xf8, 0x0, 0x4f, 0xd2, 0xd0, 0x3, 0xfa,
    0xc1, 0x40, 0xa, 0xa0, 0xa4, 0x0, 0xff, 0x32,
    0x80, 0x6b, 0x1f, 0x0, 0xff, 0x38, 0xc8, 0x6,
    0x18, 0x56, 0x0, 0xfc, 0x50, 0x86, 0x1, 0xcc,
    0x92, 0xa0, 0x1f, 0x70, 0x48, 0x7, 0xd6, 0x54,
    0xc0, 0x1d, 0x67, 0x24, 0x1, 0xfb, 0xa, 0x68,
    0x40, 0x18, 0x8c, 0xc0, 0xf, 0xe1, 0xc4, 0x5f,
    0x10, 0x47, 0x90, 0xf, 0x8, 0x6, 0x1b, 0x99,
    0x8, 0x44, 0x0, 0x26, 0x9a, 0x13, 0x0, 0xf3,
    0x38, 0x7, 0xc6, 0xca, 0x76, 0x1, 0xfc,

    /* U+6C42 "求" */
    0x0, 0xfe, 0xb7, 0x0, 0x40, 0x80, 0x7f, 0xf0,
    0x97, 0x80, 0xd7, 0x9c, 0x3, 0xff, 0x88, 0x7b,
    0x10, 0xb0, 0xc, 0xae, 0xff, 0xb, 0x3b, 0xc0,
    0xa0, 0xe8, 0x0, 0x88, 0xfc, 0x0, 0x88, 0xca,
    0x91, 0xc0, 0xd, 0xff, 0xf8, 0x1, 0xff, 0xf5,
    0x0, 0x45, 0x0, 0x1f, 0x8, 0x4, 0x38, 0x80,
    0x19, 0xdd, 0x40, 0x18, 0x42, 0x40, 0x2a, 0x30,
    0xe, 0x59, 0x58, 0x0, 0xe6, 0x0, 0x4a, 0x4a,
    0x0, 0x73, 0x3b, 0x94, 0x2, 0x50, 0x89, 0x69,
    0x60, 0xf, 0xa1, 0x4, 0x0, 0x27, 0x2e, 0xd2,
    0xc0, 0x1f, 0xd6, 0x88, 0xd0, 0x3, 0x88, 0x30,
    0x7, 0xf8, 0xaa, 0xd8, 0x2, 0xd0, 0xa0, 0xf,
    0xe8, 0xd4, 0x9b, 0x10, 0x1, 0xc2, 0xc8, 0x7,
    0x9b, 0x9d, 0x7d, 0x80, 0x39, 0xd9, 0x96, 0x20,
    0x1, 0xd9, 0x3b, 0xa1, 0x0, 0xfa, 0x5d, 0x3d,
    0x80, 0x52, 0x35, 0x0, 0x3f, 0xd1, 0x41, 0xa0,
    0x9, 0x70, 0x1, 0xc4, 0x42, 0x20, 0xe, 0x5e,
    0xa0, 0xf, 0xb, 0xbc, 0x74, 0x1, 0xf0, 0x80,
    0x78, 0xbf, 0xec, 0x20, 0xf, 0xe0,

    /* U+6C47 "汇" */
    0x0, 0x8, 0x7, 0xff, 0x1f, 0x30, 0x40, 0x8,
    0x8f, 0xf9, 0x40, 0x2e, 0x1d, 0x61, 0x77, 0xff,
    0xbc, 0x2, 0x3d, 0x5b, 0x0, 0x47, 0xff, 0xf5,
    0x0, 0x75, 0x60, 0x7, 0xff, 0x1c, 0x40, 0x3f,
    0xf8, 0x6e, 0xc0, 0x1f, 0xfc, 0x6e, 0x9d, 0x30,
    0xf, 0xfe, 0x24, 0xe0, 0x60, 0x80, 0x7f, 0xf1,
    0xf, 0x70, 0x40, 0x3f, 0xf8, 0xc6, 0x1, 0xff,
    0xc7, 0x65, 0x0, 0xff, 0xe3, 0x47, 0x0, 0x7f,
    0xf1, 0x5c, 0x60, 0x3, 0xff, 0x88, 0x30, 0xa6,
    0x1, 0xff, 0xc4, 0xb0, 0x80, 0xf, 0xfe, 0x22,
    0x2b, 0x90, 0x5, 0x1f, 0xff, 0xe1, 0x0, 0x14,
    0x0, 0x5, 0xdf, 0xff, 0x80, 0x20, 0x9a, 0x1,
    0xa2, 0x3f, 0xf8, 0x0,

    /* U+6C9F "沟" */
    0x0, 0x2b, 0x0, 0x75, 0xc8, 0x7, 0xfb, 0x27,
    0xc, 0x0, 0x29, 0xc0, 0x1f, 0xe9, 0xc1, 0xc4,
    0x6, 0x5, 0x0, 0xff, 0x8f, 0x5d, 0x2, 0x3,
    0x7f, 0xfe, 0x80, 0xe, 0x80, 0x50, 0x38, 0x8f,
    0x80, 0x3f, 0xa0, 0xb1, 0xdf, 0xe0, 0xa, 0xf0,
    0xc0, 0xe, 0x50, 0x17, 0x40, 0x1f, 0xbc, 0x72,
    0x4a, 0xd, 0x41, 0xc, 0x3, 0xde, 0x9, 0xae,
    0x85, 0x3c, 0x8, 0x14, 0x2, 0x1, 0xfa, 0x34,
    0x18, 0x83, 0x88, 0xdf, 0x0, 0x2, 0x1, 0xfe,
    0x15, 0xb0, 0x52, 0x40, 0x8, 0x40, 0x3a, 0xc4,
    0x18, 0x58, 0x8, 0xfc, 0xc, 0xc, 0x3, 0x2a,
    0x29, 0x41, 0xc5, 0xf1, 0xa0, 0x88, 0x3, 0xd0,
    0x68, 0x0, 0x25, 0x19, 0xa0, 0x70, 0x0, 0x80,
    0x4e, 0x50, 0x5, 0x5d, 0xb4, 0xea, 0xea, 0xc0,
    0xe0, 0x1, 0x84, 0x40, 0x1, 0x44, 0x3, 0x41,
    0x90, 0x10, 0x2, 0xc2, 0x40, 0x3f, 0xed, 0x1,
    0x3, 0x56, 0x20, 0xf, 0x8d, 0xd9, 0xd5, 0x0,
    0x7, 0x30, 0x1, 0xf8, 0x62, 0x60, 0xa4, 0x2,
    0x61, 0x0, 0xfc, 0x5f, 0xf6, 0x90, 0x0,

    /* U+6CA1 "没" */
    0x0, 0x28, 0x7, 0x88, 0x47, 0x10, 0x7, 0x8e,
    0xb9, 0x40, 0x24, 0xde, 0xed, 0xb2, 0x1, 0xc7,
    0xab, 0x54, 0x0, 0xd1, 0x55, 0x0, 0x7e, 0x2b,
    0x9f, 0x0, 0x8, 0x2a, 0xe1, 0x0, 0xfe, 0x65,
    0x0, 0x10, 0x10, 0x7, 0xff, 0x16, 0x8c, 0x3,
    0x8c, 0x3, 0x17, 0xc8, 0x80, 0x54, 0x50, 0x1,
    0x89, 0x7f, 0xda, 0x5, 0xd, 0xce, 0x3a, 0xb2,
    0x80, 0x1b, 0x61, 0xdd, 0x40, 0x7, 0xe5, 0xd1,
    0xac, 0x60, 0xe, 0x17, 0x88, 0x38, 0x4, 0x35,
    0x40, 0x2c, 0xff, 0xfe, 0x50, 0xf, 0xce, 0xc0,
    0xf1, 0x1c, 0x0, 0x70, 0xf, 0x4b, 0x94, 0x89,
    0x3b, 0xe5, 0x6, 0x20, 0xe, 0x16, 0xf0, 0x5,
    0xab, 0x0, 0x7, 0xc6, 0x0, 0x3d, 0x1, 0x20,
    0x5, 0x69, 0x61, 0xd2, 0xd1, 0x0, 0xe2, 0x67,
    0x10, 0xa, 0x52, 0x78, 0xec, 0xc0, 0x3d, 0x23,
    0x0, 0x18, 0x84, 0x2, 0x10, 0xf, 0x22, 0x24,
    0x0, 0x2d, 0x7a, 0x91, 0x45, 0x5c, 0xe6, 0x1,
    0x61, 0x38, 0x47, 0x4b, 0x4f, 0x3a, 0xec, 0x94,
    0x66, 0x0, 0x11, 0x80, 0x9, 0x96, 0xe9, 0x80,
    0x33, 0x66, 0xcf, 0x80,

    /* U+6CB9 "油" */
    0x0, 0x18, 0x80, 0x7e, 0x95, 0x0, 0xfb, 0xb9,
    0x22, 0x1, 0xe6, 0xd0, 0xf, 0xb5, 0xdb, 0xd0,
    0x3, 0xff, 0x87, 0x1a, 0xaa, 0x0, 0xff, 0xe2,
    0x15, 0x8a, 0xc4, 0x60, 0x78, 0x8c, 0x60, 0x1f,
    0x7b, 0xbe, 0x0, 0x3b, 0xe4, 0xa, 0x91, 0x0,
    0xc7, 0xff, 0x3, 0xff, 0xc0, 0x16, 0x3f, 0x48,
    0x7, 0xff, 0xd, 0xb9, 0xd8, 0x80, 0x3f, 0xf8,
    0x91, 0xc4, 0x1, 0xff, 0xc5, 0x10, 0x8, 0xff,
    0xe0, 0x7f, 0xf8, 0x3, 0xc2, 0x1, 0x9d, 0xe0,
    0x3, 0xbc, 0x1, 0xea, 0xa0, 0x0, 0xe2, 0x20,
    0x78, 0x88, 0x3, 0x8d, 0x34, 0x3, 0xff, 0x89,
    0xc4, 0xe0, 0x1f, 0xfc, 0x37, 0x28, 0x0, 0xff,
    0xe1, 0x94, 0x22, 0x80, 0x47, 0xff, 0x3, 0xff,
    0xc0, 0x11, 0xac, 0x80, 0x74, 0x47, 0xe0, 0x8,
    0x68, 0x80, 0x2b, 0xe7, 0x7f, 0xde, 0xe0,

    /* U+6CD5 "法" */
    0x0, 0x21, 0x80, 0x7e, 0xc5, 0x0, 0xfb, 0xf2,
    0xcc, 0x3, 0xc6, 0x40, 0x1f, 0x5d, 0x2e, 0x20,
    0x7, 0xff, 0xd, 0x79, 0xd0, 0x55, 0x66, 0xa,
    0x55, 0xc0, 0x1e, 0x80, 0x4a, 0xaa, 0x40, 0xaa,
    0xab, 0x0, 0xfc, 0xbd, 0xd8, 0x1f, 0xbb, 0x0,
    0x32, 0xcc, 0x3, 0x8, 0xe0, 0xf1, 0x18, 0x2,
    0xa5, 0xc9, 0x0, 0xff, 0xe1, 0xb7, 0x33, 0x4,
    0x4, 0x71, 0x7, 0x88, 0xf0, 0x5, 0x3c, 0x27,
    0xdd, 0xb4, 0x1f, 0xbb, 0x50, 0x6, 0x10, 0x2a,
    0xac, 0x0, 0xaa, 0xe8, 0x0, 0xe9, 0x15, 0x58,
    0x42, 0x55, 0x78, 0xc0, 0x33, 0xb1, 0x80, 0x52,
    0x2c, 0x6, 0x80, 0x1e, 0x19, 0x53, 0x0, 0x31,
    0x58, 0x2, 0xac, 0x80, 0x3a, 0x6, 0x0, 0x3,
    0x8, 0xa0, 0x9, 0x2e, 0x0, 0xc4, 0xcc, 0x20,
    0x5, 0x85, 0x0, 0x9, 0x10, 0x6c, 0x1, 0x70,
    0xc0, 0x2, 0x14, 0x73, 0xbf, 0x6d, 0x82, 0x44,
    0x10, 0xe0, 0x40, 0x8, 0x8, 0x89, 0xac, 0xef,
    0xe0, 0x90, 0x4b, 0x60, 0xb, 0x3e, 0xe5, 0xd4,
    0xc4, 0x6, 0x30,

    /* U+6CE2 "波" */
    0x0, 0x22, 0x0, 0x3f, 0x63, 0x80, 0x7e, 0xeb,
    0xb1, 0x0, 0x78, 0xbc, 0x3, 0xf5, 0x51, 0x74,
    0x40, 0x3f, 0xf8, 0x8b, 0xf2, 0x37, 0xff, 0x85,
    0xff, 0xf8, 0x40, 0x30, 0xb0, 0x38, 0x44, 0x40,
    0x8, 0x88, 0x8, 0x40, 0x40, 0x3c, 0xae, 0xf0,
    0xbb, 0xcc, 0x14, 0x0, 0xdd, 0x28, 0x7, 0xff,
    0x2, 0x41, 0x80, 0x1c, 0xd5, 0x62, 0x1, 0xfe,
    0x9c, 0x10, 0x1, 0x5d, 0x0, 0x80, 0x17, 0xfe,
    0x17, 0xff, 0x75, 0x0, 0x72, 0xd8, 0x0, 0x40,
    0x29, 0x9d, 0x1, 0xc0, 0x1f, 0xe6, 0xa0, 0x46,
    0x68, 0x0, 0xc0, 0x1e, 0x85, 0x2, 0xe5, 0x29,
    0x0, 0xc, 0xa8, 0x80, 0x70, 0xbe, 0x88, 0x10,
    0x4a, 0x28, 0x40, 0xc0, 0x7, 0xa4, 0x29, 0x41,
    0xc1, 0x1a, 0xa8, 0xd0, 0x40, 0x1c, 0x2e, 0xa5,
    0xa2, 0x40, 0x9, 0x5, 0x17, 0x0, 0xf4, 0x84,
    0x3, 0xb8, 0x0, 0x34, 0x0, 0x17, 0x0, 0xe1,
    0x75, 0x25, 0x1d, 0x6, 0xf5, 0x8f, 0x58, 0xd6,
    0x0, 0x90, 0x20, 0x2c, 0xdb, 0xe5, 0x75, 0xc2,
    0xac, 0x67, 0xc8, 0x17, 0x88, 0x37, 0x8a, 0x72,
    0xc8, 0x2, 0x4c, 0xc5, 0x10,

    /* U+6CF0 "泰" */
    0x0, 0xfe, 0xb7, 0x0, 0xff, 0xe2, 0x8a, 0x78,
    0x7, 0xfd, 0xbf, 0xfd, 0xc0, 0xff, 0xff, 0x0,
    0x69, 0xbb, 0xe1, 0xa, 0xbb, 0xf8, 0x3, 0x22,
    0xae, 0x61, 0x54, 0x55, 0xf2, 0x0, 0x77, 0xf7,
    0x5a, 0xb, 0xdd, 0xf1, 0x80, 0x77, 0xee, 0xb0,
    0xf, 0x77, 0xf1, 0x80, 0x46, 0x62, 0x11, 0x70,
    0x48, 0x8f, 0xe3, 0x30, 0x3, 0x33, 0x88, 0x2b,
    0x33, 0xfc, 0x0, 0xfe, 0xe4, 0x82, 0xf7, 0x1d,
    0x7b, 0x0, 0xf7, 0xb9, 0xe0, 0x10, 0xb4, 0xad,
    0x8, 0x8d, 0x84, 0xf4, 0x71, 0x4, 0x2, 0x1a,
    0x86, 0x33, 0x0, 0x79, 0x5d, 0x2b, 0x5c, 0x43,
    0x12, 0xa4, 0xf1, 0x0, 0x2, 0xb, 0x19, 0x56,
    0x34, 0x21, 0x9e, 0xa1, 0x4b, 0xa8, 0x82, 0xfa,
    0x86, 0x4, 0xcd, 0x0, 0x8, 0x80, 0x6, 0x67,
    0xb0, 0x1, 0x85, 0x30, 0x7, 0xc7, 0x1d, 0x8b,
    0x1e, 0x87, 0x9a, 0xf3, 0xaa, 0x1, 0xca, 0xcc,
    0xdc, 0x42, 0x70, 0x1, 0x56, 0xb5, 0x88, 0x6,
    0x6e, 0x82, 0xc, 0xd3, 0xb0, 0x8, 0xaf, 0xc4,
    0x3, 0xfb, 0xbf, 0xce, 0x1, 0xc2, 0x1, 0x0,

    /* U+6D1E "洞" */
    0x0, 0x20, 0x80, 0x7f, 0xf1, 0x6, 0xf9, 0xc1,
    0xff, 0xff, 0xe7, 0x1, 0xd5, 0x8d, 0xf0, 0x99,
    0xfe, 0xf, 0x0, 0x15, 0x55, 0xe0, 0xcd, 0xfc,
    0x1, 0xe5, 0x70, 0x9, 0x59, 0xbc, 0x1, 0xff,
    0xc0, 0x9b, 0xbf, 0x0, 0x6b, 0x81, 0x0, 0xec,
    0xdd, 0xf0, 0x6, 0xc6, 0xe9, 0x0, 0xc3, 0xa,
    0xb8, 0x40, 0x33, 0xf3, 0xa8, 0x6, 0x57, 0xaa,
    0xca, 0x1, 0xe8, 0xc0, 0xf, 0x7f, 0xc0, 0x1f,
    0xfd, 0x7, 0x80, 0xf, 0xfe, 0x2c, 0x98, 0x7,
    0x2a, 0xc0, 0x1f, 0x9c, 0x60, 0x3, 0xaa, 0xa0,
    0xf, 0xd2, 0x66, 0x0, 0xef, 0xfc, 0x80, 0x1d,
    0x3, 0x0, 0x19, 0x30, 0x3, 0xf8, 0x5c, 0xd0,
    0x3, 0x8c, 0x3, 0xf9, 0x83, 0xc0, 0x3f, 0xca,
    0xee, 0xf, 0x7, 0xa3, 0x0, 0xff, 0x6c, 0x40,
    0xd4, 0x0, 0xa0, 0x13, 0xf8, 0x7, 0xa3, 0xfd,
    0x84,

    /* U+6D3E "派" */
    0x0, 0x28, 0x7, 0xfc, 0x2b, 0x44, 0x1, 0x15,
    0x72, 0x80, 0x61, 0x47, 0xad, 0xea, 0x4a, 0x0,
    0x8b, 0x96, 0xa4, 0x3f, 0xdd, 0x70, 0xc9, 0x3b,
    0xd0, 0x1, 0x86, 0xe7, 0x40, 0x3, 0x9d, 0xf9,
    0x2c, 0x40, 0x1f, 0x99, 0x0, 0x98, 0xc4, 0x0,
    0x2b, 0x5a, 0x40, 0x1f, 0xfc, 0x5, 0xfd, 0xea,
    0x75, 0x0, 0x8b, 0xa0, 0x40, 0x3c, 0x41, 0x44,
    0x7b, 0x4, 0x0, 0x29, 0x7f, 0x50, 0xe, 0x11,
    0x3d, 0x10, 0x7, 0x9f, 0x94, 0x2, 0x3f, 0x0,
    0xc6, 0x22, 0x5, 0x50, 0x4, 0x36, 0xa0, 0x1f,
    0x94, 0x15, 0x55, 0xe0, 0x1f, 0x84, 0x40, 0x18,
    0x4a, 0xe9, 0xe8, 0x3, 0xe, 0x88, 0x80, 0x80,
    0x39, 0x82, 0xe0, 0x3, 0x98, 0x84, 0x81, 0x80,
    0x3b, 0xc1, 0x80, 0x3d, 0x2e, 0x8, 0x4, 0x1,
    0xc8, 0x36, 0x1, 0xce, 0x32, 0x18, 0x80, 0x1f,
    0x33, 0x8, 0x3, 0x4b, 0x8, 0x26, 0x0, 0x62,
    0x8e, 0xa0, 0xe0, 0xa, 0x6, 0xc1, 0x81, 0x40,
    0x14, 0x3a, 0xb0, 0x52, 0x76, 0x0, 0x16, 0x20,
    0x85, 0x20, 0x1, 0x85, 0x6b, 0x3, 0x31, 0xc0,
    0x13, 0x20, 0x5, 0xc0, 0x5, 0x9e, 0xa0, 0x1a,
    0x74, 0x0,

    /* U+6D41 "流" */
    0x0, 0x31, 0x0, 0x7c, 0xf4, 0x1, 0xf8, 0x6f,
    0x5c, 0x3, 0xc4, 0xa6, 0x1, 0xf0, 0xeb, 0x45,
    0x1a, 0xae, 0x30, 0xd5, 0x5e, 0x0, 0xd3, 0x2d,
    0x9a, 0xad, 0x20, 0x35, 0x5a, 0xc0, 0x39, 0x9e,
    0xbf, 0xda, 0x9, 0xfe, 0xd8, 0xff, 0x70, 0x7,
    0xfb, 0x8a, 0xc0, 0xf, 0xc, 0x1, 0xb7, 0x10,
    0x3, 0x51, 0xf8, 0x4, 0x8b, 0x28, 0x1, 0x40,
    0xdd, 0x1, 0x7a, 0x87, 0xf7, 0xfb, 0x94, 0x2c,
    0x40, 0xb, 0xac, 0x80, 0x60, 0x4a, 0x93, 0x2a,
    0xcd, 0xc0, 0xa0, 0xd, 0x3e, 0x3, 0xfb, 0x52,
    0xec, 0xa6, 0x47, 0x50, 0x1, 0xc2, 0x1, 0x7b,
    0x3, 0xf0, 0x3, 0xa1, 0x4c, 0x3, 0x8a, 0x80,
    0x23, 0x0, 0xff, 0xe1, 0x4b, 0x80, 0x7f, 0xf1,
    0x51, 0x10, 0x4, 0x2, 0x1, 0xff, 0xc1, 0xa3,
    0x50, 0x70, 0x50, 0xf, 0xca, 0x20, 0x8, 0x1f,
    0x0, 0x4a, 0x8, 0x7, 0xe9, 0x50, 0x47, 0x63,
    0x7, 0x38, 0x0, 0xf1, 0x91, 0x93, 0x3, 0x9c,
    0x82, 0xc5, 0x18, 0x0, 0x4c, 0x1, 0x4b, 0x8a,
    0x40, 0x78, 0x0, 0x5e, 0x50, 0x9, 0xb4, 0x0,
    0xff, 0xeb, 0x0,

    /* U+6D6A "浪" */
    0x0, 0xff, 0xa1, 0x40, 0x3f, 0xae, 0x40, 0x3e,
    0x3b, 0x0, 0xfe, 0xe6, 0xd2, 0x6, 0x96, 0x60,
    0x8a, 0xd9, 0xa2, 0x0, 0xcb, 0xa1, 0x21, 0x2d,
    0x32, 0x50, 0x49, 0x99, 0x40, 0x38, 0xb2, 0xc0,
    0xf, 0xff, 0xf0, 0x7, 0xe1, 0x0, 0x84, 0x7f,
    0x0, 0x74, 0xc0, 0x7, 0x37, 0x77, 0xc0, 0x1c,
    0x2f, 0xc8, 0x1, 0x26, 0x67, 0xc0, 0x1d, 0x18,
    0x74, 0x1, 0x19, 0xfe, 0x0, 0xf1, 0xee, 0x80,
    0x26, 0x6f, 0xc0, 0x1f, 0x8c, 0x2, 0x19, 0x9f,
    0x80, 0x3f, 0x41, 0x0, 0x1f, 0xfd, 0x41, 0xbf,
    0xf1, 0x80, 0x71, 0x3a, 0x80, 0x72, 0x8c, 0x1,
    0x65, 0x90, 0x6, 0x80, 0x60, 0xf, 0x4a, 0xd6,
    0x86, 0x90, 0x4, 0x4a, 0xe2, 0x1, 0xe7, 0x25,
    0x7c, 0x20, 0xd, 0x1, 0x20, 0x1e, 0x31, 0xf1,
    0x52, 0x0, 0xc6, 0xae, 0x20, 0x12, 0x4f, 0x62,
    0x16, 0x9e, 0xb8, 0x4, 0xa3, 0x20, 0x7, 0x3,
    0x77, 0x62, 0x81, 0xfa, 0x47, 0x8, 0x37, 0x88,
    0x1, 0x42, 0xfa, 0x4c, 0x2, 0x1b, 0xcb, 0x10,

    /* U+6D88 "消" */
    0x0, 0x20, 0x7, 0xf5, 0xa8, 0x7, 0x86, 0xf9,
    0x40, 0x15, 0x20, 0x12, 0x68, 0x0, 0xbd, 0x0,
    0x79, 0x6a, 0x43, 0x19, 0x0, 0x3d, 0x2, 0x80,
    0x1, 0xb8, 0xe0, 0x62, 0x90, 0xe, 0x35, 0x80,
    0xe, 0x77, 0x0, 0x20, 0x88, 0x1, 0xa4, 0xd8,
    0x3, 0xf9, 0x78, 0x80, 0x35, 0x60, 0x0, 0x76,
    0x84, 0x2, 0x7f, 0xef, 0xf0, 0x3f, 0xfd, 0xa0,
    0x36, 0x9c, 0xa0, 0x1a, 0x67, 0xe0, 0x10, 0x3,
    0x7a, 0x40, 0x6, 0x66, 0xf9, 0x0, 0x30, 0xde,
    0x0, 0x65, 0x5f, 0x90, 0x3, 0xc2, 0x1, 0xaa,
    0xbe, 0x0, 0xf9, 0x90, 0x2, 0xff, 0xf9, 0x0,
    0x38, 0x63, 0x0, 0x21, 0x1f, 0x9c, 0x3, 0xa4,
    0x64, 0x2, 0xee, 0xf8, 0xc0, 0x31, 0x3b, 0x84,
    0x2, 0xcc, 0xf8, 0x40, 0x34, 0x8c, 0x80, 0x63,
    0x3f, 0x94, 0x2, 0x54, 0x91, 0x0, 0xfc, 0x4a,
    0xa6, 0x70, 0x3, 0xab, 0x80, 0x7f, 0xd, 0x50,
    0xf8, 0x0, 0x54, 0x1, 0xfe, 0x3f, 0xf7, 0x28,
    0x0,

    /* U+6D8C "涌" */
    0x0, 0x20, 0x80, 0x61, 0x1f, 0xe0, 0xd, 0x3d,
    0x0, 0xd, 0xee, 0xfe, 0xb0, 0xb, 0x59, 0xf4,
    0xbf, 0x33, 0xd6, 0x0, 0x90, 0xd, 0x38, 0xc4,
    0x43, 0x79, 0x3, 0x7a, 0x2d, 0x20, 0xe, 0x3b,
    0x0, 0x9c, 0x73, 0xed, 0x34, 0x80, 0x3f, 0xe3,
    0xbd, 0x30, 0x62, 0x0, 0xd5, 0x22, 0x1, 0x4d,
    0xdd, 0x20, 0x3, 0xdd, 0x79, 0x6, 0x3f, 0x40,
    0x1, 0x18, 0x44, 0x6, 0xa, 0xa1, 0x1, 0x6,
    0xf7, 0x71, 0x80, 0x12, 0xaa, 0xa, 0xab, 0x80,
    0x30, 0xc7, 0x18, 0x1, 0x95, 0x4e, 0x1c, 0xaa,
    0xa0, 0xf, 0x8, 0x6, 0xaa, 0x48, 0x25, 0x51,
    0xc0, 0x3c, 0xb2, 0x0, 0x6f, 0xf7, 0x5, 0x7f,
    0xb4, 0x3, 0xd0, 0x40, 0x1f, 0xfc, 0x45, 0x28,
    0x0, 0x37, 0xfb, 0x82, 0xbf, 0xda, 0x1, 0xd0,
    0x66, 0x0, 0xd, 0x52, 0x41, 0x2a, 0x90, 0x1,
    0x98, 0xa0, 0x2, 0x75, 0x53, 0x87, 0x2a, 0xc0,
    0x1a, 0xd, 0x0, 0x3f, 0xf8, 0x6c, 0x3e, 0x1,
    0xff, 0x22, 0x0, 0x26, 0xa3, 0x0, 0xf8, 0x44,
    0x0, 0xa9, 0x43, 0x0, 0x28, 0x6, 0xd9, 0x0,
    0xb9, 0x43, 0xbe, 0xc0,

    /* U+6DE1 "淡" */
    0x0, 0x18, 0x80, 0x7c, 0x38, 0x80, 0x1f, 0xbb,
    0x8e, 0x1, 0x21, 0x81, 0x98, 0x2, 0x43, 0x0,
    0xda, 0xd1, 0x82, 0x15, 0x60, 0x20, 0xe0, 0xa,
    0xf0, 0xe, 0x9b, 0x51, 0x51, 0xa0, 0x60, 0x20,
    0x71, 0xe0, 0xf, 0x24, 0x8d, 0xa9, 0x6, 0x0,
    0x94, 0x49, 0x0, 0x7e, 0x1b, 0xb0, 0x1, 0x83,
    0x92, 0xd8, 0x3, 0x65, 0x8, 0x4, 0xa2, 0x14,
    0x16, 0xf3, 0x6, 0x1, 0xa9, 0x39, 0xc0, 0x24,
    0xc5, 0x94, 0x9c, 0x1c, 0x80, 0x9, 0xbd, 0x6c,
    0x17, 0xac, 0x2d, 0xdc, 0x47, 0xae, 0xe8, 0x0,
    0x86, 0xb0, 0x15, 0xb3, 0x8, 0x50, 0x20, 0x8,
    0xb8, 0x0, 0xfd, 0x12, 0x80, 0xe0, 0x20, 0x5,
    0xe1, 0x0, 0xeb, 0x60, 0x35, 0x70, 0xc0, 0x10,
    0x4, 0x30, 0x80, 0x63, 0x41, 0x9, 0x13, 0x1,
    0xb, 0x8, 0x2e, 0x0, 0xe8, 0x6, 0x45, 0x80,
    0x3, 0x83, 0x1b, 0xc9, 0x0, 0x63, 0x47, 0x15,
    0x86, 0x6, 0x19, 0x1a, 0xc6, 0x0, 0xef, 0x9,
    0x1, 0x70, 0x59, 0x46, 0x86, 0x40, 0xe, 0x53,
    0x71, 0x0, 0x25, 0xd1, 0xd0, 0x3b, 0x45, 0xa0,
    0x6, 0x18, 0x4, 0xfb, 0x58, 0xc1, 0x0, 0x4d,
    0x2d, 0xf0, 0x82, 0xf0, 0x1, 0x22, 0xf9, 0xc0,
    0x39, 0x7a, 0xec, 0x20,

    /* U+6DF1 "深" */
    0x0, 0x49, 0x80, 0x7f, 0xf1, 0x45, 0x32, 0x85,
    0xbb, 0xbf, 0xe5, 0x0, 0xe, 0xc2, 0xb0, 0x8a,
    0x23, 0xf8, 0x4c, 0x3, 0x3e, 0xb8, 0xb, 0x31,
    0x19, 0xa5, 0x66, 0x0, 0x7c, 0x40, 0x68, 0xd,
    0xa6, 0xf, 0x88, 0xa, 0xa0, 0x0, 0x80, 0x64,
    0xa3, 0x96, 0x30, 0x76, 0xb3, 0xa3, 0x1, 0xfb,
    0x20, 0x8, 0xf4, 0xe4, 0x2, 0x95, 0xc2, 0x0,
    0xd, 0xb6, 0xc0, 0x26, 0x1e, 0x81, 0x28, 0x2,
    0x8f, 0xc0, 0x25, 0xd7, 0x20, 0x57, 0xd1, 0x4,
    0xa1, 0x0, 0x75, 0x80, 0x74, 0x50, 0x2, 0x88,
    0xaf, 0x2, 0x28, 0x10, 0x3, 0xf4, 0x6e, 0xe6,
    0xc, 0xdd, 0xcc, 0x1, 0xda, 0x57, 0x99, 0x18,
    0x5, 0x19, 0x93, 0x80, 0x66, 0x23, 0x23, 0x33,
    0x9a, 0x2, 0xc9, 0x19, 0x84, 0x3, 0x43, 0x8,
    0x1, 0x2d, 0xf4, 0x2c, 0xf0, 0x40, 0x39, 0xc6,
    0x0, 0xb, 0x6d, 0x0, 0x16, 0x1e, 0x8, 0x4,
    0x30, 0xe2, 0x55, 0x46, 0x90, 0xc, 0x38, 0x7e,
    0xc0, 0x8, 0x19, 0x1, 0x7a, 0x90, 0xf, 0x17,
    0xa8, 0x5, 0x76, 0x10, 0x3d, 0x50, 0xf, 0xc3,
    0x6c, 0x0,

    /* U+6E05 "清" */
    0x0, 0x18, 0x7, 0xe6, 0xc0, 0xf, 0x87, 0x39,
    0x0, 0x8c, 0xf6, 0x99, 0xf8, 0x0, 0x3c, 0x96,
    0xd7, 0x99, 0x90, 0x33, 0x39, 0x0, 0x3, 0x52,
    0xf3, 0xff, 0x9c, 0x3f, 0xf9, 0x0, 0x33, 0x9,
    0x7f, 0xe7, 0xf, 0xfd, 0x60, 0x1, 0x0, 0xc5,
    0xbb, 0x94, 0x37, 0x75, 0x0, 0xfe, 0x10, 0x12,
    0xbb, 0xf0, 0x3b, 0xe4, 0x51, 0xa2, 0xd6, 0x64,
    0xcf, 0x9, 0xcc, 0xf8, 0x13, 0x94, 0x53, 0x33,
    0xff, 0x82, 0x1, 0x53, 0x80, 0x33, 0xff, 0xf9,
    0x80, 0x3f, 0x97, 0x77, 0xe0, 0xf, 0xa8, 0xc0,
    0xc, 0x1, 0xff, 0xc1, 0x35, 0x40, 0x1, 0xee,
    0xfc, 0x1, 0xea, 0x6, 0x0, 0x2f, 0xff, 0xc0,
    0x1c, 0x2c, 0xc1, 0x0, 0x2f, 0x77, 0xc0, 0x1d,
    0x21, 0x60, 0x11, 0xee, 0xfc, 0x1, 0x85, 0xd0,
    0x80, 0x26, 0x33, 0xf8, 0x3, 0x30, 0x78, 0x7,
    0xf1, 0xaa, 0x80, 0x33, 0xc2, 0x0, 0x7f, 0x2d,
    0xd9, 0x1c, 0x0,

    /* U+6E20 "渠" */
    0x0, 0x1c, 0x98, 0x0, 0x48, 0xbf, 0xc0, 0x1c,
    0x59, 0x82, 0x9d, 0xdf, 0xf3, 0x0, 0x47, 0x78,
    0xc4, 0x3, 0xdd, 0xfc, 0xc0, 0x9, 0x82, 0x3a,
    0x0, 0xa, 0xaf, 0xe3, 0x0, 0xb4, 0xb6, 0x40,
    0x34, 0x47, 0xd7, 0x40, 0x12, 0x56, 0xe8, 0xc0,
    0x3, 0x99, 0xf0, 0x7, 0xc4, 0x18, 0x60, 0x3d,
    0xdf, 0x0, 0x7c, 0x76, 0xe6, 0x0, 0xdd, 0xfb,
    0x24, 0x3, 0x1e, 0x2c, 0x0, 0x4, 0x8b, 0xf0,
    0x6, 0x3d, 0x3a, 0x0, 0x87, 0xbb, 0xfb, 0x0,
    0x22, 0xd0, 0xa, 0x74, 0xb, 0x77, 0xf0, 0x5,
    0xa, 0x89, 0x2b, 0x1, 0x33, 0x7c, 0x40, 0xe,
    0xbb, 0xf8, 0x1, 0x77, 0xf6, 0x80, 0x37, 0xbb,
    0x90, 0x3, 0x37, 0x77, 0x80, 0x21, 0x18, 0xf5,
    0x2c, 0xd2, 0x5a, 0x80, 0x46, 0x0, 0xf3, 0xe9,
    0x62, 0x0, 0x1a, 0xd7, 0x9c, 0x3, 0xcb, 0xb0,
    0xbe, 0x60, 0x19, 0x3d, 0x63, 0x9c, 0x40, 0x1b,
    0x41, 0x54, 0x10, 0xf, 0xd, 0x59, 0x47, 0x80,
    0x22, 0xb5, 0x40, 0x3f, 0xc9, 0x98, 0xd0,

    /* U+6E29 "温" */
    0x0, 0x22, 0x0, 0x3f, 0xf8, 0xdd, 0x78, 0x60,
    0xff, 0xff, 0xc6, 0x1, 0xab, 0x3, 0xf, 0xc6,
    0xab, 0xce, 0x1, 0xf1, 0xe5, 0x98, 0x1, 0x57,
    0xd8, 0x1, 0xfc, 0x80, 0x1, 0xee, 0xf5, 0x80,
    0x70, 0x80, 0x78, 0x6a, 0xbd, 0x0, 0x1d, 0xf6,
    0x40, 0x1c, 0x89, 0xe3, 0x0, 0xeb, 0x5d, 0x70,
    0xc, 0xab, 0xec, 0x0, 0xe5, 0xe6, 0x91, 0xf,
    0x1a, 0xaf, 0x38, 0x7, 0xd3, 0xe2, 0xf, 0xff,
    0xfc, 0x60, 0x1e, 0x10, 0x16, 0x6f, 0xf2, 0x80,
    0x79, 0x58, 0xa6, 0x7f, 0xd6, 0x1, 0xe8, 0xd0,
    0x6, 0x78, 0xdf, 0x8d, 0xfb, 0x80, 0x79, 0x8a,
    0x0, 0x3f, 0xf8, 0xb0, 0x86, 0x1, 0xff, 0xc4,
    0x81, 0x90, 0xf, 0xfe, 0x21, 0xbb, 0x10, 0xb8,
    0x30, 0x8f, 0x10, 0x90, 0x88, 0x0, 0xa3, 0x1,
    0xf6, 0x15, 0xc1, 0x5c, 0x13, 0xca, 0x1c, 0x60,
    0xdc, 0x21, 0xdf, 0xff, 0xfc, 0x13,

    /* U+6EE1 "满" */
    0x1, 0x10, 0x7, 0x35, 0x80, 0x56, 0xc0, 0x1d,
    0x5e, 0xa0, 0x46, 0x6d, 0x43, 0x39, 0x34, 0xcc,
    0x40, 0xa, 0x4a, 0x9f, 0xcc, 0x20, 0x66, 0x40,
    0x99, 0x90, 0x0, 0x6a, 0x33, 0x1d, 0xc6, 0xe,
    0xe8, 0x1b, 0xb9, 0xe0, 0x19, 0xd4, 0x46, 0xc6,
    0x11, 0x9b, 0x4, 0x60, 0xf, 0x55, 0xdb, 0x8a,
    0xee, 0x2e, 0xbb, 0x85, 0x5c, 0x2, 0x32, 0x29,
    0x10, 0x4e, 0x84, 0x58, 0x76, 0x34, 0xc2, 0x67,
    0x2b, 0xcf, 0x84, 0xce, 0x8, 0xc0, 0xf0, 0x37,
    0x79, 0x59, 0xe0, 0x1d, 0xd4, 0x60, 0x3, 0xdd,
    0x5, 0xc4, 0xc8, 0x6, 0x50, 0x26, 0x4b, 0x60,
    0x18, 0x40, 0x3, 0xdc, 0xb, 0xe8, 0x3e, 0xe0,
    0x80, 0x74, 0x20, 0x4, 0x40, 0x41, 0x86, 0x1,
    0xf1, 0x39, 0x80, 0x4a, 0x12, 0x4a, 0x14, 0x1,
    0xe8, 0x7, 0x0, 0xa6, 0x1e, 0xc7, 0x15, 0x40,
    0x18, 0xd6, 0x0, 0x2b, 0x37, 0x85, 0x63, 0x80,
    0xe, 0xf1, 0x70, 0xa, 0xbc, 0x5, 0xa4, 0x1d,
    0x40, 0x25, 0x38, 0x0, 0xc2, 0x40, 0x34, 0x0,
    0x11, 0x0, 0x4b, 0x2c, 0x1, 0xfe, 0x1f, 0xf1,
    0xd8, 0x0,

    /* U+6F2B "漫" */
    0x0, 0x8, 0x7, 0xff, 0x1f, 0x35, 0x0, 0x5,
    0xff, 0xfd, 0x20, 0x1b, 0xda, 0xe8, 0x40, 0x19,
    0xff, 0xe1, 0x0, 0xe2, 0xb9, 0x70, 0xb, 0x3f,
    0xfc, 0x20, 0x1f, 0x36, 0x88, 0x3, 0x3f, 0xfc,
    0x20, 0x1f, 0xfc, 0xd, 0xee, 0xf0, 0x80, 0x69,
    0x70, 0xc, 0x5d, 0xff, 0xf7, 0x48, 0x5, 0xd1,
    0xa6, 0x7, 0xfd, 0xdf, 0xdf, 0x0, 0x7, 0xd0,
    0xc1, 0x0, 0x6f, 0x8d, 0xfd, 0x8f, 0xf8, 0x40,
    0x31, 0x6d, 0x88, 0x0, 0x48, 0x4, 0x84, 0x8,
    0x80, 0x1f, 0x20, 0x8, 0xb7, 0x2, 0xf2, 0xc3,
    0x30, 0x1e, 0x1, 0xcc, 0x87, 0x99, 0xfd, 0xbc,
    0xe0, 0x1d, 0x1d, 0x7b, 0xbf, 0xd9, 0x40, 0x1d,
    0x3, 0x17, 0xa2, 0x19, 0xbb, 0x88, 0x20, 0x3,
    0x13, 0xa9, 0x9, 0x79, 0x6b, 0x10, 0xf9, 0x61,
    0x0, 0x68, 0xb, 0x0, 0x87, 0x52, 0xff, 0x7,
    0x4c, 0x3, 0x22, 0xb8, 0x80, 0x5, 0x21, 0x0,
    0x21, 0x53, 0x0, 0xc2, 0x50, 0x9, 0xdc, 0xb6,
    0x66, 0xfe, 0x24, 0xe7, 0xd8, 0x1, 0x74, 0x0,
    0x8d, 0x5d, 0xc8, 0x20, 0x39, 0xec, 0x9f, 0x0,

    /* U+706B "火" */
    0x0, 0xfc, 0xee, 0x0, 0xff, 0xe2, 0xd5, 0x80,
    0x7f, 0xf6, 0xd, 0xc0, 0x3f, 0xf8, 0x12, 0x80,
    0x1f, 0xe5, 0x60, 0xc, 0x4c, 0x60, 0x10, 0x88,
    0x3, 0xa2, 0x0, 0x19, 0x41, 0x40, 0x31, 0x80,
    0x64, 0x29, 0x0, 0xd2, 0x64, 0x0, 0x20, 0xe0,
    0xd, 0x2, 0xe0, 0x13, 0xc, 0x80, 0x4e, 0x12,
    0x1, 0x19, 0xa0, 0x2, 0x19, 0x25, 0x0, 0xb0,
    0x4, 0x2, 0xf2, 0x60, 0x8, 0x6f, 0xc0, 0x32,
    0x0, 0x14, 0x1, 0xfe, 0x0, 0xe4, 0x20, 0x8,
    0xca, 0xe, 0x40, 0x6, 0x40, 0x1f, 0xe8, 0x6,
    0x83, 0x60, 0xf, 0xfe, 0x3, 0x24, 0xa, 0x2c,
    0x90, 0x7, 0xf9, 0x64, 0xdc, 0x1, 0x63, 0x86,
    0x1, 0xf9, 0xe8, 0xb4, 0x2, 0x1c, 0xc, 0x70,
    0xe, 0x4c, 0x84, 0xc1, 0x0, 0xc5, 0xe7, 0x1a,
    0xe2, 0x13, 0x65, 0x36, 0x20, 0x1e, 0x1c, 0xa0,
    0x8c, 0x8, 0x9e, 0x60, 0xf, 0xf2, 0xee, 0x78,
    0x0,

    /* U+7070 "灰" */
    0x0, 0xe5, 0xc2, 0x0, 0xff, 0xe2, 0x11, 0x98,
    0x3, 0xff, 0x80, 0x8a, 0xb4, 0x82, 0x2a, 0xff,
    0x80, 0x13, 0x55, 0x8, 0x55, 0x7f, 0xc4, 0x19,
    0xbb, 0x1, 0x6e, 0xff, 0xc4, 0x2, 0x45, 0x2,
    0x11, 0x6b, 0xf2, 0x2e, 0x0, 0xe2, 0xf, 0x0,
    0xc4, 0x1, 0xff, 0x20, 0x28, 0x28, 0x1, 0xd8,
    0x0, 0x4c, 0x1, 0xef, 0x3, 0x2a, 0x30, 0x11,
    0x0, 0x22, 0x0, 0x1e, 0x74, 0x4, 0x3, 0x2,
    0x30, 0x25, 0x80, 0xe, 0x41, 0xd0, 0xa5, 0x3,
    0x7, 0x9, 0x26, 0x0, 0xee, 0x6, 0x12, 0xf0,
    0x50, 0x11, 0x6f, 0x0, 0x71, 0xab, 0x0, 0xf2,
    0x86, 0x88, 0xa1, 0x8c, 0x3, 0xbc, 0x20, 0x3,
    0x1a, 0x4c, 0x31, 0x80, 0x74, 0x9b, 0x88, 0x6,
    0xe1, 0x76, 0x4d, 0x10, 0x8, 0x99, 0x20, 0x3,
    0x61, 0x50, 0x2, 0x83, 0x8, 0x0, 0x59, 0x40,
    0x12, 0x71, 0xd2, 0x0, 0x7, 0xf, 0x14, 0x0,
    0x62, 0x0, 0xab, 0x3c, 0x50, 0xc, 0x5e, 0x54,
    0xa0, 0x1d, 0x15, 0xa6, 0x1, 0xe1, 0xcb, 0x50,

    /* U+7075 "灵" */
    0x0, 0x2f, 0xff, 0xff, 0x6, 0x80, 0x39, 0xe6,
    0x7f, 0xf8, 0x4, 0x20, 0x1c, 0x4c, 0xdf, 0xfc,
    0x1, 0x0, 0xf9, 0xff, 0xff, 0xe3, 0x0, 0xf9,
    0xb7, 0x7f, 0xe1, 0x0, 0xfc, 0x67, 0xff, 0x10,
    0x7, 0x9b, 0xbb, 0xff, 0x80, 0x60, 0x1e, 0x7a,
    0xaf, 0x3b, 0xaa, 0xba, 0x0, 0x38, 0x55, 0x7c,
    0xc6, 0xab, 0xc6, 0x1, 0xe3, 0xf2, 0x0, 0x84,
    0xc0, 0x34, 0x60, 0x7, 0xa4, 0x48, 0x0, 0x60,
    0x60, 0x10, 0xb2, 0x80, 0x72, 0x2c, 0x80, 0x56,
    0x8, 0x1, 0x48, 0xc0, 0x7, 0x69, 0xb8, 0x0,
    0x58, 0x82, 0x40, 0xb, 0x22, 0x1, 0xd3, 0x80,
    0x15, 0xf, 0x53, 0x38, 0x6b, 0x0, 0x7f, 0xd,
    0xa4, 0x1a, 0xc4, 0x2c, 0x80, 0x3f, 0x1c, 0xf2,
    0x53, 0x80, 0x1e, 0x97, 0x6d, 0x88, 0x2, 0xbf,
    0xc7, 0x77, 0x28, 0x6, 0x5e, 0x86, 0x9d, 0xd0,
    0x3, 0x23, 0x3a, 0x4, 0x3, 0xe7, 0xdd, 0x57,
    0x0,

    /* U+70B9 "点" */
    0x0, 0xfd, 0xc, 0x1, 0xff, 0xc5, 0x6c, 0x0,
    0xff, 0xe2, 0x8a, 0xbb, 0xfc, 0x60, 0x1f, 0xf4,
    0x47, 0xca, 0x1, 0xfc, 0x2b, 0xff, 0xf3, 0x0,
    0x7f, 0xf2, 0x96, 0xef, 0x85, 0x6e, 0xfa, 0x80,
    0x3b, 0x50, 0x3, 0x22, 0x0, 0x33, 0x20, 0x7,
    0x86, 0xef, 0xfc, 0x80, 0x1f, 0xfe, 0x11, 0xff,
    0xff, 0x30, 0x7, 0xae, 0x23, 0xff, 0x82, 0x1,
    0xc4, 0xce, 0xff, 0xf1, 0x0, 0x75, 0x78, 0x3,
    0x1c, 0x1, 0x56, 0x0, 0x7b, 0x40, 0x8, 0xd2,
    0x40, 0x3, 0xa0, 0xc, 0x42, 0x7, 0x4a, 0x10,
    0x7, 0x13, 0x80, 0x19, 0x80, 0x6, 0xa, 0x0,
    0x48, 0xd8, 0x51, 0x70, 0x4, 0x44, 0x0, 0x91,
    0x0, 0x2, 0x74, 0x1a, 0xd3, 0x0, 0xa3, 0x80,
    0x2b, 0xc0, 0xa, 0x38, 0x40,

    /* U+70E6 "烦" */
    0x0, 0xda, 0x80, 0x1f, 0xfc, 0x52, 0x10, 0x7,
    0x7f, 0xff, 0x48, 0x7, 0xeb, 0x99, 0x8c, 0x1e,
    0x66, 0xa0, 0xf, 0x89, 0x59, 0xb1, 0x43, 0x34,
    0x60, 0xa, 0x10, 0x1, 0xe8, 0xaa, 0xe1, 0x55,
    0x8c, 0x2, 0x50, 0xa, 0xd0, 0x6a, 0xa0, 0x3a,
    0xab, 0xc0, 0x6, 0x2, 0x0, 0x4e, 0x0, 0x57,
    0xff, 0x30, 0x4, 0xa6, 0x0, 0x33, 0x28, 0x6,
    0x4f, 0x20, 0xe, 0xa4, 0x0, 0x17, 0x0, 0x7f,
    0xf0, 0x66, 0x84, 0x0, 0x20, 0x1f, 0xfc, 0x15,
    0x23, 0x6, 0x0, 0xff, 0xe2, 0x38, 0x7, 0xe1,
    0x3, 0x0, 0xfb, 0x43, 0xc0, 0x3c, 0x40, 0x20,
    0x1f, 0x2a, 0x82, 0xc0, 0x3b, 0x8, 0x3, 0xe3,
    0x2e, 0xe2, 0x38, 0x72, 0x9a, 0x2c, 0x9c, 0xe0,
    0x5, 0x4, 0x86, 0xfc, 0x2, 0x5a, 0x54, 0x58,
    0xe0, 0x13, 0xa4, 0x0, 0x22, 0x41, 0xb0, 0xfc,
    0xae, 0x21, 0x62, 0x12, 0xca, 0x1, 0x27, 0x4b,
    0xe1, 0x0, 0x1e, 0xd2, 0xc3, 0x24, 0x3, 0x24,
    0xf4, 0x88, 0x6, 0x4d, 0x80,

    /* U+70ED "热" */
    0x0, 0x9a, 0xc0, 0x39, 0xb0, 0x3, 0xfc, 0x2a,
    0x1, 0xdc, 0x60, 0x1f, 0xfc, 0x61, 0x0, 0xf9,
    0xff, 0xd0, 0x3f, 0xe7, 0xee, 0x38, 0xf7, 0x3f,
    0x80, 0x24, 0x99, 0x8, 0x4c, 0x92, 0x20, 0x0,
    0x88, 0x1, 0x80, 0x46, 0xcc, 0x91, 0x66, 0x1b,
    0x31, 0x51, 0x98, 0xac, 0x1, 0xfc, 0x84, 0x0,
    0x11, 0x0, 0x7f, 0x1c, 0xf, 0xdd, 0x6b, 0x29,
    0x0, 0x7d, 0x3d, 0x80, 0x9, 0xd8, 0x59, 0x1e,
    0x0, 0xfb, 0x9a, 0xdc, 0x58, 0x82, 0x14, 0x25,
    0x80, 0xc0, 0x33, 0xc2, 0x78, 0x6, 0x15, 0x53,
    0xcc, 0xb, 0x81, 0x98, 0x3, 0xf6, 0x85, 0xc5,
    0xe6, 0x98, 0x24, 0x3, 0xcd, 0x18, 0x17, 0x1e,
    0x8, 0x22, 0x41, 0x54, 0x30, 0x22, 0x3f, 0x1,
    0x36, 0x98, 0x6, 0x1a, 0x66, 0x48, 0x2f, 0x69,
    0x81, 0x49, 0x1, 0xa0, 0x1, 0xb3, 0x16, 0x20,
    0x37, 0xc0, 0xf, 0x80, 0x5, 0x50, 0x0, 0x4d,
    0x20, 0x15, 0x8c, 0x0, 0x1d, 0x40, 0x14, 0x28,
    0x8, 0xec, 0xc0, 0x65, 0x91, 0x0, 0x19, 0x0,
    0xc, 0xb4, 0x1, 0x5, 0x24, 0x48, 0x60, 0xb,
    0x60, 0x2, 0x9a, 0x0, 0xb9, 0xcc,

    /* U+70F9 "烹" */
    0x0, 0xfd, 0x34, 0x1, 0xfc, 0x28, 0x9f, 0x12,
    0xc2, 0x27, 0x8c, 0x12, 0xef, 0xe4, 0x7, 0xbb,
    0xf7, 0x2, 0xff, 0xff, 0xf1, 0x34, 0x3, 0x5f,
    0xff, 0xfc, 0x20, 0x1f, 0x27, 0xff, 0xe9, 0x0,
    0xfe, 0x5b, 0xbf, 0xe0, 0xf, 0xd3, 0xb1, 0x1f,
    0xbb, 0x4, 0x3, 0x4e, 0xff, 0x77, 0xfb, 0x34,
    0x80, 0x2a, 0x99, 0xfd, 0x8, 0x64, 0x14, 0x40,
    0x11, 0xa2, 0x78, 0xee, 0x91, 0xb3, 0xdc, 0x3,
    0xfe, 0xf0, 0xed, 0x83, 0x0, 0xff, 0xe1, 0x8,
    0x80, 0x3f, 0xf8, 0x5, 0xbb, 0x39, 0x0, 0x7f,
    0xc8, 0x82, 0x9b, 0x8c, 0xc1, 0x18, 0x0, 0xe0,
    0x3, 0xd, 0xe0, 0x24, 0x91, 0x84, 0x68, 0x4,
    0xf4, 0x1, 0x40, 0xc0, 0x0, 0xb4, 0x1, 0x22,
    0xa0, 0x72, 0xac, 0xa, 0xd4, 0x1, 0x33, 0x0,
    0x6, 0x3c, 0x0, 0x64, 0x80, 0x4b, 0x40, 0xa,
    0x38, 0x2, 0xcb, 0x0, 0xab, 0xc0,

    /* U+7136 "然" */
    0x0, 0xeb, 0x40, 0xf, 0x39, 0x80, 0x80, 0x79,
    0x51, 0xc0, 0x3d, 0x37, 0x38, 0x20, 0x1d, 0x41,
    0x9f, 0xf0, 0x7, 0x40, 0x68, 0x6, 0x60, 0x8c,
    0xc2, 0x8, 0x7, 0xf, 0x89, 0x0, 0x6, 0x19,
    0xc, 0xc0, 0x8e, 0xf0, 0xbb, 0x96, 0x9c, 0x1,
    0x41, 0x7d, 0xc8, 0x4c, 0x88, 0x80, 0x11, 0x17,
    0x84, 0xa5, 0x16, 0xc3, 0x83, 0x7f, 0xb4, 0x1,
    0xff, 0x50, 0xa4, 0xf3, 0x82, 0x85, 0x0, 0x48,
    0x0, 0x10, 0x8, 0x75, 0xba, 0x73, 0x51, 0x40,
    0x2a, 0x10, 0x60, 0xf, 0x27, 0x98, 0xc8, 0x4,
    0x87, 0xd, 0x20, 0x1e, 0x1a, 0xc, 0x20, 0x1,
    0x51, 0x34, 0xd, 0x0, 0x65, 0xf5, 0xb3, 0x0,
    0x1e, 0x7, 0x80, 0xca, 0xc8, 0x2, 0x28, 0xb1,
    0x0, 0xf, 0x87, 0x84, 0x0, 0x67, 0x6a, 0x8,
    0xac, 0x20, 0x8, 0x9f, 0x48, 0x3, 0x44, 0xc8,
    0x0, 0xb0, 0xa0, 0x3, 0x48, 0x5, 0x20, 0x4,
    0x41, 0x8c, 0x0, 0x8e, 0x1, 0x63, 0x80, 0x2e,
    0xc0, 0xe, 0x75, 0x0, 0xa4, 0xd4, 0x0, 0x5e,
    0x0, 0x66, 0x0, 0x19, 0x2c, 0x42, 0x8b, 0x80,
    0x21, 0x20, 0x5, 0x82, 0x0, 0x24, 0x6c, 0x32,
    0x88, 0x2, 0x9f, 0x0, 0x1c, 0xa8, 0x0, 0xa7,
    0x80,

    /* U+7167 "照" */
    0x5, 0xff, 0xe7, 0xaf, 0xff, 0xe1, 0x0, 0xa2,
    0x64, 0x0, 0x9a, 0xa1, 0x84, 0xd5, 0x10, 0x4,
    0x2, 0x66, 0x80, 0x6, 0xaa, 0x73, 0x65, 0x56,
    0x0, 0x7f, 0xf0, 0x11, 0x12, 0x1, 0x71, 0x0,
    0x7f, 0x96, 0xd1, 0x49, 0x54, 0xee, 0x0, 0xdf,
    0xba, 0xf, 0xda, 0x7b, 0x0, 0x44, 0xa, 0x0,
    0x34, 0xdd, 0x83, 0xe6, 0x5a, 0xaa, 0x78, 0x84,
    0x80, 0x73, 0x34, 0x0, 0x59, 0xaa, 0xfa, 0xc0,
    0x3f, 0xea, 0xff, 0xe1, 0x0, 0xff, 0xe6, 0x7e,
    0xe8, 0x3, 0x18, 0x8f, 0x0, 0x79, 0xd5, 0x4e,
    0x80, 0x9, 0xee, 0xe1, 0x0, 0x99, 0xe6, 0x22,
    0x31, 0xdd, 0xfb, 0x20, 0x0, 0x73, 0xcc, 0x7,
    0x20, 0x44, 0x86, 0x22, 0x7c, 0x88, 0x5, 0x22,
    0xe0, 0xec, 0x40, 0x6, 0xf0, 0x5, 0xaa, 0x80,
    0x6, 0xee, 0x10, 0x60, 0x60, 0x5, 0xa0, 0x83,
    0x1d, 0x80, 0x38, 0x60, 0x0, 0x40, 0x40, 0x5,
    0x4, 0x0, 0x78, 0xc0, 0x56, 0x80, 0x68, 0x40,
    0x1, 0x4a, 0x0, 0xe, 0x68,

    /* U+71C3 "燃" */
    0x0, 0x8d, 0x80, 0x34, 0x98, 0x6, 0x92, 0x10,
    0xe, 0x58, 0x0, 0x85, 0x80, 0x30, 0xb2, 0x70,
    0x80, 0x7f, 0x20, 0x67, 0xf8, 0x2, 0x55, 0x40,
    0x7, 0xdc, 0x5e, 0x36, 0xc0, 0x1d, 0xc6, 0x0,
    0x39, 0x0, 0x21, 0x92, 0xda, 0x9, 0x2b, 0x85,
    0x8f, 0x80, 0x18, 0xc0, 0x1a, 0xac, 0x20, 0xea,
    0xd5, 0x20, 0xf5, 0x42, 0xd, 0x20, 0x3, 0xd5,
    0xb3, 0x28, 0xbf, 0xd8, 0xd, 0xfe, 0x20, 0x3d,
    0x0, 0x45, 0x1d, 0x95, 0x2, 0x2, 0x82, 0x80,
    0x64, 0x71, 0x36, 0x2b, 0xb7, 0xc3, 0x80, 0x30,
    0x4c, 0x3, 0x49, 0x78, 0x85, 0x2c, 0x10, 0x48,
    0xa, 0xc0, 0xb0, 0x4, 0xc0, 0x2e, 0x1, 0x11,
    0xb8, 0x85, 0x8b, 0x32, 0xc0, 0x39, 0x50, 0x40,
    0x7c, 0xe0, 0x1d, 0x68, 0x24, 0xa0, 0x3, 0x8,
    0x58, 0xf8, 0x68, 0x44, 0x48, 0x3, 0xe, 0xa0,
    0x1, 0x27, 0x57, 0x9c, 0x10, 0xca, 0x70, 0x9,
    0xe5, 0x40, 0x8, 0x12, 0xf4, 0xd8, 0x46, 0x2a,
    0xb0, 0x45, 0x30, 0x5, 0x28, 0x33, 0xac, 0x64,
    0x92, 0x5, 0x61, 0x6a, 0x80, 0x5, 0x38, 0x1,
    0x9, 0x80, 0x23, 0x6, 0x14, 0x34, 0x80, 0x5,
    0xa9, 0x80, 0x28, 0xd8, 0x18, 0x4, 0x47, 0x81,
    0x6, 0x60, 0x8b, 0x0, 0xb3, 0x80, 0x5, 0x2,
    0x11, 0x60, 0x6e, 0x20,

    /* U+7231 "爱" */
    0x0, 0xff, 0x9, 0x22, 0xbc, 0xd0, 0x6, 0x8c,
    0xc6, 0xeb, 0xbf, 0xdd, 0xb7, 0x6a, 0x23, 0x10,
    0xb, 0x2d, 0x1a, 0xee, 0x69, 0xef, 0xeb, 0x19,
    0x10, 0x9, 0x1f, 0x11, 0xd5, 0x3, 0x44, 0x1,
    0x64, 0x1, 0xf2, 0xb, 0x0, 0x31, 0x0, 0xc,
    0x70, 0x1, 0x97, 0xfe, 0x18, 0xff, 0x50, 0x7f,
    0xa4, 0x7f, 0xe6, 0x0, 0xaa, 0xb4, 0xd5, 0x7f,
    0x0, 0x72, 0xae, 0xd9, 0x55, 0xfc, 0x20, 0x7,
    0xa4, 0x55, 0x90, 0x55, 0x7e, 0x4b, 0x40, 0x25,
    0x9a, 0xa8, 0xa, 0xab, 0xf2, 0x90, 0x5, 0xbf,
    0xe7, 0xf, 0xff, 0xdc, 0x1, 0xf9, 0xc1, 0x57,
    0xe7, 0x0, 0xfc, 0xc0, 0xa, 0xaf, 0xa0, 0x40,
    0x3c, 0x30, 0x86, 0x6e, 0xff, 0xac, 0x28, 0x40,
    0x3d, 0x43, 0x5a, 0x1e, 0xa0, 0xf7, 0x2a, 0x1,
    0xea, 0x4a, 0x11, 0x63, 0xd7, 0xc5, 0x30, 0x7,
    0x16, 0x2c, 0xa9, 0x2d, 0x38, 0x5, 0x56, 0xe6,
    0x20, 0xf, 0x2a, 0x68, 0xda, 0x18, 0xff, 0x74,
    0x84, 0x67, 0x20, 0x7f, 0x94, 0x27, 0x3e, 0xd8,
    0x0, 0x2d, 0x7f, 0xb6, 0x80,

    /* U+725B "牛" */
    0x0, 0x84, 0x40, 0x13, 0xe0, 0x7, 0xfd, 0x1c,
    0x1, 0x71, 0x80, 0x7f, 0xce, 0xa0, 0x1f, 0xfc,
    0x35, 0x1d, 0x22, 0xc0, 0x45, 0xe1, 0x0, 0xa0,
    0x23, 0x76, 0x40, 0xdd, 0xf7, 0x80, 0x14, 0x92,
    0xab, 0x8, 0x55, 0x7c, 0x0, 0xb2, 0xb5, 0x5c,
    0xe0, 0xab, 0xe4, 0xa, 0x1e, 0x0, 0xff, 0xe1,
    0xdd, 0x18, 0x7, 0xff, 0xc, 0x54, 0x3, 0xff,
    0x89, 0xdf, 0xff, 0x30, 0x7f, 0xfe, 0x67, 0x7f,
    0x80, 0xe, 0xff, 0xa2, 0x3f, 0x30, 0x44, 0x7e,
    0x0, 0xff, 0xff, 0x80, 0x7f, 0xf5, 0x40,

    /* U+7269 "物" */
    0x0, 0xc9, 0x0, 0x18, 0xd8, 0x3, 0xf9, 0x44,
    0xd8, 0x3, 0x55, 0x0, 0x3f, 0xd, 0x10, 0x7,
    0x9d, 0x0, 0x3f, 0x10, 0x10, 0x7, 0x18, 0xf1,
    0x9f, 0x29, 0x83, 0x3, 0x40, 0xbb, 0x82, 0x42,
    0x73, 0x3a, 0xb4, 0x30, 0x20, 0x1, 0x10, 0x15,
    0x7d, 0x5, 0xc0, 0x72, 0x20, 0x2b, 0xfc, 0xf,
    0xfa, 0xc6, 0x0, 0x10, 0x0, 0x96, 0x72, 0x3b,
    0x0, 0xca, 0xab, 0xb, 0x32, 0x42, 0x17, 0x13,
    0x73, 0x0, 0xcc, 0xea, 0x2d, 0x41, 0x68, 0x2,
    0x63, 0x0, 0x10, 0xad, 0x58, 0x40, 0xb1, 0x1e,
    0x81, 0x88, 0x0, 0xde, 0x2, 0x88, 0xd, 0xac,
    0x28, 0x90, 0x7, 0xc7, 0xf2, 0x40, 0x1f, 0x65,
    0xc8, 0xa0, 0xd4, 0x2, 0x4, 0x33, 0x9d, 0x2,
    0x3, 0xa7, 0x40, 0xe2, 0xc0, 0x60, 0x20, 0xc6,
    0x1, 0xcd, 0xa2, 0x29, 0x71, 0x6, 0x6, 0x0,
    0xf8, 0x68, 0xc2, 0x82, 0x40, 0x6, 0x4, 0x1,
    0xfe, 0x84, 0xa1, 0x0, 0x61, 0x0, 0x7f, 0xa5,
    0xe1, 0x15, 0xa1, 0x14, 0x3, 0xfd, 0xd0, 0xe1,
    0xb2, 0xe9, 0x20, 0x1f, 0xe7, 0x70, 0x2, 0x3f,
    0xd6, 0x20,

    /* U+7280 "犀" */
    0x0, 0x37, 0xff, 0xff, 0xb, 0x80, 0x3a, 0x6e,
    0xff, 0xe4, 0x0, 0xf3, 0xa2, 0x7f, 0xc4, 0x1,
    0xec, 0xbb, 0xff, 0x9c, 0x3, 0xcc, 0x4e, 0x45,
    0xfe, 0x60, 0xe, 0xab, 0x23, 0x89, 0xd6, 0xb9,
    0x82, 0x25, 0x0, 0x78, 0xbd, 0xa0, 0x3, 0xb4,
    0x7c, 0x80, 0x21, 0x1, 0x0, 0x51, 0xe8, 0x5,
    0x8d, 0x22, 0x1, 0xe3, 0xce, 0xac, 0xc0, 0x5,
    0xc7, 0x9a, 0xc0, 0x17, 0x9, 0xde, 0x23, 0x8b,
    0xa9, 0x94, 0xfd, 0x50, 0x40, 0x4, 0x40, 0x7f,
    0x73, 0x24, 0x55, 0x11, 0x4b, 0xa2, 0x0, 0x66,
    0x3, 0x98, 0x6e, 0xa0, 0x2f, 0x77, 0x58, 0x0,
    0x4b, 0x1a, 0x27, 0xfe, 0xa0, 0xcf, 0xfd, 0x40,
    0x4, 0x4, 0x36, 0x24, 0x4b, 0x1, 0x51, 0x38,
    0x83, 0xc4, 0xad, 0xae, 0xf3, 0x4, 0xdd, 0xf4,
    0x12, 0xc8, 0x77, 0xff, 0x50, 0x6f, 0xff, 0x53,
    0x1b, 0x80, 0x7f, 0xf1, 0x0,

    /* U+72B6 "状" */
    0x0, 0xe6, 0x20, 0xc, 0x2a, 0x20, 0x1f, 0xe1,
    0x94, 0x0, 0xc5, 0x4a, 0x10, 0x60, 0x1f, 0xfc,
    0x62, 0xd1, 0x0, 0xa6, 0x0, 0x3f, 0xf8, 0x14,
    0x7a, 0x1, 0x63, 0xb0, 0x7, 0xff, 0x3, 0x88,
    0x80, 0x5, 0x69, 0x20, 0xf, 0xf8, 0xf8, 0x80,
    0x29, 0x14, 0x0, 0x6f, 0xfd, 0x81, 0x7f, 0xfc,
    0x1, 0xb9, 0x80, 0x14, 0xef, 0x8, 0x1, 0xdf,
    0x80, 0x3f, 0x3c, 0x46, 0x3, 0x88, 0xe0, 0xe,
    0x50, 0xf, 0x78, 0x18, 0x7, 0xf2, 0x58, 0x7,
    0x94, 0x41, 0x0, 0x3e, 0x5b, 0x30, 0xf, 0x1b,
    0x1f, 0x0, 0x79, 0xa9, 0x34, 0x3, 0x98, 0x32,
    0x94, 0x40, 0x31, 0x4a, 0xd8, 0x7, 0xac, 0x91,
    0x82, 0x0, 0x31, 0x55, 0x0, 0x3c, 0xc5, 0x60,
    0x7, 0x63, 0x0, 0xca, 0x1, 0xe2, 0x92, 0x60,
    0x4, 0xf, 0x8, 0x7, 0xf0, 0xf8, 0x78, 0x6,
    0xa2, 0xd1, 0x0, 0xfb, 0xb0, 0xa8, 0x80, 0x32,
    0x49, 0xf9, 0x0, 0x7c, 0xd4, 0xa0, 0x1e, 0x6a,
    0x42,

    /* U+72D7 "狗" */
    0x4, 0x60, 0x2, 0xb8, 0x0, 0xb0, 0x80, 0x3f,
    0x1c, 0xb0, 0xdd, 0x80, 0xa, 0x44, 0x0, 0xfc,
    0xee, 0x9f, 0x1e, 0x0, 0x53, 0x80, 0x7f, 0xa0,
    0x6, 0x48, 0x10, 0x9b, 0xff, 0xe9, 0x0, 0x30,
    0x0, 0xc0, 0x1e, 0x13, 0x3f, 0x0, 0x51, 0x2c,
    0x7c, 0x8, 0x8b, 0x66, 0xf8, 0x40, 0x8, 0xf3,
    0x68, 0x34, 0x88, 0x0, 0xfc, 0x21, 0x90, 0x4,
    0xc, 0x7, 0xff, 0xce, 0x0, 0x1f, 0x0, 0xde,
    0x5, 0xdc, 0xa, 0xa8, 0x40, 0x3f, 0x1a, 0x81,
    0x80, 0x4a, 0xb0, 0x7, 0x8, 0x0, 0x78, 0xc0,
    0x40, 0x3f, 0x84, 0x3, 0x51, 0xe8, 0x7, 0xfc,
    0x60, 0x61, 0x69, 0x42, 0x1, 0xcc, 0xd0, 0x80,
    0x4, 0x4, 0xe, 0x90, 0x0, 0x20, 0x14, 0x44,
    0x22, 0x7, 0x7, 0x8, 0x50, 0x10, 0x30, 0xb,
    0xbb, 0x30, 0x10, 0x8, 0x6, 0x20, 0x60, 0x49,
    0x0, 0xf7, 0x1, 0x0, 0x65, 0x2, 0x2, 0x60,
    0xf, 0x19, 0x0, 0x11, 0x9e, 0xc, 0x40, 0x38,
    0xdd, 0xd0, 0x88, 0x0, 0xc, 0xc1, 0xf0, 0x7,
    0xd1, 0x7, 0x48, 0x0, 0x2f, 0xfb, 0x48, 0x3,
    0xc7, 0xff, 0x58, 0x80,

    /* U+72EE "狮" */
    0x0, 0x10, 0x0, 0xc0, 0x25, 0x20, 0xf, 0xf3,
    0x61, 0x26, 0x8, 0x2, 0xd1, 0x13, 0x3f, 0x8,
    0x32, 0xfc, 0xb8, 0x80, 0x61, 0x22, 0x33, 0x8,
    0xa3, 0x0, 0x49, 0x12, 0xf, 0x80, 0x25, 0xbb,
    0x40, 0xdd, 0xc4, 0x0, 0xa0, 0xc, 0x20, 0x1f,
    0xfc, 0x18, 0x72, 0x1, 0x0, 0xe4, 0xee, 0x40,
    0xf7, 0xb0, 0x1, 0x5f, 0xc1, 0x40, 0x3c, 0x30,
    0x41, 0x0, 0x20, 0xc, 0x82, 0x2, 0x0, 0xf0,
    0xb5, 0xb, 0x18, 0x4, 0x20, 0x61, 0xc0, 0x10,
    0x98, 0x7, 0xff, 0x2, 0x0, 0x3f, 0xf8, 0xcc,
    0x80, 0x20, 0x18, 0x40, 0x3f, 0xc7, 0x2e, 0x60,
    0x11, 0x83, 0x0, 0x7f, 0xb4, 0xa0, 0x44, 0x78,
    0xa0, 0x40, 0x1f, 0xe8, 0xc0, 0xc, 0x78, 0x60,
    0x1f, 0xf3, 0x8, 0x17, 0x0, 0x16, 0xc0, 0x3c,
    0x62, 0x20, 0xc, 0x20, 0x41, 0x0, 0xc0, 0x3,
    0x0, 0xac, 0x50, 0x0, 0x4d, 0x60, 0xa6, 0xf0,
    0x20, 0x9a, 0x1, 0x46, 0x10, 0x0, 0xe5, 0x60,
    0x31, 0x1c, 0x3, 0xff, 0x80, 0x3f, 0xe7, 0x1a,
    0xb0, 0xf, 0xfe, 0x0,

    /* U+732A "猪" */
    0x0, 0x18, 0x0, 0x40, 0x39, 0xdc, 0x1, 0xf9,
    0xb1, 0x43, 0x68, 0x3, 0x65, 0x80, 0x6a, 0x60,
    0x3, 0x3d, 0x61, 0xc8, 0x33, 0x48, 0x6c, 0xd2,
    0xa8, 0x80, 0x28, 0x3, 0x93, 0x29, 0x98, 0x1,
    0x33, 0x5a, 0xa0, 0x5, 0x20, 0x3, 0x2, 0xff,
    0x90, 0xff, 0xc6, 0x6b, 0x0, 0x16, 0x34, 0x1f,
    0x0, 0x7e, 0xa3, 0xf1, 0x0, 0x19, 0x53, 0xda,
    0xf, 0xfe, 0x43, 0xf5, 0xd, 0xff, 0x10, 0xf2,
    0x87, 0x81, 0x4c, 0xe8, 0x0, 0x24, 0xce, 0x30,
    0xc, 0xe0, 0xec, 0xd3, 0xd8, 0x5d, 0x99, 0xb0,
    0x80, 0x4e, 0x0, 0x10, 0x3, 0xf1, 0xb8, 0xaa,
    0xc8, 0x1, 0x92, 0x1c, 0xc, 0xaa, 0x0, 0xf,
    0x55, 0xa0, 0x2, 0x4b, 0x59, 0xd, 0xd2, 0x18,
    0x7f, 0xf2, 0x0, 0x45, 0x67, 0x40, 0xe, 0x8e,
    0xa0, 0xf, 0xf1, 0x4e, 0x1, 0x80, 0xb8, 0x5,
    0xff, 0xc8, 0x1, 0x98, 0x0, 0x20, 0xe0, 0x1b,
    0x33, 0x84, 0x3, 0xe5, 0x3, 0x0, 0xc6, 0x7c,
    0xa0, 0x18, 0xde, 0x20, 0x60, 0x1c, 0x89, 0xe0,
    0xc, 0x30, 0xe5, 0xc0, 0x1d, 0x77, 0xc0, 0x1c,
    0x5f, 0xec, 0x20, 0xe, 0xff, 0xe4, 0x0, 0x80,

    /* U+7334 "猴" */
    0x0, 0x10, 0x0, 0xc0, 0x27, 0x70, 0x7, 0xf9,
    0xf0, 0x87, 0x10, 0x1, 0x3c, 0xdf, 0xfd, 0x20,
    0x13, 0xaf, 0xd1, 0xa0, 0x20, 0xd2, 0x55, 0x60,
    0x10, 0xd, 0x44, 0x9c, 0x0, 0x81, 0x32, 0x55,
    0xc1, 0xc0, 0x19, 0xc0, 0x4, 0x8, 0x68, 0x24,
    0x5c, 0x0, 0x20, 0x3, 0xca, 0x1, 0x84, 0x87,
    0xd6, 0xef, 0x4, 0xe9, 0x8c, 0x35, 0x8a, 0xc1,
    0x0, 0x2a, 0xd7, 0x37, 0x78, 0xc7, 0x24, 0x17,
    0x1d, 0xc0, 0x1, 0x35, 0x32, 0x2e, 0x0, 0x18,
    0x1, 0x11, 0x90, 0x1, 0x48, 0x4c, 0xf2, 0x0,
    0x68, 0x2, 0x30, 0x9, 0x4, 0x88, 0xcc, 0x22,
    0x8, 0x4, 0x8e, 0x62, 0x1, 0xa5, 0x76, 0xc2,
    0x6e, 0xca, 0x0, 0x3b, 0x74, 0x0, 0xe9, 0xb0,
    0x8, 0xc0, 0x3b, 0x56, 0x0, 0x40, 0x34, 0xf7,
    0xf8, 0x2b, 0xfe, 0x20, 0xaa, 0x0, 0x80, 0x74,
    0xd5, 0x14, 0x1, 0x55, 0x10, 0x20, 0x0, 0xd8,
    0x3, 0x22, 0xa8, 0x40, 0x25, 0x50, 0x7, 0x39,
    0x0, 0x79, 0x91, 0xd6, 0xc8, 0x2, 0x25, 0x72,
    0xc0, 0xe, 0x89, 0x28, 0x80, 0xe2, 0x0, 0x55,
    0xa, 0x80, 0x1b, 0x5c, 0xbc, 0xa, 0xc6, 0xc8,
    0xb, 0xfd, 0x40, 0x1d, 0x4b, 0x84, 0x0, 0x4c,
    0x72, 0x0, 0xfd, 0xea, 0xf4, 0x20, 0x18, 0xe0,
    0x0,

    /* U+73B0 "现" */
    0x6, 0x77, 0xe5, 0x4d, 0xdf, 0xce, 0x1, 0x5c,
    0x47, 0x78, 0x92, 0xaf, 0x8b, 0x80, 0x2d, 0xfc,
    0xc, 0xfa, 0x0, 0x4c, 0x47, 0x8, 0x7, 0xff,
    0xd, 0x68, 0x3, 0xff, 0x8c, 0x48, 0x1, 0xff,
    0xcf, 0x47, 0x90, 0x97, 0x20, 0xf, 0xfe, 0xe,
    0xc2, 0x82, 0xc3, 0x0, 0x6f, 0x0, 0xfd, 0x3f,
    0x81, 0x9e, 0x80, 0x18, 0x48, 0x3, 0xff, 0x8c,
    0x4e, 0x1, 0xff, 0xc2, 0x12, 0x0, 0x2a, 0x98,
    0x17, 0x80, 0x3f, 0xc9, 0xa2, 0x82, 0x7a, 0x16,
    0xe0, 0x1f, 0x5c, 0xe0, 0x5, 0x4, 0x80, 0x10,
    0x90, 0x0, 0xdf, 0x41, 0xd1, 0x0, 0x7, 0x39,
    0x0, 0xc5, 0xa0, 0xc, 0x85, 0x9e, 0xd8, 0x6,
    0x87, 0x40, 0xc, 0xe2, 0x0, 0xcf, 0xb6, 0x10,
    0x19, 0x93, 0x40, 0x1, 0xc8, 0x9a, 0x40, 0x3,
    0x0, 0xc3, 0xed, 0x32, 0x0, 0x69, 0x6e, 0x9e,
    0x40, 0x3e, 0x1a, 0xe6, 0x0, 0x93, 0xbf, 0xdc,
    0xa0,

    /* U+73ED "班" */
    0x0, 0xff, 0x2d, 0x80, 0x7f, 0x2a, 0xf1, 0x80,
    0x44, 0xaa, 0x66, 0xe5, 0x2, 0xaa, 0xe8, 0x0,
    0xe9, 0x9f, 0x80, 0xbb, 0x80, 0xfd, 0x60, 0x1d,
    0x9f, 0x61, 0xbf, 0x80, 0x1, 0x1b, 0xc4, 0xd,
    0xc0, 0x3f, 0xf8, 0xcb, 0x60, 0x1f, 0xfc, 0x61,
    0x0, 0xff, 0xe3, 0xfb, 0x80, 0x7f, 0xf0, 0x33,
    0x86, 0x39, 0x48, 0x80, 0x18, 0x44, 0xc, 0x20,
    0x15, 0x48, 0x2, 0x59, 0xf8, 0x2, 0x7e, 0xa0,
    0xbe, 0x70, 0x3, 0x38, 0xc3, 0x81, 0x20, 0x79,
    0xb5, 0xb8, 0x45, 0xa8, 0x7, 0xc7, 0x6, 0x4,
    0x22, 0x4c, 0x5, 0x42, 0x0, 0xfc, 0xe0, 0x7,
    0x50, 0xf, 0xfe, 0x29, 0x13, 0x0, 0x3f, 0xc2,
    0x28, 0xcc, 0x0, 0x20, 0x14, 0x3, 0xf1, 0xef,
    0x0, 0xac, 0x82, 0xaa, 0x0, 0x3f, 0x85, 0x2b,
    0xb9, 0x2a, 0xd4, 0x6d, 0x77, 0x83, 0x2e, 0xc4,
    0x49, 0x51, 0x0, 0x1c, 0xa6, 0x0, 0x8c, 0xaa,
    0x41, 0x11, 0x80, 0x78, 0xf6, 0xc0, 0x6a, 0xbf,
    0x8,

    /* U+7403 "球" */
    0x0, 0xff, 0xe0, 0x26, 0x9, 0x90, 0x6, 0x67,
    0x7e, 0x10, 0xc, 0x46, 0x17, 0xaa, 0x1, 0x5c,
    0x47, 0x10, 0x7, 0xd1, 0x34, 0x20, 0xd, 0xf7,
    0x1f, 0xf1, 0x2a, 0xed, 0x7, 0x53, 0x84, 0x10,
    0xf, 0x96, 0xab, 0x20, 0x4d, 0x52, 0x29, 0x0,
    0x3e, 0x4e, 0xec, 0xe1, 0x9d, 0xd9, 0x40, 0x3f,
    0x11, 0x4, 0x5e, 0xe, 0x22, 0x22, 0x0, 0x15,
    0xdc, 0x2e, 0xc1, 0x3c, 0x0, 0x10, 0x30, 0x6,
    0xf8, 0x3, 0xa0, 0x1, 0x10, 0xb, 0x38, 0x0,
    0xb0, 0x24, 0x34, 0x1, 0x7e, 0xe3, 0xfc, 0x3,
    0x2e, 0x20, 0x4, 0x56, 0xa1, 0x0, 0xff, 0x3a,
    0x1e, 0x80, 0x2a, 0x10, 0x3, 0xff, 0x81, 0x68,
    0x80, 0x9, 0xc0, 0x3f, 0xf8, 0x2f, 0x26, 0xe,
    0x4, 0x1, 0xfc, 0xa8, 0x13, 0x13, 0x41, 0x25,
    0x20, 0x1c, 0x2c, 0x3f, 0x59, 0x6d, 0x2c, 0x1,
    0x4a, 0x48, 0x5, 0x9c, 0x25, 0x1a, 0x88, 0x96,
    0x0, 0xc9, 0xd, 0x20, 0x6, 0x8d, 0xd3, 0x95,
    0x51, 0x80, 0x3c, 0xf0, 0xcc, 0xa, 0x72, 0x0,
    0x99, 0x45, 0xdb, 0x40, 0x40, 0xf, 0x6c, 0x1,
    0xfc, 0x33, 0x25, 0x80, 0xc, 0x80,

    /* U+7406 "理" */
    0x7, 0x7f, 0xe, 0x77, 0x5f, 0xee, 0xec, 0xc0,
    0x8, 0x8f, 0x11, 0x16, 0x64, 0x61, 0x33, 0x8,
    0x80, 0x1f, 0xe7, 0x1f, 0xf1, 0x86, 0x3b, 0xa4,
    0x1d, 0xe0, 0xf, 0xfe, 0xa4, 0x7f, 0xa8, 0x3f,
    0xe0, 0xf, 0xfe, 0x3, 0x66, 0x1c, 0x33, 0x20,
    0xd, 0x14, 0xe3, 0x52, 0x0, 0xe3, 0x36, 0x81,
    0x9c, 0x1, 0x84, 0x40, 0x1, 0x20, 0x7, 0x19,
    0xb0, 0xc, 0xe0, 0xd, 0x36, 0xe3, 0x76, 0x0,
    0x36, 0x61, 0x83, 0x32, 0x0, 0xff, 0xbf, 0xba,
    0x70, 0xde, 0xe9, 0xc0, 0x3f, 0x84, 0x77, 0x81,
    0x88, 0xc0, 0x1f, 0xe6, 0x6d, 0x20, 0xcd, 0x90,
    0x3, 0x85, 0x68, 0xa6, 0x70, 0x84, 0x4c, 0xde,
    0x0, 0x37, 0x70, 0x53, 0xf, 0xfe, 0x80, 0xef,
    0xfa, 0xc0, 0x72, 0x56, 0xbb, 0xc, 0x3, 0xff,
    0x80, 0x39, 0xd4, 0xa2, 0xb5, 0x5d, 0x1, 0x55,
    0xc8, 0x6, 0x1, 0x8d, 0x9b, 0x8c, 0xce, 0xcd,
    0x84,

    /* U+74F6 "瓶" */
    0x0, 0x11, 0x80, 0x4c, 0x60, 0x1f, 0xfc, 0x15,
    0xd0, 0xa, 0x2d, 0xea, 0xbf, 0x40, 0x4, 0xc2,
    0xc0, 0x83, 0x3e, 0x2a, 0xa1, 0x1f, 0x0, 0x42,
    0xc6, 0x1c, 0x83, 0x16, 0x31, 0x77, 0xd2, 0x0,
    0x8b, 0x2e, 0xb5, 0x4b, 0x60, 0x11, 0x0, 0x7e,
    0xf1, 0x44, 0x8, 0x0, 0x4c, 0x1, 0xac, 0xd5,
    0x8, 0x4, 0xf4, 0x33, 0x52, 0x34, 0xa2, 0x9,
    0x33, 0x2a, 0x80, 0x3f, 0xf8, 0x6, 0x19, 0xfe,
    0xe0, 0xf, 0xfe, 0x10, 0x80, 0x80, 0x7e, 0x44,
    0xe, 0x26, 0x8a, 0x21, 0xc1, 0xf8, 0x3, 0xc3,
    0x76, 0x5, 0xb4, 0xb, 0xa1, 0x5, 0x4, 0x0,
    0xe1, 0xee, 0x5, 0x74, 0x7, 0x70, 0xc0, 0xd,
    0xc0, 0x1e, 0x13, 0x7, 0x11, 0xc0, 0x22, 0xb,
    0x50, 0xf, 0x9c, 0x8, 0x3, 0xbc, 0xc0, 0xd4,
    0xc0, 0x3d, 0x88, 0x1, 0xe2, 0x60, 0x5, 0x18,
    0x2, 0x4, 0x0, 0xfa, 0x1, 0xe1, 0x10, 0xa,
    0x10, 0x1, 0x0, 0xe, 0xc, 0x1, 0xc6, 0x8b,
    0xbd, 0x6c, 0x4, 0x41, 0xb, 0x80, 0xf, 0x50,
    0x15, 0xef, 0xa9, 0xca, 0x80, 0x31, 0x80, 0x26,
    0xe0, 0x9f, 0xd6, 0x20, 0x6, 0x7d, 0x80,

    /* U+751F "生" */
    0x0, 0x85, 0x84, 0x1, 0x18, 0x1, 0xff, 0xc0,
    0x69, 0x20, 0x1, 0x10, 0x3, 0xff, 0x81, 0x64,
    0x60, 0x1f, 0xfc, 0x32, 0x35, 0x0, 0xff, 0xe2,
    0x40, 0x3f, 0xfc, 0xa3, 0xff, 0xf0, 0x80, 0x9,
    0x41, 0xdf, 0x0, 0x1d, 0xfe, 0x0, 0xa4, 0x36,
    0x23, 0x28, 0xc4, 0x7c, 0x20, 0xe8, 0xe4, 0x1,
    0xff, 0xc3, 0x56, 0x80, 0xf, 0xfe, 0x21, 0x48,
    0x7, 0xc2, 0x1, 0xff, 0x4f, 0xff, 0x28, 0x7f,
    0xf9, 0x80, 0x35, 0x4c, 0xf0, 0x2, 0x67, 0xc8,
    0x1, 0x8d, 0x9b, 0x94, 0x59, 0xbc, 0x40, 0x1f,
    0xfe, 0xf9, 0xbb, 0xf9, 0x46, 0xef, 0xf0, 0x80,
    0x7e, 0x44, 0x0, 0x7f, 0x0,

    /* U+7528 "用" */
    0x0, 0x9a, 0xdd, 0xff, 0xeb, 0x50, 0xa, 0xd2,
    0x23, 0xfe, 0x48, 0x0, 0xcb, 0xff, 0x98, 0x3f,
    0xf9, 0x40, 0x3f, 0xfb, 0xab, 0xff, 0x98, 0x3f,
    0xf9, 0x40, 0x3d, 0x11, 0x80, 0x11, 0x1c, 0x1,
    0xe6, 0x77, 0xcc, 0xe, 0xfc, 0xa0, 0x18, 0xc0,
    0x3f, 0xf8, 0xc2, 0x1, 0xff, 0xc4, 0x17, 0xff,
    0xcc, 0x1f, 0xfc, 0xa0, 0x11, 0x1, 0xc4, 0x60,
    0x4, 0x47, 0x0, 0x64, 0xe, 0x77, 0xcc, 0xe,
    0xfc, 0xa0, 0x16, 0x89, 0x0, 0x7f, 0xf0, 0x85,
    0x18, 0x3, 0xff, 0x87, 0x61, 0x40, 0x1f, 0x85,
    0x9a, 0x71, 0x13, 0xc1, 0x0, 0x70, 0x88, 0x6,
    0x66, 0x9, 0x1d, 0x70, 0xf, 0x47, 0x0, 0x3f,
    0xed, 0x50,

    /* U+7531 "由" */
    0x0, 0xfb, 0x1c, 0x3, 0xff, 0x84, 0x5c, 0x1,
    0xff, 0xdb, 0xaf, 0xff, 0xb, 0x7f, 0xfa, 0xc4,
    0x4e, 0xfc, 0x0, 0x77, 0xe1, 0x70, 0x28, 0x8e,
    0x16, 0x88, 0xe2, 0x0, 0xff, 0xeb, 0x8, 0xfc,
    0x62, 0x3e, 0x0, 0x17, 0x77, 0x2, 0xf7, 0x71,
    0x0, 0x53, 0x3c, 0x0, 0x99, 0xe0, 0x8, 0xd9,
    0xb8, 0x59, 0xbc, 0x60, 0x1f, 0xfe, 0x63, 0xff,
    0xe1, 0x6f, 0xfe, 0x30, 0x9, 0xdf, 0xff, 0x80,
    0x0, 0xbf, 0x88, 0xff, 0xe0, 0x7e, 0x0,

    /* U+7535 "电" */
    0x0, 0xfb, 0x5c, 0x3, 0xff, 0x88, 0x5e, 0x1,
    0xff, 0xcf, 0x8f, 0xff, 0x3, 0xff, 0xf9, 0x80,
    0x2, 0xe, 0xf9, 0x80, 0xe, 0xf9, 0x80, 0x40,
    0x34, 0x46, 0x90, 0x78, 0x8e, 0x0, 0xff, 0xe6,
    0x3b, 0xf0, 0x3b, 0xf4, 0x80, 0x7a, 0x23, 0x80,
    0x11, 0x19, 0xc0, 0x3d, 0xff, 0xc0, 0xff, 0xfb,
    0x80, 0x3f, 0xf9, 0x88, 0x99, 0x41, 0x51, 0x38,
    0x3, 0xd7, 0x7a, 0x80, 0xae, 0xf5, 0x0, 0x7b,
    0x33, 0x81, 0x33, 0x3c, 0xa4, 0x15, 0x26, 0x7c,
    0x6, 0x7f, 0xe, 0xa1, 0xb0, 0x7, 0x84, 0x3,
    0xca, 0xe, 0x1, 0xf1, 0x34, 0xc4, 0x78, 0x4c,
    0x3, 0xe9, 0x26, 0x77, 0xe3, 0xa0,

    /* U+754C "界" */
    0x0, 0x91, 0x3f, 0xf8, 0x40, 0x1e, 0xab, 0xbf,
    0xfe, 0x5, 0x0, 0x7c, 0xdf, 0xf8, 0x5b, 0xff,
    0x28, 0x7, 0xff, 0x41, 0xbf, 0xf0, 0xb7, 0xfe,
    0x50, 0xf, 0xcb, 0x99, 0x80, 0xf3, 0x32, 0x0,
    0x7e, 0x33, 0xe1, 0x53, 0x3c, 0x20, 0x1f, 0x92,
    0x65, 0x52, 0x2d, 0x33, 0x9c, 0x3, 0xe7, 0x71,
    0x99, 0x59, 0x10, 0xcc, 0x33, 0x3b, 0x80, 0x3d,
    0x35, 0x41, 0xc, 0xbb, 0x50, 0x1d, 0x52, 0x40,
    0x3e, 0x2c, 0x4a, 0x30, 0x2, 0xcb, 0x58, 0x80,
    0x7c, 0xba, 0x58, 0xa0, 0x19, 0xad, 0x79, 0x80,
    0x32, 0xe5, 0x27, 0xf5, 0x80, 0x67, 0xbc, 0x49,
    0xd7, 0x0, 0x78, 0xd5, 0x88, 0x8, 0x7, 0x8e,
    0xec, 0x3a, 0x0, 0xad, 0x50, 0x1, 0x18, 0x7,
    0xe4, 0xca, 0x0, 0xf3, 0x6, 0x80, 0x7f, 0xf1,
    0x12, 0x4d, 0x0, 0x3f, 0xf8, 0x45, 0x36, 0x5c,
    0x1, 0xff, 0xc3, 0x16, 0x66, 0x90, 0x7, 0xff,
    0xc, 0xfe, 0x40, 0x3e, 0x7f, 0x10, 0xe,

    /* U+7565 "略" */
    0x0, 0xff, 0xad, 0x40, 0x3c, 0x9b, 0x57, 0x55,
    0x10, 0x1, 0x91, 0xc0, 0x3c, 0x65, 0xa8, 0x7a,
    0xa2, 0x3, 0x21, 0x9d, 0xcf, 0xf2, 0x0, 0x11,
    0xc6, 0x1c, 0x2, 0xf0, 0x78, 0x88, 0x41, 0x40,
    0x3f, 0xa4, 0x42, 0xd9, 0x8e, 0x2c, 0x20, 0x1f,
    0xb9, 0xa1, 0x38, 0x1, 0xa3, 0x20, 0x1f, 0xcd,
    0x2f, 0x47, 0x94, 0x7a, 0x1, 0x93, 0xc7, 0xbc,
    0x21, 0x80, 0x74, 0xd6, 0x4c, 0x3, 0xa8, 0x26,
    0x80, 0x30, 0xc0, 0x2, 0xc8, 0x3, 0x22, 0x8b,
    0xa8, 0x4, 0xbe, 0xb9, 0xa1, 0xae, 0x1, 0xfd,
    0x79, 0x49, 0xe6, 0x5a, 0xd1, 0xce, 0x1, 0xf3,
    0x18, 0xd, 0x5d, 0xc4, 0x20, 0x80, 0x1f, 0x6c,
    0x81, 0x17, 0x8, 0xa8, 0xc1, 0x38, 0x7b, 0x80,
    0x1a, 0x67, 0xa0, 0x3, 0xa2, 0x65, 0x12, 0x40,
    0x1f, 0xfc, 0x4, 0x66, 0xe1, 0x0, 0xff, 0x9a,
    0x40, 0x3f, 0x33, 0x75, 0x0, 0x42, 0x40, 0x1f,
    0xa6, 0x79, 0xc0, 0x3f, 0xe6, 0xff, 0xfc, 0x80,

    /* U+767D "白" */
    0x0, 0xf5, 0xc8, 0x7, 0xff, 0x0, 0xd0, 0xc0,
    0x3f, 0xf8, 0x14, 0x12, 0x1, 0xf4, 0x4c, 0xe6,
    0xa, 0x99, 0xf2, 0xb3, 0x70, 0x1, 0x9b, 0xec,
    0x6, 0xff, 0xff, 0x80, 0x3f, 0xfc, 0x62, 0xd1,
    0x1f, 0xf0, 0x6, 0x77, 0xff, 0x80, 0x2, 0xdf,
    0xff, 0xf0, 0x7, 0xff, 0x8c, 0x59, 0xdf, 0xfe,
    0x0, 0xd1, 0x1f, 0xf0, 0x0, 0x57, 0xff, 0xfe,
    0x0, 0x7d, 0x0, 0x7f, 0xdf, 0x20,

    /* U+767E "百" */
    0x48, 0x8f, 0xfe, 0x23, 0xe3, 0xbf, 0xff, 0x12,
    0x63, 0xff, 0xdc, 0xd, 0xff, 0xf7, 0x0, 0x7c,
    0x81, 0xa0, 0x1f, 0xe1, 0x44, 0xd2, 0x2, 0x89,
    0xc6, 0x1, 0x9a, 0xef, 0x18, 0x55, 0xdf, 0x40,
    0x7, 0xb3, 0x77, 0xf8, 0x80, 0x3e, 0x22, 0xff,
    0x0, 0x7f, 0xf3, 0x94, 0xcf, 0xf8, 0x80, 0x3e,
    0xbc, 0xcf, 0xe0, 0xf, 0xd7, 0x99, 0xfc, 0x1,
    0xf9, 0x4c, 0xff, 0x88, 0x3, 0xff, 0x9a, 0x62,
    0x3f, 0xc0, 0x1f, 0xb7, 0xbb, 0xf8, 0x80, 0x3e,
    0x9a, 0xaf, 0xe0, 0xf, 0xce, 0xab, 0xfc, 0x40,
    0x10,

    /* U+7684 "的" */
    0x0, 0x92, 0x4, 0x3, 0xc, 0x90, 0x7, 0xed,
    0x71, 0x0, 0xce, 0xc0, 0x1f, 0xc8, 0xa0, 0x1d,
    0xa4, 0x40, 0xe, 0x29, 0x72, 0x6, 0x61, 0x80,
    0xa1, 0x3b, 0xeb, 0x44, 0x34, 0x2, 0xcc, 0xa8,
    0x24, 0x1, 0x33, 0x93, 0x40, 0x1f, 0xf8, 0x80,
    0xc, 0xbf, 0xdd, 0x84, 0x40, 0x1f, 0xa4, 0x60,
    0x3, 0xde, 0x1, 0xf1, 0xbb, 0x10, 0x7, 0x8,
    0x7, 0xe3, 0xe9, 0x95, 0x0, 0x70, 0x80, 0x3f,
    0xf1, 0x0, 0x5a, 0xac, 0x1, 0x8c, 0x1, 0x77,
    0x80, 0x32, 0x3c, 0x98, 0x8, 0x8, 0x1, 0x13,
    0x10, 0x6, 0x82, 0xe0, 0x20, 0xf, 0xfe, 0x14,
    0x99, 0x38, 0x30, 0x7, 0xff, 0x1, 0x38, 0x84,
    0xc, 0x3, 0xff, 0x86, 0x40, 0x20, 0xf, 0xfc,
    0x40, 0x1f, 0xb0, 0xc0, 0x29, 0x9e, 0xa0, 0x9,
    0x59, 0x5d, 0x10, 0x1, 0x33, 0x71, 0x80, 0x5b,
    0x35, 0x9, 0x20, 0xde, 0x1, 0xfd, 0x1f, 0xf5,
    0x88, 0x0,

    /* U+76D8 "盘" */
    0x0, 0xfc, 0x3c, 0xc0, 0x1f, 0xfc, 0x14, 0x74,
    0x45, 0x8, 0x22, 0x67, 0x20, 0xf, 0xaa, 0x2e,
    0xc8, 0x13, 0x77, 0xa1, 0x40, 0x3e, 0x25, 0xff,
    0x3d, 0xff, 0xf0, 0x7, 0xff, 0x7, 0xee, 0x80,
    0x3f, 0xf8, 0x46, 0x0, 0x7d, 0x62, 0x0, 0xfe,
    0xff, 0x8d, 0xbf, 0xed, 0x3d, 0xff, 0x82, 0x3f,
    0xc4, 0x17, 0x52, 0xb, 0x54, 0x7a, 0xaf, 0x1,
    0xd5, 0x8, 0x11, 0x44, 0x2d, 0x51, 0xa5, 0xd5,
    0x70, 0x5a, 0xa8, 0x2, 0x28, 0x51, 0x1, 0xe5,
    0xd4, 0x0, 0x8, 0x7, 0x8f, 0x6, 0xc0, 0x34,
    0xd2, 0x57, 0xf0, 0x20, 0x6, 0x37, 0xb2, 0x33,
    0xe6, 0x3f, 0x89, 0xb0, 0xf, 0x4d, 0xe6, 0x7e,
    0xa8, 0x9b, 0xc0, 0xf, 0xa3, 0xfc, 0x31, 0xfe,
    0x18, 0xff, 0x40, 0x7, 0xff, 0x84, 0x46, 0xe1,
    0x1b, 0xc4, 0x6e, 0x11, 0x78, 0x8, 0x80, 0xbb,
    0x80, 0xdd, 0xc0, 0x7e, 0xe0, 0x37, 0x71, 0xc3,
    0xb8, 0x20,

    /* U+76F8 "相" */
    0x0, 0xcd, 0x60, 0x1f, 0xfc, 0x5e, 0x50, 0x8,
    0xdd, 0xff, 0x28, 0x7, 0xf2, 0x44, 0x7e, 0xe0,
    0xf, 0xfb, 0xff, 0xc4, 0x0, 0x68, 0x83, 0x8c,
    0x41, 0x80, 0x3f, 0xec, 0x55, 0x0, 0x15, 0x58,
    0x1, 0xff, 0x56, 0xe8, 0x1, 0xba, 0xa0, 0x7,
    0xff, 0x88, 0x3, 0x18, 0x7, 0xd3, 0x3e, 0x0,
    0xea, 0x0, 0x50, 0x6, 0x66, 0xf1, 0x0, 0x67,
    0x30, 0x48, 0x0, 0xff, 0xe0, 0xb9, 0xa0, 0xd3,
    0xb0, 0x7, 0xff, 0x2, 0x6c, 0x0, 0x8d, 0xe0,
    0xf, 0xff, 0x10, 0x2, 0x41, 0x80, 0x29, 0x90,
    0x2, 0x67, 0xc0, 0x1, 0x68, 0x0, 0xfc, 0xcd,
    0xe2, 0x1, 0x96, 0x0, 0xff, 0xe2, 0xb0, 0x7,
    0xf1, 0x17, 0xc0, 0x1f, 0xfc, 0xd, 0xdf, 0x0,
    0x7f, 0xf0, 0x73, 0x3c, 0x1, 0xff, 0x3f, 0x99,
    0xfb, 0xec,

    /* U+770B "看" */
    0x0, 0xff, 0xe0, 0x11, 0xab, 0xb8, 0x3, 0x35,
    0xdd, 0x9b, 0xff, 0xb7, 0x23, 0x38, 0x40, 0x25,
    0xcc, 0xaa, 0xc0, 0x19, 0xbf, 0xed, 0xb9, 0x10,
    0x8, 0x91, 0x25, 0x10, 0x60, 0x13, 0x3e, 0x20,
    0x9, 0xf3, 0x34, 0x3, 0x66, 0x7d, 0x60, 0x13,
    0x7f, 0xdc, 0xd, 0xff, 0xfa, 0x40, 0x8, 0xab,
    0xb0, 0x5, 0x57, 0xf8, 0xc2, 0x6e, 0xea, 0x20,
    0x6b, 0xbf, 0xe9, 0xd, 0xee, 0x90, 0x3b, 0xbf,
    0xea, 0x0, 0xce, 0x81, 0xdf, 0xff, 0xb4, 0x3,
    0x9a, 0x1, 0x2e, 0xff, 0x20, 0x7, 0x3c, 0xa1,
    0x3, 0x37, 0xe7, 0x0, 0x86, 0xe1, 0x6c, 0x53,
    0x77, 0xf1, 0x80, 0x42, 0xf3, 0x40, 0x5, 0xff,
    0xfc, 0xa0, 0x1b, 0x18, 0x2, 0x5f, 0xff, 0xca,
    0x1, 0xfc, 0x9d, 0xdf, 0x90, 0x3, 0xf9, 0x57,
    0xfc, 0x1, 0xfc, 0x37, 0x7f, 0x84, 0x3, 0xf9,
    0x7f, 0xff, 0x28, 0x4,

    /* U+771F "真" */
    0x0, 0xfd, 0x14, 0x1, 0xfc, 0x23, 0xf2, 0xb8,
    0x8f, 0xc0, 0x3d, 0xdf, 0x11, 0x3b, 0xbe, 0x91,
    0xcc, 0xf8, 0x1b, 0x33, 0xe8, 0x3, 0x37, 0xfe,
    0xd0, 0x6f, 0xfe, 0x33, 0x8, 0x4, 0x6b, 0x10,
    0xab, 0xb4, 0x44, 0xa6, 0x20, 0x1e, 0xe4, 0x4f,
    0xdc, 0x1, 0xfa, 0x3f, 0xff, 0x40, 0x7, 0xe8,
    0xff, 0xfd, 0x0, 0x1f, 0xa3, 0xbb, 0xf4, 0x0,
    0x7e, 0x8e, 0xef, 0xd0, 0x1, 0xfa, 0x3f, 0xff,
    0x40, 0x7, 0xe8, 0xff, 0xfd, 0x0, 0x19, 0xe6,
    0x41, 0x13, 0x3f, 0xa0, 0x2e, 0x63, 0x88, 0x88,
    0x82, 0x2f, 0xc8, 0x81, 0x21, 0x9b, 0xba, 0x44,
    0xee, 0xf0, 0x86, 0xd5, 0xda, 0x40, 0x9, 0x7a,
    0x9a, 0x1, 0xa4, 0xa3, 0xa8, 0xc1, 0xba, 0xde,
    0xb9, 0x40, 0x31, 0xcf, 0x53, 0x64, 0xb4, 0x6e,
    0x28, 0x7, 0xf2, 0xe5, 0xc0,

    /* U+7740 "着" */
    0x0, 0xe6, 0x60, 0x7, 0x91, 0x80, 0x3f, 0xbe,
    0x4c, 0x3, 0xd, 0x50, 0x3, 0xc8, 0x96, 0x4,
    0x22, 0x6f, 0x1a, 0x44, 0x10, 0x5, 0x57, 0x6a,
    0x4, 0xbb, 0xc2, 0x13, 0x77, 0x0, 0x5d, 0xff,
    0xc6, 0x5f, 0xff, 0x48, 0x6, 0xff, 0xe3, 0x2f,
    0xff, 0x60, 0x7, 0x6e, 0x64, 0x41, 0x99, 0xf7,
    0x0, 0x48, 0x86, 0x77, 0x21, 0x1b, 0xbf, 0xcc,
    0x84, 0x15, 0x77, 0xa0, 0xe, 0xef, 0xf9, 0x43,
    0xbf, 0xe9, 0xb, 0xff, 0xff, 0x38, 0x6, 0x39,
    0xb, 0xff, 0xfd, 0x60, 0x1c, 0x5a, 0x3, 0xdd,
    0xf8, 0xdc, 0x3, 0x16, 0x1, 0x8e, 0x67, 0xe3,
    0x0, 0xcb, 0xa1, 0x8c, 0x1f, 0xff, 0x88, 0x2,
    0x4a, 0x3f, 0x20, 0x0, 0x8f, 0xe2, 0x0, 0x92,
    0xb0, 0x40, 0x28, 0x8f, 0xc0, 0x1c, 0xa0, 0x1d,
    0x11, 0xf8, 0x40, 0x3f, 0xd9, 0x9f, 0x84, 0x3,
    0xf8, 0xbf, 0xff, 0x20, 0x7, 0xea, 0xd0, 0xf,
    0xd7, 0x80, 0x0,

    /* U+7761 "睡" */
    0x0, 0xff, 0xe1, 0xa, 0x8, 0x0, 0xe5, 0x9a,
    0x20, 0x56, 0x89, 0xcf, 0xee, 0x5c, 0x80, 0x2d,
    0xa6, 0x64, 0xf, 0xa3, 0x38, 0x2f, 0x3e, 0x0,
    0x23, 0xff, 0x10, 0x2, 0xb2, 0xe9, 0xc5, 0x4c,
    0x3, 0xfc, 0x24, 0x5c, 0x24, 0x58, 0x40, 0x6,
    0xaa, 0x20, 0x8d, 0xdc, 0xa1, 0xbb, 0xac, 0x2,
    0xaa, 0x0, 0x2a, 0x41, 0x64, 0x42, 0x58, 0x22,
    0x40, 0x7, 0xfe, 0x20, 0x36, 0xe, 0x66, 0xb,
    0x50, 0x31, 0x80, 0x7c, 0x68, 0x18, 0x88, 0x14,
    0x40, 0x22, 0x0, 0x6, 0x88, 0x20, 0xdb, 0x7,
    0xb3, 0xb, 0x80, 0xab, 0x10, 0x5, 0xd8, 0x1,
    0x9a, 0x11, 0xaa, 0x1b, 0x41, 0x7a, 0x20, 0x7f,
    0xe2, 0x2, 0x20, 0x19, 0x10, 0x49, 0x81, 0x48,
    0x3, 0xe3, 0x50, 0xe5, 0x61, 0x5a, 0x6, 0x30,
    0x0, 0x8c, 0x0, 0x8a, 0x5, 0xa1, 0xa, 0x60,
    0x89, 0x0, 0x17, 0x70, 0x82, 0xfb, 0xb3, 0x7,
    0x76, 0xa0, 0xa, 0xee, 0x70, 0x11, 0xff, 0x0,
    0x46, 0x89, 0x8, 0x8, 0xff, 0x80, 0x11, 0x80,
    0x1d, 0xfd, 0xd3, 0x7, 0x76, 0x10,

    /* U+77E5 "知" */
    0x0, 0xff, 0xe5, 0x73, 0x0, 0x7f, 0xf1, 0xc,
    0x48, 0x3, 0x85, 0x13, 0xe1, 0x0, 0x20, 0x12,
    0xae, 0x35, 0xbb, 0xf9, 0xc0, 0x14, 0x13, 0x55,
    0xa0, 0x1, 0x7b, 0xb5, 0x80, 0x46, 0x53, 0xc0,
    0xdd, 0xcb, 0x0, 0x39, 0x14, 0xc0, 0x14, 0x8b,
    0x8, 0x8, 0xc0, 0x1f, 0xe2, 0x59, 0x0, 0xff,
    0xe2, 0x16, 0x38, 0x7, 0xff, 0x16, 0xe2, 0x20,
    0x78, 0x88, 0x80, 0x3f, 0xb, 0xbe, 0x0, 0x3b,
    0xdc, 0x1, 0xf8, 0x7f, 0xec, 0xa, 0xff, 0xb0,
    0x3, 0xff, 0x80, 0xa1, 0xe0, 0x1f, 0xfc, 0x4d,
    0x5, 0x70, 0xf, 0xfe, 0x10, 0xa3, 0xcc, 0x38,
    0x7, 0xff, 0x6, 0xc2, 0x99, 0x90, 0xc0, 0x1f,
    0xf2, 0xa9, 0xc8, 0x25, 0x24, 0x43, 0x3f, 0xed,
    0x0, 0x92, 0x8e, 0x0, 0x2a, 0xa0, 0x82, 0xc4,
    0x4c, 0x0, 0x1b, 0x2d, 0x0, 0xc2, 0xa0, 0x9,
    0x77, 0xa0, 0xc8, 0x73, 0x44, 0x3, 0xc9, 0xe6,
    0x1, 0xe, 0x20,

    /* U+77ED "短" */
    0x0, 0x1d, 0x88, 0x7, 0xff, 0x15, 0x50, 0x40,
    0x36, 0xff, 0xff, 0x0, 0x5e, 0x23, 0xc1, 0x73,
    0x3f, 0xc0, 0x13, 0x8f, 0x76, 0x66, 0xff, 0x80,
    0x2, 0x27, 0x40, 0xbb, 0x38, 0xb3, 0x7e, 0x10,
    0x3, 0x4, 0x60, 0xa2, 0x5, 0x66, 0x7f, 0x10,
    0x2, 0xd8, 0x3, 0xf7, 0x7f, 0xec, 0x0, 0xd9,
    0x0, 0x1f, 0xfc, 0x6c, 0xc6, 0xc0, 0xee, 0xa0,
    0x3, 0xff, 0x81, 0x6a, 0xa0, 0x2, 0xab, 0x40,
    0xc, 0xdd, 0x60, 0x19, 0xe2, 0x8, 0x88, 0x82,
    0x80, 0x22, 0x67, 0x38, 0x7, 0xc8, 0x81, 0x0,
    0x27, 0xf7, 0xfe, 0xbe, 0x30, 0xc, 0x40, 0xa,
    0x0, 0xa7, 0x40, 0x21, 0xb6, 0x0, 0xe5, 0xb,
    0x47, 0x0, 0x51, 0x98, 0x0, 0xe0, 0xc0, 0x1d,
    0x2a, 0x8d, 0x6, 0x6, 0x56, 0x0, 0xd4, 0x10,
    0xd, 0x3, 0x1, 0x4, 0x20, 0x4, 0x40, 0xa,
    0x70, 0x6, 0x57, 0x71, 0x0, 0xeb, 0xb3, 0x3a,
    0xdb, 0x80, 0xd9, 0x82, 0x1c, 0x90, 0x1, 0xae,
    0x65, 0x10, 0x90, 0x4, 0xcc, 0x41, 0x76, 0x0,
    0xee, 0xff, 0xff, 0x18,

    /* U+77F3 "石" */
    0x2, 0x44, 0xff, 0xe2, 0x82, 0xdd, 0xff, 0xf1,
    0x28, 0x1b, 0x33, 0x58, 0x16, 0x67, 0xf8, 0x4,
    0xcf, 0x10, 0x49, 0x9f, 0xf1, 0x0, 0x7a, 0xc9,
    0x0, 0x3f, 0xf8, 0x68, 0x56, 0x1, 0xff, 0xc4,
    0x92, 0x60, 0xf, 0xfe, 0x1b, 0x90, 0x3b, 0xff,
    0x8c, 0x3, 0x14, 0x1, 0x44, 0x7f, 0xac, 0x3,
    0x70, 0x2, 0x7f, 0xff, 0x70, 0x7, 0x59, 0xc8,
    0x7, 0xff, 0x8, 0x71, 0x25, 0x0, 0x3f, 0xf8,
    0x42, 0xf4, 0xc0, 0x1f, 0xfc, 0x4b, 0x50, 0xf,
    0xfe, 0x56, 0x19, 0xfe, 0x40, 0xf, 0xe5, 0xcc,
    0xfd, 0x40, 0x1f, 0xcd, 0x99, 0xfa, 0xc0, 0x3f,
    0xbc, 0xcf, 0xf2, 0x80, 0x7c, 0x5e, 0xc0, 0x1f,
    0x87, 0xe0, 0x0,

    /* U+7801 "码" */
    0x8, 0x8f, 0x39, 0x3b, 0xfa, 0xd8, 0x2, 0x55,
    0x3b, 0x95, 0x58, 0xf1, 0x1e, 0x48, 0x0, 0xb7,
    0x48, 0x8d, 0xd5, 0xaf, 0xff, 0x91, 0x40, 0x39,
    0x70, 0x3, 0x1e, 0x10, 0x4, 0xe2, 0x1, 0x8c,
    0x50, 0x3, 0x39, 0x98, 0x2, 0x22, 0x0, 0x64,
    0x13, 0x0, 0xc4, 0x2, 0x1, 0xf, 0x0, 0x68,
    0x18, 0x88, 0x83, 0x84, 0x2, 0x10, 0x20, 0x9,
    0x0, 0x8, 0x87, 0x60, 0x22, 0x0, 0x44, 0xc,
    0x1, 0x48, 0x36, 0x60, 0x2, 0x53, 0xff, 0xb0,
    0x37, 0xf1, 0x8, 0x3, 0xea, 0x9b, 0xbf, 0x3,
    0x23, 0xa0, 0x7, 0x95, 0x91, 0x3c, 0x26, 0x10,
    0x1, 0xe1, 0x1f, 0x80, 0x3, 0xc0, 0x1f, 0xbf,
    0xbb, 0xd4, 0x60, 0x60, 0x13, 0xa2, 0x0, 0x1b,
    0x77, 0xe8, 0x50, 0x50, 0x8, 0x6e, 0xc0, 0x3,
    0x44, 0xf1, 0x60, 0x88, 0x2, 0x4e, 0xe9, 0x0,
    0x39, 0x51, 0x95, 0x80, 0x2c, 0xd1, 0x18, 0x3,
    0xd1, 0x72, 0x92, 0x1, 0x3b, 0x0, 0x7f, 0x6f,
    0xfa, 0xc4, 0x0,

    /* U+7834 "破" */
    0x0, 0xff, 0xea, 0xf, 0x98, 0x7, 0xbb, 0xff,
    0xac, 0x3, 0xff, 0x83, 0x12, 0x0, 0x99, 0x70,
    0x7, 0xff, 0x5, 0x98, 0x68, 0xcc, 0x53, 0xff,
    0x77, 0x3, 0x3b, 0x9f, 0x40, 0x18, 0xf0, 0x2,
    0x70, 0x78, 0x70, 0x58, 0x80, 0x10, 0x4, 0x60,
    0x80, 0x1d, 0x2d, 0x21, 0x2c, 0xc0, 0xc0, 0xa,
    0xc4, 0xc0, 0x3f, 0xe4, 0x4, 0x0, 0x9c, 0x59,
    0xa1, 0x0, 0xfc, 0xd2, 0x1, 0x20, 0x2, 0x66,
    0x50, 0x7, 0xef, 0x86, 0x6e, 0xa8, 0x2, 0x90,
    0x5f, 0xe0, 0xc, 0x20, 0xce, 0xe5, 0x1, 0x0,
    0x21, 0x0, 0x78, 0x41, 0x86, 0x23, 0xd, 0x0,
    0x11, 0x54, 0x1, 0xc6, 0x36, 0x68, 0x0, 0x61,
    0x60, 0xa, 0x80, 0x3d, 0xc4, 0x46, 0x90, 0x18,
    0x71, 0x0, 0xff, 0x13, 0x4, 0x9d, 0x50, 0x24,
    0x3, 0xca, 0x8a, 0x0, 0x4d, 0x0, 0x6a, 0xa6,
    0x88, 0x7, 0xd7, 0x60, 0x21, 0x40, 0x4, 0x80,
    0x24, 0x3, 0xe3, 0xee, 0xc2, 0x69, 0xa9, 0x74,
    0xbc, 0xa0, 0x1b, 0x6c, 0x46, 0x66, 0x4d, 0xb7,
    0xa2, 0xea, 0xd6, 0x0, 0x4e, 0xe0, 0xa, 0xa2,
    0xee, 0x10, 0x1, 0x5d, 0xbc, 0x0,

    /* U+7838 "砸" */
    0xf, 0xff, 0x46, 0x77, 0x7f, 0x60, 0x2, 0x64,
    0x0, 0x99, 0x58, 0x94, 0xcf, 0xea, 0x0, 0x33,
    0xd, 0x59, 0x86, 0x8, 0xef, 0x30, 0xbb, 0xcc,
    0x1, 0x8f, 0x0, 0x3f, 0x2c, 0x80, 0x7c, 0x80,
    0x80, 0x1e, 0x33, 0x80, 0xcc, 0x80, 0x1b, 0x48,
    0x80, 0x1c, 0x79, 0x88, 0xc, 0xc5, 0x98, 0x4,
    0xc4, 0xcd, 0x0, 0x61, 0xd9, 0xd, 0xd0, 0x6,
    0x60, 0x4, 0xcc, 0x40, 0x18, 0x88, 0x4, 0x40,
    0xd, 0x0, 0xff, 0xa0, 0x1f, 0xfc, 0x24, 0x10,
    0xf, 0xfe, 0x32, 0x42, 0x0, 0x7f, 0xf1, 0x9c,
    0x3, 0xff, 0x82, 0xba, 0x4, 0x1, 0xff, 0x15,
    0x80, 0x4b, 0x3c, 0x20, 0x13, 0xaa, 0x20, 0x3,
    0xa, 0x80, 0x64, 0x10, 0xc, 0x25, 0x72, 0x1,
    0xf3, 0x40, 0x7, 0xcc, 0xbb, 0xb1, 0x1, 0xb3,
    0x48, 0x2c, 0xd8, 0x2, 0x3f, 0x22, 0x80, 0x9,
    0x33, 0xfc, 0x20,

    /* U+786E "确" */
    0x0, 0xff, 0x15, 0x88, 0x7, 0xd5, 0x77, 0xd2,
    0x0, 0xb4, 0x32, 0x21, 0x80, 0x63, 0x14, 0x40,
    0x8c, 0x4, 0xc1, 0xbb, 0x64, 0x0, 0x53, 0x48,
    0x8a, 0xa4, 0x4, 0x6, 0xec, 0xa1, 0x40, 0x1c,
    0xb8, 0x1, 0x2a, 0xac, 0x88, 0x2b, 0x24, 0x1,
    0x88, 0x4c, 0x0, 0x74, 0x1f, 0x76, 0xc0, 0xdb,
    0xf5, 0x0, 0x20, 0x20, 0x3, 0x80, 0x4, 0x40,
    0x1, 0x91, 0x3, 0x40, 0x12, 0x13, 0x3a, 0x2,
    0x66, 0xe, 0x99, 0x0, 0x44, 0x0, 0x55, 0x33,
    0x4, 0xc, 0xce, 0xe, 0x66, 0x0, 0xa4, 0x13,
    0x34, 0x3, 0x66, 0x28, 0x2b, 0x30, 0x0, 0x24,
    0x0, 0xfd, 0xfe, 0xd0, 0xcf, 0xf0, 0x0, 0x91,
    0x80, 0x38, 0x40, 0x38, 0x40, 0x3a, 0xc0, 0x3d,
    0xe0, 0xcc, 0xa0, 0xa6, 0x60, 0x7, 0xf8, 0x42,
    0x64, 0xe0, 0xf3, 0x20, 0xe, 0x44, 0x80, 0xa,
    0xdf, 0xed, 0xd, 0xff, 0x0, 0x7a, 0xe8, 0x4,
    0xf4, 0x3, 0xff, 0x80, 0x7d, 0xd2, 0xa, 0x0,
    0x61, 0x44, 0x7, 0x80, 0x3e, 0xc4, 0x41, 0x36,
    0x1, 0xc3, 0x56, 0x4a, 0x0, 0x67, 0x0, 0xf,
    0xa8, 0x4, 0x5c, 0x5d, 0xfa, 0x40,

    /* U+793A "示" */
    0x0, 0x95, 0x7f, 0xf8, 0x40, 0x1d, 0x55, 0xff,
    0xc2, 0x10, 0xd, 0xbb, 0xff, 0xc2, 0x10, 0xc,
    0x45, 0xff, 0xc2, 0x0, 0xff, 0xe5, 0x2b, 0xbf,
    0xff, 0x11, 0x82, 0x62, 0x3f, 0xf8, 0x96, 0x19,
    0xff, 0xf1, 0x97, 0xff, 0xda, 0x1, 0xff, 0xcb,
    0x7b, 0x0, 0xf8, 0x69, 0x40, 0x3e, 0x97, 0x0,
    0xf8, 0x5a, 0xc4, 0x3, 0x9c, 0x60, 0x3, 0xf7,
    0xd, 0x80, 0x61, 0x83, 0x40, 0xf, 0xc4, 0xca,
    0x60, 0x15, 0x7, 0x0, 0x7f, 0xa0, 0x3c, 0x1,
    0x29, 0x4, 0x1, 0xfe, 0x17, 0x33, 0xa, 0xa9,
    0xc0, 0x3f, 0xf8, 0x12, 0xa, 0x39, 0x40, 0x1,
    0x87, 0x82, 0x10, 0xe, 0x1e, 0x60, 0xe, 0x16,
    0x87, 0x38, 0x0, 0xf0, 0x80, 0x7d, 0xdf, 0xed,
    0x40, 0xf, 0xc0,

    /* U+7965 "祥" */
    0x0, 0x94, 0x3, 0xca, 0x1, 0xc8, 0x80, 0xc,
    0x37, 0x40, 0x18, 0xa9, 0xc0, 0x34, 0xc0, 0x6,
    0x1b, 0x54, 0x0, 0x89, 0xa4, 0x2, 0x42, 0x80,
    0x8, 0x88, 0xe6, 0x26, 0x1, 0x58, 0xa0, 0x2,
    0x11, 0x0, 0x16, 0x6e, 0x8e, 0xb1, 0x96, 0x29,
    0x32, 0x2c, 0xc2, 0x18, 0x1, 0x99, 0x98, 0x1f,
    0x59, 0x8a, 0xee, 0x41, 0x56, 0xd0, 0x1, 0x19,
    0xce, 0xc3, 0x1d, 0xd8, 0x23, 0xba, 0xb0, 0xe,
    0xa1, 0x80, 0xf, 0xfe, 0x23, 0x29, 0x88, 0xb,
    0xbd, 0x21, 0x2e, 0xf1, 0x0, 0x49, 0x20, 0x66,
    0x2, 0x99, 0x9c, 0x6, 0x66, 0x70, 0x2, 0x58,
    0x0, 0xb4, 0x8f, 0xbb, 0x4, 0x77, 0x4a, 0x3,
    0x65, 0x21, 0xc7, 0x0, 0x1f, 0xfc, 0x1, 0x8d,
    0x30, 0x1f, 0xb7, 0x7d, 0x21, 0x2e, 0xf8, 0x41,
    0xc0, 0x31, 0x4, 0x46, 0x70, 0x18, 0x8c, 0x60,
    0x1f, 0xf, 0xfe, 0xe0, 0x8f, 0xfc, 0x40, 0x1f,
    0xff, 0xf0, 0xf, 0xcb, 0xe4, 0x1, 0xe1, 0xf7,
    0x0, 0xe0,

    /* U+79BB "离" */
    0x0, 0xf8, 0x71, 0x0, 0x3f, 0xf8, 0x62, 0x2f,
    0x0, 0xfd, 0x1f, 0xff, 0x12, 0x7f, 0xfd, 0xd7,
    0x55, 0xd3, 0x55, 0xa6, 0xab, 0xac, 0xd4, 0x79,
    0x5a, 0xd, 0x54, 0xd6, 0x2b, 0x84, 0xaa, 0x0,
    0x12, 0x1, 0xe6, 0x3f, 0xdb, 0x28, 0x9, 0xa0,
    0x1f, 0x8c, 0x80, 0x2, 0x40, 0x1f, 0xf4, 0xf0,
    0xf7, 0xe5, 0x58, 0x7, 0xf2, 0x8c, 0x62, 0x2b,
    0x4e, 0x29, 0x80, 0x71, 0x8d, 0xb4, 0xdd, 0x52,
    0xed, 0x36, 0x6, 0x1, 0x97, 0xbb, 0x85, 0x7b,
    0xba, 0x40, 0x2a, 0xff, 0xf0, 0xaf, 0xff, 0xb4,
    0x0, 0x25, 0x55, 0x38, 0x15, 0x51, 0xaa, 0xa1,
    0x30, 0x8, 0x55, 0x64, 0x3d, 0x56, 0x60, 0x2a,
    0x9c, 0x3, 0xea, 0x34, 0x78, 0x90, 0xa3, 0x0,
    0xfc, 0xaa, 0x3, 0xef, 0xcb, 0x4a, 0x0, 0xfc,
    0x97, 0xf7, 0x2e, 0xc9, 0x56, 0x46, 0x1, 0xe1,
    0x40, 0xf, 0x1e, 0xe9, 0x58, 0x1, 0x78, 0x1,
    0xfc, 0x5f, 0xf4, 0x0,

    /* U+79E4 "秤" */
    0x0, 0xe1, 0x63, 0x0, 0xff, 0xe0, 0x92, 0xc7,
    0xf4, 0xc8, 0x99, 0xbf, 0x8c, 0x7, 0x6d, 0x0,
    0x7a, 0x92, 0x67, 0xfa, 0xc0, 0x7b, 0x98, 0x2e,
    0x20, 0xdf, 0xf5, 0x7, 0x7f, 0xd0, 0x0, 0x10,
    0xf, 0xb9, 0x0, 0x39, 0xbc, 0x40, 0x4, 0x50,
    0x91, 0x40, 0x7a, 0x1, 0xd8, 0x62, 0x5, 0xbb,
    0x2, 0x6e, 0x85, 0x10, 0x1, 0xcb, 0x60, 0x2,
    0xcc, 0x40, 0x1e, 0x60, 0x70, 0x80, 0x32, 0x2,
    0x80, 0x46, 0x6e, 0x2, 0x33, 0x3, 0x81, 0x80,
    0x5c, 0x84, 0x1, 0x85, 0x80, 0x64, 0x0, 0x5c,
    0x60, 0x15, 0xc8, 0x7, 0x4a, 0xa, 0xbc, 0xff,
    0xbb, 0xe8, 0x3b, 0x9b, 0xfe, 0x0, 0xb, 0xf0,
    0x1d, 0x33, 0xcc, 0xc6, 0xf, 0x33, 0x80, 0x16,
    0x6a, 0x0, 0x4d, 0x86, 0x6a, 0x42, 0x59, 0xb0,
    0x2a, 0xa0, 0x3, 0x10, 0x7, 0xff, 0x1, 0xd5,
    0x0, 0x3f, 0xf8, 0xa5, 0x40, 0x1f, 0xff, 0xf0,
    0x8,

    /* U+79EF "积" */
    0x0, 0xf1, 0x38, 0x80, 0x7f, 0xf0, 0x9, 0x1f,
    0x3f, 0x61, 0x85, 0x9b, 0xf1, 0x0, 0xed, 0xd1,
    0x85, 0xfb, 0xac, 0xcf, 0xe4, 0x1, 0xef, 0xd7,
    0x14, 0x0, 0xd9, 0xdd, 0xb4, 0x3, 0x8, 0x7,
    0xf0, 0x8f, 0x18, 0x6, 0x11, 0xfc, 0x1, 0xff,
    0xf, 0x74, 0xc1, 0xdd, 0x10, 0x7, 0xf8, 0x6a,
    0xa0, 0x5, 0x54, 0x60, 0x1f, 0xf2, 0xa9, 0x80,
    0x18, 0xaa, 0x10, 0xf, 0xfe, 0xc, 0x80, 0x1d,
    0x80, 0x2d, 0xff, 0xdc, 0x1, 0xc4, 0xa8, 0x37,
    0x28, 0xd1, 0x1f, 0x94, 0x2, 0x94, 0x30, 0x55,
    0x41, 0x3b, 0xfe, 0x30, 0x2, 0xa4, 0x0, 0x57,
    0xe0, 0x5, 0x10, 0x0, 0xa0, 0x4, 0x56, 0xa6,
    0x1, 0x9, 0x81, 0x53, 0x80, 0x1a, 0xcc, 0x0,
    0x47, 0x60, 0x1f, 0x50, 0x38, 0x1, 0xc6, 0x0,
    0x2d, 0x10, 0xf, 0xb, 0xa8, 0x80, 0x52, 0x86,
    0x1, 0xfe, 0x80, 0x90, 0xc, 0xe1, 0x20, 0x1f,
    0xc8, 0xcc, 0x30, 0xe, 0x65, 0x10, 0xf, 0xce,
    0x92, 0x1, 0xea, 0x70,

    /* U+7A0D "稍" */
    0x0, 0xe3, 0x60, 0xf, 0x62, 0x80, 0x78, 0x96,
    0x7f, 0x20, 0x87, 0x90, 0x0, 0x64, 0x0, 0x9d,
    0x0, 0x4d, 0xa0, 0x3f, 0x10, 0xa4, 0x80, 0x71,
    0x35, 0x0, 0x2f, 0xb0, 0x30, 0x2, 0xb2, 0x60,
    0xd, 0x4, 0xe0, 0x1f, 0xe1, 0x6e, 0x0, 0x85,
    0x24, 0x2, 0x11, 0x18, 0x8, 0x80, 0x3, 0x72,
    0x21, 0xe1, 0x8c, 0x0, 0x1e, 0xe6, 0x85, 0x75,
    0x87, 0xef, 0x70, 0x1f, 0xb7, 0x4e, 0x3, 0x54,
    0x10, 0x5a, 0x80, 0x2, 0xd5, 0x78, 0x3, 0x2a,
    0x80, 0x8, 0xa6, 0x0, 0xd5, 0x5f, 0x0, 0x71,
    0x88, 0xb, 0x80, 0x54, 0xab, 0xe0, 0xe, 0x95,
    0x9, 0x84, 0x0, 0x15, 0x57, 0x80, 0x31, 0x2f,
    0x1, 0x40, 0x5, 0x1f, 0xfe, 0x0, 0xd0, 0x6a,
    0x0, 0x74, 0x0, 0x78, 0x8f, 0x80, 0x21, 0x58,
    0x0, 0xf9, 0xfb, 0xbc, 0x1, 0xd, 0x20, 0x7,
    0xc9, 0x99, 0xe0, 0xc, 0xa0, 0x1f, 0xb0, 0xcf,
    0xc0, 0x1f, 0xfc, 0x53, 0x55, 0x0, 0x80, 0x7f,
    0xf0, 0xd2, 0xa8, 0x48, 0x1, 0xff, 0xc3, 0x7f,
    0xf6, 0x90, 0x0,

    /* U+7A33 "稳" */
    0x0, 0xf2, 0x0, 0x4b, 0x0, 0x1f, 0xe3, 0x6e,
    0xfb, 0x50, 0x1a, 0x44, 0xca, 0x1, 0xcf, 0x92,
    0x25, 0xaa, 0x14, 0x7, 0x77, 0x53, 0x80, 0x66,
    0xde, 0x8, 0x20, 0x94, 0xcf, 0xf9, 0x49, 0xc0,
    0x30, 0x90, 0x6, 0xa6, 0x77, 0x22, 0x29, 0x69,
    0xc, 0x3, 0x9, 0x81, 0x8f, 0x2b, 0xdd, 0xca,
    0x11, 0x72, 0x1, 0x77, 0x34, 0x27, 0xb9, 0x5f,
    0xff, 0x20, 0x6, 0x88, 0x8, 0x14, 0x70, 0x19,
    0xfc, 0xa0, 0x19, 0x9c, 0x80, 0x9d, 0xf, 0x33,
    0xe1, 0x0, 0xe2, 0x30, 0x4, 0x1, 0xff, 0xfc,
    0x80, 0x1d, 0x66, 0xc, 0xe8, 0x6a, 0xbf, 0x38,
    0x6, 0x16, 0xa0, 0xc5, 0x18, 0xaa, 0xf8, 0xc0,
    0x35, 0x13, 0x80, 0x29, 0x6f, 0xfe, 0x5b, 0xff,
    0xa8, 0x0, 0x49, 0x20, 0x18, 0xf0, 0xfc, 0xf2,
    0xd0, 0x22, 0xc0, 0x5, 0x28, 0x1, 0xa8, 0x3,
    0x33, 0xe0, 0x52, 0x20, 0x0, 0xc0, 0x18, 0x5a,
    0x40, 0x34, 0x42, 0x69, 0x7c, 0x3, 0xe9, 0x25,
    0x10, 0x53, 0x39, 0x3, 0x90, 0x40, 0x3d, 0x1e,
    0x4, 0x93, 0x99, 0x5, 0x27, 0x88, 0x7, 0xc4,
    0x0, 0xbf, 0xfd, 0xa4, 0x1, 0x0,

    /* U+7A7A "空" */
    0x0, 0xf9, 0x30, 0x80, 0x3f, 0xf8, 0x6c, 0x70,
    0x1, 0xf8, 0x95, 0x7c, 0xe0, 0xae, 0xab, 0xe2,
    0x5a, 0xaf, 0x80, 0x11, 0x55, 0xf0, 0x3, 0xff,
    0xff, 0x84, 0x1, 0xf0, 0xc8, 0x80, 0xe, 0x4,
    0x3, 0xf8, 0xf1, 0xc8, 0x0, 0xcc, 0xe8, 0x0,
    0x2e, 0xb6, 0x8c, 0xe0, 0xf9, 0x80, 0x17, 0x9d,
    0xdc, 0xd4, 0xa1, 0x7c, 0xd1, 0x82, 0x1, 0xd1,
    0xc9, 0x3a, 0x22, 0x56, 0xe7, 0x0, 0xfc, 0x35,
    0x68, 0x21, 0x9f, 0x9b, 0xbf, 0xf0, 0xc8, 0x4,
    0xab, 0xe2, 0x22, 0xaf, 0x30, 0x6, 0x38, 0x8e,
    0x15, 0x88, 0xe3, 0x0, 0xff, 0xf6, 0x25, 0x57,
    0xc2, 0xb5, 0x5f, 0x28, 0x8f, 0xe4, 0x40, 0x8f,
    0xc6,

    /* U+7B11 "笑" */
    0x0, 0xff, 0xe5, 0x37, 0x90, 0x7, 0x4e, 0x0,
    0x7f, 0x69, 0x10, 0x3, 0x9d, 0x40, 0x3f, 0x12,
    0x17, 0xfb, 0xb9, 0xac, 0x2d, 0xfe, 0xee, 0xb0,
    0x1, 0x0, 0xc0, 0x71, 0xb, 0x80, 0x80, 0x4,
    0xcd, 0x40, 0x8b, 0x12, 0x82, 0xcc, 0xf1, 0xc7,
    0xb0, 0x17, 0x73, 0x5, 0x13, 0x87, 0x11, 0x99,
    0x9c, 0xc1, 0xf, 0x40, 0x36, 0x78, 0x1, 0x6c,
    0xcd, 0xb0, 0x2, 0x88, 0x1b, 0x0, 0x88, 0x15,
    0x9f, 0x26, 0xbb, 0x7f, 0xad, 0xd8, 0x88, 0x1,
    0x35, 0x44, 0xaa, 0x80, 0xca, 0x6f, 0x7f, 0x24,
    0x80, 0x24, 0xfe, 0xe6, 0xe5, 0x11, 0xb2, 0x10,
    0x7, 0xff, 0x8, 0x98, 0x3, 0xfb, 0x7f, 0xfe,
    0x5, 0xff, 0xfc, 0x11, 0x33, 0xe0, 0xd, 0x33,
    0xea, 0x5, 0x66, 0xe2, 0x7, 0x90, 0x36, 0x6e,
    0x50, 0xf, 0x15, 0x14, 0x32, 0xd2, 0x80, 0x7f,
    0x9b, 0x4f, 0xc0, 0x14, 0x95, 0x20, 0x1e, 0x16,
    0xd9, 0x4c, 0x20, 0xa, 0xdd, 0xb9, 0xc4, 0x1,
    0x3d, 0x2d, 0x76, 0x10, 0xe, 0x8c, 0x58, 0xe9,
    0xb, 0x9e, 0xb4, 0x0, 0xfc, 0x77, 0xb1, 0x60,

    /* U+7B14 "笔" */
    0x0, 0xaa, 0x40, 0x3d, 0x70, 0x1, 0xf8, 0x57,
    0x80, 0x38, 0x93, 0x80, 0x3f, 0x48, 0x47, 0xfe,
    0x49, 0x9, 0xff, 0xe8, 0x2, 0x72, 0x60, 0x6a,
    0xa1, 0x21, 0xd0, 0x2, 0xab, 0x7, 0xe, 0xca,
    0x2a, 0x9e, 0xf, 0x16, 0x81, 0xd5, 0x44, 0x65,
    0x40, 0xf, 0x21, 0x11, 0x70, 0x1, 0x59, 0x44,
    0x0, 0x7c, 0x80, 0x4, 0xc2, 0x6b, 0xbb, 0x7d,
    0xa1, 0x80, 0x33, 0xf7, 0xfb, 0x72, 0xa1, 0x4a,
    0xa9, 0xbe, 0xe0, 0x19, 0x62, 0xf3, 0x79, 0xb,
    0x25, 0xd4, 0x80, 0x3c, 0x4c, 0x86, 0x62, 0x42,
    0x78, 0x9b, 0xcd, 0xb0, 0xd, 0x9d, 0xfe, 0xec,
    0x0, 0x59, 0x1, 0xd4, 0x40, 0x3, 0x55, 0xdb,
    0x7b, 0xd0, 0xb2, 0xa6, 0x19, 0x4c, 0x3, 0x32,
    0xa1, 0x8, 0x39, 0x1a, 0xb3, 0xc5, 0x5e, 0x40,
    0x44, 0xd6, 0x6f, 0x79, 0x86, 0x55, 0xd8, 0xce,
    0xbc, 0x3, 0x39, 0x2a, 0xec, 0x22, 0xff, 0x6e,
    0x5c, 0xc2, 0x20, 0x2e, 0xa6, 0x1d, 0x51, 0x4c,
    0x3, 0xc3, 0x8a, 0x1, 0xf8, 0x88, 0xca, 0xbd,
    0x60, 0xe0, 0x1f, 0xac, 0xe6, 0xab, 0x91, 0xc8,

    /* U+7B49 "等" */
    0x0, 0x96, 0xc4, 0x3, 0x9e, 0xc0, 0x3f, 0xd6,
    0xa6, 0x45, 0x8, 0x43, 0x91, 0x78, 0x2, 0x71,
    0x16, 0xee, 0xf8, 0x3, 0xdd, 0xf0, 0x81, 0xc2,
    0x58, 0x36, 0xea, 0x5d, 0x74, 0xc3, 0x37, 0x61,
    0x16, 0x95, 0xa2, 0xa1, 0x12, 0x2, 0x8b, 0x46,
    0xc8, 0xa0, 0x1d, 0xc0, 0x5, 0xe8, 0x1, 0x40,
    0x21, 0xd9, 0x0, 0xe3, 0x1f, 0xf7, 0x7f, 0xca,
    0x1f, 0xf6, 0x77, 0x98, 0x7, 0x55, 0x78, 0x1,
    0x55, 0xe2, 0x0, 0xe5, 0x5f, 0x85, 0x57, 0xc2,
    0x1, 0x6e, 0xfe, 0x51, 0xdd, 0xfc, 0x20, 0xab,
    0xf9, 0xdc, 0xaa, 0x22, 0x2a, 0xe0, 0x4, 0x47,
    0xff, 0x1, 0x86, 0x23, 0x8, 0x2f, 0x77, 0xfc,
    0xc3, 0xdd, 0x40, 0x1, 0xe2, 0x25, 0x98, 0x8f,
    0x0, 0x22, 0x2b, 0x0, 0x13, 0x31, 0x11, 0x48,
    0xcd, 0xe1, 0x66, 0x8c, 0x3, 0x8b, 0xf, 0x4,
    0x3, 0xff, 0x88, 0x7a, 0x3a, 0x1, 0xff, 0xc5,
    0x3a, 0x50, 0x45, 0x58, 0xc0, 0x3f, 0xf8, 0xb,
    0x21, 0x95, 0x42, 0xb0, 0xf, 0xfe, 0x1c, 0x7f,
    0xb9, 0x80, 0x38,

    /* U+7B54 "答" */
    0x0, 0x8b, 0xc, 0x3, 0x8b, 0xc, 0x3, 0xfa,
    0x88, 0xc0, 0x3a, 0x8c, 0xc0, 0x1f, 0x85, 0xc7,
    0xff, 0x70, 0xb8, 0x7f, 0xf7, 0x0, 0x54, 0x12,
    0x0, 0xaa, 0x5d, 0x4, 0x10, 0x34, 0xca, 0xc0,
    0xe, 0x94, 0xd4, 0xe, 0xae, 0xb2, 0xfa, 0x68,
    0xcc, 0x50, 0x7, 0x32, 0x82, 0x9b, 0x85, 0x9b,
    0x0, 0x21, 0x84, 0x3, 0x4c, 0x80, 0x2c, 0x58,
    0x62, 0x60, 0x2, 0x58, 0x80, 0x7f, 0xa9, 0xe6,
    0x6c, 0x30, 0xf, 0xf9, 0x35, 0x31, 0x99, 0xaf,
    0x94, 0x40, 0x1f, 0x25, 0xd8, 0xa5, 0x59, 0x89,
    0xa8, 0x8d, 0xa4, 0x0, 0x9b, 0x6c, 0x74, 0x66,
    0x23, 0x97, 0x69, 0xaf, 0x88, 0xe, 0xba, 0x8b,
    0xbb, 0xf1, 0xae, 0x6d, 0x90, 0x2b, 0x8d, 0xff,
    0xff, 0xb4, 0x9, 0x40, 0x39, 0xce, 0xab, 0xf2,
    0x18, 0x7, 0xf3, 0xaa, 0xfe, 0x20, 0xf, 0xfe,
    0x92, 0x33, 0x7f, 0x0, 0x7f, 0xd3, 0x3f, 0x80,
    0x40, 0x3f, 0x67, 0xff, 0xfc, 0x1, 0x80,

    /* U+7B7E "签" */
    0x0, 0xa6, 0x0, 0x3d, 0x6c, 0x1, 0xfc, 0x2c,
    0x1, 0xe5, 0x45, 0x0, 0xfe, 0x60, 0x7f, 0xfc,
    0xf4, 0x19, 0xff, 0xd2, 0x0, 0x18, 0x49, 0x7,
    0xcc, 0x50, 0x56, 0x8, 0x5e, 0x62, 0x0, 0x14,
    0x34, 0xc8, 0x83, 0x30, 0xa2, 0x9f, 0x8e, 0x99,
    0x84, 0x9, 0x68, 0x43, 0xd8, 0x1c, 0xd0, 0x80,
    0x60, 0xc0, 0x31, 0x72, 0x0, 0x12, 0xed, 0x14,
    0xda, 0xc0, 0xd4, 0x1, 0xfc, 0xfc, 0xfa, 0xb3,
    0x51, 0xaa, 0x1, 0xf0, 0xc7, 0x44, 0x34, 0xc4,
    0x49, 0x8f, 0x5a, 0xe2, 0x0, 0x2b, 0xe7, 0x69,
    0x8e, 0xee, 0xd7, 0xd4, 0x8e, 0xa0, 0x22, 0x4f,
    0xc3, 0xe6, 0x7d, 0xe5, 0x3f, 0x32, 0x0, 0x4b,
    0x13, 0x9, 0x99, 0x7c, 0xce, 0x23, 0xc2, 0x63,
    0x0, 0xcd, 0x28, 0x0, 0x43, 0x50, 0xa, 0x4,
    0x80, 0x3c, 0x8b, 0x40, 0x2, 0x59, 0x0, 0x1a,
    0x40, 0x7, 0xeb, 0x17, 0x0, 0x71, 0x90, 0x79,
    0xa8, 0x7, 0xe1, 0x83, 0x0, 0x25, 0x93, 0x1f,
    0x80, 0x79, 0x57, 0x10, 0xaa, 0xc2, 0xf2, 0xc,
    0xab, 0x10, 0x2, 0xea, 0xbf, 0xa0, 0x1, 0x55,
    0xc0,

    /* U+7C89 "粉" */
    0x0, 0xd8, 0x80, 0x1c, 0x64, 0x4, 0x80, 0x1c,
    0x62, 0x6, 0x20, 0xc2, 0x0, 0xeb, 0x5, 0xa0,
    0xe, 0xf7, 0x0, 0x8a, 0x48, 0x4, 0xb0, 0x10,
    0x4c, 0x3, 0x26, 0x80, 0x4a, 0x46, 0xe, 0x8,
    0x6, 0x36, 0x1, 0xb1, 0x40, 0x2c, 0x50, 0x5,
    0x18, 0x80, 0x1d, 0x80, 0x32, 0x89, 0x81, 0x24,
    0x82, 0x9c, 0x80, 0x54, 0x2e, 0x1, 0xe, 0x98,
    0x16, 0x88, 0xac, 0xd4, 0x2, 0x35, 0x83, 0x1,
    0xdf, 0xe0, 0xaf, 0xdc, 0x1e, 0x0, 0xeb, 0x1d,
    0x11, 0x22, 0x4, 0x0, 0x88, 0x71, 0xec, 0xce,
    0xe4, 0x71, 0x9, 0x91, 0x82, 0xcc, 0xa9, 0x98,
    0x66, 0x76, 0x60, 0x14, 0x80, 0x44, 0x60, 0xaa,
    0x0, 0x45, 0x38, 0x5d, 0x50, 0x3c, 0x3, 0x42,
    0x2, 0x52, 0x0, 0x46, 0x60, 0xc, 0x20, 0x11,
    0xaf, 0x87, 0x3d, 0x0, 0x48, 0xa0, 0x1, 0x3,
    0x0, 0xb9, 0x10, 0x0, 0x8b, 0x0, 0x28, 0x68,
    0x0, 0x80, 0x40, 0x4, 0x49, 0x0, 0xca, 0x0,
    0x81, 0x40, 0x3, 0x3, 0x0, 0xb, 0x8, 0x3,
    0xd0, 0x52, 0x1, 0x68, 0x10, 0x4, 0x60, 0x1e,
    0x97, 0x27, 0x25, 0x53, 0x18, 0x7, 0xf8, 0xd8,
    0x3c, 0x6, 0xa8, 0x10, 0x1, 0xfe, 0x37, 0xd2,
    0x3, 0xff, 0x72, 0x0, 0x40,

    /* U+7CD6 "糖" */
    0x0, 0x92, 0xc0, 0x3e, 0x4c, 0x20, 0xf, 0x28,
    0x92, 0x83, 0xa8, 0x6, 0x41, 0xe0, 0xf, 0x73,
    0x80, 0x54, 0x77, 0xff, 0x88, 0xff, 0xf1, 0x6,
    0xe0, 0x0, 0x49, 0xc0, 0x13, 0x34, 0x34, 0xce,
    0x20, 0x54, 0x0, 0x3a, 0x8, 0x33, 0x60, 0x76,
    0x6c, 0x0, 0x23, 0x0, 0x77, 0x80, 0x4b, 0xfe,
    0x81, 0xff, 0x90, 0x0, 0x3a, 0x0, 0x84, 0x0,
    0x97, 0x74, 0xc1, 0xba, 0x1, 0x0, 0x7f, 0xa4,
    0x7f, 0xca, 0x6, 0x40, 0x1f, 0x68, 0x1, 0x98,
    0x0, 0x66, 0x9d, 0xb7, 0x66, 0xd, 0xd0, 0x3a,
    0x4, 0xc8, 0x1, 0x52, 0x60, 0x9f, 0xf4, 0xf,
    0xf8, 0x25, 0x0, 0x8, 0x0, 0xe0, 0x0, 0x83,
    0x7f, 0xa0, 0x7f, 0xc0, 0x60, 0x17, 0x90, 0x85,
    0x1, 0x73, 0xee, 0x98, 0x37, 0x65, 0x0, 0x12,
    0x50, 0x4a, 0x88, 0x10, 0x91, 0x38, 0x48, 0xa0,
    0xa, 0x10, 0x41, 0x2d, 0x41, 0xaf, 0xfd, 0x3,
    0xff, 0x28, 0x12, 0xc0, 0x4, 0x98, 0x24, 0x9,
    0x99, 0xc0, 0x11, 0x49, 0x80, 0x64, 0x40, 0x0,
    0x8c, 0xf8, 0x3, 0x30, 0x6, 0x33, 0x60, 0x1,
    0xd1, 0x38, 0x3, 0xfa, 0x5, 0x80, 0x3, 0x77,
    0xc0, 0x1f, 0xdf, 0x0, 0x13, 0x7f, 0xf0, 0x7,
    0x9b, 0x81, 0x18, 0x1, 0x72, 0x1, 0xde, 0xa0,

    /* U+7CFB "系" */
    0x0, 0xff, 0xe0, 0x12, 0xc1, 0x80, 0x42, 0x46,
    0x8a, 0xf1, 0x37, 0xbf, 0xb4, 0xd2, 0x1, 0x5e,
    0xe5, 0xd4, 0xbb, 0xa, 0xcd, 0xf7, 0x28, 0x2,
    0xbd, 0xee, 0x7a, 0x5, 0xd4, 0x32, 0x88, 0x7,
    0x9, 0x8, 0x62, 0x6a, 0x0, 0x13, 0xf0, 0x3,
    0xe4, 0xf7, 0xf2, 0x1, 0x9b, 0x5d, 0x0, 0xf5,
    0x58, 0xaf, 0xfd, 0xcd, 0x36, 0x20, 0x1e, 0xd5,
    0x88, 0x88, 0xf, 0x98, 0xe0, 0x3, 0xcf, 0x4e,
    0x32, 0x39, 0x81, 0x1, 0x6b, 0x0, 0xe1, 0x7e,
    0xa9, 0xf7, 0x56, 0x7a, 0x54, 0xe0, 0xb, 0x3a,
    0x4, 0xa7, 0x2e, 0xae, 0xc6, 0x26, 0x34, 0x0,
    0x54, 0x8a, 0xcd, 0xe6, 0xd, 0xcb, 0xac, 0xb5,
    0x40, 0x9b, 0x7d, 0xb2, 0x10, 0xd, 0x4e, 0x9,
    0xa8, 0x1, 0x3b, 0x80, 0x3e, 0x28, 0xa0, 0x20,
    0x9, 0xe1, 0x60, 0x3, 0xd1, 0x4b, 0x82, 0x3,
    0x70, 0xd4, 0x1, 0xf9, 0x70, 0xbc, 0x8d, 0xa2,
    0x40, 0xd9, 0x8a, 0x20, 0x18, 0xf4, 0xd8, 0xb5,
    0xc0, 0x29, 0x91, 0x48, 0x7, 0x1e, 0xa0, 0x7,
    0x1f, 0xfb, 0x9c, 0x3, 0xf0,

    /* U+7D27 "紧" */
    0x0, 0xc6, 0xc0, 0x1f, 0xc2, 0x1, 0x42, 0x2,
    0x40, 0x37, 0xff, 0xdc, 0xe0, 0x6, 0x30, 0xc,
    0xf2, 0xf, 0x77, 0x18, 0x30, 0x7, 0xe1, 0x66,
    0x2a, 0x20, 0xe, 0x4, 0x3, 0xfd, 0x1, 0x6f,
    0x6a, 0xe0, 0x1f, 0xf0, 0xda, 0x41, 0x50, 0x7,
    0xf8, 0xe3, 0x64, 0x44, 0x58, 0xc4, 0x0, 0xb5,
    0x0, 0x97, 0x19, 0x33, 0xb9, 0x61, 0x3a, 0xa0,
    0xa4, 0xe, 0xea, 0x6e, 0x93, 0x60, 0x4c, 0xea,
    0x50, 0x9, 0x75, 0x2e, 0x45, 0x76, 0x5c, 0x0,
    0x2a, 0x1, 0x45, 0x11, 0x2f, 0xfa, 0x9b, 0x1c,
    0xc0, 0x3d, 0x53, 0x4a, 0x0, 0x3c, 0xb3, 0x5c,
    0x80, 0xe, 0x6d, 0xa5, 0x49, 0x93, 0x31, 0xf4,
    0xdf, 0xc4, 0x1, 0xf6, 0x80, 0x4, 0x9a, 0xab,
    0x9, 0x54, 0x18, 0x21, 0x37, 0x91, 0x3f, 0xe6,
    0x1c, 0xbe, 0x8a, 0xfb, 0x10, 0x66, 0x4c, 0x8,
    0x7, 0x17, 0xf4, 0xb, 0x2, 0x5e, 0xb6, 0xb1,
    0x98, 0x80, 0x5, 0x78, 0x9c, 0xe0, 0xc1, 0x78,
    0x41, 0x98, 0x46, 0x0, 0x8f, 0x27, 0x80, 0xad,
    0x0, 0x3, 0xff, 0x40, 0x7, 0x34, 0x80,

    /* U+7D2B "紫" */
    0x0, 0xe5, 0x80, 0xd, 0x26, 0x1, 0xfc, 0x20,
    0xd, 0x60, 0x8, 0x59, 0x80, 0x10, 0x90, 0x6,
    0xf7, 0x0, 0xb, 0x34, 0x1, 0x92, 0xbb, 0x4,
    0x3, 0xf5, 0xdc, 0x0, 0xaf, 0xb0, 0x9e, 0x10,
    0xf, 0x87, 0x76, 0x0, 0x1e, 0x7d, 0x31, 0x18,
    0x7, 0xc2, 0x48, 0xe6, 0x14, 0x60, 0x12, 0xe0,
    0xb, 0xc, 0x63, 0x86, 0xcd, 0x98, 0xcf, 0xfe,
    0x85, 0x2, 0x81, 0x5b, 0xad, 0xe4, 0x23, 0xfb,
    0xaa, 0xd7, 0x40, 0x7d, 0xca, 0x75, 0x7f, 0x4d,
    0x21, 0x3b, 0x65, 0x52, 0x0, 0x70, 0xbf, 0xd2,
    0xda, 0x6f, 0xc3, 0x18, 0x7, 0xec, 0x80, 0x17,
    0x98, 0x24, 0xdb, 0x60, 0xf, 0xdf, 0xdf, 0x40,
    0x5, 0xdb, 0x27, 0x9b, 0x0, 0xf8, 0xdb, 0xad,
    0xeb, 0xd1, 0xe3, 0x4d, 0x3c, 0x40, 0x35, 0x74,
    0x8, 0x25, 0x52, 0x70, 0x81, 0x18, 0x30, 0x40,
    0x2e, 0x6a, 0xbe, 0xff, 0x30, 0xdd, 0x6c, 0xcb,
    0x4d, 0xc0, 0x24, 0x90, 0xb9, 0x0, 0xe2, 0x9e,
    0x62, 0xe6, 0x0, 0x86, 0xa8, 0xf0, 0x1, 0xc5,
    0xaf, 0x36, 0x40, 0x14, 0x72, 0x5c, 0xa, 0x20,
    0x80, 0x34, 0x63, 0x6a, 0x0, 0x2e, 0x39, 0x0,
    0xee, 0xcb, 0x20, 0x18, 0xf6, 0x10, 0x0, 0x6e,
    0x1, 0x17, 0xfb, 0x9c, 0x3, 0xce, 0x0,

    /* U+7EA2 "红" */
    0x0, 0xe6, 0x0, 0xff, 0xe3, 0x3c, 0xa0, 0x7,
    0xff, 0x16, 0x4d, 0x1, 0x2e, 0xf7, 0x6d, 0xdd,
    0x20, 0x19, 0xc7, 0xc0, 0x2, 0xef, 0x28, 0x93,
    0xbc, 0x60, 0x10, 0xc2, 0x98, 0x12, 0xe6, 0x5e,
    0xf, 0x99, 0x50, 0x5, 0x63, 0x60, 0xfa, 0x40,
    0x1f, 0xfc, 0x5, 0x55, 0x82, 0xc2, 0x10, 0x7,
    0xfc, 0x34, 0x15, 0xd4, 0x14, 0x1, 0xff, 0xc0,
    0x13, 0x8b, 0x40, 0xb1, 0x0, 0xff, 0xe0, 0xe3,
    0x8a, 0x42, 0x0, 0x7f, 0xf0, 0xce, 0x99, 0xc0,
    0x3f, 0xf8, 0x69, 0x80, 0xb, 0xdf, 0x10, 0xf,
    0xfe, 0x5, 0x80, 0x10, 0x56, 0x84, 0x3, 0xff,
    0x81, 0x39, 0xfb, 0x50, 0xa0, 0x1f, 0xfc, 0x16,
    0x30, 0xc, 0x40, 0x1f, 0xfc, 0x22, 0x59, 0xcf,
    0xd0, 0xf, 0xfe, 0xf, 0xed, 0x33, 0xba, 0xed,
    0xff, 0x70, 0x3f, 0xfe, 0x40, 0x79, 0xdf, 0xb8,
    0x4e, 0x77, 0xff, 0x30,

    /* U+7EA6 "约" */
    0x0, 0xc6, 0xe0, 0x1d, 0xe, 0x1, 0xfe, 0x99,
    0x0, 0x73, 0xf0, 0x7, 0xf1, 0x2c, 0x80, 0x64,
    0xd, 0x0, 0xfe, 0x81, 0x70, 0xd, 0xe0, 0xc4,
    0x58, 0xc4, 0x0, 0x6b, 0x60, 0x46, 0x4, 0x81,
    0xbb, 0xd9, 0x0, 0xe, 0x45, 0xe, 0xd0, 0xb0,
    0xab, 0xbe, 0x1, 0x9, 0x2e, 0x5d, 0x3d, 0x36,
    0x75, 0x44, 0xe1, 0x2, 0x60, 0xaa, 0x13, 0x1a,
    0x94, 0x80, 0x78, 0x7c, 0xab, 0xbc, 0xcd, 0x20,
    0xdb, 0x1a, 0x40, 0x1f, 0x28, 0xc9, 0x68, 0x6,
    0x81, 0xc2, 0x0, 0xc2, 0x0, 0x76, 0xd3, 0x47,
    0x10, 0x1d, 0x3c, 0x10, 0x10, 0x30, 0xa8, 0xc,
    0xdb, 0xb1, 0x80, 0x7, 0x3, 0x40, 0xc0, 0x41,
    0x41, 0xeb, 0x7f, 0x8, 0x2, 0x1d, 0x90, 0x10,
    0x70, 0xff, 0x42, 0x90, 0x7, 0xc6, 0xa0, 0xc0,
    0x20, 0x18, 0x91, 0xe9, 0x80, 0x3e, 0x20, 0x22,
    0x56, 0x7e, 0xdd, 0x1, 0x0, 0x7d, 0xa2, 0x6,
    0xcb, 0x39, 0xfb, 0x48, 0x1, 0x23, 0x2b, 0x2a,
    0x0, 0xe4, 0xb1, 0x80, 0x7e, 0x9a, 0x93, 0xb0,
    0xf, 0xfe, 0xa, 0x7f, 0xd8, 0x20,

    /* U+7EB8 "纸" */
    0x0, 0xcc, 0xc0, 0xf, 0xe2, 0x74, 0x0, 0xf4,
    0x60, 0x4, 0x28, 0xd3, 0x9f, 0xb1, 0xe0, 0x1c,
    0xa3, 0x20, 0x9, 0xeb, 0x85, 0x30, 0xcf, 0xb0,
    0xe, 0x85, 0x30, 0x7, 0x87, 0xf6, 0x38, 0x18,
    0x7, 0x98, 0xa0, 0xc, 0x3, 0xde, 0x1, 0xfa,
    0x1c, 0x83, 0x60, 0x3, 0xff, 0x83, 0x41, 0x69,
    0x81, 0x20, 0x1c, 0x20, 0x1e, 0x35, 0x1c, 0xb3,
    0xb1, 0x0, 0xf8, 0x40, 0x31, 0xbe, 0x71, 0x2a,
    0x80, 0x2f, 0xfa, 0x43, 0xbf, 0xd2, 0x0, 0x83,
    0xb0, 0xb0, 0xd, 0x55, 0x30, 0x3d, 0x54, 0x1,
    0x42, 0xf9, 0xa2, 0x80, 0x15, 0x6b, 0xc, 0x55,
    0x18, 0x2, 0xdc, 0x37, 0x55, 0x80, 0x1c, 0x40,
    0x40, 0x18, 0x50, 0x1e, 0xbb, 0x92, 0x1, 0xe2,
    0xe0, 0xc, 0x3d, 0xf0, 0xa2, 0x1, 0xf9, 0x8c,
    0x0, 0x20, 0x1, 0x0, 0x1b, 0x54, 0x80, 0x7b,
    0x10, 0xb, 0x80, 0x67, 0x3f, 0x20, 0x30, 0x0,
    0x2d, 0x4e, 0xa0, 0xa2, 0x1, 0x22, 0xd6, 0xf5,
    0x2c, 0x7, 0x48, 0x19, 0x25, 0xc1, 0x80, 0xec,
    0xa9, 0x0, 0x42, 0x2a, 0xfa, 0x40, 0xa2, 0x58,
    0x0, 0xfe, 0xee, 0x28, 0x6, 0x1c, 0xe4, 0x0,

    /* U+7EBF "线" */
    0x0, 0xc2, 0x1, 0xe6, 0x20, 0xf, 0xe5, 0xe2,
    0x0, 0xc3, 0x2e, 0xb8, 0x80, 0x1e, 0xe2, 0x20,
    0x7, 0x8d, 0x52, 0xe8, 0x3, 0x1a, 0x58, 0x7,
    0x8, 0x5, 0x19, 0xe0, 0x1a, 0x9, 0x80, 0x3e,
    0xc6, 0x88, 0x94, 0x0, 0x69, 0x20, 0xf8, 0x35,
    0x9e, 0xb, 0x2a, 0x2a, 0xe0, 0xe, 0x44, 0xc,
    0xa8, 0x89, 0x60, 0x17, 0xf6, 0xa0, 0x82, 0xc9,
    0xf7, 0x82, 0x2, 0xe5, 0xcc, 0x3, 0x84, 0x1c,
    0x15, 0x82, 0xc4, 0x3, 0x3a, 0x2c, 0x5f, 0x78,
    0x67, 0xc2, 0xac, 0x4, 0xf5, 0xa8, 0x34, 0xa3,
    0x34, 0x1, 0x51, 0xd0, 0x1, 0x21, 0x90, 0x83,
    0xf6, 0x94, 0x2, 0x94, 0xa7, 0xab, 0x6f, 0xc9,
    0x90, 0x10, 0x3, 0xe4, 0x29, 0x82, 0x28, 0x34,
    0x3, 0x28, 0x20, 0x59, 0x78, 0x6a, 0x5f, 0x6d,
    0x30, 0x6, 0x12, 0xdb, 0x4b, 0x20, 0x7b, 0x41,
    0x0, 0x20, 0x7, 0xa, 0x23, 0x10, 0x3, 0x1b,
    0xe7, 0xd8, 0x4, 0x32, 0x61, 0x6, 0x8, 0xf,
    0xd9, 0x2d, 0x5e, 0x5, 0x3c, 0xd0, 0x74, 0x0,
    0x86, 0x16, 0xce, 0xa5, 0xb, 0xd6, 0x7e, 0x7f,
    0x2d, 0x83, 0x46, 0x83, 0x0, 0xdd, 0x3f, 0x2,
    0x7, 0x60, 0xec, 0x40,

    /* U+7EC6 "细" */
    0x0, 0xc9, 0x22, 0x1, 0xff, 0xc4, 0x87, 0x10,
    0x6c, 0xcf, 0xe5, 0x0, 0x90, 0xe0, 0x1, 0xc6,
    0xee, 0x23, 0x17, 0x71, 0x90, 0x5, 0x4, 0xc0,
    0x10, 0xdd, 0xb4, 0x3e, 0xec, 0x1, 0x98, 0xf8,
    0x0, 0x20, 0x1f, 0xfc, 0x1, 0x86, 0x30, 0x8f,
    0x10, 0xf, 0xfb, 0x47, 0x56, 0x9e, 0x44, 0x3,
    0xfc, 0xa6, 0x17, 0x4a, 0x6e, 0x1, 0xff, 0x2c,
    0x67, 0x21, 0x68, 0x0, 0x5d, 0xd0, 0x10, 0xee,
    0x0, 0x9c, 0xe1, 0x38, 0x40, 0x28, 0x82, 0x2,
    0xc4, 0x0, 0x34, 0x36, 0x18, 0x98, 0xf, 0xfb,
    0x3, 0x7f, 0xc0, 0x17, 0x38, 0x77, 0xf6, 0x0,
    0x7f, 0xc4, 0x20, 0xb5, 0x4d, 0xf0, 0xf, 0xf8,
    0xbb, 0xe9, 0xd4, 0x80, 0x3f, 0xf8, 0x22, 0x1,
    0xa, 0x38, 0x7, 0xfc, 0x2d, 0x17, 0xdc, 0xb9,
    0x1, 0xaa, 0x70, 0x75, 0x50, 0x0, 0xb2, 0xc0,
    0xd5, 0xdc, 0x0, 0x33, 0x4, 0xc1, 0x98, 0x0,
    0x4e, 0xe5, 0xc2, 0x88, 0x0, 0x73, 0x3e, 0x0,
    0x0,

    /* U+7ECF "经" */
    0x0, 0xff, 0xe6, 0x4c, 0x80, 0x3f, 0xf8, 0xa2,
    0xc0, 0x14, 0x7f, 0xfe, 0x70, 0xe, 0x60, 0xb0,
    0x5, 0xcc, 0xf8, 0x0, 0x60, 0x1d, 0x2c, 0x40,
    0x3, 0x66, 0xe0, 0x3, 0x20, 0x6, 0x80, 0x80,
    0x54, 0x0, 0xe7, 0x94, 0x90, 0xc, 0x4f, 0x2,
    0x2a, 0xf0, 0xd, 0x30, 0x56, 0x1, 0x87, 0x0,
    0xdf, 0x82, 0x80, 0x9, 0xac, 0x5, 0x44, 0x1,
    0x10, 0x85, 0x40, 0x50, 0xa5, 0xd8, 0x2f, 0xe1,
    0x36, 0x88, 0xe, 0xb7, 0x42, 0xaa, 0x9b, 0x58,
    0xd4, 0x7, 0xe8, 0x5d, 0x10, 0x52, 0xe3, 0xa0,
    0xb9, 0xe7, 0x0, 0xe7, 0xea, 0x10, 0x5, 0x97,
    0x8a, 0x9, 0x55, 0x7e, 0xb7, 0x1, 0xe4, 0x1c,
    0xeb, 0x41, 0x1c, 0xaa, 0x11, 0xc0, 0x1, 0x10,
    0x2c, 0xdf, 0xba, 0xdd, 0xd0, 0x17, 0x78, 0x80,
    0x1b, 0xf4, 0xe8, 0x1, 0xff, 0xc3, 0x20, 0x0,
    0xac, 0xa8, 0x7, 0xff, 0x0, 0x5a, 0xb7, 0xa9,
    0x40, 0x3f, 0xf8, 0x52, 0xcb, 0x7f, 0x81, 0x11,
    0xc1, 0x31, 0x18, 0x45, 0xd9, 0x8, 0x0, 0xf7,
    0x7c, 0x0, 0x67, 0x7c, 0x60,

    /* U+7ED3 "结" */
    0x0, 0xcc, 0x60, 0x1e, 0x1d, 0x50, 0xf, 0xd3,
    0x0, 0x1f, 0x11, 0x0, 0x3e, 0x70, 0x80, 0x0,
    0x91, 0x60, 0xe2, 0x2c, 0x1, 0x4a, 0x18, 0x2,
    0xb7, 0x6c, 0x6, 0xdd, 0xc0, 0x7, 0x18, 0x4,
    0x28, 0xaa, 0xa4, 0xe, 0xab, 0x0, 0xc3, 0x18,
    0x56, 0x1a, 0xac, 0xe1, 0x6a, 0xb8, 0x3c, 0x3a,
    0x3c, 0x74, 0x3, 0xfe, 0x31, 0xa, 0x70, 0x73,
    0x2c, 0xcc, 0x11, 0x99, 0x39, 0xdf, 0xe0, 0x9c,
    0x0, 0x1d, 0xe6, 0x44, 0x3b, 0xc0, 0x4, 0xd,
    0xd, 0x0, 0x15, 0xdf, 0xf3, 0x80, 0x28, 0xf4,
    0x4d, 0x40, 0x47, 0xf0, 0x5, 0x8a, 0x1b, 0xf9,
    0x43, 0x9d, 0xdf, 0x60, 0x0, 0xc0, 0xde, 0x73,
    0xc4, 0x12, 0xef, 0x8c, 0x2, 0xcf, 0xc9, 0x63,
    0x0, 0x85, 0x13, 0x9c, 0x2, 0x30, 0xe, 0x30,
    0xf, 0xfe, 0x9, 0xb5, 0x6f, 0xe1, 0x80, 0x7f,
    0x8f, 0xf2, 0x51, 0xa3, 0xc, 0x15, 0xdf, 0x90,
    0x0, 0x4d, 0x5b, 0xd6, 0xe6, 0x1, 0x4c, 0xf0,
    0x4, 0x32, 0xa4, 0x1, 0xd9, 0xfd, 0xdd, 0xf8,
    0x0,

    /* U+7ED9 "给" */
    0x0, 0xca, 0xc0, 0x1e, 0x3a, 0x20, 0xf, 0xe9,
    0xb0, 0xf, 0x42, 0xb8, 0x7, 0xe3, 0x35, 0x80,
    0x70, 0xa0, 0x40, 0x7, 0xe9, 0x16, 0x0, 0xeb,
    0xc, 0x28, 0x0, 0xf1, 0xac, 0x2, 0x18, 0x1,
    0x55, 0x7, 0x2e, 0xc0, 0x1d, 0x4, 0xc1, 0x3c,
    0x7, 0x48, 0xe0, 0xcc, 0x95, 0x0, 0x9d, 0x2d,
    0x30, 0xb9, 0x30, 0x3c, 0xce, 0xd1, 0xa7, 0x0,
    0x40, 0x4d, 0x9b, 0xba, 0xcc, 0x6f, 0x32, 0xb5,
    0x48, 0x20, 0x9b, 0xd3, 0x28, 0x49, 0xcf, 0xdd,
    0xea, 0xbd, 0x20, 0x64, 0xa3, 0xe0, 0x3, 0x0,
    0x91, 0x70, 0x81, 0x0, 0x4a, 0xf2, 0x60, 0x20,
    0xac, 0xdf, 0x18, 0x4, 0x94, 0x1f, 0x9f, 0x41,
    0x33, 0xfa, 0xc0, 0x2b, 0x1, 0x3b, 0xb5, 0x0,
    0x17, 0xff, 0x80, 0x3b, 0x3b, 0x94, 0xe8, 0x20,
    0x1f, 0xfc, 0x13, 0x10, 0x0, 0xa3, 0x80, 0x7f,
    0xf0, 0x4d, 0xeb, 0xb9, 0x78, 0x1, 0xff, 0xc1,
    0xf8, 0x19, 0xcf, 0xb0, 0x35, 0xff, 0xe0, 0xe,
    0xdf, 0xb7, 0x30, 0x8, 0x82, 0x67, 0x80, 0x38,
    0x40, 0x3e, 0x15, 0x66, 0xe0, 0xf, 0xfe, 0xe,
    0x50, 0x7, 0x7c, 0x0, 0x0,

    /* U+7EDC "络" */
    0x0, 0xff, 0xe5, 0xc2, 0x0, 0x61, 0xf5, 0x0,
    0xfe, 0x27, 0xc0, 0xd, 0x22, 0xa0, 0x1f, 0xd6,
    0x12, 0x1, 0x13, 0x8f, 0xff, 0x80, 0x21, 0x67,
    0x10, 0xa, 0x42, 0x26, 0x70, 0x18, 0x5, 0x3,
    0x0, 0xa1, 0x8, 0x2, 0xcd, 0x70, 0x70, 0x0,
    0xda, 0x1, 0x2b, 0x5d, 0xd1, 0x26, 0xc, 0xf2,
    0x40, 0x3a, 0x26, 0xf6, 0x7e, 0xd0, 0xe9, 0xb5,
    0x2e, 0xc0, 0x4, 0x11, 0x54, 0x7, 0x14, 0x80,
    0x24, 0x54, 0xa0, 0x2, 0x59, 0xdb, 0x8, 0x20,
    0x9, 0xf0, 0x4, 0xac, 0xc0, 0x26, 0x3a, 0x47,
    0x3, 0x9e, 0x84, 0xee, 0x5b, 0x66, 0x18, 0x1,
    0x41, 0x29, 0xa, 0xc9, 0xb4, 0x20, 0x9b, 0x41,
    0xe3, 0xe8, 0x3b, 0x6a, 0x9e, 0xdb, 0xff, 0xd4,
    0x92, 0x1, 0x3d, 0xf6, 0x90, 0xa, 0x4c, 0xf0,
    0x88, 0x7, 0x7e, 0x10, 0x40, 0x31, 0x33, 0x70,
    0x6, 0x20, 0x0, 0xad, 0x30, 0x7, 0xff, 0x1,
    0x23, 0x7a, 0x98, 0x80, 0x3f, 0xe4, 0xb7, 0x75,
    0x76, 0x20, 0x1, 0xbf, 0xf8, 0x4c, 0x12, 0xfe,
    0x94, 0x40, 0x3a, 0x67, 0x80, 0xc0, 0x8, 0x1,
    0xf6, 0xfb, 0x37, 0x7c, 0x80,

    /* U+7EE7 "继" */
    0x0, 0xd2, 0x60, 0x2, 0x10, 0x8, 0xa4, 0x3,
    0xe4, 0x67, 0x0, 0x63, 0x12, 0x0, 0xb0, 0x1,
    0x44, 0x2, 0xf2, 0x40, 0xc, 0xd2, 0x1, 0x86,
    0x8c, 0x0, 0x49, 0x60, 0x1c, 0x86, 0x60, 0x9,
    0x8c, 0x80, 0x16, 0x4c, 0xa, 0x1, 0x92, 0xc0,
    0x2a, 0x90, 0x1, 0x34, 0x2, 0x52, 0x0, 0x5d,
    0xc0, 0x0, 0xa2, 0x80, 0x39, 0x10, 0x74, 0x88,
    0x0, 0x20, 0x9d, 0x3, 0xe2, 0xa1, 0x99, 0x3b,
    0x6, 0x40, 0x29, 0xaa, 0x30, 0x4d, 0x52, 0xd,
    0xee, 0xc1, 0x4, 0x1, 0x6f, 0xf8, 0x0, 0xbf,
    0xec, 0x8, 0x48, 0x47, 0x0, 0xf3, 0x80, 0x11,
    0xc0, 0x34, 0x95, 0x1, 0x0, 0x61, 0x88, 0x6,
    0xc2, 0x0, 0x29, 0x8b, 0x7f, 0x4c, 0x2, 0xa5,
    0x40, 0x39, 0xa2, 0x15, 0x0, 0x25, 0x69, 0x80,
    0x21, 0x6c, 0x2, 0x62, 0x51, 0xbf, 0xc8, 0x52,
    0x0, 0xba, 0x84, 0x3, 0x6b, 0x82, 0x0, 0x44,
    0xa4, 0x0, 0x64, 0x0, 0xe1, 0x0, 0x2c, 0x5f,
    0xec, 0x30, 0x7, 0x13, 0x80, 0x61, 0xa4, 0x3a,
    0xed, 0x40, 0x8f, 0xfb, 0x9f, 0xfe, 0xc1, 0xfc,
    0x85, 0x10, 0x5, 0xcc, 0xff, 0x80,

    /* U+7EED "续" */
    0x0, 0xce, 0x80, 0x1e, 0x7b, 0x0, 0xff, 0x46,
    0x0, 0x7b, 0x94, 0x3, 0xf9, 0xc2, 0x40, 0x7,
    0xff, 0x30, 0xff, 0xd6, 0x1, 0xd2, 0xc2, 0x0,
    0x2a, 0xa8, 0x42, 0xaa, 0xf0, 0xc, 0xc1, 0x0,
    0xa0, 0x2a, 0xb3, 0x8a, 0xac, 0x80, 0x1a, 0x24,
    0x56, 0x93, 0x77, 0x30, 0xee, 0xdf, 0x20, 0xa,
    0x35, 0x4b, 0x54, 0xba, 0xaa, 0x21, 0x55, 0x7,
    0x81, 0xa9, 0x6d, 0x8d, 0x83, 0x2f, 0x33, 0xd9,
    0x39, 0x83, 0x81, 0xbe, 0x60, 0x24, 0x40, 0x6,
    0x6f, 0x33, 0x83, 0x50, 0x40, 0x10, 0x7e, 0x8c,
    0x0, 0xa9, 0xa8, 0x70, 0xa, 0x6c, 0x3, 0x41,
    0x4a, 0x40, 0x42, 0x6b, 0xa8, 0x18, 0x7, 0xa5,
    0xc7, 0x6d, 0x0, 0xb2, 0x84, 0x80, 0x40, 0x3c,
    0xc0, 0xf7, 0xf8, 0xbf, 0xe8, 0xfc, 0xb, 0xff,
    0xb8, 0x1, 0x9f, 0x8, 0x4, 0x97, 0x78, 0x1,
    0x77, 0xa8, 0x0, 0x60, 0x2f, 0x9a, 0x68, 0x91,
    0x85, 0xf1, 0x22, 0x40, 0x6, 0xce, 0x95, 0xc2,
    0x0, 0x34, 0x32, 0x64, 0xd0, 0x4, 0x32, 0xf5,
    0xd2, 0x60, 0x35, 0x2d, 0x20, 0xda, 0x9a, 0x40,
    0x3d, 0x6a, 0x1, 0x37, 0x25, 0x48, 0x4, 0x5e,
    0x38, 0x0, 0x10, 0xe, 0x79, 0xe5, 0x0, 0xe1,
    0xdb, 0x0,

    /* U+7EFC "综" */
    0x0, 0xce, 0x60, 0x1e, 0x98, 0x0, 0xfe, 0x18,
    0x40, 0xf, 0xb, 0x90, 0x7, 0xe6, 0x6, 0x0,
    0x22, 0xad, 0xe1, 0xea, 0xb2, 0x0, 0x69, 0x61,
    0x0, 0x55, 0x68, 0x2, 0xaa, 0xa4, 0x2, 0x61,
    0x80, 0x40, 0x3, 0xff, 0xfc, 0xa0, 0x1a, 0x1c,
    0x45, 0x6e, 0x1, 0xff, 0xc1, 0x91, 0xd6, 0xc2,
    0x7e, 0xcf, 0xff, 0xa3, 0x40, 0x98, 0x2e, 0x4b,
    0x80, 0xb, 0x33, 0xf1, 0x0, 0xa, 0xbf, 0xc2,
    0xe6, 0x0, 0x16, 0x6f, 0x80, 0x32, 0x85, 0x9c,
    0x0, 0xa2, 0x7f, 0xc0, 0x13, 0xaf, 0x1b, 0x2d,
    0xdf, 0xfa, 0x80, 0x15, 0x1, 0x98, 0xb5, 0xff,
    0xd4, 0x1b, 0xff, 0x70, 0x1, 0x42, 0x73, 0xf4,
    0x41, 0x60, 0x4, 0x0, 0x32, 0x20, 0x17, 0x7b,
    0x18, 0x4, 0x36, 0x40, 0x18, 0x53, 0x40, 0x21,
    0x0, 0x23, 0xda, 0x50, 0x58, 0x7, 0x49, 0xb8,
    0x2, 0x77, 0xee, 0xc7, 0x9, 0x42, 0x1, 0xc8,
    0xb0, 0x20, 0x4b, 0x7f, 0x90, 0x92, 0x84, 0x98,
    0x1, 0xad, 0x80, 0x17, 0x8, 0x1, 0x43, 0x3,
    0x5b, 0xa1, 0x0, 0x6, 0x44, 0x3, 0xfc, 0x9f,
    0xeb, 0x0, 0xf0,

    /* U+7EFF "绿" */
    0x0, 0xd2, 0x40, 0x1f, 0xfc, 0x55, 0x66, 0x0,
    0x1b, 0xff, 0xf4, 0x0, 0x74, 0x92, 0x0, 0x1e,
    0xef, 0xe0, 0xf, 0x19, 0xac, 0x2, 0x14, 0x4f,
    0x83, 0xc0, 0x34, 0x13, 0x9, 0x80, 0x3b, 0xff,
    0xc0, 0x20, 0x11, 0xa4, 0x4, 0x60, 0x3, 0x73,
    0x3a, 0xc0, 0x3b, 0x89, 0x9d, 0xa4, 0x0, 0x67,
    0xe5, 0x3, 0x0, 0x29, 0x13, 0x20, 0x58, 0x37,
    0x7e, 0xe0, 0xad, 0x5, 0x7c, 0x80, 0xd0, 0x2,
    0xae, 0x32, 0x57, 0x7a, 0x80, 0x10, 0x50, 0xe6,
    0x0, 0xac, 0x88, 0x82, 0x22, 0xc7, 0x0, 0xb4,
    0xe0, 0x2, 0x5b, 0x50, 0xe, 0x7b, 0x60, 0x5,
    0x9a, 0xdf, 0x58, 0x3c, 0x52, 0x0, 0xe, 0x21,
    0x4c, 0x4, 0x80, 0xe1, 0x30, 0x0, 0x76, 0x7b,
    0xc, 0x6c, 0x50, 0x1, 0x46, 0xf5, 0xb9, 0x80,
    0x57, 0xe4, 0x0, 0x73, 0x0, 0xce, 0x40, 0x1,
    0x40, 0x3, 0x68, 0x40, 0x5b, 0x40, 0x7, 0x1c,
    0x6f, 0x49, 0x64, 0xbe, 0x8, 0x24, 0xbd, 0x8,
    0x1f, 0x63, 0xba, 0xb5, 0xa, 0xe0, 0x3, 0x35,
    0xa6, 0x1, 0x25, 0x7d, 0x28, 0x37, 0xa1, 0x2f,
    0x80, 0x49, 0xfe, 0x1, 0xa5, 0x0, 0xe1, 0x1,
    0xa7, 0x70, 0x4, 0x24, 0x0,

    /* U+7F13 "缓" */
    0x0, 0xd0, 0xc0, 0x1e, 0x12, 0x46, 0x89, 0x0,
    0xe1, 0x7f, 0x4, 0xcd, 0xef, 0xed, 0xbb, 0x18,
    0x10, 0x6, 0x60, 0xb0, 0x5a, 0x5a, 0xc5, 0xcf,
    0xde, 0x32, 0x0, 0xd2, 0xa4, 0x2, 0xc, 0x86,
    0xc8, 0x0, 0x81, 0x0, 0xce, 0x36, 0x8, 0xc,
    0x2a, 0xb, 0x80, 0xc5, 0x20, 0x10, 0xc3, 0x89,
    0x5c, 0xb1, 0xeb, 0x9, 0xbc, 0x92, 0x28, 0x3,
    0x46, 0xd3, 0xa, 0xac, 0x5e, 0x55, 0x54, 0x0,
    0xbf, 0x2, 0x31, 0xcb, 0x1e, 0x3d, 0xd1, 0x36,
    0xed, 0xfb, 0xaa, 0x2, 0x59, 0xa0, 0x63, 0x55,
    0x89, 0x15, 0x7e, 0x0, 0x53, 0x71, 0xc8, 0x5d,
    0xa8, 0xa, 0xef, 0xe0, 0xa, 0x57, 0x40, 0xbf,
    0xac, 0x37, 0xbb, 0xe0, 0x5, 0xb0, 0x67, 0xea,
    0x7, 0x6, 0xff, 0xf4, 0x0, 0x48, 0xb, 0x57,
    0xca, 0xa, 0xd, 0x99, 0x50, 0x60, 0x5, 0xbf,
    0x6e, 0x82, 0x4, 0x4, 0xc2, 0x66, 0xe3, 0x40,
    0x8, 0x80, 0x4, 0xf8, 0xb0, 0x3a, 0x78, 0x70,
    0x9c, 0x1, 0x92, 0x7b, 0x69, 0xd, 0x60, 0x30,
    0xf1, 0xe8, 0x80, 0x22, 0xb7, 0x6c, 0xdb, 0x94,
    0x61, 0x73, 0x0, 0x5b, 0x90, 0x0, 0xaf, 0xa0,
    0xc7, 0xe, 0x73, 0xa6, 0x5f, 0xc9, 0x1b, 0xa2,
    0x4, 0x0, 0x86, 0xf0, 0xaa, 0xf9, 0xc0, 0x6b,
    0xea, 0xc8,

    /* U+7F18 "缘" */
    0x0, 0xc4, 0x20, 0x10, 0xc0, 0x80, 0x7f, 0xf0,
    0x26, 0x80, 0x27, 0x79, 0x12, 0x73, 0x0, 0xf1,
    0x27, 0x80, 0x58, 0x15, 0x11, 0xc0, 0x1e, 0x83,
    0x40, 0x9, 0x1f, 0x33, 0x19, 0x80, 0x38, 0x97,
    0xc1, 0x40, 0xc5, 0xff, 0xf1, 0xe8, 0x7, 0x4a,
    0x9b, 0x50, 0x9e, 0x6e, 0xeb, 0x7, 0x0, 0xcc,
    0xb6, 0x53, 0x4, 0x8e, 0xcd, 0xb8, 0x19, 0x10,
    0x5, 0x23, 0xda, 0xf, 0xd7, 0x7e, 0x50, 0xbb,
    0x80, 0x86, 0x60, 0x30, 0x37, 0xfd, 0x64, 0x4d,
    0xff, 0xe0, 0x7, 0x35, 0x39, 0x80, 0x17, 0x2c,
    0x90, 0x80, 0x9, 0x86, 0x1, 0x48, 0xc0, 0x9e,
    0x52, 0xf6, 0xb3, 0x6, 0xad, 0x4c, 0x1, 0xc,
    0xcc, 0xe8, 0xde, 0x90, 0x80, 0x9e, 0x53, 0x90,
    0x9, 0xc1, 0xd2, 0xec, 0x27, 0x3c, 0x1c, 0xd,
    0x42, 0x1, 0xa7, 0x75, 0x8, 0xb, 0xab, 0x94,
    0x40, 0x88, 0x21, 0x0, 0x98, 0x80, 0x5f, 0x57,
    0x30, 0x6d, 0x80, 0x1, 0x36, 0x0, 0xcb, 0x7d,
    0x54, 0x3, 0x2c, 0x8a, 0x80, 0x5, 0x48, 0x0,
    0xba, 0x82, 0xf5, 0xd2, 0xb5, 0xfd, 0x79, 0x81,
    0xc2, 0x80, 0x9b, 0x6d, 0x0, 0x1a, 0x37, 0x44,
    0xad, 0x80, 0x36, 0x40, 0x8, 0x20, 0xd, 0x36,
    0x87, 0x94, 0xae, 0x0, 0x58, 0x0, 0xff, 0x8b,
    0xfd, 0x40, 0x1e,

    /* U+7F29 "缩" */
    0x0, 0xca, 0xe0, 0x1e, 0xc4, 0x0, 0xff, 0x4e,
    0x0, 0x79, 0xa4, 0x3, 0xf8, 0xcd, 0x0, 0xff,
    0xf9, 0x4b, 0xff, 0x88, 0x2, 0x93, 0x30, 0x5,
    0x55, 0xf9, 0x80, 0x31, 0x2f, 0x82, 0x0, 0xa2,
    0x15, 0x7d, 0xe0, 0x1a, 0x50, 0xd6, 0xce, 0xaf,
    0x51, 0x3c, 0x56, 0x40, 0xc9, 0x5, 0x4c, 0x88,
    0x5a, 0xa5, 0xdf, 0xa4, 0x1, 0x21, 0x9a, 0x10,
    0xa, 0xf, 0xdf, 0x81, 0x9f, 0xed, 0x0, 0x4d,
    0x58, 0x48, 0x85, 0x0, 0x80, 0xd8, 0x10, 0x88,
    0x2, 0x65, 0xe3, 0x60, 0x50, 0x10, 0xce, 0x70,
    0xee, 0x9c, 0x2, 0x65, 0xe0, 0x3b, 0x2, 0x0,
    0x36, 0xee, 0x10, 0x9, 0x24, 0x7b, 0xfc, 0x6e,
    0x1, 0x9, 0x16, 0x0, 0xd6, 0x6, 0x97, 0x9b,
    0xe0, 0x12, 0x27, 0x8, 0x5, 0x9d, 0xb0, 0x80,
    0x1c, 0x47, 0x77, 0x80, 0x31, 0x88, 0xb, 0xe9,
    0x0, 0x44, 0xff, 0xf8, 0x40, 0x32, 0xdf, 0x42,
    0x18, 0x7, 0xff, 0x7, 0x69, 0xe7, 0xe4, 0x40,
    0x33, 0x2a, 0xe1, 0x0, 0xa3, 0x71, 0x80, 0x3c,
    0x22, 0x88, 0xc0, 0x19, 0x48, 0x3, 0x9f, 0x43,
    0x3f, 0x77, 0x7b, 0x80,

    /* U+7F50 "罐" */
    0x0, 0x2c, 0x0, 0x7d, 0x62, 0x0, 0x4a, 0x0,
    0xee, 0x20, 0xc, 0x66, 0x44, 0x8c, 0xda, 0xa6,
    0x62, 0x0, 0x23, 0x36, 0x5c, 0xc5, 0x85, 0x66,
    0x18, 0x33, 0x10, 0x8, 0x3, 0x32, 0xa2, 0xff,
    0x8b, 0xbf, 0xd4, 0x7f, 0xea, 0xf, 0x4d, 0x1a,
    0xc7, 0x2e, 0xe1, 0xf9, 0xcd, 0x97, 0x50, 0x12,
    0x78, 0x7, 0x8, 0xb3, 0x0, 0x3, 0x5c, 0xb6,
    0x2, 0xd4, 0x0, 0xf8, 0x88, 0x1, 0x89, 0x80,
    0x27, 0x55, 0xf, 0x2a, 0x9c, 0x33, 0x2, 0x0,
    0x5c, 0xe0, 0xa, 0xaa, 0x4, 0xaa, 0xd, 0x3b,
    0x53, 0x32, 0xe6, 0x20, 0x0, 0xff, 0x86, 0xbf,
    0xca, 0x88, 0xc7, 0x63, 0x97, 0x72, 0x80, 0xe,
    0x0, 0x35, 0x87, 0x4, 0xee, 0x1, 0xee, 0xbc,
    0x0, 0xc8, 0x1, 0x92, 0x40, 0xff, 0xe2, 0x5f,
    0xf7, 0x0, 0x7f, 0x32, 0x1f, 0x74, 0x4b, 0xdc,
    0x50, 0xf, 0xed, 0x33, 0x77, 0x42, 0xbd, 0xc5,
    0x0, 0xf8, 0x40, 0xc0, 0xf7, 0x61, 0x5d, 0xd2,
    0x0, 0x8, 0xec, 0x6b, 0x80, 0x22, 0xff, 0x80,
    0xff, 0xc8, 0x0, 0x34, 0x39, 0xbc, 0x0, 0x8a,
    0xee, 0x3, 0xbb, 0x4b, 0x82, 0x5c, 0x32, 0x1f,
    0x88, 0x0, 0x46, 0x67, 0x11, 0xc0, 0x1f, 0xe4,
    0x88, 0xa6, 0x23, 0x30,

    /* U+7F51 "网" */
    0x7, 0x7f, 0xfe, 0x1f, 0x18, 0xc4, 0x7f, 0xf0,
    0xc6, 0xc0, 0x11, 0xff, 0xff, 0xc1, 0x0, 0xfe,
    0x84, 0x0, 0x86, 0x4, 0x3, 0xc2, 0x1, 0x39,
    0x8, 0x1, 0x5c, 0x3, 0xea, 0xa0, 0x18, 0x2f,
    0xb8, 0x10, 0x88, 0x3, 0xd0, 0xae, 0x80, 0x71,
    0x3, 0xc5, 0x0, 0xf8, 0xe6, 0x29, 0x1, 0x97,
    0x97, 0x0, 0x3f, 0x32, 0x16, 0x0, 0x2c, 0x81,
    0x40, 0x3f, 0xb8, 0x30, 0x0, 0x26, 0xc, 0x1,
    0xfd, 0xc0, 0x88, 0x0, 0x10, 0x48, 0x7, 0xe2,
    0x4a, 0x49, 0x6, 0x1b, 0x27, 0x0, 0xfa, 0x49,
    0x64, 0xa, 0x15, 0x1e, 0x40, 0x3c, 0xc9, 0x20,
    0x5b, 0x3, 0x61, 0x2c, 0x1, 0xdd, 0x2c, 0x80,
    0x7, 0x59, 0x10, 0x18, 0x0, 0xee, 0xc9, 0x0,
    0x9a, 0x58, 0x3, 0xfc, 0x60, 0x18, 0x58, 0x0,
    0x6e, 0xe8, 0xf, 0x0, 0xff, 0xe0, 0xc, 0x41,
    0x91, 0x80,

    /* U+7F6E "置" */
    0x0, 0xff, 0xe3, 0xe7, 0xff, 0xff, 0xa, 0xc0,
    0x23, 0xff, 0x70, 0x57, 0xfa, 0x43, 0xfe, 0x50,
    0xc, 0x24, 0x50, 0x19, 0x10, 0x40, 0x8a, 0x0,
    0xce, 0x5b, 0xac, 0x9, 0xdd, 0x40, 0x6e, 0xca,
    0x1, 0x5f, 0xff, 0x81, 0xff, 0xfd, 0x61, 0xbf,
    0xff, 0x3, 0xff, 0xfc, 0x7d, 0x99, 0xe6, 0xa,
    0xcc, 0xf8, 0xce, 0x2b, 0xbc, 0xc1, 0xb7, 0x7c,
    0x46, 0x1, 0x13, 0x8f, 0xfa, 0x21, 0xff, 0x89,
    0xcc, 0x3, 0xde, 0x89, 0xf8, 0x80, 0x3f, 0x4c,
    0x47, 0xe7, 0x0, 0xfd, 0x53, 0x3f, 0xa0, 0x3,
    0xf5, 0x77, 0x7e, 0x80, 0xf, 0xd7, 0x99, 0xfa,
    0x40, 0x3f, 0x5e, 0xef, 0xe9, 0x0, 0xfd, 0x9b,
    0xbf, 0xa8, 0x3, 0x6f, 0xe0, 0x67, 0xff, 0xea,
    0xd, 0xfe,

    /* U+7F8A "羊" */
    0x0, 0xc7, 0x64, 0x1, 0xe2, 0xd5, 0x0, 0xf8,
    0xd7, 0x80, 0x3d, 0x44, 0xe0, 0x1f, 0xac, 0xd4,
    0x3, 0xb, 0xb1, 0x0, 0x73, 0xbc, 0x41, 0x8e,
    0xfb, 0x80, 0x5d, 0xcc, 0x1, 0x44, 0x60, 0x68,
    0x8c, 0x0, 0x78, 0x85, 0x80, 0x5f, 0xff, 0xa,
    0xff, 0xfb, 0x40, 0x3f, 0xfa, 0x22, 0x1, 0xff,
    0xc0, 0xff, 0xf0, 0x2f, 0xff, 0x50, 0x7, 0x4c,
    0xf8, 0x1, 0x33, 0xdc, 0x1, 0xcc, 0xde, 0x15,
    0x66, 0xe4, 0x0, 0xff, 0xe5, 0x3b, 0xfe, 0x15,
    0x77, 0xf9, 0x82, 0x23, 0xf0, 0x2, 0x23, 0xea,
    0xf, 0xff, 0xc2, 0xbf, 0xff, 0x60, 0x7, 0xff,
    0xfc, 0x0,

    /* U+7F8E "美" */
    0x0, 0xc2, 0xe2, 0x1, 0xe2, 0x71, 0x0, 0xfe,
    0x9a, 0x0, 0xf4, 0xc8, 0x3, 0xf8, 0x6d, 0x18,
    0x3, 0x2a, 0x58, 0x80, 0x7b, 0x32, 0x90, 0xac,
    0xcd, 0x41, 0x39, 0x90, 0x6, 0x55, 0xcc, 0xaa,
    0x33, 0x2b, 0x31, 0x57, 0x0, 0x69, 0x9f, 0x89,
    0x26, 0x7e, 0x0, 0xc3, 0xff, 0xe2, 0x4f, 0xff,
    0x10, 0x6, 0x1b, 0xbf, 0x0, 0x2e, 0xfc, 0x40,
    0x1c, 0x89, 0xe2, 0x44, 0xf8, 0x3, 0x77, 0xff,
    0xc4, 0x9f, 0xff, 0x80, 0x15, 0x5f, 0x80, 0xaa,
    0xbf, 0x0, 0x11, 0xdf, 0xc0, 0x5, 0x77, 0xfc,
    0x0, 0x2d, 0xdf, 0x50, 0x3e, 0xef, 0xd8, 0x0,
    0x2c, 0xcf, 0x0, 0x45, 0x99, 0xed, 0x0, 0x8c,
    0xfa, 0xc2, 0x68, 0xac, 0xcf, 0xc0, 0x1e, 0x1a,
    0x75, 0x65, 0x87, 0xb2, 0x0, 0xf8, 0x56, 0xb9,
    0x5e, 0x80, 0xf, 0x4b, 0xb6, 0xc4, 0x1, 0x67,
    0x52, 0x3e, 0xc0, 0x6, 0x5e, 0x86, 0x9d, 0xd0,
    0x3, 0xe7, 0x7a, 0x8, 0x3, 0xe7, 0xdd, 0x57,
    0x0,

    /* U+7FAF "羯" */
    0x0, 0x38, 0x80, 0x21, 0x40, 0x3f, 0xf8, 0x32,
    0xc0, 0x7, 0xd0, 0xef, 0xff, 0xc4, 0x0, 0x7a,
    0x4, 0xa, 0x0, 0x3e, 0xef, 0x48, 0x4, 0x38,
    0xe5, 0x4, 0x1, 0x12, 0x27, 0x78, 0x5, 0x94,
    0xba, 0x65, 0xa4, 0xd, 0x99, 0xc4, 0x1, 0x7e,
    0x58, 0x2e, 0x60, 0x82, 0xea, 0xbb, 0xc0, 0x22,
    0x34, 0xc, 0x33, 0x0, 0x39, 0x13, 0x8c, 0x3,
    0xfe, 0x36, 0xaa, 0xe9, 0x10, 0x4, 0xff, 0x82,
    0x7f, 0x3, 0x2, 0xbb, 0xbc, 0x41, 0x1d, 0xa0,
    0xfd, 0xa1, 0xa1, 0x7f, 0xfe, 0xd0, 0x11, 0x18,
    0x68, 0x88, 0x8d, 0xae, 0xd1, 0x37, 0x62, 0x0,
    0x19, 0x90, 0x34, 0xcb, 0xce, 0x51, 0x14, 0x8,
    0x87, 0x11, 0x66, 0x28, 0x1f, 0x3e, 0xc6, 0x1,
    0x4b, 0x44, 0x5, 0xc7, 0x74, 0xc1, 0xba, 0xc6,
    0x10, 0x4a, 0xb3, 0xf3, 0x71, 0x2, 0x22, 0x20,
    0x88, 0x20, 0x17, 0x5a, 0x45, 0x80, 0x98, 0x1,
    0xca, 0x0, 0x39, 0xd6, 0xff, 0xd4, 0x85, 0xc0,
    0xf0, 0xe6, 0x1, 0xb7, 0x7b, 0x30, 0x20, 0x61,
    0x8f, 0x0, 0x1c, 0x24, 0x59, 0xb2, 0x51, 0x1,
    0x70, 0x1, 0xff, 0x2f, 0xfa, 0xc0,

    /* U+7FBD "羽" */
    0x7, 0xff, 0xf9, 0x1b, 0xff, 0xe8, 0x4, 0x77,
    0xe4, 0x0, 0x2b, 0xbf, 0x80, 0x23, 0x88, 0xf0,
    0x0, 0xe2, 0x3c, 0x1, 0x90, 0x80, 0x3e, 0x73,
    0x0, 0xfd, 0x18, 0x20, 0x1e, 0xcc, 0x18, 0x7,
    0xda, 0x18, 0x1, 0xeb, 0x3d, 0x20, 0xf, 0xe,
    0x95, 0x0, 0x7b, 0x43, 0x80, 0x3e, 0x3a, 0xe0,
    0xf, 0xe, 0xf8, 0x7, 0xe5, 0x40, 0x60, 0xe,
    0x33, 0x3, 0x0, 0x7c, 0x31, 0x40, 0x1e, 0x5d,
    0x90, 0xf, 0x3f, 0x33, 0x0, 0x32, 0x65, 0x3f,
    0x0, 0x67, 0xe8, 0x87, 0x50, 0x0, 0xf2, 0xc3,
    0x28, 0x40, 0x2d, 0x87, 0xe7, 0x0, 0xd4, 0x55,
    0x86, 0x1, 0xd1, 0xb2, 0x20, 0x1d, 0x3c, 0xa0,
    0x1f, 0x29, 0x0, 0x7f, 0xf2, 0x11, 0xdd, 0x20,
    0xe0, 0x12, 0xbb, 0xa0, 0x3c, 0x3, 0xc, 0x41,
    0x54, 0x60, 0x11, 0xc4, 0x1c, 0xd4, 0x3, 0x2f,
    0xfd, 0x40, 0x19, 0xbb, 0xfd, 0x84,

    /* U+8005 "者" */
    0x0, 0xfd, 0x8a, 0x1, 0xff, 0xc5, 0x32, 0x0,
    0xf5, 0xd0, 0x6, 0x44, 0xe0, 0xc4, 0x4c, 0x32,
    0x9c, 0x1, 0x15, 0xdf, 0x2, 0x5d, 0xee, 0x69,
    0x40, 0x8, 0xbf, 0xf7, 0x3, 0xff, 0xca, 0x10,
    0xc0, 0x1f, 0xc2, 0x1e, 0x0, 0xa5, 0xa7, 0x0,
    0xd1, 0x33, 0xe0, 0x8c, 0xf5, 0x1c, 0x99, 0xa0,
    0xd, 0x57, 0xc2, 0x6, 0x2, 0x4a, 0xb8, 0xc2,
    0xf3, 0x3b, 0xcc, 0x1f, 0xfb, 0x33, 0xac, 0x3,
    0x8a, 0xb0, 0x76, 0x0, 0x3f, 0xe3, 0xad, 0x50,
    0x3d, 0xff, 0xf4, 0x0, 0x5, 0xf7, 0x10, 0x6,
    0xab, 0xf0, 0x6, 0x1a, 0x1a, 0xe4, 0x25, 0x5f,
    0xc0, 0x1d, 0xb8, 0xa0, 0x3, 0xee, 0xfc, 0x1,
    0xff, 0x5d, 0xfe, 0x0, 0xff, 0x1a, 0xaf, 0xe0,
    0xf, 0xf1, 0xaa, 0xfe, 0x0, 0xff, 0xaa, 0xbf,
    0x0, 0x7f, 0x5f, 0xff, 0xfa, 0x0, 0x0,

    /* U+800C "而" */
    0x89, 0x9f, 0xfe, 0x28, 0x33, 0x7f, 0xf1, 0x83,
    0xbf, 0xfd, 0x61, 0x1f, 0xff, 0x80, 0x3f, 0x60,
    0x28, 0x7, 0xf9, 0x9b, 0xce, 0x8, 0xcd, 0xd4,
    0xe0, 0x14, 0x4c, 0xf0, 0x2, 0x67, 0xcb, 0x0,
    0x19, 0x7f, 0xd8, 0x17, 0xfe, 0x90, 0xef, 0xf3,
    0x80, 0x7f, 0xff, 0xc0, 0x3f, 0xff, 0xe0, 0x1f,
    0xfc, 0x53, 0x55, 0x18, 0x7, 0xe1, 0x10, 0x6,
    0x13, 0xaa, 0x23, 0x80, 0x7c, 0x5c, 0x80, 0x6,
    0xe1, 0xff, 0xa0, 0x0,

    /* U+804A "聊" */
    0x0, 0xff, 0x91, 0xc0, 0x3c, 0x9f, 0xfe, 0x90,
    0x2a, 0xbd, 0x10, 0xe, 0x55, 0x4, 0xc8, 0x1,
    0x57, 0xa3, 0x94, 0x7f, 0xf9, 0x46, 0x41, 0x9a,
    0x53, 0x73, 0xb1, 0x60, 0x4, 0xd0, 0x18, 0x7,
    0xf2, 0x82, 0x40, 0x1, 0xd4, 0x80, 0x37, 0xf9,
    0x80, 0x3f, 0xf8, 0x97, 0x62, 0x0, 0xff, 0xe2,
    0x22, 0x40, 0x1f, 0xfd, 0x76, 0x68, 0x3, 0xc6,
    0x1, 0xfd, 0x10, 0x0, 0xff, 0xe2, 0xf7, 0x18,
    0x3, 0x84, 0x40, 0x1f, 0xfc, 0x32, 0x68, 0x60,
    0xf, 0xf1, 0xb2, 0xb9, 0xa5, 0x86, 0x80, 0x15,
    0xc, 0xcb, 0xa1, 0xf8, 0x0, 0x23, 0xde, 0x5,
    0x0, 0x64, 0xaa, 0x33, 0xc5, 0xeb, 0x2a, 0xb0,
    0xa0, 0xc8, 0x1, 0x3b, 0x62, 0x72, 0xe8, 0x40,
    0x19, 0xd3, 0xc0, 0x3f, 0xf8, 0x73, 0x12, 0x60,
    0x1f, 0xfc, 0x21, 0x4b, 0x60, 0xf, 0xfe, 0xc,
    0xd0, 0xea, 0x0, 0x45, 0xe2, 0x1, 0x0,

    /* U+8054 "联" */
    0x0, 0xff, 0x8, 0x7, 0x10, 0x6, 0xac, 0xbb,
    0xd8, 0xc1, 0x94, 0x1, 0x16, 0xb8, 0x4, 0x66,
    0x41, 0x12, 0x18, 0x2, 0x55, 0x80, 0x12, 0x4e,
    0x1, 0x49, 0x3d, 0x51, 0x91, 0x81, 0x1a, 0x81,
    0x53, 0x80, 0x3f, 0xf8, 0x15, 0x6a, 0xf7, 0x41,
    0x16, 0x80, 0x19, 0xff, 0xcc, 0x0, 0xd3, 0x41,
    0x44, 0x39, 0x99, 0x80, 0x31, 0x5d, 0x88, 0x0,
    0xf1, 0x9, 0xf, 0x88, 0x88, 0x3, 0x2a, 0x24,
    0x1, 0xff, 0xd8, 0x77, 0x98, 0xd, 0xde, 0x80,
    0xe7, 0x7c, 0x1, 0xd5, 0x40, 0x2, 0x44, 0x48,
    0xb, 0x11, 0x84, 0x2, 0x7d, 0xd3, 0x3, 0xff,
    0xce, 0x13, 0xff, 0x84, 0x3, 0xff, 0x80, 0x81,
    0x40, 0x1f, 0xe1, 0x44, 0x49, 0x81, 0x1a, 0x19,
    0x80, 0x3a, 0x9, 0xff, 0x88, 0x14, 0x1, 0x61,
    0x47, 0xe0, 0x1c, 0xc4, 0xb1, 0x68, 0x8c, 0x34,
    0x68, 0x1f, 0x38, 0x0, 0xdd, 0xb4, 0xe8, 0x40,
    0x3, 0xb3, 0x70, 0x38, 0x77, 0x0, 0x7f, 0x97,
    0xb, 0x40, 0x27, 0x68, 0xc0, 0xf, 0xec, 0x4c,
    0x10, 0xd, 0x32, 0x50, 0xf, 0xa6, 0xe6, 0xc4,
    0x3, 0xcd, 0x20,

    /* U+805A "聚" */
    0xe, 0xff, 0xfd, 0x26, 0x7f, 0x0, 0x58, 0xe1,
    0xbb, 0x81, 0xeb, 0x33, 0xe3, 0x0, 0x16, 0x84,
    0xce, 0xd, 0x3c, 0xef, 0xf8, 0xc8, 0xc0, 0x3a,
    0x67, 0x0, 0x7, 0x71, 0x81, 0xcf, 0x80, 0x3d,
    0xdd, 0x80, 0x3, 0xd5, 0x3f, 0x12, 0x60, 0x1e,
    0xff, 0xc0, 0x19, 0x8c, 0x1, 0xa4, 0x1, 0xe,
    0x83, 0x25, 0xc8, 0x55, 0xcf, 0xe, 0x61, 0xb5,
    0x40, 0xf9, 0xc3, 0xb4, 0x30, 0x1c, 0xd2, 0x74,
    0xcd, 0xac, 0xc0, 0x3e, 0xff, 0x5d, 0x43, 0x4e,
    0x5c, 0xc, 0xde, 0xbc, 0x98, 0x0, 0x5f, 0x76,
    0xef, 0x9b, 0xc8, 0xc0, 0xc9, 0x60, 0xe, 0x6a,
    0xb8, 0xac, 0xd3, 0x36, 0xdc, 0xba, 0x4c, 0x0,
    0x61, 0x77, 0x6, 0xea, 0x84, 0xcc, 0x0, 0x5d,
    0x6e, 0x0, 0x9e, 0xb7, 0xa0, 0x2a, 0x18, 0x36,
    0x76, 0xeb, 0x98, 0x2, 0x30, 0xbd, 0xd4, 0x83,
    0xb8, 0xdd, 0x8b, 0xdc, 0x3, 0x92, 0x98, 0x1f,
    0x6f, 0x44, 0x26, 0x87, 0xdc, 0x40, 0x32, 0x46,
    0xea, 0x57, 0x69, 0x80, 0xb, 0xed, 0x3d, 0x90,
    0x41, 0xec, 0x97, 0xd0, 0x40, 0x1c, 0x31, 0xd4,
    0xc8, 0x41, 0x7d, 0x28, 0x1, 0xff, 0x2d, 0x60,
    0x0,

    /* U+8096 "肖" */
    0x0, 0xfa, 0x58, 0x3, 0xe1, 0xc5, 0x0, 0xcf,
    0xe0, 0x19, 0xb8, 0xc5, 0xa8, 0x80, 0x3f, 0xc,
    0x11, 0x85, 0xf, 0x0, 0x7e, 0xa1, 0xe0, 0xa,
    0xcd, 0x40, 0x3c, 0xe9, 0x24, 0x1, 0x2b, 0xb8,
    0x3, 0xc3, 0xc, 0x1, 0x47, 0xbe, 0xff, 0x85,
    0xbf, 0xd3, 0x1f, 0x0, 0x1a, 0xab, 0xfc, 0x1,
    0xe5, 0x5f, 0xf0, 0x7, 0xbf, 0xff, 0xc0, 0x1e,
    0xaa, 0xff, 0x0, 0x79, 0x57, 0xfc, 0x1, 0xe4,
    0x4f, 0xf0, 0x7, 0xae, 0xff, 0xc0, 0x1e, 0xee,
    0xff, 0x0, 0x78, 0x47, 0xfc, 0x1, 0xff, 0xd0,
    0x46, 0x63, 0x87, 0x80, 0x7f, 0x86, 0x65, 0x6,
    0xc0,

    /* U+8111 "脑" */
    0x0, 0x10, 0x8c, 0x40, 0x18, 0xe8, 0x3, 0xe4,
    0xde, 0xeb, 0x48, 0x2, 0x15, 0x70, 0xf, 0xdb,
    0xab, 0x0, 0xe2, 0x59, 0x0, 0xfc, 0x44, 0x60,
    0x4b, 0xbc, 0x83, 0x97, 0x75, 0x0, 0x7f, 0xf0,
    0x15, 0x1c, 0x3, 0xe6, 0x55, 0x2, 0x5d, 0xfb,
    0x4e, 0xed, 0x40, 0x14, 0xd4, 0x0, 0x2d, 0xa4,
    0xc0, 0x16, 0x3, 0xa8, 0x1, 0x7f, 0xb4, 0x0,
    0xbc, 0x3a, 0x24, 0x4a, 0x2, 0x10, 0xf, 0xf4,
    0x2e, 0xd9, 0x10, 0x3, 0xff, 0x85, 0x46, 0xd4,
    0x1, 0xf7, 0xfb, 0x40, 0x38, 0x48, 0x8, 0x3,
    0x84, 0x2a, 0x90, 0x1, 0xc4, 0x40, 0xb1, 0x0,
    0xc4, 0x2a, 0xb0, 0x7, 0x71, 0x70, 0x40, 0x6,
    0xf3, 0x0, 0xfa, 0x8f, 0x86, 0x18, 0xc0, 0x21,
    0x60, 0xf, 0x9a, 0x4c, 0x1b, 0x4c, 0x2, 0x53,
    0x0, 0xfb, 0x18, 0x2, 0x20, 0xc, 0x7c, 0x1,
    0xe7, 0xff, 0xf7, 0x0, 0x14, 0x10, 0x1a, 0x80,
    0xe2, 0x3f, 0x38, 0x1, 0x14, 0x83, 0xd5, 0xc5,
    0x9d, 0xfe, 0x90, 0x0, 0xd0, 0x2, 0x76, 0x0,
    0x3f, 0x87, 0xd4,

    /* U+81EA "自" */
    0x0, 0xf6, 0x38, 0x7, 0xff, 0x0, 0xcc, 0x20,
    0x1f, 0x84, 0x75, 0x3, 0x88, 0xf8, 0x2f, 0xbb,
    0x30, 0x77, 0x7c, 0x20, 0x53, 0x3f, 0xe4, 0x0,
    0x85, 0x9b, 0xfc, 0x60, 0x1f, 0xfc, 0x63, 0x77,
    0xff, 0x80, 0x34, 0x47, 0xf8, 0x3, 0x1f, 0xff,
    0xf9, 0xc0, 0x3f, 0xf8, 0xc6, 0x89, 0xff, 0x0,
    0x6b, 0xbf, 0xf1, 0x80, 0x45, 0xbb, 0xfe, 0x50,
    0x8, 0x48, 0xbf, 0xe0, 0xf, 0xfe, 0x31, 0xff,
    0xff, 0x9c, 0x3, 0x44, 0x7f, 0x80, 0x2a, 0xe7,
    0x7f, 0xf7, 0xf8, 0x40,

    /* U+8272 "色" */
    0x0, 0xf1, 0x59, 0x0, 0x7f, 0xf1, 0x79, 0xc,
    0x47, 0x0, 0x7f, 0xf0, 0x1c, 0xc3, 0xbb, 0xc2,
    0x1, 0xfc, 0xd0, 0x77, 0x79, 0x81, 0xc4, 0x3,
    0xf3, 0x4a, 0xe2, 0x24, 0xcc, 0x49, 0x0, 0xfc,
    0xf2, 0x1a, 0xcd, 0x46, 0x86, 0x33, 0x62, 0x0,
    0xae, 0x0, 0x11, 0x33, 0x38, 0x2, 0x26, 0x72,
    0x80, 0x68, 0x62, 0xff, 0xce, 0x1f, 0xfb, 0x80,
    0x3a, 0xdc, 0x3, 0xff, 0xba, 0x45, 0xe0, 0x22,
    0xe0, 0xf, 0xed, 0xdc, 0xa1, 0xbb, 0xb0, 0x3,
    0xfa, 0xef, 0xfd, 0x40, 0x1f, 0x89, 0x13, 0xfc,
    0xba, 0xc0, 0x1f, 0xfc, 0x62, 0xf, 0x50, 0x8,
    0x4c, 0x3, 0xff, 0x80, 0x80, 0x20, 0x16, 0x8d,
    0x33, 0x7f, 0x9e, 0xc5, 0x0, 0x25, 0x87, 0x99,
    0xff, 0x41, 0x68, 0x0,

    /* U+8282 "节" */
    0x0, 0xec, 0x50, 0xe, 0xc5, 0x0, 0xfe, 0x13,
    0x20, 0xc, 0x26, 0x40, 0x1c, 0xd1, 0x18, 0x22,
    0x3c, 0x11, 0x1c, 0x3a, 0xef, 0x30, 0x1, 0xdf,
    0x30, 0x1, 0xdf, 0x1d, 0xff, 0xdc, 0x11, 0xff,
    0xb8, 0x23, 0xff, 0x10, 0x7, 0xff, 0x2c, 0x6d,
    0x80, 0x30, 0xdb, 0x0, 0x7a, 0xef, 0x7d, 0x5d,
    0xf7, 0xd7, 0xe8, 0x7, 0xf2, 0x20, 0x3, 0xe2,
    0x0, 0xd7, 0x7c, 0xa1, 0x77, 0xe9, 0x0, 0xff,
    0xff, 0x80, 0x7f, 0xf1, 0x22, 0x65, 0x40, 0x1f,
    0xfc, 0x33, 0x66, 0xc, 0x80, 0x7f, 0xf0, 0xaf,
    0xfd, 0xac, 0x1, 0xff, 0xdd,

    /* U+82B1 "花" */
    0x0, 0xec, 0x80, 0xc, 0xbc, 0x40, 0x1f, 0xe2,
    0x10, 0xe, 0x10, 0xf, 0x67, 0xfe, 0x16, 0xff,
    0xd4, 0x1b, 0xff, 0x58, 0x54, 0x46, 0x0, 0x44,
    0x62, 0x5, 0x88, 0xb4, 0x19, 0xdf, 0xb, 0x3b,
    0xe8, 0x8, 0x77, 0x98, 0x3, 0xd3, 0x60, 0x2,
    0x54, 0xa2, 0x0, 0xfe, 0x58, 0x40, 0x5, 0x50,
    0x54, 0x3, 0xf8, 0x6c, 0xd8, 0x3, 0xf3, 0x30,
    0x3, 0xb4, 0x78, 0x3, 0xe1, 0xa9, 0xa0, 0xd,
    0x26, 0x4, 0x1, 0xe7, 0xe5, 0x8c, 0x0, 0xa9,
    0x80, 0x40, 0x3d, 0xd0, 0xdc, 0xe0, 0x15, 0x2b,
    0xb0, 0x4, 0x2e, 0xe0, 0x7e, 0x91, 0x0, 0xd7,
    0x30, 0x1, 0x27, 0x48, 0x2, 0x44, 0x3, 0xc2,
    0xc0, 0x19, 0x67, 0x9c, 0x3, 0xc2, 0x40, 0x1f,
    0xb, 0x0, 0x7e, 0x2d, 0x30, 0xf, 0xfe, 0x23,
    0x81, 0x0, 0x7f, 0x70, 0x4b, 0xbe, 0x91, 0x10,
    0x7, 0xf3, 0xa3, 0x44, 0x63, 0xb0, 0xf, 0xf0,
    0xdf, 0xff, 0x72, 0x80,

    /* U+8349 "草" */
    0x0, 0xc5, 0x84, 0x1, 0x8f, 0x8, 0x3, 0x1a,
    0xae, 0x3a, 0x55, 0xd4, 0x74, 0xab, 0x27, 0xd5,
    0x50, 0xf, 0x55, 0x98, 0x1e, 0xaa, 0x9c, 0xff,
    0xb0, 0x2f, 0xff, 0x50, 0x67, 0xfd, 0xa0, 0x18,
    0x55, 0x80, 0x33, 0x28, 0x80, 0x7a, 0x3f, 0x57,
    0x7f, 0xf6, 0x2e, 0xfd, 0x0, 0x70, 0xee, 0xff,
    0x84, 0x3, 0xff, 0x98, 0x3b, 0xbf, 0xe1, 0x0,
    0xf0, 0xff, 0xff, 0x84, 0x3, 0xc2, 0x67, 0xfe,
    0x0, 0xfd, 0x99, 0xfe, 0x10, 0xe, 0x8f, 0xfe,
    0x16, 0xff, 0xea, 0x0, 0x8, 0xff, 0x18, 0x8f,
    0xee, 0xef, 0xc0, 0xbd, 0xdf, 0x65, 0xdf, 0xe0,
    0x2b, 0xbf, 0xb9, 0x13, 0xf0, 0xa2, 0x7e, 0x30,
    0xf, 0xfe, 0xc0,

    /* U+83B7 "获" */
    0x0, 0xf6, 0x20, 0x6, 0x5c, 0x0, 0xf8, 0x8c,
    0xfb, 0x4c, 0xf7, 0x9a, 0x19, 0xc4, 0x0, 0xec,
    0xcc, 0xd, 0x99, 0x94, 0x2f, 0x32, 0xf0, 0x6,
    0xef, 0x3, 0xee, 0xe6, 0xc, 0xdd, 0xbc, 0x0,
    0x24, 0x58, 0xf0, 0x8b, 0x6a, 0x19, 0x16, 0x0,
    0xb2, 0x80, 0xa, 0xc0, 0x1a, 0x71, 0x60, 0x3,
    0xdc, 0xfd, 0xae, 0x1, 0xc6, 0xc, 0xcc, 0x10,
    0xc, 0x4a, 0x25, 0xe4, 0x1, 0xe3, 0xf1, 0xa0,
    0x9, 0x31, 0xc8, 0x8, 0x88, 0x98, 0x71, 0x16,
    0xf8, 0xc0, 0x1e, 0xdb, 0xa1, 0xb8, 0xbb, 0xc0,
    0x97, 0x69, 0xae, 0x0, 0x5d, 0x10, 0xa, 0xde,
    0xed, 0x40, 0xd, 0xdd, 0x80, 0x18, 0x70, 0xc,
    0x48, 0xa3, 0x0, 0x88, 0xa1, 0x0, 0x93, 0xc1,
    0x80, 0x3a, 0x8c, 0xac, 0x3, 0xd7, 0x67, 0xc1,
    0x0, 0xc8, 0x73, 0x6c, 0x40, 0x1d, 0xb9, 0x20,
    0x26, 0x0, 0x1a, 0x35, 0x63, 0xe0, 0xe, 0x63,
    0x0, 0x13, 0x80, 0xe8, 0xf0, 0x3, 0x8e, 0xc4,
    0x3, 0x19, 0x99, 0x30, 0xf0, 0xb0, 0x80, 0x5,
    0x8b, 0xea, 0x1, 0x5e, 0x42, 0xb4, 0xb7, 0x98,
    0x6, 0x3c, 0x5d, 0x0, 0xa3, 0xfa, 0x82, 0xac,
    0x40, 0x3c, 0x57, 0x0,

    /* U+83DC "菜" */
    0x0, 0xf6, 0x28, 0x6, 0x5c, 0x0, 0xf9, 0x19,
    0xa7, 0x38, 0x66, 0xd0, 0x6e, 0xcd, 0x28, 0x3,
    0xe6, 0x68, 0x2, 0x99, 0xc4, 0x11, 0x33, 0x80,
    0x17, 0xff, 0x70, 0x47, 0xfe, 0x80, 0xef, 0xfb,
    0x0, 0x3c, 0x2c, 0x62, 0x46, 0xbc, 0x3b, 0xd6,
    0x1, 0xd7, 0x9b, 0xcd, 0x7d, 0xb9, 0x4e, 0x4d,
    0x3c, 0x1, 0xd8, 0x95, 0x32, 0xab, 0x9d, 0xfe,
    0xca, 0x7d, 0x20, 0xc, 0xe4, 0x6e, 0xca, 0x32,
    0x20, 0x19, 0xdc, 0xc0, 0x1e, 0xa1, 0x0, 0x28,
    0xc8, 0x4, 0x32, 0xa8, 0x1, 0xd6, 0x30, 0x1,
    0x30, 0x80, 0x50, 0x16, 0x1, 0xe1, 0x9c, 0x0,
    0xfc, 0x74, 0x20, 0x18, 0xd1, 0x4, 0x28, 0x93,
    0x22, 0x6e, 0x4, 0x48, 0x1, 0xf7, 0x7f, 0x8,
    0x5d, 0xfd, 0x40, 0xc, 0xee, 0xe7, 0x0, 0xcb,
    0xdd, 0xde, 0x1, 0x8, 0xc1, 0x4f, 0xa, 0x38,
    0xba, 0x62, 0x38, 0x3, 0x9b, 0xd6, 0x9c, 0x0,
    0x78, 0x3b, 0x0, 0x1c, 0x2f, 0xd2, 0xbe, 0xa0,
    0x18, 0xf5, 0x9f, 0xa0, 0xc0, 0x1f, 0x7, 0x56,
    0x20, 0x1f, 0x4d, 0x93, 0xf0, 0x3, 0x6f, 0x54,
    0x3, 0xfc, 0x99, 0x8f, 0x0,

    /* U+843D "落" */
    0x0, 0xe2, 0xc2, 0x0, 0xc9, 0x82, 0x1, 0xe4,
    0x66, 0xa0, 0xed, 0x9b, 0x79, 0xcb, 0x34, 0xa0,
    0xf, 0x99, 0x94, 0x1a, 0x67, 0x20, 0x3c, 0xce,
    0x0, 0x5f, 0xfd, 0x81, 0x9f, 0xfa, 0x83, 0x7f,
    0xec, 0x0, 0x85, 0x40, 0x54, 0x40, 0x1b, 0xc,
    0xa6, 0x1, 0xf4, 0xd5, 0x85, 0x10, 0x49, 0x73,
    0xf2, 0xa3, 0x8, 0x6, 0x8b, 0x5d, 0x30, 0x66,
    0x4, 0x55, 0x69, 0xb0, 0xe, 0x4f, 0x73, 0x59,
    0x6, 0xee, 0xc4, 0x36, 0x1, 0x21, 0x0, 0xc4,
    0x29, 0xed, 0xf0, 0x89, 0xa5, 0x82, 0x1, 0x46,
    0xd0, 0x87, 0x4c, 0x26, 0x6, 0xe8, 0x7c, 0x80,
    0x36, 0x52, 0x60, 0x33, 0x0, 0x68, 0x80, 0x5,
    0x22, 0x1, 0xcb, 0xfc, 0x2, 0xd7, 0xcd, 0x3f,
    0xcc, 0xfd, 0x6c, 0x20, 0x10, 0x99, 0xaa, 0x55,
    0xa9, 0xc, 0xae, 0xca, 0xd0, 0x1, 0xd1, 0xb5,
    0xe0, 0xd7, 0x99, 0xad, 0x6b, 0x84, 0x2, 0x37,
    0x91, 0x0, 0x3f, 0xff, 0x80, 0x3c, 0x3a, 0x6e,
    0x1, 0xff, 0xc4, 0xa1, 0xe0, 0xc, 0x67, 0xf0,
    0x7, 0x42, 0x49, 0x0, 0x64, 0xcc, 0xf0, 0x7,
    0x53, 0xb0, 0x7, 0x3f, 0xff, 0x80, 0x30,

    /* U+84C4 "蓄" */
    0x0, 0xc5, 0x44, 0x1, 0x8e, 0x84, 0x3, 0x91,
    0x56, 0xb5, 0x85, 0x5d, 0xb, 0x2a, 0xb8, 0x3e,
    0xaa, 0x60, 0x5a, 0xac, 0x80, 0xf5, 0x58, 0x2f,
    0xfe, 0xc0, 0xbf, 0x9d, 0xfa, 0xd, 0xff, 0xc0,
    0x1, 0x1d, 0x2c, 0x31, 0x82, 0xd2, 0x62, 0x30,
    0x1, 0xbb, 0xad, 0x9d, 0xe1, 0x17, 0x64, 0xf7,
    0x70, 0x3e, 0x65, 0x6a, 0x5, 0x59, 0x95, 0xe6,
    0x6d, 0x1, 0x30, 0xab, 0x69, 0xe1, 0x58, 0xd8,
    0x23, 0x3c, 0x1, 0x6b, 0x1, 0x5e, 0x5c, 0xa5,
    0xfe, 0x98, 0x7, 0xbb, 0x94, 0x86, 0x68, 0xcd,
    0x60, 0x6, 0x28, 0x6, 0x8f, 0xea, 0x51, 0x38,
    0xcd, 0xd7, 0x0, 0x29, 0x80, 0x2c, 0x6a, 0xa5,
    0xe6, 0xf7, 0x5f, 0x9b, 0xd1, 0x80, 0x12, 0xb5,
    0x52, 0xf3, 0x7b, 0xbe, 0x88, 0x0, 0x74, 0x7f,
    0xe3, 0x37, 0xfe, 0x80, 0xf, 0xa2, 0xef, 0x19,
    0xae, 0xf4, 0x0, 0x7c, 0x91, 0x18, 0x1, 0x11,
    0x90, 0x3, 0xec, 0x33, 0xff, 0x60, 0x7, 0xd1,
    0xff, 0x8c, 0xdf, 0xfa, 0x0, 0x3e, 0x8f, 0xff,
    0xf4, 0x0, 0x60,

    /* U+84DD "蓝" */
    0x0, 0xe2, 0xc3, 0x0, 0xec, 0x30, 0xf, 0x22,
    0xad, 0x67, 0x4a, 0xb9, 0x8e, 0x55, 0x70, 0x2,
    0x6a, 0xa6, 0x6, 0xaa, 0xd2, 0xb, 0x55, 0x58,
    0x3, 0x7f, 0xec, 0xb, 0xff, 0xdc, 0x15, 0xff,
    0x70, 0x7, 0x8e, 0x80, 0x31, 0xce, 0x28, 0x7,
    0xc9, 0x40, 0xf, 0x90, 0xa, 0x98, 0xc0, 0x3f,
    0x12, 0x80, 0x7c, 0xc3, 0xff, 0xc4, 0x1, 0xff,
    0x38, 0x44, 0xc5, 0x54, 0x40, 0x1f, 0xe1, 0x85,
    0x7f, 0x94, 0x55, 0x0, 0x7f, 0xd6, 0x36, 0x12,
    0x74, 0x1, 0xe3, 0x10, 0xe, 0xad, 0x10, 0x7,
    0x22, 0x0, 0x39, 0x78, 0x1, 0xd0, 0x0, 0x30,
    0x8, 0xe9, 0x0, 0x3d, 0xbf, 0xeb, 0xaf, 0xff,
    0xab, 0xc0, 0x3e, 0x5b, 0xb1, 0x9a, 0xec, 0xe1,
    0x76, 0x60, 0xf, 0xc4, 0x88, 0x67, 0x44, 0x70,
    0xa2, 0x38, 0x3, 0xff, 0x9a, 0xee, 0x27, 0x79,
    0x51, 0xdd, 0x62, 0xee, 0x90, 0x77, 0x0, 0xc4,
    0x0, 0x11, 0x0, 0x4, 0x40, 0x82, 0x20, 0x21,
    0x10, 0x20,

    /* U+8584 "薄" */
    0x0, 0xe2, 0xc2, 0x0, 0xcb, 0x80, 0x1f, 0x33,
    0xbd, 0x27, 0x2e, 0xfa, 0xce, 0x1d, 0xf0, 0x3,
    0x2e, 0xe4, 0x4, 0xbb, 0xc2, 0xb, 0x77, 0x80,
    0x15, 0x99, 0x83, 0x33, 0x6a, 0x86, 0x35, 0xe6,
    0x0, 0x3, 0xd8, 0x66, 0xf3, 0x0, 0x9d, 0x7c,
    0x7a, 0xb0, 0x2, 0x1a, 0x1c, 0x8d, 0xff, 0xd2,
    0x1f, 0xeb, 0x23, 0xb0, 0x9, 0x35, 0xfb, 0x7f,
    0xf4, 0x87, 0xff, 0x58, 0x7, 0x43, 0x7, 0xfe,
    0x90, 0xff, 0xe0, 0xb, 0x2c, 0xc0, 0x35, 0x7f,
    0xa4, 0x3f, 0xe9, 0x0, 0xd0, 0xd9, 0x20, 0x15,
    0x6e, 0xa4, 0x37, 0x69, 0x0, 0xc9, 0xb0, 0x1,
    0xab, 0x75, 0x21, 0xbb, 0x48, 0x7, 0x9e, 0x40,
    0x2a, 0xee, 0x48, 0x77, 0x52, 0x1, 0xf1, 0x0,
    0x55, 0xdc, 0xa0, 0xef, 0xd9, 0x0, 0xf1, 0xe9,
    0xa5, 0xa, 0x20, 0x6d, 0x37, 0xa, 0xd0, 0x3,
    0x7a, 0x1d, 0xd5, 0xdf, 0x8c, 0x2e, 0xe1, 0x0,
    0x39, 0xc8, 0x7f, 0x8c, 0xd9, 0xff, 0x40, 0xff,
    0xc2, 0x7, 0x10, 0x20, 0xb, 0x2f, 0x44, 0x8f,
    0x80, 0x3c, 0xea, 0xe0, 0x1c, 0xfc, 0x31, 0x8c,
    0xe0, 0x1c, 0x94, 0x1, 0xfd, 0x5f, 0xe9, 0x0,
    0xc0,

    /* U+85B0 "薰" */
    0x0, 0xff, 0xe5, 0x17, 0xa8, 0x6, 0x8f, 0x0,
    0xea, 0xdd, 0xc1, 0x5b, 0xb9, 0xc3, 0x77, 0x47,
    0x44, 0x60, 0x58, 0x8c, 0x41, 0x11, 0xad, 0x15,
    0x48, 0xb3, 0x27, 0x61, 0x15, 0x36, 0xe3, 0x29,
    0x81, 0xf7, 0xfa, 0xfb, 0x99, 0x7d, 0xc1, 0xff,
    0x0, 0x4a, 0xa8, 0x85, 0xdd, 0x40, 0x39, 0xfc,
    0x20, 0xac, 0x66, 0xee, 0xf8, 0x7, 0xbb, 0xe6,
    0x64, 0x11, 0x9f, 0x0, 0xc, 0xf8, 0xa1, 0x40,
    0x9, 0x92, 0x55, 0x40, 0x5a, 0xe1, 0xa3, 0x40,
    0xe, 0x12, 0x47, 0x11, 0x10, 0xf1, 0x8, 0x7,
    0xc2, 0x17, 0xc0, 0x22, 0x27, 0x90, 0xf, 0x96,
    0xf2, 0x93, 0x1, 0xb8, 0x37, 0x11, 0x40, 0x26,
    0xcb, 0xbe, 0x0, 0x5d, 0xf6, 0x28, 0x7, 0xff,
    0x1e, 0x73, 0x77, 0xc0, 0xd, 0xdf, 0x7b, 0xe6,
    0x0, 0xf3, 0x43, 0x26, 0x7, 0x30, 0x4d, 0x98,
    0x35, 0x52, 0xb, 0x2a, 0x89, 0x89, 0x9, 0xac,
    0x69, 0x10, 0xf8, 0xf0, 0x4, 0x38, 0xa, 0x92,
    0x7, 0x8f, 0x86, 0xb5, 0x20, 0x15, 0x50, 0x1,
    0x3c, 0x0, 0x1b, 0x92,

    /* U+85CF "藏" */
    0x0, 0xe1, 0xb5, 0x0, 0xcb, 0x60, 0x1f, 0x22,
    0xac, 0xe9, 0x2a, 0xba, 0x11, 0x57, 0x20, 0x2,
    0x2a, 0xa9, 0x3, 0xaa, 0xc4, 0x15, 0x5a, 0x0,
    0x19, 0xff, 0x70, 0x47, 0xfe, 0x70, 0xec, 0x5d,
    0xc0, 0xf, 0xd, 0x28, 0x6, 0xa0, 0x83, 0x36,
    0x8, 0x0, 0xf0, 0x23, 0xeb, 0x7f, 0xf6, 0x83,
    0x7b, 0xf, 0x0, 0x1c, 0x80, 0x2a, 0xaf, 0x80,
    0x15, 0x58, 0x3, 0xc6, 0xa6, 0x7e, 0x55, 0x9c,
    0x54, 0x2, 0x17, 0x70, 0x14, 0xe5, 0x4e, 0x79,
    0x88, 0x54, 0x80, 0x75, 0x0, 0x6a, 0xe1, 0xa9,
    0xe7, 0x4, 0x40, 0x4, 0xb3, 0xae, 0x1, 0x7e,
    0x8f, 0xf0, 0x90, 0x9e, 0x0, 0x6, 0x72, 0x1c,
    0x2, 0xff, 0xb0, 0x54, 0x58, 0x14, 0x0, 0x68,
    0xa8, 0xe, 0x0, 0x33, 0x94, 0x8, 0x21, 0x80,
    0x22, 0xd0, 0xc5, 0x10, 0x7, 0xee, 0x52, 0x8,
    0x2, 0xc0, 0x3e, 0x62, 0x0, 0x66, 0x7, 0x2c,
    0x2, 0x20, 0xc, 0x42, 0x5, 0xc0, 0xc, 0xc0,
    0xe6, 0x40, 0x1a, 0xcc, 0x11, 0x48, 0x54, 0x1,
    0x15, 0x70, 0x27, 0x0, 0xa0, 0xc0, 0x9, 0xc5,
    0x13, 0x34, 0x22, 0x5a, 0x4e, 0xf5, 0xb9, 0x18,
    0xa3, 0x94, 0x80, 0xb8, 0x5, 0x8f, 0x1, 0x9,
    0xe, 0x3, 0x40, 0xae, 0x1, 0xe5, 0x80, 0xa,
    0xbe, 0x0,

    /* U+864E "虎" */
    0x0, 0xfe, 0xb9, 0x0, 0xff, 0xe2, 0xab, 0x19,
    0xf8, 0x40, 0x3f, 0xc2, 0x19, 0x9e, 0x90, 0xf,
    0xf0, 0xa7, 0xff, 0xa0, 0x2, 0x4f, 0xba, 0xac,
    0x29, 0x55, 0xef, 0x60, 0x1, 0x0, 0x7f, 0xf0,
    0x58, 0x4, 0x3, 0x55, 0x70, 0xad, 0x52, 0xe6,
    0xec, 0xa, 0x1, 0xc8, 0xd1, 0x22, 0xbd, 0xfd,
    0x8c, 0x4c, 0x40, 0x1d, 0x34, 0x40, 0x15, 0x6f,
    0x7b, 0xa8, 0x90, 0x6, 0x1d, 0xca, 0x92, 0x20,
    0x32, 0xa2, 0x15, 0xdc, 0x0, 0x10, 0xf, 0x40,
    0x5d, 0xf9, 0x14, 0x1, 0xe0, 0x18, 0x4d, 0xff,
    0x6f, 0xbf, 0xdd, 0x60, 0x10, 0x90, 0x5, 0x59,
    0xbb, 0x5d, 0x80, 0x3e, 0x26, 0x0, 0xc5, 0xbb,
    0x0, 0x7f, 0x21, 0x80, 0x4c, 0xe4, 0x51, 0x80,
    0x62, 0x10, 0x30, 0xc0, 0x2, 0x97, 0x80, 0x7e,
    0x5d, 0x9, 0x14, 0x29, 0xa4, 0x50, 0xc, 0xea,
    0xb5, 0xa8, 0x3b, 0x16, 0xb4, 0x58, 0x6, 0xa3,
    0xaa, 0x8a, 0x83, 0x64, 0xb3, 0xdc, 0x3, 0x9b,
    0xbf, 0xee, 0x30,

    /* U+86C7 "蛇" */
    0x0, 0xd4, 0xa0, 0x1e, 0x2b, 0x20, 0xf, 0xe4,
    0x20, 0xf, 0x12, 0xc0, 0x7, 0xff, 0x1a, 0x54,
    0x40, 0x38, 0x4c, 0x87, 0x88, 0x81, 0xbb, 0xa4,
    0x73, 0x76, 0x0, 0x4e, 0x68, 0x36, 0xe9, 0x9,
    0xaa, 0x93, 0x2a, 0xa3, 0x90, 0x4, 0x9c, 0x33,
    0xc2, 0x0, 0xc7, 0x7f, 0x68, 0x6, 0x11, 0x11,
    0x88, 0x1, 0x9, 0xc8, 0x3, 0x12, 0x0, 0x7f,
    0xad, 0x61, 0x0, 0x32, 0xd8, 0x7, 0xff, 0x15,
    0x24, 0x3, 0x31, 0x19, 0x10, 0x3, 0xe1, 0xab,
    0x21, 0x0, 0x8f, 0x42, 0x34, 0x40, 0x30, 0xc7,
    0x3d, 0x58, 0x80, 0x47, 0xa0, 0xfb, 0xa4, 0x0,
    0xa1, 0x67, 0x54, 0x3, 0x46, 0x10, 0xf0, 0xd8,
    0x6, 0x5d, 0x60, 0xf, 0xf8, 0x98, 0xc0, 0x2c,
    0x0, 0xff, 0xe0, 0x88, 0xa8, 0x3, 0xfb, 0x8,
    0x1a, 0x28, 0x67, 0xc5, 0x80, 0x3f, 0x9, 0x88,
    0x5a, 0x3, 0xd6, 0x60, 0xc, 0x1, 0x88, 0x9a,
    0x0, 0xc3, 0x72, 0xa1, 0x4c, 0xda, 0x61, 0x9,
    0x77, 0x9a, 0x0,

    /* U+874E "蝎" */
    0x0, 0x86, 0xc4, 0x3, 0xff, 0x88, 0x68, 0x60,
    0x17, 0x7f, 0xfe, 0x10, 0xf, 0xf3, 0xee, 0xf4,
    0x80, 0x42, 0x6c, 0xc, 0x40, 0x17, 0x80, 0x7f,
    0x46, 0x58, 0x5e, 0xa0, 0x2, 0x37, 0x7a, 0x40,
    0x32, 0xe8, 0x70, 0x80, 0x53, 0xff, 0xd4, 0x1,
    0xc6, 0x2, 0x1, 0xbd, 0x13, 0x88, 0x3, 0xfe,
    0x36, 0xaa, 0xe9, 0x10, 0xf, 0xf7, 0x6, 0xf7,
    0x78, 0x40, 0x3f, 0xb0, 0x3f, 0x33, 0xbe, 0x80,
    0xb, 0xc1, 0xe2, 0x10, 0xf, 0x32, 0x4b, 0x99,
    0x3, 0x0, 0x5, 0xc2, 0x2b, 0x1e, 0x20, 0xaa,
    0x63, 0x55, 0x80, 0x15, 0xb6, 0x9, 0x95, 0x10,
    0x30, 0x71, 0xd0, 0x0, 0xb8, 0x19, 0x80, 0x2,
    0xcd, 0x0, 0x1a, 0x70, 0xb0, 0x58, 0x40, 0x3c,
    0x5c, 0x1, 0x66, 0x9d, 0xd8, 0xc, 0x81, 0x63,
    0x83, 0x49, 0x40, 0x18, 0xb9, 0xfe, 0x84, 0x1e,
    0xe, 0x25, 0x9c, 0xc0, 0x1e, 0xef, 0x66, 0xc,
    0x8, 0x2e, 0xa1, 0x8c, 0xde, 0x45, 0xe7, 0xc9,
    0x44, 0x0, 0x7f, 0xf0, 0x93, 0xfd, 0x60,

    /* U+87F9 "蟹" */
    0x0, 0x8f, 0x44, 0x3, 0x88, 0xbc, 0x84, 0x1,
    0xb0, 0xbb, 0xfc, 0xa0, 0x79, 0x8d, 0xd6, 0x62,
    0xe4, 0x2, 0xb2, 0xef, 0x91, 0x40, 0x3e, 0xf2,
    0x8e, 0xe2, 0x10, 0x3, 0x10, 0xb3, 0xe4, 0x7a,
    0x41, 0x30, 0x5c, 0x91, 0x18, 0x0, 0x85, 0x3f,
    0x90, 0xd5, 0x52, 0x58, 0xe9, 0x5f, 0xb2, 0x80,
    0x10, 0xe, 0x20, 0x10, 0xa2, 0x98, 0x65, 0x4d,
    0x50, 0x20, 0x18, 0x7d, 0xc3, 0xc4, 0x1, 0xe1,
    0x8e, 0x1d, 0xcc, 0x0, 0x9c, 0x71, 0x43, 0x4,
    0x9, 0x7f, 0xd2, 0x3f, 0xed, 0x0, 0x9, 0x55,
    0x41, 0x48, 0x22, 0x6f, 0xf4, 0x8f, 0xfc, 0xe1,
    0x66, 0xa6, 0xa2, 0xac, 0xc3, 0xdd, 0x9c, 0x37,
    0x66, 0xd, 0xf0, 0x1, 0xf2, 0x48, 0xf9, 0x91,
    0x2d, 0xc8, 0xa1, 0x7, 0x35, 0xcc, 0xba, 0x10,
    0x3f, 0x31, 0xe9, 0x60, 0x1e, 0x33, 0x54, 0x44,
    0x0, 0xb8, 0x89, 0x94, 0x3, 0xf2, 0xa2, 0x60,
    0x44, 0xc4, 0x1, 0xfd, 0x9f, 0xf2, 0x7, 0x7f,
    0xce, 0x1, 0xf3, 0x6e, 0xf1, 0x6, 0x6e, 0xc5,
    0x40, 0x1f, 0x11, 0x73, 0x1, 0x10, 0xcc, 0x96,
    0x40, 0x11, 0x66, 0xed, 0xdd, 0x20, 0x77, 0xf7,
    0x1c, 0x3c, 0x2, 0x2a, 0x88, 0x4d, 0x6e, 0xdd,
    0xcf, 0xfb, 0xbd, 0xc8, 0x0,

    /* U+884C "行" */
    0x0, 0xe8, 0x30, 0xf, 0xfe, 0x2d, 0xb8, 0x4,
    0xef, 0xfc, 0xa0, 0x1a, 0xd2, 0xcc, 0x6, 0x23,
    0xfb, 0x80, 0x5, 0x89, 0x68, 0x0, 0x1f, 0xff,
    0xeb, 0x1, 0xc1, 0xc4, 0x6, 0x10, 0xf, 0xfe,
    0x0, 0xde, 0x18, 0x54, 0x98, 0x7, 0xff, 0x5,
    0x44, 0x19, 0x64, 0x91, 0x3f, 0xe0, 0xc, 0xb2,
    0xc, 0x77, 0x7f, 0xf0, 0x80, 0x16, 0x82, 0x80,
    0xf7, 0x7d, 0x41, 0x1b, 0xa1, 0x8, 0xa1, 0x0,
    0xc4, 0x5e, 0x60, 0x22, 0x80, 0xdd, 0x74, 0x3,
    0xff, 0x88, 0x79, 0x42, 0x1, 0xff, 0xc5, 0x30,
    0xf, 0xff, 0xf8, 0x7, 0xff, 0x9, 0x59, 0x94,
    0x2, 0x1, 0xff, 0xc2, 0xd9, 0x93, 0x22, 0x0,
    0x3f, 0xf8, 0x51, 0xff, 0x58, 0x6,

    /* U+8861 "衡" */
    0x0, 0x8e, 0x44, 0x1, 0x46, 0x1, 0xff, 0xc1,
    0xf4, 0x10, 0x55, 0x1, 0x10, 0x0, 0x4c, 0xd2,
    0x0, 0x50, 0x7c, 0x0, 0x90, 0xcd, 0xd2, 0x82,
    0x4c, 0xdc, 0x0, 0x67, 0x93, 0x4, 0x3b, 0xe9,
    0x4, 0x6, 0xff, 0xa8, 0x1, 0xe, 0xd2, 0xb4,
    0x6a, 0x16, 0x80, 0x1f, 0xd9, 0x6, 0xd4, 0x27,
    0xdc, 0x24, 0xe9, 0x0, 0xf8, 0x83, 0xcf, 0x9,
    0xfd, 0x99, 0xea, 0xf, 0x11, 0x80, 0x27, 0x34,
    0x34, 0x11, 0x19, 0x84, 0x1, 0x2e, 0xf8, 0x40,
    0xa0, 0x34, 0x0, 0xdc, 0xaa, 0xe5, 0xf, 0xe0,
    0x7e, 0x11, 0x61, 0x0, 0x67, 0xf6, 0x67, 0xa8,
    0x8, 0xde, 0x20, 0x25, 0xe0, 0x19, 0x21, 0x99,
    0xe, 0x1, 0xfb, 0x8, 0x2, 0xc5, 0x16, 0x60,
    0xa6, 0x0, 0x7f, 0xf0, 0x16, 0x64, 0xa3, 0x32,
    0x50, 0xf, 0xf9, 0x3f, 0xe3, 0x7f, 0xf8, 0x3,
    0xfe, 0x5b, 0xb4, 0x0, 0x2a, 0xec, 0x1, 0xff,
    0xa, 0x23, 0x48, 0xed, 0x90, 0x3, 0xff, 0x82,
    0xeb, 0x38, 0x58, 0x20, 0x1f, 0xf1, 0x5c, 0x4a,
    0x6, 0x1b, 0x2b, 0x88, 0x80, 0x3e, 0x31, 0xc6,
    0x0, 0xb1, 0xf6, 0x51, 0xc0, 0x0,

    /* U+8868 "表" */
    0x0, 0xfe, 0xb7, 0x0, 0xff, 0xe3, 0x27, 0x0,
    0x7f, 0xdf, 0xff, 0x3, 0x7f, 0xfb, 0x80, 0x35,
    0xdf, 0xc0, 0x37, 0x7e, 0xa0, 0xc, 0x89, 0xf0,
    0x3a, 0x27, 0xc0, 0x1d, 0xff, 0xe0, 0x6f, 0xff,
    0x0, 0x7b, 0x33, 0xc0, 0x59, 0x9e, 0x0, 0xf1,
    0x9f, 0x85, 0xc, 0xfc, 0x1, 0xb7, 0xff, 0xe1,
    0x6f, 0xff, 0xa4, 0x1, 0xd7, 0x7c, 0x60, 0x13,
    0x5d, 0xfc, 0x0, 0x34, 0x49, 0x7c, 0xe3, 0xcd,
    0x51, 0x36, 0x91, 0x0, 0x39, 0xb9, 0x2d, 0xc2,
    0xd, 0x40, 0x6d, 0x80, 0x39, 0xb6, 0x41, 0x10,
    0x0, 0x45, 0xb6, 0xf6, 0xc6, 0x0, 0xf, 0x4b,
    0x60, 0x88, 0x3, 0x58, 0xca, 0x69, 0x80, 0x43,
    0x5b, 0x66, 0x1, 0xe1, 0xc0, 0x43, 0x0, 0xe4,
    0x20, 0xe, 0x27, 0xc9, 0x3d, 0xc, 0x80, 0xf,
    0x84, 0x4b, 0xdb, 0xd, 0xa0, 0x5e, 0xaf, 0xf4,
    0x1, 0xd0, 0x0, 0x7b, 0xfa, 0x40, 0x0, 0xd6,
    0x2e, 0x80, 0x75, 0xcf, 0xca, 0x0, 0x7c, 0x74,
    0xe0,

    /* U+8981 "要" */
    0x12, 0x2f, 0xfe, 0x20, 0xde, 0xef, 0xff, 0x12,
    0x2f, 0x33, 0x50, 0x46, 0x61, 0x43, 0x33, 0xa0,
    0x4c, 0xf3, 0x81, 0x9d, 0xa0, 0x67, 0xc2, 0x13,
    0xff, 0x68, 0x5f, 0xfa, 0x3, 0xff, 0x58, 0x0,
    0xca, 0xed, 0x0, 0xf7, 0x63, 0xb, 0xb8, 0xdc,
    0x2, 0x14, 0x42, 0x86, 0x22, 0x2c, 0x11, 0x27,
    0x0, 0xff, 0xe5, 0x1f, 0xfb, 0x42, 0xff, 0xd0,
    0x1f, 0xf2, 0x0, 0x51, 0x77, 0x94, 0x26, 0xef,
    0xef, 0x0, 0x12, 0x24, 0xa8, 0x86, 0x44, 0xf8,
    0xc3, 0xbf, 0xf7, 0xa, 0x7f, 0xff, 0x75, 0xcc,
    0xc8, 0x5, 0x33, 0xc0, 0x8, 0x99, 0x5a, 0xb3,
    0x11, 0x53, 0x59, 0xb0, 0x2, 0x5d, 0x98, 0xa0,
    0x1, 0xd1, 0x78, 0x51, 0x7, 0x95, 0x60, 0xf,
    0xe, 0xd2, 0xa5, 0x77, 0xc0, 0xd8, 0x7, 0xe2,
    0x6f, 0x60, 0xc, 0x3d, 0xb0, 0x60, 0x7, 0xdf,
    0xf6, 0x40, 0xc7, 0x7f, 0xd4, 0xee, 0xce, 0x25,
    0xa9, 0xbe, 0xe5, 0xb8, 0x80, 0x4b, 0x5f, 0x54,
    0x20,

    /* U+89C1 "见" */
    0x0, 0x92, 0x67, 0xff, 0x80, 0xa0, 0x1c, 0x6c,
    0xdf, 0xfc, 0xd, 0x0, 0xfb, 0xbf, 0xff, 0x70,
    0x7, 0xff, 0x4, 0xc4, 0x3, 0xff, 0x8b, 0x92,
    0x1, 0xff, 0xc4, 0x10, 0xf0, 0xf, 0xfe, 0x21,
    0x80, 0x80, 0x7f, 0xf1, 0x4, 0xc, 0x3, 0xff,
    0x88, 0xc0, 0xc0, 0x1f, 0xfc, 0x42, 0x2, 0x0,
    0xff, 0xe2, 0x60, 0xc5, 0x80, 0x7f, 0x84, 0x40,
    0x1, 0x47, 0x26, 0x0, 0x87, 0xc0, 0x39, 0xb8,
    0x42, 0x2, 0xc0, 0x30, 0xf3, 0x88, 0x7, 0xcc,
    0xd1, 0x0, 0x7d, 0x36, 0x1, 0x86, 0x64, 0x92,
    0x1, 0xf8, 0x9c, 0x0, 0x73, 0xcc, 0xf6, 0x0,
    0x12, 0x76, 0x69, 0xd1, 0x43, 0x30, 0xcc, 0xd8,
    0x0, 0xa4, 0xa2, 0x66, 0x83, 0xb0, 0xeb, 0xf9,
    0x20, 0xc, 0x7b, 0xff, 0xda, 0x40,

    /* U+89E3 "解" */
    0x0, 0xd6, 0x80, 0x1f, 0xfc, 0x54, 0x43, 0x80,
    0x67, 0xcc, 0x7f, 0xb3, 0x1f, 0x40, 0x1a, 0x43,
    0x3f, 0xd2, 0x7, 0x76, 0x0, 0x5d, 0x81, 0x80,
    0x22, 0x23, 0x66, 0x3, 0xc1, 0x1d, 0x42, 0xdd,
    0xcc, 0xe0, 0x14, 0x94, 0x9b, 0x8b, 0x0, 0x54,
    0x28, 0x0, 0x21, 0x0, 0x2a, 0x15, 0xe5, 0x8f,
    0xb8, 0x1b, 0xc8, 0x4, 0xa4, 0x0, 0x80, 0x7,
    0x30, 0x50, 0xeb, 0xe2, 0x39, 0xf7, 0x6, 0xc0,
    0x18, 0xab, 0x79, 0xaa, 0x0, 0xbd, 0x0, 0xcd,
    0x69, 0x80, 0x4, 0xd8, 0x8b, 0x8, 0x36, 0x70,
    0xd4, 0xa1, 0x0, 0x71, 0xec, 0xe, 0xa0, 0x3,
    0x41, 0x14, 0x55, 0x48, 0x1, 0x97, 0xe8, 0xfd,
    0x40, 0xc, 0x14, 0x41, 0x55, 0x0, 0x46, 0x1,
    0xf2, 0x87, 0x7b, 0x8f, 0xfb, 0x80, 0x33, 0x1e,
    0x99, 0x98, 0x35, 0x84, 0x3, 0xf9, 0xcf, 0x1c,
    0x30, 0xc2, 0xfd, 0x9a, 0x16, 0x68, 0x80, 0x4,
    0xfd, 0x25, 0xca, 0x17, 0x33, 0x8, 0x4c, 0xc8,
    0x4, 0x18, 0x26, 0x22, 0x0, 0x47, 0xfc, 0xe3,
    0xff, 0x30, 0x28, 0x20, 0x4, 0x8c, 0x60, 0x1f,
    0xf4, 0xa0, 0x1, 0xea, 0x85, 0xa0, 0x1f, 0xf4,
    0x78, 0x0, 0x9b, 0xb8, 0x80, 0x1f, 0xf3, 0x20,
    0x7, 0xfd, 0x1c, 0x1, 0x80,

    /* U+8BA1 "计" */
    0x0, 0x88, 0x3, 0xf2, 0xd0, 0x7, 0xe1, 0xca,
    0x0, 0xfb, 0x54, 0x40, 0x3e, 0x1b, 0x5c, 0x0,
    0xff, 0xe2, 0xad, 0x9d, 0x0, 0x7f, 0xf1, 0x52,
    0xa4, 0x3, 0xff, 0x8c, 0xa6, 0x1, 0xff, 0xc2,
    0x66, 0xb0, 0xc0, 0x3f, 0x18, 0x7, 0xc, 0xcc,
    0x74, 0x13, 0xff, 0x9c, 0x37, 0xff, 0x10, 0xf7,
    0x40, 0x16, 0xc4, 0x60, 0x3, 0x44, 0x63, 0x1,
    0x1c, 0x0, 0x47, 0x7e, 0x8, 0x77, 0xc2, 0x1,
    0xff, 0xf7, 0x10, 0xf, 0xfe, 0x32, 0x7a, 0x80,
    0x7f, 0xf0, 0xc5, 0xad, 0x50, 0x3, 0xff, 0x84,
    0xa0, 0x8, 0xb1, 0x0, 0xff, 0xe1, 0x50, 0x5b,
    0x80, 0x7f, 0xf1, 0x33, 0x50, 0x3, 0xff, 0x84,

    /* U+8BA4 "认" */
    0x0, 0x88, 0x3, 0xf4, 0xc0, 0x7, 0xe2, 0xd9,
    0x0, 0xf9, 0x4c, 0x3, 0xf1, 0x4b, 0x58, 0x7,
    0xff, 0x15, 0xa9, 0x18, 0x3, 0x84, 0x40, 0x1f,
    0xe5, 0xb6, 0x0, 0xff, 0xe3, 0x20, 0x7, 0x8c,
    0xc0, 0x1e, 0x27, 0x7b, 0x90, 0x3, 0xc2, 0xe0,
    0x1e, 0x68, 0x88, 0x74, 0x3, 0xe1, 0x0, 0xf2,
    0x7f, 0xc2, 0x20, 0xe, 0x20, 0xf, 0xfe, 0x3b,
    0x0, 0x8, 0x3, 0xff, 0x88, 0x60, 0x5, 0x0,
    0xff, 0xe2, 0x61, 0xad, 0x0, 0x7f, 0xf0, 0xc5,
    0x11, 0xc4, 0x40, 0xf, 0xfa, 0x8, 0x18, 0x29,
    0x6, 0x0, 0x3f, 0x93, 0x58, 0x45, 0x28, 0x41,
    0x2a, 0x60, 0x1e, 0x11, 0x1b, 0x79, 0xd8, 0xc0,
    0x1, 0xcb, 0x84, 0x3, 0xb8, 0x1e, 0xc6, 0x15,
    0xcc, 0x2, 0xe2, 0xd1, 0x0, 0xcf, 0x70, 0xe,
    0xe5, 0x80, 0xc, 0x74, 0x78, 0x1, 0xa1, 0x0,
    0xf, 0x34, 0x1, 0xe5, 0xcf, 0x0,

    /* U+8BA9 "让" */
    0x0, 0x8c, 0x3, 0xe4, 0xa1, 0x0, 0xf8, 0x72,
    0x40, 0x3c, 0x4a, 0x1, 0xf8, 0x6d, 0xa4, 0x3,
    0xff, 0x88, 0x94, 0xca, 0x1, 0xff, 0xc4, 0x5b,
    0x50, 0xf, 0xfe, 0x2a, 0x0, 0x7f, 0xf0, 0xa2,
    0x2e, 0x30, 0xf, 0x90, 0xce, 0x10, 0x17, 0x78,
    0x50, 0x3, 0xea, 0xcc, 0xa4, 0x7, 0xfe, 0x0,
    0xfe, 0xac, 0xca, 0x40, 0x3f, 0xf8, 0x48, 0x67,
    0x8, 0x7, 0xff, 0xd0, 0xa8, 0x3, 0xff, 0x89,
    0x78, 0xc0, 0x1f, 0xfc, 0x22, 0x3, 0x4c, 0x0,
    0xff, 0xe1, 0x68, 0x3c, 0x5d, 0xe9, 0xc, 0xbb,
    0xe0, 0xd, 0x10, 0x64, 0x4c, 0x0, 0x24, 0x4e,
    0x0, 0xbd, 0xc1, 0x3f, 0xff, 0xf8, 0x0,

    /* U+8BB0 "记" */
    0x0, 0x88, 0x3, 0xff, 0x8c, 0x9a, 0xc0, 0x13,
    0x3b, 0xfe, 0x40, 0xc, 0x8f, 0x2e, 0x0, 0xb8,
    0x8f, 0xdc, 0x1, 0xd0, 0xd0, 0x81, 0xbf, 0xff,
    0x10, 0x7, 0xd3, 0x8, 0x1, 0xff, 0xc6, 0x70,
    0xf, 0xfe, 0x10, 0xcc, 0xde, 0xc0, 0x1f, 0xfc,
    0x34, 0x48, 0x30, 0x3, 0xff, 0x84, 0x3b, 0xb0,
    0x90, 0x1, 0xff, 0xfe, 0x20, 0xf, 0xfb, 0xc1,
    0xe2, 0x38, 0x3, 0xff, 0x85, 0xe, 0xfd, 0x1e,
    0x1, 0xff, 0xc6, 0x75, 0x0, 0xff, 0xe8, 0x90,
    0x7, 0xf1, 0xa0, 0x7, 0x8f, 0x38, 0x3, 0xf9,
    0x2c, 0x3, 0x85, 0x3, 0xbc, 0x3, 0xf7, 0x8,
    0x6, 0xd0, 0x4c, 0x21, 0x9, 0x77, 0xe8, 0x64,
    0x0, 0xd4, 0xf6, 0x0, 0x64, 0x68, 0x8e, 0x73,
    0x80,

    /* U+8BB8 "许" */
    0x0, 0xfe, 0x39, 0x10, 0xf, 0xf2, 0x71, 0x80,
    0x6b, 0x61, 0x0, 0xff, 0x21, 0x61, 0x80, 0x48,
    0x60, 0x1f, 0xfc, 0xc, 0x3c, 0x20, 0x13, 0x33,
    0xc4, 0xbb, 0xe3, 0x0, 0xec, 0x62, 0x6, 0x0,
    0x43, 0xb4, 0x46, 0x50, 0xf, 0x48, 0x2, 0x93,
    0xfd, 0x1, 0xdf, 0xf3, 0x0, 0x1d, 0xec, 0x40,
    0x62, 0xf0, 0xf, 0xf0, 0xc4, 0x47, 0x80, 0x2a,
    0x80, 0x1f, 0xe1, 0xff, 0x84, 0x0, 0xf4, 0x1,
    0xff, 0xc6, 0x34, 0x4d, 0x80, 0x89, 0xc0, 0x1f,
    0xb6, 0xef, 0x20, 0x55, 0xde, 0x30, 0xf, 0xb3,
    0x39, 0x42, 0xf3, 0x31, 0x80, 0x7c, 0x46, 0x7b,
    0x41, 0x4c, 0xf0, 0x7, 0xff, 0x3c, 0xec, 0x3,
    0xff, 0x88, 0x2f, 0x80, 0x1f, 0xfc, 0x44, 0x0,
    0x45, 0x80, 0x7f, 0xf0, 0xc4, 0x2d, 0xc0, 0x3f,
    0xf8, 0x8b, 0xa8, 0x1, 0xff, 0xc2,

    /* U+8BBE "设" */
    0x0, 0x18, 0x7, 0x88, 0x47, 0x10, 0x7, 0xe,
    0x50, 0x6, 0x3d, 0xee, 0xda, 0xc0, 0x18, 0x6d,
    0x68, 0x3, 0x9e, 0xaa, 0x0, 0xf9, 0x2d, 0x58,
    0x3, 0x5a, 0xac, 0x1, 0xf9, 0x29, 0x80, 0xa,
    0x4, 0x1, 0xff, 0xc0, 0x50, 0xa, 0x8c, 0x40,
    0x3f, 0x3b, 0xa3, 0x8, 0x1, 0x27, 0x0, 0x18,
    0x6e, 0xa8, 0x33, 0xe, 0x6e, 0x18, 0xd2, 0x80,
    0x1a, 0x9c, 0x2, 0xef, 0xe0, 0xa, 0x35, 0x80,
    0x39, 0x2a, 0xa1, 0x0, 0xfb, 0x7f, 0xff, 0x84,
    0x3, 0xe6, 0x40, 0x88, 0xf0, 0x8, 0x80, 0x3e,
    0x2a, 0xf, 0x77, 0xc6, 0x16, 0x1, 0xfc, 0x30,
    0xe6, 0x0, 0x1a, 0x45, 0x0, 0xfc, 0x40, 0xe7,
    0xa4, 0x3a, 0x14, 0x1, 0xf1, 0x64, 0x80, 0x34,
    0xf7, 0x8b, 0x44, 0x3, 0x8c, 0x20, 0x24, 0x0,
    0x2a, 0x0, 0x22, 0x0, 0x7b, 0x40, 0xf0, 0x89,
    0x1c, 0xec, 0xe7, 0xd2, 0x60, 0x1c, 0xb8, 0x19,
    0xae, 0xed, 0x98, 0xd6, 0x66, 0x71, 0x0, 0x3e,
    0x80, 0x11, 0x5f, 0x24, 0x0, 0x29, 0xfa, 0x92,

    /* U+8BBF "访" */
    0x0, 0x98, 0x3, 0xf5, 0xb0, 0x7, 0xe3, 0x9b,
    0x0, 0xf9, 0xe8, 0x3, 0xf1, 0xd2, 0x58, 0x7,
    0xac, 0xc4, 0x3, 0xf2, 0xca, 0x11, 0xbb, 0xee,
    0x46, 0x77, 0xc0, 0x1c, 0xdc, 0x57, 0x11, 0x99,
    0x22, 0x38, 0x40, 0x38, 0x42, 0x3f, 0xca, 0x5f,
    0xff, 0x8, 0x5d, 0xde, 0xa0, 0x1c, 0x20, 0x1f,
    0x85, 0x9a, 0xd, 0x0, 0xc2, 0x1, 0xfc, 0x3b,
    0xb0, 0x7, 0x9c, 0xff, 0xfa, 0x40, 0x3f, 0xf8,
    0x4, 0x11, 0x18, 0x3, 0xff, 0x84, 0x30, 0xef,
    0x80, 0x40, 0x3f, 0xe2, 0x3, 0x0, 0xef, 0x0,
    0xfe, 0x10, 0x40, 0x50, 0x8, 0x40, 0x40, 0x3f,
    0x47, 0xe, 0x90, 0x80, 0x46, 0x4, 0x1, 0xc2,
    0xe, 0xd6, 0x69, 0x40, 0x19, 0x81, 0xc0, 0x3b,
    0x0, 0x1e, 0x9c, 0x2c, 0x1, 0x8c, 0x8, 0x3,
    0x88, 0x7c, 0x64, 0xe0, 0x41, 0x9a, 0x92, 0x10,
    0xe, 0xee, 0x0, 0x9, 0xd8, 0x1, 0xf3, 0x20,
    0x90, 0xf, 0x8, 0x5, 0x70, 0x1, 0x4f, 0xfb,
    0x90, 0x2,

    /* U+8BD5 "试" */
    0x0, 0x18, 0x7, 0xf1, 0xd8, 0xa8, 0x6, 0x2c,
    0xa0, 0xf, 0xcc, 0x85, 0x16, 0x1, 0x15, 0x2d,
    0x0, 0x7c, 0x20, 0xc, 0x58, 0x0, 0x96, 0x95,
    0x40, 0x1f, 0xc3, 0x62, 0x1, 0x97, 0x16, 0x2a,
    0xba, 0x43, 0x6b, 0xcd, 0x0, 0x31, 0x81, 0xbb,
    0xf1, 0x0, 0xbb, 0xc2, 0xce, 0xed, 0x30, 0xbd,
    0xdf, 0x5, 0x6e, 0xcb, 0xb1, 0x2, 0x50, 0xf,
    0x88, 0xc, 0x3, 0x5f, 0xf8, 0x2, 0x16, 0x6e,
    0x0, 0x70, 0x7, 0xf8, 0xa6, 0x78, 0x84, 0x40,
    0x1f, 0xe3, 0xfd, 0xb, 0xf2, 0x28, 0x3, 0xff,
    0x8a, 0xcc, 0x0, 0xff, 0xe2, 0x91, 0x0, 0x3f,
    0xc8, 0x1, 0xc3, 0xa0, 0x60, 0xc2, 0x1, 0xb3,
    0x64, 0x18, 0x2f, 0xe9, 0x2, 0xc2, 0x98, 0x0,
    0x80, 0xaf, 0x7d, 0x60, 0x95, 0x41, 0x36, 0x13,
    0x30, 0x2, 0xc2, 0xa8, 0x93, 0x9f, 0x6a, 0x21,
    0x3, 0xc0, 0x80, 0xb, 0xe5, 0x2, 0x73, 0x0,
    0xe4, 0x70, 0x80, 0x9, 0x4, 0x3, 0xfe, 0x8f,
    0x70,

    /* U+8BDD "话" */
    0x0, 0x8, 0x7, 0xfc, 0x4c, 0xe0, 0x14, 0x79,
    0x0, 0x62, 0x46, 0x9c, 0xfd, 0x9b, 0x30, 0x4,
    0x9e, 0x10, 0x2f, 0xed, 0xc3, 0x1b, 0xdf, 0xe1,
    0x80, 0x7, 0xf, 0xc1, 0x6f, 0x7f, 0xa0, 0x25,
    0x0, 0x3c, 0x3f, 0x20, 0x4, 0x20, 0xf, 0xfe,
    0x9, 0x20, 0x7, 0xff, 0x9, 0xdd, 0x18, 0x40,
    0xb3, 0x3a, 0x2, 0xa6, 0x71, 0xcc, 0x39, 0xb0,
    0x1a, 0x26, 0x0, 0x2a, 0x26, 0x7e, 0xfd, 0x0,
    0x9b, 0x77, 0x40, 0x7e, 0xee, 0x40, 0xf, 0xff,
    0xb, 0x6e, 0xd0, 0x1f, 0xbb, 0x30, 0x7, 0xe1,
    0x25, 0x53, 0xb9, 0x95, 0x8, 0x40, 0x3c, 0x28,
    0x0, 0x88, 0xf8, 0x3, 0xec, 0xff, 0x0, 0x7f,
    0xf0, 0x84, 0x1d, 0x2c, 0x3, 0xff, 0x85, 0x80,
    0xf4, 0x1, 0x33, 0x7a, 0x40, 0x3d, 0x50, 0x1,
    0xa6, 0x7c, 0xe0, 0x1d, 0xea, 0x1, 0x3f, 0x7f,
    0xfe, 0x70,

    /* U+8BED "语" */
    0x0, 0x8, 0x6, 0x11, 0xff, 0x0, 0x51, 0x84,
    0x0, 0xae, 0xef, 0xf5, 0x80, 0x24, 0x30, 0xc2,
    0x2e, 0xe0, 0x1b, 0xbe, 0x90, 0x0, 0xf8, 0x69,
    0x11, 0x10, 0xa1, 0x8, 0x9c, 0x40, 0x11, 0x6b,
    0x90, 0xaa, 0xac, 0x39, 0x54, 0xcc, 0x0, 0xf1,
    0xc8, 0x1d, 0x51, 0x41, 0xea, 0x93, 0x21, 0x0,
    0x33, 0xc6, 0x90, 0x17, 0xf8, 0xd3, 0xfe, 0x90,
    0x10, 0x6, 0x5b, 0x13, 0x0, 0x42, 0x78, 0x1,
    0x70, 0x80, 0x55, 0x9e, 0x0, 0x1a, 0xa7, 0x4,
    0xd5, 0x4e, 0x35, 0x46, 0x0, 0xf0, 0x89, 0xd,
    0x44, 0x64, 0x40, 0x88, 0x3, 0xc3, 0x77, 0x65,
    0xdf, 0xe6, 0x0, 0xf9, 0x59, 0xbf, 0x20, 0x7,
    0xf5, 0x4c, 0xfe, 0x80, 0xf, 0xc2, 0xf, 0xff,
    0xe4, 0x0, 0xf8, 0x62, 0x80, 0x3f, 0xf8, 0x94,
    0xde, 0x1, 0xff, 0xc2, 0xb0, 0x6, 0x20, 0x2a,
    0xfc, 0x80, 0x1c, 0x41, 0xe4, 0x0, 0x2a, 0xaf,
    0x0, 0x7a, 0x3c, 0x3, 0x3f, 0xff, 0x90, 0x3,
    0xfd, 0xf0, 0x1, 0xeb, 0xc0, 0x0,

    /* U+8BEF "误" */
    0x0, 0x10, 0x7, 0xff, 0x15, 0xf4, 0xc0, 0x26,
    0xff, 0xfd, 0xa0, 0x13, 0x9e, 0x18, 0x0, 0x42,
    0xab, 0xc8, 0x60, 0x1b, 0xf, 0x44, 0x2, 0x55,
    0xf1, 0x0, 0x7b, 0x64, 0x40, 0x3f, 0xf8, 0x82,
    0xe0, 0x1b, 0x33, 0xce, 0x1, 0x3b, 0xa3, 0xc,
    0x0, 0x6c, 0xab, 0xe7, 0x60, 0x5, 0x43, 0x9a,
    0x80, 0x12, 0x67, 0xf4, 0x0, 0x37, 0xf8, 0x3,
    0x55, 0x7f, 0x90, 0x3, 0xf0, 0x8e, 0x55, 0x8,
    0xf0, 0x7, 0xeb, 0xbc, 0xa7, 0x77, 0x94, 0x3,
    0xe1, 0x1e, 0x47, 0x11, 0xe0, 0xf, 0xab, 0xbb,
    0xa, 0x77, 0x71, 0x80, 0x7a, 0x33, 0x27, 0x0,
    0x46, 0x66, 0x30, 0xc, 0x33, 0x46, 0x72, 0x11,
    0xd9, 0x9e, 0x0, 0xe8, 0x7a, 0x0, 0x41, 0xc7,
    0x1d, 0x80, 0x7a, 0x80, 0x1e, 0x66, 0xb7, 0x72,
    0x95, 0xa7, 0x28, 0x6, 0xe2, 0xf1, 0xcc, 0x35,
    0x40, 0x1, 0x34, 0xeb, 0x84, 0x0, 0xba, 0x0,
    0x8b, 0xd5, 0x0, 0xc5, 0xb7, 0x61,

    /* U+8BF4 "说" */
    0x0, 0x10, 0x6, 0x18, 0x20, 0xc, 0xb0, 0x1,
    0x97, 0x54, 0x2, 0x15, 0xe0, 0xd, 0xa, 0x1,
    0x95, 0xa9, 0x80, 0x29, 0x35, 0x0, 0x19, 0x58,
    0x7, 0x4a, 0xca, 0x0, 0x10, 0xfc, 0x1, 0x2,
    0xc0, 0x1e, 0xa7, 0x41, 0xcc, 0xb, 0x66, 0xa0,
    0xe3, 0x80, 0x7a, 0x0, 0xcc, 0xe8, 0xaa, 0x46,
    0x61, 0xe8, 0x1, 0xe2, 0x1e, 0x80, 0x17, 0x4c,
    0xf8, 0x40, 0x2a, 0x77, 0x6, 0x0, 0x7f, 0xf0,
    0xb7, 0xfc, 0x1, 0xff, 0xcc, 0x8c, 0xcf, 0x8,
    0x7, 0xf1, 0xb2, 0x19, 0x94, 0x4d, 0xdb, 0xc0,
    0x3f, 0xc, 0xc9, 0xe, 0x64, 0x11, 0x2a, 0x1,
    0xff, 0x33, 0x0, 0x3f, 0xf8, 0x2b, 0xc2, 0x44,
    0xc0, 0xf, 0xfe, 0x3, 0xd3, 0x8d, 0x3, 0x80,
    0x79, 0xc4, 0x1, 0x60, 0xa, 0x94, 0x76, 0x10,
    0xf, 0x42, 0x80, 0x10, 0x39, 0x22, 0xce, 0x40,
    0x35, 0xb4, 0x3, 0x0, 0x2f, 0xc6, 0x5d, 0xd8,
    0x1, 0x21, 0xbc, 0xba, 0x90, 0x1, 0x0, 0x11,
    0xd0, 0x1, 0xd9, 0xff, 0x50, 0x0,

    /* U+8BF7 "请" */
    0x0, 0x8, 0x7, 0xe6, 0xb0, 0xf, 0x9b, 0x90,
    0x2, 0x33, 0xd4, 0x86, 0x78, 0x80, 0xc, 0xb6,
    0xa0, 0x79, 0x98, 0xc3, 0x33, 0x48, 0x5, 0x4b,
    0x42, 0x7f, 0xf9, 0x87, 0xff, 0x58, 0x6, 0xac,
    0x10, 0xaf, 0xf9, 0x87, 0xff, 0x10, 0x7, 0x18,
    0x2, 0xf7, 0x64, 0xd, 0xdc, 0x40, 0xef, 0x71,
    0x81, 0xab, 0x36, 0x6, 0x6c, 0x83, 0x11, 0xa,
    0x4, 0x55, 0x63, 0xa, 0xae, 0x4f, 0xf8, 0x2,
    0xbe, 0xee, 0xfe, 0xee, 0x50, 0xf, 0x9b, 0xff,
    0xf6, 0x0, 0x7f, 0xdb, 0xbe, 0x30, 0xf, 0xfe,
    0x1, 0x9f, 0x80, 0x3f, 0xf8, 0x3d, 0xde, 0x30,
    0xf, 0xe2, 0x0, 0x7f, 0xf9, 0x0, 0x3f, 0x57,
    0x80, 0x37, 0x7c, 0x80, 0x1f, 0x43, 0xf8, 0x2,
    0x67, 0xc2, 0x1, 0xcc, 0x0, 0xc2, 0x0, 0x22,
    0x79, 0x40, 0x3a, 0x43, 0x84, 0x3, 0xc2, 0xaa,
    0x67, 0x0, 0xd5, 0xc2, 0x1, 0xf0, 0xdd, 0x83,
    0xc0, 0x0,

    /* U+8BF8 "诸" */
    0x0, 0xff, 0x3b, 0x80, 0x3f, 0x3e, 0x8, 0x7,
    0xb3, 0x0, 0x1a, 0xa4, 0x0, 0xa5, 0x82, 0x4,
    0xcd, 0x22, 0x19, 0x86, 0xaa, 0xf0, 0x1, 0x60,
    0x60, 0x2c, 0xcc, 0x0, 0x99, 0xac, 0xd8, 0x2,
    0x2f, 0xa0, 0x7f, 0xf9, 0x11, 0xfe, 0x60, 0xe0,
    0xe, 0x27, 0x0, 0xfd, 0x47, 0x44, 0x0, 0x77,
    0x47, 0x11, 0xdd, 0xe4, 0x47, 0xa8, 0x7d, 0xd8,
    0xaa, 0x1c, 0x50, 0x47, 0xc0, 0x12, 0x88, 0xc1,
    0xbf, 0xc0, 0x2, 0xaa, 0xa0, 0xc2, 0xbe, 0xab,
    0x10, 0x7, 0xea, 0xd2, 0x70, 0x55, 0xc2, 0x1,
    0xf2, 0xea, 0x80, 0x1e, 0xab, 0x90, 0x3, 0xd9,
    0x40, 0x81, 0xff, 0xda, 0x1, 0xfa, 0x27, 0x70,
    0x3, 0xff, 0x86, 0xac, 0x1, 0x7f, 0xf6, 0x80,
    0x7d, 0xfe, 0x60, 0xb, 0x33, 0xa8, 0x3, 0x8c,
    0x19, 0x5c, 0x2, 0x33, 0xe7, 0x0, 0xec, 0x7,
    0xb1, 0x0, 0x99, 0xba, 0x80, 0x38, 0x6a, 0x0,
    0x3a, 0x23, 0x9c, 0x3, 0xbd, 0x40, 0x33, 0xf7,
    0x7b, 0xfc, 0xa0,

    /* U+8C03 "调" */
    0x0, 0x10, 0x7, 0xff, 0x11, 0xb5, 0x40, 0x9,
    0xff, 0xfe, 0xa0, 0x65, 0xa4, 0x0, 0xa2, 0x67,
    0xe0, 0x10, 0x5, 0x25, 0x90, 0x1, 0x9a, 0x3a,
    0x66, 0x94, 0x3, 0x5c, 0x10, 0x4, 0x27, 0x86,
    0x62, 0x0, 0xf9, 0xc0, 0x34, 0xe3, 0x6, 0x78,
    0x4, 0xce, 0xeb, 0x20, 0xd, 0x1f, 0x43, 0xfa,
    0x1, 0x44, 0x48, 0xe0, 0x1f, 0xfc, 0x1e, 0xfe,
    0x0, 0xe5, 0xff, 0x50, 0xff, 0x94, 0x3, 0xfc,
    0xbb, 0xbe, 0x50, 0xf, 0xc2, 0x2, 0x62, 0x1,
    0xff, 0xc1, 0x31, 0x9, 0xcd, 0xdb, 0x0, 0x3f,
    0xb8, 0x80, 0xb, 0xfe, 0xb0, 0xf, 0xe2, 0x23,
    0x0, 0x7f, 0xf0, 0xa3, 0x57, 0x0, 0xb, 0xfe,
    0xb0, 0xf, 0x30, 0x13, 0x2, 0x0, 0xf, 0x33,
    0x0, 0x74, 0x6, 0x91, 0x90, 0x46, 0x99, 0xce,
    0x8c, 0x20, 0xa, 0xf2, 0x8, 0x0, 0x84, 0x2,
    0xbb, 0x17, 0x0, 0x14, 0x1, 0x68, 0x1, 0xf7,
    0x7f, 0x20,

    /* U+8C61 "象" */
    0x0, 0xf3, 0x38, 0x7, 0xff, 0x11, 0x66, 0xcc,
    0xe5, 0x10, 0xf, 0xf3, 0x50, 0x1e, 0x65, 0x58,
    0x1, 0xfd, 0x32, 0x6f, 0xfc, 0xa1, 0xc0, 0x1f,
    0x2f, 0x30, 0x37, 0xfe, 0x50, 0xcf, 0xfb, 0x40,
    0x2c, 0x20, 0x6c, 0xcc, 0xa1, 0x79, 0x92, 0x98,
    0x5, 0x38, 0x22, 0x33, 0x85, 0x65, 0xc, 0xf0,
    0x7, 0xc2, 0x66, 0x6d, 0x25, 0x33, 0xe0, 0xf,
    0x9b, 0x31, 0x20, 0x59, 0x9c, 0xa0, 0x1e, 0xeb,
    0x31, 0x2, 0xcf, 0xfe, 0x78, 0x0, 0x8e, 0x36,
    0x93, 0xfc, 0x18, 0xa0, 0x5, 0xd6, 0x10, 0x9,
    0x8e, 0x3a, 0xa, 0x8c, 0xaa, 0x36, 0x9b, 0xdc,
    0x2, 0x5b, 0x76, 0xcd, 0xd7, 0xf8, 0x1e, 0x8d,
    0xc4, 0x3, 0xaf, 0x75, 0x3c, 0xd3, 0xa4, 0x7,
    0xc7, 0x20, 0x1d, 0x5d, 0x6f, 0x1c, 0x99, 0xa0,
    0x65, 0x2d, 0x20, 0x18, 0xdb, 0x34, 0xef, 0xc,
    0x40, 0x26, 0x86, 0xc4, 0x2, 0xca, 0x4d, 0xb1,
    0x56, 0xc0, 0x50, 0x3, 0xd1, 0x18, 0x17, 0x6c,
    0x10, 0x4d, 0x48, 0xe1, 0x0, 0x4b, 0xce, 0x1,
    0xf6, 0x7f, 0xb0, 0xc0, 0x3e,

    /* U+8D1D "贝" */
    0x0, 0x37, 0xff, 0xff, 0x2, 0xc0, 0x30, 0x84,
    0x4c, 0xff, 0xb, 0x80, 0x79, 0x9b, 0x3b, 0x99,
    0xb1, 0x0, 0x7f, 0xd7, 0xe0, 0x1f, 0xff, 0xf0,
    0xf, 0xfe, 0x8, 0x98, 0x7, 0xff, 0x11, 0x58,
    0x3, 0xff, 0x86, 0x63, 0x80, 0x1f, 0xe1, 0x21,
    0x0, 0x40, 0x30, 0x6, 0x66, 0x0, 0x66, 0xd0,
    0x3, 0xa4, 0x9, 0x80, 0x55, 0x40, 0xf, 0xa2,
    0xa, 0xe3, 0xbf, 0x2, 0x1, 0xf1, 0xe3, 0xb5,
    0x0, 0xf4, 0x37, 0x48, 0x80, 0x4b, 0x98, 0x1b,
    0x90, 0xc, 0xfd, 0xf, 0xd0, 0x11, 0x43, 0x3a,
    0x80, 0x1f, 0x3f, 0xb3, 0xa4, 0x66, 0xb0, 0x7,
    0xf8, 0x67, 0x90,

    /* U+8D1F "负" */
    0x0, 0xe3, 0xa3, 0x0, 0xff, 0xe1, 0xfa, 0x18,
    0x7, 0xff, 0x9, 0xcc, 0x7f, 0xfb, 0x0, 0x3f,
    0x24, 0xd, 0xde, 0x90, 0x50, 0xf, 0x8e, 0xcf,
    0x91, 0x35, 0xc, 0x0, 0x79, 0x30, 0x78, 0x47,
    0x41, 0xd8, 0x8, 0x80, 0x27, 0xb2, 0x1d, 0xee,
    0xce, 0x15, 0xdd, 0x38, 0x1, 0x1b, 0x1, 0xae,
    0xff, 0x50, 0x6, 0x39, 0x10, 0xe4, 0x49, 0x9d,
    0x13, 0x0, 0x7f, 0xf0, 0x23, 0x80, 0x3f, 0xf8,
    0x8c, 0xc0, 0xf, 0xfe, 0x21, 0x10, 0x3, 0xff,
    0x86, 0x83, 0x80, 0x1f, 0xfc, 0x3d, 0x5, 0x0,
    0xff, 0x94, 0xc1, 0x19, 0xc6, 0x90, 0x5, 0x4c,
    0x3, 0xa9, 0x1a, 0xce, 0xc, 0x2f, 0x5a, 0x90,
    0x3, 0x13, 0xec, 0xae, 0x81, 0x57, 0x24, 0xf3,
    0x80, 0x1b, 0xb6, 0x1f, 0x28, 0x40, 0x21, 0x9e,
    0x78, 0xe2, 0x79, 0xbf, 0xa3, 0x0, 0xf8, 0x67,
    0x6c, 0x80,

    /* U+8D22 "财" */
    0x0, 0xff, 0xe1, 0xec, 0x0, 0x49, 0xff, 0xe4,
    0x0, 0xf1, 0x88, 0x7, 0x5d, 0xe0, 0x10, 0xf,
    0xfe, 0xa, 0x31, 0x20, 0x80, 0x7f, 0xf0, 0xd2,
    0x0, 0x2b, 0xff, 0xe1, 0x6f, 0xe0, 0xf, 0xee,
    0x88, 0xc0, 0x14, 0x48, 0x7, 0xf2, 0xbb, 0xe2,
    0x6, 0x77, 0x0, 0x7f, 0xf0, 0x50, 0x80, 0x3f,
    0xf8, 0xb2, 0x62, 0x1, 0xff, 0xc3, 0x62, 0xf0,
    0xf, 0xc2, 0x60, 0x1c, 0x30, 0xa6, 0x1, 0xfb,
    0xc4, 0x3, 0xa8, 0x2c, 0x3, 0xf8, 0xd4, 0x3,
    0x3a, 0x58, 0x80, 0x79, 0x68, 0x53, 0xe, 0x91,
    0xa1, 0x94, 0x3, 0xe1, 0x58, 0x10, 0xc7, 0x9,
    0x49, 0x0, 0xfe, 0x56, 0xb5, 0x6d, 0xd, 0xb0,
    0xf, 0xe7, 0xa7, 0x50, 0x93, 0xb2, 0x0, 0x23,
    0xb8, 0x40, 0x21, 0xb9, 0x80, 0xb, 0xec, 0x2,
    0x18, 0x81, 0x50, 0x0, 0x71, 0x80, 0x31, 0x8,
    0x4, 0xbf, 0xed, 0x30, 0x0,

    /* U+8D25 "败" */
    0x0, 0xff, 0xe0, 0x3a, 0x80, 0x7c, 0x7f, 0xfe,
    0xe0, 0xa, 0x8, 0x3, 0xfa, 0x67, 0x28, 0x4,
    0x60, 0x80, 0x1f, 0xcc, 0xea, 0xd8, 0x1, 0x50,
    0x32, 0xaf, 0x0, 0x72, 0x60, 0x7, 0x30, 0x55,
    0x78, 0x3, 0xfe, 0x30, 0xcf, 0xf8, 0x63, 0xc0,
    0x3f, 0xe8, 0x3, 0x0, 0x84, 0xc0, 0x3f, 0xe2,
    0x40, 0xc, 0x40, 0xc0, 0x1f, 0xf5, 0x10, 0x28,
    0x1, 0x4, 0x80, 0x3f, 0xe8, 0xe6, 0xe0, 0x6,
    0x28, 0x7, 0xc6, 0x20, 0x18, 0xe9, 0x8, 0x13,
    0x40, 0x3e, 0x13, 0x0, 0xe3, 0x34, 0x28, 0xb8,
    0x7, 0xda, 0xc0, 0x1e, 0xf5, 0xa6, 0x10, 0xc,
    0x78, 0x9, 0x82, 0xf8, 0x1, 0x18, 0x2, 0x80,
    0x3c, 0x6a, 0x2b, 0xec, 0x40, 0x11, 0x0, 0x20,
    0x3, 0xc3, 0x6c, 0x57, 0x6, 0x0, 0x1f, 0x2b,
    0x4a, 0x0, 0xc3, 0x87, 0x20, 0xaa, 0xd0, 0x4f,
    0xc, 0x4b, 0x5c, 0x20, 0x7, 0x86, 0x0, 0x56,
    0xaa, 0xb5, 0xc1, 0x4, 0xc1, 0xc1, 0xd, 0xd0,
    0x80, 0x43, 0x6b, 0x96, 0x20, 0x11, 0xee, 0x84,

    /* U+8D2D "购" */
    0x0, 0xff, 0x91, 0x40, 0x3e, 0x16, 0x6f, 0x10,
    0x2, 0x78, 0x3, 0xe5, 0x99, 0xf3, 0x81, 0x13,
    0x80, 0x3f, 0xf, 0xfe, 0x10, 0x5, 0x1, 0x33,
    0x6b, 0x50, 0xc, 0x4c, 0x1, 0x9c, 0x22, 0x67,
    0x24, 0x80, 0x67, 0x80, 0xa, 0x3, 0x7f, 0xf9,
    0x1c, 0x3, 0xf6, 0xbb, 0x1a, 0x80, 0x7f, 0xf0,
    0xbd, 0x21, 0xe8, 0x40, 0x27, 0x10, 0xf, 0xc5,
    0x63, 0x86, 0x20, 0x1f, 0xfc, 0x44, 0xb3, 0xa0,
    0x0, 0x98, 0x6, 0x33, 0x0, 0x64, 0x16, 0x25,
    0x20, 0x31, 0x0, 0xe1, 0x0, 0xdc, 0x82, 0x24,
    0xb0, 0x10, 0xe, 0xe7, 0x0, 0x89, 0x5e, 0xb5,
    0x18, 0x1, 0xe0, 0xd2, 0x7, 0x81, 0xf, 0x20,
    0x27, 0x78, 0x8, 0x2, 0x4, 0xe2, 0x83, 0x4c,
    0x53, 0xba, 0x96, 0x3c, 0x60, 0x30, 0xa, 0x4d,
    0xd2, 0x40, 0x88, 0x1, 0x8d, 0x81, 0x80, 0x8,
    0xfe, 0x34, 0xc8, 0x1, 0xf1, 0x81, 0x3, 0x5c,
    0x98, 0x22, 0xc8, 0x6, 0x67, 0x74, 0x90, 0x87,
    0xd3, 0x0, 0x57, 0x20, 0x1b, 0xe2, 0x7, 0xc0,
    0x9, 0x50, 0xc, 0x28, 0x1, 0xa7, 0xfd, 0xa6,
    0x0,

    /* U+8D44 "资" */
    0x0, 0x10, 0x7, 0x9f, 0x0, 0x3f, 0x87, 0x79,
    0xc0, 0x21, 0x87, 0x22, 0xf1, 0x80, 0x7, 0x9a,
    0x39, 0x2, 0xc1, 0x37, 0x7d, 0x8a, 0x0, 0x18,
    0xe4, 0x78, 0x5a, 0xfd, 0xa, 0xff, 0x29, 0x28,
    0x6, 0x1a, 0x7, 0x85, 0xa, 0xc, 0x2, 0x58,
    0x0, 0xe1, 0x6a, 0xd7, 0x3, 0x74, 0x67, 0x2e,
    0x50, 0x1, 0x3e, 0x74, 0x99, 0x2, 0x6a, 0x5d,
    0xa2, 0xc0, 0x37, 0xc3, 0xd7, 0xd2, 0x55, 0xa5,
    0x82, 0x6b, 0x75, 0x20, 0x77, 0x2d, 0x40, 0xac,
    0x6e, 0x80, 0x22, 0xd9, 0x73, 0x3, 0x12, 0x77,
    0x2c, 0x61, 0xbb, 0xf8, 0xb5, 0xc0, 0x27, 0x88,
    0xff, 0xe0, 0x68, 0x7, 0xdb, 0xff, 0x5c, 0xff,
    0xe0, 0xf, 0xfe, 0xc, 0x68, 0x7, 0xff, 0x10,
    0x8f, 0x40, 0x3f, 0xf8, 0x92, 0x2e, 0xe2, 0x0,
    0xfe, 0x5d, 0x21, 0xa4, 0xa4, 0x9d, 0xc7, 0xe9,
    0x0, 0xf3, 0x4f, 0x25, 0xa2, 0xf5, 0xb4, 0x75,
    0x20, 0x2, 0x37, 0xed, 0x67, 0x90, 0x2, 0x4a,
    0xe8, 0x4b, 0x60, 0xca, 0xbe, 0xc6, 0x0, 0xf8,
    0x5f, 0xa9, 0x80,

    /* U+8D76 "赶" */
    0x0, 0xc5, 0x84, 0x1, 0xff, 0xc5, 0x13, 0x10,
    0x8, 0xe6, 0x7e, 0x50, 0x1, 0x33, 0x28, 0x29,
    0x98, 0x6c, 0x88, 0x76, 0x62, 0x20, 0x80, 0x9,
    0x32, 0x60, 0x69, 0x95, 0xae, 0xeb, 0xc2, 0xb7,
    0x4e, 0x0, 0x6f, 0xf6, 0x6, 0x7f, 0xa0, 0x3,
    0xff, 0xa6, 0xef, 0x48, 0x4b, 0xbc, 0x1, 0xff,
    0x44, 0x4a, 0xb, 0x11, 0x3b, 0xd0, 0x10, 0xef,
    0x0, 0x3f, 0xf0, 0x47, 0xfd, 0x51, 0x6, 0x2,
    0x88, 0x80, 0x28, 0x30, 0xf, 0x6f, 0xfb, 0x82,
    0xbf, 0xe0, 0x0, 0xbb, 0x0, 0x2d, 0x54, 0x60,
    0x1f, 0xfc, 0x43, 0xaa, 0x78, 0x7, 0xfc, 0x61,
    0xe0, 0x8, 0xff, 0x60, 0x7, 0xfc, 0xc0, 0xa0,
    0x1f, 0xfc, 0x52, 0x0, 0x38, 0x7, 0xff, 0x13,
    0xce, 0x60, 0x3c, 0x3, 0xff, 0x84, 0x8a, 0xd0,
    0xf, 0x92, 0xee, 0x66, 0x3c, 0x9b, 0xbc, 0x46,
    0x5a, 0xf, 0xd0, 0xe9, 0x10, 0x99, 0xe8, 0x84,
    0x91, 0xc2, 0x0, 0x5, 0xef, 0x7f, 0xff, 0xb8,
    0x0,

    /* U+8D77 "起" */
    0x0, 0xc3, 0x44, 0x1, 0xff, 0xc5, 0x25, 0x10,
    0x9, 0x2e, 0xfe, 0x30, 0x1, 0xb3, 0x28, 0x25,
    0x98, 0x60, 0x23, 0xc0, 0x8c, 0x0, 0x49, 0x93,
    0x2, 0xcc, 0x91, 0x15, 0x5d, 0x20, 0x19, 0xff,
    0xd8, 0x19, 0xfe, 0x70, 0xf, 0xfe, 0x9d, 0x55,
    0xc1, 0xb5, 0x50, 0xc2, 0xaf, 0x0, 0x7c, 0xe0,
    0x20, 0x12, 0xbd, 0x56, 0x80, 0xd, 0x55, 0x89,
    0xea, 0xa0, 0x6, 0x7f, 0xdc, 0xee, 0x0, 0xad,
    0x0, 0x3f, 0xf8, 0x3, 0x4, 0x0, 0x14, 0x10,
    0x3, 0x2a, 0x90, 0x3, 0xff, 0x86, 0x43, 0x54,
    0x80, 0xf, 0xd0, 0x40, 0x61, 0xe0, 0x4f, 0xfe,
    0xc0, 0xf, 0xce, 0x80, 0xc0, 0x80, 0x1e, 0x70,
    0x70, 0xc, 0x80, 0xa0, 0x40, 0x2e, 0x1, 0xc6,
    0x37, 0xff, 0xac, 0x8c, 0x3c, 0xe6, 0x8, 0x80,
    0x1b, 0xee, 0xab, 0x5e, 0x80, 0x11, 0x5a, 0x41,
    0x72, 0x5d, 0xe2, 0x33, 0x88, 0xdc, 0xcc, 0x5a,
    0xd, 0xd0, 0xe9, 0x10, 0x99, 0xe8, 0x88, 0x4e,
    0x10, 0x0, 0x2f, 0x7b, 0xff, 0xfe, 0x20,

    /* U+8D85 "超" */
    0x0, 0xc9, 0x80, 0x1f, 0xfc, 0x61, 0x30, 0x8,
    0xff, 0xff, 0x38, 0x0, 0xd9, 0x92, 0xe, 0xcc,
    0x1a, 0xa1, 0x85, 0x54, 0x1, 0xae, 0x64, 0x61,
    0x13, 0x21, 0x55, 0x31, 0xaa, 0xc0, 0x20, 0x8,
    0xff, 0x50, 0x7f, 0xc6, 0x0, 0x5b, 0x0, 0x10,
    0x18, 0x7, 0xff, 0x2, 0x1, 0x80, 0xc, 0xc,
    0x0, 0x89, 0x95, 0x5, 0x4c, 0x95, 0x9e, 0x46,
    0x26, 0x0, 0xc0, 0x6, 0xaa, 0x10, 0x55, 0xaa,
    0x5d, 0x83, 0xc9, 0xac, 0x2, 0xbc, 0xc7, 0x85,
    0xe6, 0x3e, 0xac, 0xcc, 0x91, 0x2e, 0x1, 0xac,
    0xc0, 0x3d, 0xb9, 0x9f, 0x8, 0x0, 0x50, 0x2,
    0xe6, 0x61, 0x0, 0xff, 0xe8, 0x0, 0xc6, 0x1,
    0x96, 0x64, 0x80, 0x1e, 0x10, 0xc, 0x20, 0x80,
    0xb, 0xff, 0x30, 0x7, 0xfc, 0xc1, 0x60, 0x1f,
    0xa, 0x26, 0xf0, 0xc, 0x40, 0x6c, 0x1, 0xde,
    0x17, 0x79, 0x80, 0x37, 0x1b, 0xc0, 0x8, 0x4,
    0xff, 0xff, 0x8, 0x1, 0xd2, 0x1c, 0x2a, 0xe5,
    0xdc, 0xcd, 0xce, 0xf0, 0xa0, 0xd8, 0x46, 0xb8,
    0x24, 0x42, 0x67, 0xa2, 0x14, 0x29, 0x66, 0x0,
    0x28, 0xbd, 0xff, 0xfe, 0xd0,

    /* U+8DB3 "足" */
    0x0, 0xa3, 0xff, 0xff, 0x82, 0x20, 0x1c, 0x21,
    0x11, 0xfe, 0x40, 0xf, 0xc2, 0xef, 0xfe, 0xc0,
    0xf, 0xff, 0x20, 0xbb, 0xff, 0xb0, 0x3, 0xe1,
    0x8, 0x8f, 0xf2, 0x0, 0x7d, 0x1f, 0xfc, 0xc1,
    0xff, 0xe1, 0x0, 0xf1, 0xb0, 0x7, 0xff, 0x1a,
    0xa4, 0x3, 0xff, 0x8c, 0xa6, 0x1, 0xdf, 0xfe,
    0xa0, 0xf, 0x19, 0x80, 0x3a, 0x23, 0xde, 0x1,
    0xcc, 0x0, 0x60, 0xc, 0xef, 0xe5, 0x0, 0xeb,
    0x27, 0x94, 0x0, 0xff, 0xe1, 0x31, 0x44, 0x12,
    0xe4, 0x80, 0x3f, 0xe4, 0x95, 0x50, 0x5c, 0x32,
    0x5, 0x4c, 0x3b, 0xf0, 0x87, 0x9d, 0x0, 0x4f,
    0xd2, 0x8e, 0xf4, 0x46, 0x91, 0xb, 0xc0, 0xe,
    0x16, 0xbd, 0xef, 0xfe, 0xe0,

    /* U+8DD1 "跑" */
    0x0, 0xff, 0xb, 0x88, 0x7, 0xe3, 0xcc, 0xf0,
    0x1, 0xa4, 0x40, 0x3f, 0x39, 0xa2, 0x4e, 0x60,
    0x8, 0x16, 0x6d, 0xa, 0x1, 0xd1, 0x16, 0x0,
    0x14, 0x1, 0x33, 0x9e, 0xc0, 0x3f, 0xeb, 0x5f,
    0xfe, 0x80, 0xf, 0x10, 0x88, 0x1, 0x43, 0x0,
    0x1d, 0xe0, 0x1e, 0xde, 0xe4, 0x6, 0x6, 0xff,
    0xdc, 0x1, 0xe4, 0xcc, 0x18, 0xe6, 0xb3, 0x85,
    0xd9, 0xc0, 0x3f, 0x19, 0x95, 0x46, 0x40, 0x2,
    0x44, 0x68, 0x7, 0xc9, 0xc0, 0x7, 0x0, 0xff,
    0x8c, 0x3, 0x8, 0x0, 0xff, 0xc0, 0x2, 0x33,
    0x10, 0x0, 0x40, 0x3f, 0xae, 0xc0, 0x41, 0x98,
    0x80, 0x1, 0x88, 0x7, 0xc8, 0x90, 0x10, 0xf7,
    0x49, 0x2a, 0xa0, 0xf, 0xfe, 0x1, 0x88, 0xc4,
    0x46, 0x80, 0xf, 0x9d, 0x1c, 0xc0, 0x3a, 0x2e,
    0x44, 0x40, 0x2, 0x8, 0x63, 0xba, 0x7f, 0x0,
    0xf8, 0xf8, 0x4a, 0x41, 0x1e, 0xbb, 0x50, 0x49,
    0x51, 0x3a, 0x44, 0x45, 0x9f, 0x90, 0xa2, 0x0,
    0x73, 0xab, 0xbe, 0x4b, 0x0,

    /* U+8DEF "路" */
    0x0, 0x11, 0x78, 0x2, 0x3d, 0x20, 0xf, 0x8f,
    0x77, 0xcc, 0x0, 0xa3, 0x20, 0xf, 0xeb, 0xdd,
    0x60, 0x4, 0x2c, 0x3f, 0xfa, 0x0, 0x39, 0x88,
    0x86, 0x1, 0x58, 0x3c, 0xca, 0x3, 0x80, 0x3f,
    0xe3, 0x50, 0x3, 0x33, 0x81, 0xc0, 0x39, 0x15,
    0x60, 0xed, 0x29, 0x72, 0x23, 0x40, 0x80, 0x74,
    0xd5, 0x40, 0x83, 0xcc, 0xb9, 0x82, 0x70, 0xc,
    0x7f, 0xe9, 0xf, 0xf6, 0x71, 0x85, 0x88, 0xb8,
    0x3, 0xc4, 0x1, 0xe1, 0x0, 0x50, 0x2, 0x4,
    0x3, 0x1e, 0x88, 0x0, 0x88, 0x20, 0x7a, 0xb7,
    0x8b, 0x88, 0x1, 0xfb, 0x76, 0x9c, 0x1c, 0x43,
    0xc1, 0xbb, 0x10, 0x7, 0xb3, 0xc, 0xe0, 0x59,
    0xdc, 0xc2, 0x0, 0x10, 0x7, 0x8c, 0xd5, 0xc6,
    0x51, 0x19, 0x46, 0xc0, 0x3f, 0xf8, 0xc, 0xdc,
    0x60, 0x1f, 0xc4, 0xce, 0x1, 0xff, 0xc2, 0x68,
    0xd, 0x9c, 0x0, 0xff, 0x8b, 0x2, 0xd, 0xab,
    0xac, 0x5, 0x57, 0x98, 0x40, 0x4, 0xb3, 0xba,
    0x95, 0x10, 0x1, 0x5, 0x56, 0x10, 0xd, 0x4c,
    0x40, 0x1e, 0xff, 0xfc, 0x0,

    /* U+8E0F "踏" */
    0x0, 0xff, 0xe0, 0xe3, 0x0, 0x79, 0x7f, 0xfa,
    0x80, 0x38, 0xe4, 0x3, 0xf4, 0xcc, 0x82, 0x46,
    0x64, 0x0, 0xea, 0xc0, 0x8, 0x59, 0xa3, 0xe,
    0xcc, 0x5a, 0x0, 0x16, 0x96, 0x80, 0x3f, 0xb7,
    0xa4, 0x10, 0xa, 0x96, 0xd8, 0x3, 0xf8, 0x45,
    0x4a, 0x0, 0xa0, 0x54, 0x0, 0xc3, 0xff, 0x38,
    0x1, 0x4e, 0x0, 0x2c, 0x55, 0x0, 0x49, 0x54,
    0x10, 0xa8, 0x3a, 0x82, 0x0, 0x8e, 0x6a, 0x44,
    0x5, 0x54, 0xea, 0xa2, 0xd7, 0x73, 0x38, 0x8,
    0x35, 0x3b, 0x1, 0xf8, 0x1, 0xcc, 0xdf, 0x0,
    0x3a, 0xec, 0x0, 0x5e, 0x70, 0xe, 0x2c, 0xe1,
    0xaf, 0x85, 0x7f, 0xfc, 0xc0, 0x1e, 0x4e, 0xd0,
    0x13, 0xaa, 0xf0, 0x8, 0x7, 0x84, 0x60, 0x3,
    0xaa, 0xf8, 0x3, 0xff, 0x82, 0x99, 0x9e, 0x0,
    0xf8, 0xd6, 0xbc, 0xc0, 0x13, 0x3e, 0x0, 0xce,
    0x16, 0xa0, 0xf0, 0x40, 0x8a, 0xbe, 0x0, 0xd6,
    0xc, 0xfb, 0xa7, 0x10, 0x45, 0x5f, 0x0, 0x68,
    0xcd, 0x82, 0x0, 0x9c, 0x2a, 0xbc, 0x1, 0x9c,
    0xc0, 0x3d, 0x9f, 0xff, 0x9c, 0x0,

    /* U+8E6D "蹭" */
    0x0, 0xff, 0x3b, 0x80, 0x24, 0xa1, 0x0, 0x2f,
    0xff, 0x58, 0x0, 0xa0, 0x80, 0x10, 0x22, 0x0,
    0x86, 0xee, 0x50, 0x1, 0xb0, 0xa1, 0xc1, 0xf1,
    0x88, 0x0, 0xd1, 0x2d, 0x4, 0xcc, 0xc, 0xe3,
    0x85, 0x64, 0x80, 0x7f, 0xf, 0x73, 0xc3, 0xba,
    0x30, 0x8, 0xd1, 0x2e, 0x0, 0x9e, 0x0, 0x28,
    0x90, 0xc, 0x37, 0x73, 0x0, 0x4c, 0xe2, 0x0,
    0x79, 0x0, 0x97, 0xfc, 0xaa, 0xfb, 0x0, 0xa5,
    0x1, 0x18, 0x40, 0x3f, 0xe1, 0x70, 0x20, 0xdf,
    0x72, 0x0, 0x36, 0x0, 0x73, 0xa6, 0x64, 0x87,
    0x98, 0x5d, 0x1, 0x0, 0x32, 0xff, 0x1d, 0x4c,
    0xfd, 0x4a, 0x1, 0x98, 0x2a, 0xc3, 0x77, 0xf5,
    0x0, 0x79, 0x56, 0x0, 0x1f, 0xff, 0x28, 0x7,
    0xff, 0x0, 0x8c, 0xf9, 0x80, 0x3f, 0xa, 0x88,
    0xe, 0x67, 0x18, 0x7, 0x1a, 0xab, 0xac, 0xc0,
    0xff, 0xf9, 0x40, 0x28, 0x3c, 0x16, 0xce, 0x20,
    0x34, 0x4f, 0x0, 0x48, 0xf9, 0xd2, 0x60, 0x1a,
    0xab, 0x84, 0x2, 0xb8, 0x30, 0xe, 0xcf, 0xee,
    0xef, 0xb0,

    /* U+8EAB "身" */
    0x0, 0xfe, 0xe8, 0x0, 0xff, 0xe2, 0x30, 0xe0,
    0x7, 0xff, 0x2, 0xff, 0xe9, 0xb, 0xff, 0xce,
    0x1, 0xf3, 0x94, 0xcf, 0xe0, 0xf0, 0xf, 0xcc,
    0xdf, 0xc0, 0x1f, 0xe4, 0xff, 0xfc, 0x1, 0xfe,
    0x2c, 0xcf, 0xc0, 0x1f, 0xe6, 0x33, 0xfc, 0x1,
    0x62, 0x80, 0x72, 0x7f, 0xfe, 0x0, 0x59, 0x38,
    0x7, 0x16, 0x67, 0xe0, 0x74, 0xa2, 0x0, 0xe6,
    0x33, 0xfc, 0x0, 0xa4, 0x0, 0x2e, 0x60, 0xd3,
    0x33, 0xdd, 0xe0, 0x8a, 0x1, 0xa, 0xa9, 0x98,
    0xab, 0xc6, 0x20, 0x3, 0x0, 0xc9, 0x33, 0xf5,
    0x28, 0x3f, 0x80, 0x7f, 0xf0, 0xe, 0xf1, 0xf6,
    0x0, 0x3f, 0xc2, 0xfb, 0x8f, 0x96, 0x40, 0x1f,
    0x89, 0xef, 0xa1, 0x33, 0x6, 0xcd, 0x38, 0x78,
    0x6, 0xe8, 0x9, 0xe9, 0x30, 0x6, 0x4c, 0xa1,
    0x18, 0x3, 0x6f, 0x5b, 0x8, 0x6, 0xaf, 0xfa,
    0xc4, 0x2,

    /* U+8F68 "轨" */
    0x0, 0xd0, 0xc0, 0x1c, 0x30, 0x20, 0x1f, 0xe7,
    0xf0, 0xe, 0x27, 0x30, 0xf, 0x95, 0x50, 0x6,
    0xab, 0x0, 0x7f, 0xf0, 0x2a, 0x8e, 0xb, 0x55,
    0x8, 0x7, 0xfd, 0xdc, 0x12, 0xee, 0xc4, 0xf0,
    0x16, 0xfa, 0x80, 0x18, 0x40, 0x6c, 0x94, 0x44,
    0x90, 0x80, 0xd0, 0x5c, 0x1, 0xcc, 0xd, 0x30,
    0x0, 0x7f, 0xb0, 0xef, 0x40, 0xf, 0x53, 0x0,
    0x7f, 0x8, 0x7, 0xcc, 0x5c, 0x88, 0x34, 0x40,
    0x0, 0x80, 0x3f, 0xa4, 0x22, 0xc4, 0x2e, 0xc2,
    0x1c, 0x40, 0x1f, 0xb3, 0x7b, 0x88, 0x3d, 0xc1,
    0x1, 0x60, 0xf, 0xc6, 0x42, 0x31, 0x8, 0x80,
    0xa, 0x60, 0x1f, 0xfc, 0x7, 0x38, 0xb4, 0x3,
    0xc0, 0xf, 0x86, 0x2b, 0x7c, 0x81, 0x45, 0x94,
    0x10, 0x3, 0xe1, 0x76, 0x49, 0x22, 0x6d, 0x17,
    0x28, 0x7, 0xac, 0x83, 0xf2, 0x59, 0xc4, 0x0,
    0x69, 0x20, 0x1e, 0x41, 0x0, 0xfe, 0xf4, 0x30,
    0xc, 0xca, 0x4, 0x1, 0xf9, 0xa, 0x80, 0x37,
    0x1d, 0x20, 0x80, 0x75, 0x60, 0x27, 0x8, 0x6,
    0x5f, 0xf5, 0x80,

    /* U+8F6C "转" */
    0x0, 0xd4, 0x80, 0x1f, 0x43, 0x80, 0x7e, 0x25,
    0x10, 0xf, 0x9f, 0xc0, 0x3c, 0xee, 0xe0, 0xd7,
    0x71, 0x2b, 0xba, 0x80, 0xdd, 0xe2, 0x1, 0x88,
    0x18, 0x3c, 0x41, 0xfa, 0x20, 0xa0, 0x91, 0x13,
    0x0, 0xff, 0x8a, 0x3f, 0xe5, 0xbf, 0xf2, 0x1f,
    0xfe, 0x40, 0x8, 0x88, 0x8a, 0x20, 0x1c, 0x96,
    0x1, 0xfa, 0x8c, 0x69, 0x40, 0xdd, 0xd8, 0x18,
    0xef, 0xc0, 0x13, 0x50, 0x6, 0x48, 0x81, 0x82,
    0x44, 0x70, 0x1, 0x45, 0x58, 0xc, 0x9f, 0xfc,
    0x2b, 0xff, 0xe0, 0x5, 0x6, 0x58, 0x46, 0xa8,
    0x18, 0xf8, 0x7, 0xed, 0xd7, 0x60, 0x4f, 0x28,
    0x58, 0x57, 0xfe, 0xe0, 0x8, 0x88, 0x22, 0x2,
    0x10, 0x6, 0xa4, 0x44, 0xa0, 0xc0, 0x1e, 0x10,
    0xe8, 0xa0, 0x5b, 0x77, 0x32, 0x22, 0x0, 0x3,
    0x39, 0xd8, 0xa, 0x64, 0x0, 0x82, 0xd, 0xa,
    0x0, 0x84, 0x96, 0x24, 0x2e, 0xd0, 0x4, 0x9b,
    0xe7, 0xa2, 0x1, 0xae, 0x59, 0x0, 0x38, 0xb2,
    0x0, 0x3f, 0xf8, 0xef, 0xa7, 0x8c, 0x1, 0xff,
    0xc4, 0x2c, 0x6f, 0x0, 0xf8, 0xbd, 0x0, 0x3f,
    0x4c, 0x80, 0x20,

    /* U+8F6F "软" */
    0x0, 0xff, 0xe6, 0x26, 0x90, 0x6, 0x4e, 0x30,
    0xf, 0xf6, 0x11, 0x0, 0x31, 0x89, 0x80, 0x7d,
    0x55, 0x38, 0x55, 0x4a, 0x1a, 0x40, 0x1f, 0x99,
    0x88, 0x0, 0x66, 0x88, 0x14, 0xbf, 0xfb, 0x80,
    0x19, 0x89, 0xf, 0xcc, 0x9c, 0x80, 0xe6, 0x70,
    0x18, 0x6, 0xb6, 0x13, 0x0, 0x94, 0x31, 0x9b,
    0x23, 0x80, 0x46, 0x6a, 0x6d, 0x0, 0xa9, 0x1,
    0x54, 0x0, 0x4c, 0x0, 0xa4, 0xcc, 0x1, 0x98,
    0xbc, 0x3a, 0x40, 0x81, 0x0, 0x6, 0xaa, 0x4c,
    0x14, 0x40, 0x32, 0x3, 0xb8, 0x5, 0x48, 0x0,
    0x80, 0xd6, 0x81, 0x76, 0x19, 0x0, 0x1a, 0x1,
    0xd0, 0x4, 0xfb, 0xdc, 0x70, 0xee, 0x38, 0x7,
    0xff, 0x0, 0x84, 0x5e, 0x23, 0x0, 0x46, 0x0,
    0x40, 0xf, 0xc3, 0xa2, 0xf2, 0xc0, 0xb, 0x3,
    0xe0, 0xc, 0x35, 0x9d, 0xc5, 0x9, 0x20, 0x0,
    0xb3, 0x25, 0x44, 0x2, 0x16, 0x6a, 0x94, 0x3a,
    0xd8, 0x20, 0x6d, 0x46, 0x80, 0x36, 0x54, 0x2e,
    0x88, 0x4, 0xed, 0x4, 0x16, 0x8e, 0x1, 0xff,
    0x44, 0x19, 0xc0, 0xa, 0xd1, 0x20, 0x1f, 0xc2,
    0x8f, 0x20, 0x1a, 0x5c, 0xc0, 0x3c, 0xfc, 0x3,
    0x90, 0x1, 0xe8, 0xa0,

    /* U+8F7B "轻" */
    0x0, 0x86, 0x88, 0x3, 0xff, 0x8a, 0x8a, 0x1,
    0x9e, 0xef, 0xdf, 0x0, 0x13, 0xba, 0x81, 0x5d,
    0xc6, 0x23, 0xe7, 0x2, 0x0, 0xa2, 0x0, 0x8,
    0x89, 0x1a, 0xab, 0x80, 0x6c, 0x2, 0xff, 0x4,
    0xff, 0xce, 0x1, 0xd6, 0x74, 0x20, 0x19, 0x1,
    0x18, 0x40, 0x38, 0x7d, 0x29, 0x0, 0x3b, 0x4c,
    0xd2, 0xa0, 0x19, 0x3c, 0x1, 0x84, 0x1, 0xcf,
    0x40, 0x1c, 0x55, 0x67, 0xb2, 0xfb, 0x22, 0x0,
    0x61, 0x37, 0xd, 0x46, 0xd5, 0x8d, 0x26, 0xe8,
    0x6c, 0x0, 0x48, 0x54, 0x83, 0x59, 0xc7, 0x38,
    0x6, 0x7e, 0xe0, 0x3, 0x75, 0xda, 0x13, 0xca,
    0x57, 0x55, 0xeb, 0x20, 0x1, 0x10, 0x4c, 0x8,
    0x40, 0x2, 0x32, 0xa8, 0x46, 0x0, 0xfd, 0xd0,
    0xaa, 0xbb, 0x85, 0xae, 0xe1, 0x1, 0x8a, 0xde,
    0x5, 0x40, 0xf, 0xfe, 0x0, 0xb0, 0xac, 0x5,
    0xe2, 0x80, 0x7f, 0xf0, 0x3a, 0xe1, 0x80, 0x3f,
    0xf9, 0x6b, 0x11, 0x85, 0xa2, 0x30, 0x7, 0xf7,
    0xbb, 0xe0, 0x3, 0xbe, 0x0,

    /* U+8F7D "载" */
    0x0, 0xc3, 0xa8, 0x1, 0x9e, 0x80, 0x80, 0x38,
    0x8c, 0xca, 0x5a, 0x66, 0x20, 0xe7, 0xf, 0xc0,
    0xd, 0x99, 0x58, 0x36, 0x64, 0x1, 0xbc, 0xb0,
    0x2, 0xef, 0xf7, 0x5, 0x7f, 0xb8, 0x4, 0x0,
    0x5a, 0x2, 0x0, 0x11, 0x8c, 0xc, 0x47, 0x88,
    0x44, 0x5a, 0x0, 0xee, 0xda, 0x13, 0xdd, 0x98,
    0x3b, 0xb8, 0x33, 0x75, 0x45, 0x5b, 0xbc, 0xc1,
    0xbb, 0xc0, 0x46, 0x6c, 0x24, 0x33, 0xc5, 0x80,
    0x64, 0xf2, 0x40, 0xdd, 0xc6, 0xe, 0xef, 0x30,
    0x10, 0x73, 0x80, 0x1f, 0x14, 0x2f, 0x33, 0xc2,
    0xe, 0x29, 0x40, 0x1, 0x34, 0x74, 0x6c, 0x33,
    0x88, 0x80, 0x72, 0x2c, 0x1, 0x58, 0xf2, 0xf0,
    0x32, 0xa8, 0x40, 0xb1, 0xd8, 0x3, 0x20, 0x4d,
    0x20, 0x4d, 0x50, 0x81, 0xd0, 0x64, 0x3, 0x7f,
    0xea, 0xe, 0xff, 0x18, 0x4, 0xc2, 0x1, 0x84,
    0x8d, 0x3c, 0x26, 0x55, 0x41, 0x50, 0xf0, 0x6,
    0x93, 0xf6, 0xea, 0x54, 0x8, 0x73, 0xf0, 0x4e,
    0x40, 0x48, 0x1f, 0xbf, 0xb6, 0x82, 0xe1, 0x20,
    0xf3, 0x87, 0x2c, 0x48, 0x4, 0x3, 0xe5, 0xc,
    0x22, 0x58, 0xac, 0x0, 0x79, 0x78, 0x41, 0xf4,
    0x80, 0x9, 0xbe, 0xc0,

    /* U+8F89 "辉" */
    0x0, 0xce, 0x1, 0xff, 0xc4, 0x41, 0x14, 0x10,
    0xb2, 0xff, 0xff, 0x70, 0x2, 0x10, 0x2, 0x48,
    0x0, 0x4c, 0xfc, 0xa0, 0x12, 0x60, 0x5, 0x88,
    0x0, 0x66, 0x60, 0x33, 0x58, 0x1, 0x62, 0x0,
    0x49, 0xe2, 0xa0, 0x4a, 0x1, 0x89, 0x0, 0xa,
    0x46, 0xc, 0x4a, 0x92, 0xbe, 0x6, 0xab, 0xd,
    0x0, 0x5, 0x80, 0x3, 0x0, 0x9, 0xa2, 0xa,
    0xae, 0x20, 0x5, 0x97, 0x4, 0x65, 0x85, 0x58,
    0x67, 0x67, 0xfc, 0x40, 0x1, 0x43, 0x52, 0x41,
    0x0, 0x7a, 0x1c, 0xe8, 0x7, 0xaa, 0xe, 0x86,
    0xa8, 0xa, 0x90, 0x1, 0xfe, 0xf7, 0x0, 0xea,
    0xc, 0xf7, 0x1f, 0xfa, 0x0, 0x21, 0x10, 0x7,
    0x54, 0xcc, 0x21, 0x33, 0x58, 0x4, 0x44, 0x0,
    0xe5, 0x66, 0xc2, 0xcd, 0x18, 0x4, 0xdc, 0x0,
    0x3a, 0x74, 0x4c, 0xa2, 0x89, 0x80, 0x2, 0x4a,
    0x3, 0x2d, 0xf7, 0x78, 0x82, 0xef, 0x18, 0x38,
    0x9a, 0x2, 0x64, 0x6e, 0xe5, 0xd, 0xdc, 0x61,
    0xc, 0xa, 0xf6, 0x0, 0x22, 0xe1, 0x22, 0xc0,
    0x6, 0x80, 0x18, 0x0, 0xff, 0xe1, 0x0,

    /* U+8F93 "输" */
    0x0, 0xa1, 0x80, 0x3e, 0x1b, 0x20, 0xf, 0xcb,
    0xc0, 0x1f, 0x72, 0x8, 0x7, 0x99, 0x84, 0x8c,
    0xc2, 0x0, 0xe, 0xa, 0x69, 0x80, 0x74, 0xc8,
    0xe, 0x64, 0xe0, 0x7e, 0x3f, 0x6f, 0x8e, 0x1,
    0xbe, 0x47, 0xfe, 0x49, 0xc5, 0xc1, 0x9, 0xa9,
    0xe6, 0x0, 0xbd, 0x8, 0xc2, 0x9c, 0x93, 0xbf,
    0xea, 0x4, 0xb1, 0x0, 0x26, 0x5c, 0x5, 0x7f,
    0xae, 0xfd, 0xb5, 0xa2, 0x4, 0x47, 0x0, 0x85,
    0x2b, 0x31, 0xe0, 0x88, 0x3e, 0x40, 0x5, 0x82,
    0xba, 0x20, 0x79, 0x95, 0x49, 0x87, 0xc0, 0x1c,
    0xc1, 0x62, 0x16, 0xa0, 0xdb, 0xa4, 0x7, 0x0,
    0xf6, 0x6f, 0x21, 0x72, 0x3, 0xcc, 0x90, 0x80,
    0x3e, 0x32, 0x12, 0x61, 0x0, 0xff, 0xe2, 0xaa,
    0x49, 0x83, 0xcc, 0x90, 0x80, 0x3e, 0x7b, 0xe3,
    0x2, 0x10, 0x7c, 0xc2, 0x10, 0x7, 0xd2, 0x12,
    0x49, 0x64, 0x5, 0x54, 0x3, 0x0, 0xfb, 0xad,
    0xd0, 0x3, 0x2b, 0x31, 0x5, 0x68, 0x3, 0xff,
    0x86, 0x2e, 0x2, 0xc4, 0x20, 0x1f, 0xfc, 0x1,
    0xe3, 0x0, 0x4e, 0x92, 0x80, 0x7f, 0x8, 0x9,
    0x1d, 0x85, 0xfe, 0x88, 0x0,

    /* U+8FC7 "过" */
    0x0, 0x8, 0x7, 0xfc, 0xd4, 0x1, 0xc5, 0xd0,
    0x1, 0xfe, 0xf4, 0x0, 0xe2, 0x87, 0x70, 0x7,
    0xff, 0x15, 0xdd, 0xa, 0x26, 0x7f, 0x28, 0x99,
    0x88, 0x3, 0x42, 0x8a, 0x66, 0x7c, 0x61, 0x98,
    0x90, 0xe, 0xa4, 0x46, 0x67, 0xc4, 0x19, 0x89,
    0x0, 0xf8, 0x4c, 0xfe, 0x41, 0x33, 0x10, 0x1,
    0x13, 0x8, 0xf, 0xb0, 0x7, 0xfd, 0x77, 0x88,
    0x5, 0xa4, 0xc0, 0x3f, 0xdd, 0xcb, 0x0, 0xd2,
    0x5c, 0x1, 0xfe, 0x11, 0x38, 0x7, 0x71, 0x38,
    0x7, 0xff, 0x14, 0xed, 0xc0, 0x3f, 0xf8, 0xc8,
    0x1, 0xff, 0xc7, 0x16, 0x55, 0x80, 0x3f, 0x40,
    0x50, 0x6, 0x19, 0xaa, 0x1c, 0x80, 0x70, 0xea,
    0x2b, 0x51, 0x0, 0x5d, 0xbd, 0xee, 0x1, 0x87,
    0xb, 0x2b, 0x1f, 0x72, 0xa2, 0x6a, 0x62, 0x6a,
    0xf0, 0x44, 0xd4, 0x60, 0x7b, 0x4c, 0xdf, 0x23,
    0xb9, 0x84, 0x2d, 0x40, 0x32, 0xd6, 0x77, 0x76,
    0xeb, 0x28, 0x0,

    /* U+8FCE "迎" */
    0x0, 0xff, 0x34, 0x0, 0x7f, 0x98, 0x3, 0x9b,
    0x64, 0x8d, 0x57, 0x41, 0x0, 0x12, 0x34, 0x80,
    0x1f, 0x2b, 0xb4, 0x95, 0x59, 0xd0, 0x0, 0x9e,
    0x3a, 0xa0, 0x8, 0x81, 0x0, 0x7, 0xfe, 0x0,
    0xe1, 0xc6, 0x10, 0x10, 0xf, 0xfe, 0x24, 0xa0,
    0x7, 0xff, 0x5f, 0xff, 0x0, 0x7f, 0xf1, 0x22,
    0xa, 0x1, 0xff, 0xc5, 0x77, 0x68, 0x7, 0xff,
    0x38, 0x98, 0x3, 0xff, 0x84, 0x22, 0x8d, 0xd4,
    0x0, 0x7f, 0xf0, 0xb0, 0x0, 0xf7, 0xc0, 0x16,
    0x70, 0x10, 0x7, 0xd1, 0xf, 0xa4, 0x0, 0xd1,
    0xc, 0x40, 0xf, 0x95, 0xc0, 0x3e, 0x46, 0x30,
    0xc, 0x90, 0x14, 0x40, 0x1f, 0xfc, 0x28, 0xb4,
    0xa1, 0xdc, 0x86, 0x54, 0x16, 0x55, 0x33, 0xb8,
    0x0, 0xad, 0x6b, 0x78, 0xcb, 0x35, 0x72, 0xf5,
    0x49, 0x8a, 0x0, 0x64, 0x80, 0x47, 0x5b, 0xfd,
    0xdd, 0xff, 0x68, 0x0,

    /* U+8FD0 "运" */
    0x0, 0x38, 0x6, 0x37, 0x7f, 0xe4, 0x0, 0x92,
    0x34, 0xc0, 0xb, 0x11, 0xfd, 0xc0, 0x12, 0x68,
    0xe3, 0x83, 0x7f, 0xff, 0x50, 0x6, 0x2c, 0x73,
    0x0, 0xff, 0xe3, 0x42, 0x0, 0x8f, 0xff, 0x0,
    0x3, 0xeb, 0xee, 0xff, 0xe0, 0x9, 0x7f, 0xe0,
    0x8b, 0xb8, 0x1, 0x57, 0x7e, 0x13, 0x88, 0x28,
    0x0, 0xd1, 0xe, 0x10, 0xa9, 0x8c, 0x89, 0x0,
    0xbb, 0xb0, 0x3, 0xa0, 0x18, 0x0, 0xb2, 0x1,
    0xff, 0xc0, 0x34, 0x81, 0x0, 0x4a, 0x28, 0x7,
    0xfd, 0xe4, 0xe0, 0x12, 0x22, 0x0, 0x3f, 0xd0,
    0x70, 0x48, 0xad, 0xe, 0x50, 0x1, 0xfc, 0xe1,
    0x5b, 0x75, 0x2e, 0x20, 0xe2, 0x1, 0xf9, 0xda,
    0x2b, 0x37, 0xfd, 0xba, 0x4, 0x0, 0x92, 0x42,
    0xce, 0x25, 0xd4, 0xc8, 0x2, 0x2d, 0x50, 0x5,
    0x59, 0xc3, 0xe6, 0xcb, 0xb3, 0x73, 0xc5, 0x40,
    0x83, 0xae, 0x3e, 0x5b, 0xa4, 0x4c, 0xf4, 0x3b,
    0x94, 0x43, 0x28, 0x2, 0x4a, 0xdf, 0xf7, 0x75,
    0xff, 0xb4, 0x0,

    /* U+8FD4 "返" */
    0x0, 0xff, 0xe1, 0x8a, 0x20, 0x2, 0x3d, 0x40,
    0x9, 0x71, 0xe2, 0xaf, 0x7f, 0xae, 0x8c, 0x0,
    0x63, 0x66, 0x0, 0xf3, 0x95, 0x61, 0x58, 0xad,
    0xe3, 0x0, 0xb4, 0xb4, 0x43, 0x43, 0xb7, 0x2a,
    0x1d, 0x48, 0x3, 0x87, 0xd0, 0x3, 0xff, 0x8c,
    0x54, 0x20, 0x15, 0x57, 0xda, 0xe0, 0x1f, 0xde,
    0x2, 0x3f, 0x17, 0x0, 0x4a, 0xb8, 0x0, 0x22,
    0xba, 0xbb, 0xde, 0x14, 0x0, 0x1a, 0xac, 0x0,
    0x33, 0xf, 0x48, 0x5, 0x26, 0x60, 0x0, 0xf7,
    0x1c, 0x2, 0x66, 0xd, 0x36, 0xc, 0x17, 0x80,
    0x61, 0x10, 0x6, 0x33, 0x2, 0xe9, 0x73, 0xc1,
    0x80, 0x7f, 0x18, 0x60, 0x0, 0x98, 0x0, 0x40,
    0x1f, 0xe9, 0x14, 0x1, 0xb7, 0x64, 0xa7, 0x0,
    0xfc, 0x6a, 0xc5, 0x1c, 0xb5, 0x36, 0xb1, 0x0,
    0xe, 0x60, 0x26, 0x86, 0x77, 0x72, 0x80, 0x29,
    0x88, 0x2, 0x1c, 0x10, 0xcd, 0x4, 0xf8, 0x0,
    0xe9, 0xa0, 0x0, 0xe1, 0x6f, 0xa5, 0xec, 0xbb,
    0x2a, 0x99, 0x8f, 0x13, 0x62, 0x20, 0xa2, 0x9,
    0xd5, 0x54, 0xca, 0xa9, 0x32, 0x86, 0x70, 0x10,
    0xd4, 0x0, 0x8a, 0x33, 0xbf, 0xfd, 0xdc, 0xb0,

    /* U+8FD8 "还" */
    0x0, 0x20, 0x7, 0xff, 0x18, 0x6f, 0x44, 0x9,
    0xdf, 0xfe, 0x50, 0x0, 0xe1, 0x60, 0xb4, 0x47,
    0xfd, 0x20, 0x11, 0xd9, 0x6a, 0x7f, 0xf3, 0x85,
    0x7f, 0xd8, 0x1, 0x92, 0x7c, 0x3, 0x85, 0xc9,
    0x40, 0x3f, 0x98, 0xc0, 0x3b, 0xc2, 0x80, 0x3f,
    0xf8, 0x8e, 0x20, 0x6a, 0x20, 0x18, 0xbf, 0xf0,
    0x6, 0x58, 0x0, 0xd, 0xe0, 0x80, 0x47, 0x10,
    0x30, 0xc, 0xb4, 0x54, 0x3, 0x87, 0x82, 0x0,
    0x17, 0x72, 0x0, 0x4f, 0x45, 0x82, 0x0, 0x2d,
    0x2c, 0x10, 0xf, 0xae, 0xb, 0x4, 0x3, 0x1d,
    0x96, 0x80, 0x7c, 0x6b, 0xa2, 0x1, 0xe4, 0xa5,
    0x0, 0xfa, 0x28, 0x3, 0xf9, 0x64, 0x3, 0xff,
    0x98, 0x40, 0x1f, 0xfc, 0x51, 0xa5, 0xc, 0x30,
    0xc, 0xe2, 0x1, 0xf1, 0x7a, 0xbd, 0x86, 0x6d,
    0x43, 0xac, 0x1b, 0xc4, 0x26, 0x4a, 0x61, 0x30,
    0x99, 0x6e, 0xf4, 0x4c, 0xa2, 0xe, 0xe6, 0x71,
    0x17, 0xb0, 0x4, 0x95, 0xbf, 0xee, 0xeb, 0xff,
    0x72, 0x0,

    /* U+8FDB "进" */
    0x0, 0x10, 0x7, 0x89, 0x80, 0x23, 0x50, 0xe,
    0x1d, 0xa0, 0xe, 0x49, 0x10, 0x5, 0x58, 0x7,
    0xd, 0x2c, 0x80, 0x7f, 0xf1, 0x56, 0x5a, 0x0,
    0xcd, 0xe0, 0xa6, 0x65, 0x13, 0x30, 0x80, 0x66,
    0x8a, 0x3c, 0xc3, 0x5, 0xe6, 0xc, 0x33, 0x12,
    0x1, 0xce, 0x47, 0x76, 0x50, 0x9b, 0xb1, 0x5,
    0xda, 0x80, 0x3f, 0x22, 0x30, 0x1d, 0x12, 0x14,
    0x41, 0x0, 0x26, 0x71, 0x0, 0x7f, 0xf0, 0xd1,
    0xe, 0xc2, 0x4, 0x4f, 0x3, 0x22, 0x84, 0x8a,
    0x0, 0x6e, 0xc0, 0x5, 0xdd, 0x30, 0x6e, 0xc8,
    0x1b, 0xac, 0x0, 0xf9, 0x2e, 0xc0, 0xb, 0xb8,
    0x42, 0xed, 0x40, 0x1f, 0xa, 0x20, 0x19, 0x12,
    0x71, 0x44, 0x80, 0x3f, 0x9c, 0x34, 0x3, 0xff,
    0x88, 0x90, 0x68, 0x1, 0xff, 0xc0, 0x90, 0xb0,
    0xf1, 0xe0, 0xf, 0xfe, 0x5, 0xaa, 0x9e, 0x2b,
    0x8, 0x3, 0x55, 0x80, 0x76, 0x26, 0x56, 0x37,
    0xdb, 0xaa, 0xe6, 0x37, 0x9a, 0x10, 0x5, 0x18,
    0x1f, 0x4a, 0xcd, 0x57, 0x4c, 0x3b, 0x84, 0x35,
    0x40, 0x33, 0xe7, 0x7f, 0xfd, 0xda, 0x0,

    /* U+8FDC "远" */
    0x1, 0x60, 0xc, 0x2c, 0xdf, 0xca, 0x1, 0x3c,
    0xe1, 0x0, 0xa, 0x67, 0xfa, 0x0, 0x26, 0xc1,
    0xd5, 0x3, 0xff, 0xfe, 0xd0, 0xc, 0x7a, 0x82,
    0x1, 0xff, 0xc6, 0xb4, 0x11, 0xff, 0xe0, 0x80,
    0x7d, 0xbd, 0xdf, 0xfc, 0x1, 0x2f, 0xfc, 0x1b,
    0xdc, 0xb0, 0x9e, 0x90, 0xbe, 0xe8, 0x4a, 0x20,
    0xa0, 0x1, 0x18, 0x0, 0xa2, 0x40, 0xc2, 0x30,
    0x1, 0xdd, 0x80, 0x1c, 0x40, 0x40, 0x1f, 0xfc,
    0x5f, 0x11, 0x0, 0x7f, 0xf1, 0x5d, 0x0, 0x3c,
    0x2c, 0x1, 0xfd, 0x3, 0x20, 0x1e, 0x39, 0x10,
    0xf, 0xa1, 0xd8, 0xc0, 0x33, 0x12, 0x0, 0x80,
    0x70, 0xeb, 0xac, 0x80, 0x4a, 0x17, 0xb2, 0xa0,
    0x11, 0xc8, 0x55, 0x2e, 0x80, 0x30, 0xed, 0xdd,
    0x40, 0x8, 0xc3, 0xa0, 0x88, 0x99, 0x51, 0x27,
    0x12, 0x37, 0x30, 0x56, 0xc5, 0xbc, 0x55, 0x4d,
    0x5d, 0xd5, 0x49, 0x89, 0x10, 0xc9, 0x0, 0x8e,
    0x77, 0xfb, 0xbb, 0xfe, 0xe2,

    /* U+8FDE "连" */
    0x0, 0xff, 0xe5, 0x41, 0x0, 0x7a, 0xa8, 0x1,
    0xfe, 0x5c, 0x10, 0xe, 0x53, 0x0, 0xff, 0x78,
    0xe8, 0x5f, 0xfc, 0xd, 0xff, 0xe3, 0x0, 0x8a,
    0x8d, 0xfe, 0x64, 0x0, 0x99, 0xf8, 0x80, 0x32,
    0xc3, 0x23, 0x28, 0x53, 0x28, 0x33, 0x61, 0x0,
    0xe7, 0x10, 0x4, 0xa, 0x85, 0x48, 0x7, 0xc2,
    0x38, 0x0, 0x88, 0xb0, 0xf, 0xf0, 0xf7, 0x60,
    0x5, 0x85, 0x7f, 0x98, 0x3f, 0xed, 0x0, 0xd,
    0xd9, 0x40, 0x27, 0x74, 0x44, 0x0, 0x88, 0xac,
    0x2, 0x44, 0x68, 0x5, 0x10, 0x77, 0x98, 0x1d,
    0xe6, 0x0, 0xff, 0xe8, 0x57, 0xff, 0x30, 0x7f,
    0xec, 0x0, 0xfb, 0xe2, 0x38, 0x1, 0x11, 0xa8,
    0x3, 0xe5, 0x77, 0xe6, 0x7, 0x7c, 0xc0, 0x1b,
    0x80, 0x3f, 0xf8, 0xd4, 0xc1, 0x66, 0x1, 0xff,
    0xc1, 0x1d, 0x57, 0xa6, 0xcd, 0x98, 0x76, 0x16,
    0x78, 0x99, 0x59, 0x80, 0x22, 0xb, 0xb4, 0xef,
    0x44, 0xbb, 0x43, 0xb3, 0x14, 0x87, 0x1c, 0x2,
    0x5a, 0xef, 0xf7, 0x75, 0xff, 0xb8, 0x40,

    /* U+9002 "适" */
    0x0, 0xff, 0xe1, 0xa, 0x41, 0x80, 0x4d, 0xa4,
    0x1, 0x22, 0xbc, 0x56, 0xff, 0x5b, 0x28, 0x4,
    0xe1, 0x84, 0x0, 0xfb, 0xa4, 0x12, 0x25, 0xf7,
    0x18, 0x2, 0x1c, 0xf, 0x0, 0x5f, 0x6e, 0x50,
    0x52, 0x8, 0x7, 0x87, 0x58, 0x40, 0x3f, 0xf8,
    0xa7, 0x63, 0xbf, 0xfb, 0x82, 0x3f, 0xf8, 0x3,
    0xe8, 0x99, 0xd0, 0x5, 0x33, 0xc0, 0x57, 0x75,
    0x2, 0xb3, 0x70, 0x53, 0x37, 0x0, 0x1d, 0xcc,
    0xa0, 0x1f, 0xfc, 0x32, 0xcc, 0x50, 0x4, 0x9f,
    0xf7, 0x4, 0x7f, 0xd2, 0x1, 0xff, 0x4e, 0x67,
    0x80, 0x3f, 0xf8, 0x2a, 0x67, 0xe1, 0x0, 0xff,
    0xea, 0x45, 0x57, 0x84, 0x3, 0xd8, 0x4, 0xc,
    0xe6, 0x45, 0xe7, 0xd0, 0xd, 0x28, 0x3a, 0xc5,
    0x11, 0xfc, 0x80, 0x15, 0xb5, 0xf5, 0x47, 0x4b,
    0x2a, 0x21, 0x54, 0xcf, 0x14, 0x20, 0xd4, 0x80,
    0xbd, 0x25, 0x15, 0x76, 0xaa, 0x4c, 0x30, 0x88,
    0x35, 0x40, 0x33, 0xdf, 0x7f, 0xfd, 0xd6, 0x0,

    /* U+9009 "选" */
    0x0, 0xfe, 0x10, 0x5, 0x30, 0x7, 0xcd, 0xc4,
    0x1, 0x93, 0x8c, 0x17, 0xc0, 0x3e, 0x73, 0xc3,
    0x0, 0xb8, 0x4c, 0x3, 0xfc, 0x38, 0x7a, 0x40,
    0x4a, 0x3f, 0xe0, 0x6f, 0xfc, 0x60, 0x10, 0xf9,
    0x80, 0x24, 0x2a, 0xec, 0x5, 0x77, 0x8c, 0x3,
    0x16, 0x91, 0xa5, 0x2a, 0x20, 0x11, 0x38, 0x3,
    0xf1, 0xf2, 0x80, 0x7f, 0xf0, 0x4, 0x8a, 0x7,
    0xdc, 0xc6, 0xe8, 0x1b, 0xb3, 0x30, 0x3, 0xf7,
    0x60, 0x24, 0x48, 0x88, 0xe0, 0x2a, 0x89, 0x0,
    0x36, 0xd8, 0x0, 0xb1, 0xa, 0xa, 0x89, 0x8,
    0x8c, 0x0, 0x34, 0xf0, 0xe, 0x50, 0x70, 0xf,
    0xfe, 0x2d, 0x19, 0x0, 0x70, 0xa0, 0x7, 0xf4,
    0x14, 0x80, 0x78, 0xec, 0x80, 0x3c, 0x54, 0xec,
    0xa0, 0x19, 0x11, 0x40, 0x40, 0x1e, 0xe5, 0x89,
    0x0, 0x90, 0x2a, 0xdd, 0x40, 0x22, 0x80, 0xda,
    0xe7, 0x0, 0xc5, 0xfb, 0xb5, 0x0, 0x1b, 0x42,
    0x52, 0x72, 0x59, 0x57, 0x32, 0x2d, 0x40, 0x86,
    0x9f, 0xb4, 0xea, 0xa4, 0xd5, 0x69, 0x94, 0x3b,
    0x8, 0x56, 0x8, 0x0, 0xa3, 0x7f, 0xdd, 0xd7,
    0xfe, 0xe0,

    /* U+901A "通" */
    0x0, 0xfc, 0x23, 0xfe, 0x0, 0x93, 0x4, 0x2,
    0xbe, 0xef, 0xf0, 0x80, 0x18, 0xb0, 0x40, 0x15,
    0xba, 0xcd, 0xdc, 0x81, 0x22, 0x0, 0x2c, 0x3c,
    0x10, 0x12, 0xbc, 0x86, 0x7f, 0x6d, 0x60, 0xc,
    0x5a, 0x50, 0x1, 0x4e, 0x5, 0xd0, 0xe9, 0x0,
    0x78, 0xf2, 0x41, 0xa6, 0x54, 0x66, 0x3, 0xf9,
    0xd3, 0x0, 0xe3, 0x0, 0x6a, 0x0, 0x46, 0x6,
    0xc0, 0x4c, 0x0, 0x55, 0xc0, 0x13, 0x4c, 0xc1,
    0x39, 0x32, 0x10, 0x1, 0x55, 0x62, 0x0, 0x27,
    0xfc, 0x13, 0xff, 0x8, 0x0, 0xbf, 0xd4, 0x1,
    0x8b, 0x76, 0x6, 0xdd, 0x80, 0x3f, 0xe6, 0x22,
    0x83, 0xc8, 0xa1, 0x0, 0xff, 0x27, 0xfc, 0x13,
    0xff, 0x8, 0x7, 0xf8, 0x73, 0x20, 0x5c, 0xc8,
    0x3, 0xfe, 0x53, 0x38, 0x30, 0xce, 0x10, 0xf,
    0xfe, 0x20, 0xaa, 0x84, 0x3, 0x2d, 0x7, 0x11,
    0xc, 0x2, 0x52, 0x8, 0x82, 0xa8, 0x1, 0x15,
    0x1c, 0x9a, 0x5e, 0xa8, 0x72, 0xeb, 0x10, 0xc7,
    0x20, 0x58, 0x71, 0x8d, 0x3a, 0xa5, 0xe6, 0x57,
    0x54, 0x99, 0x10, 0x63, 0x80, 0x45, 0x1b, 0xfe,
    0xee, 0xbf, 0xf7, 0x0,

    /* U+901F "速" */
    0x0, 0xff, 0x93, 0xcc, 0x3, 0xe5, 0xf4, 0x0,
    0xff, 0xe2, 0xaa, 0x5a, 0x4, 0xff, 0xeb, 0xc,
    0xff, 0xda, 0x1, 0x59, 0xd9, 0x55, 0x72, 0x83,
    0x55, 0x68, 0x0, 0xda, 0x4c, 0x6a, 0xbb, 0x82,
    0x95, 0x78, 0x3, 0xe, 0xa0, 0x77, 0xfd, 0x61,
    0x9f, 0xf8, 0x3, 0xfc, 0xd7, 0x67, 0x8, 0xbb,
    0x30, 0x6, 0xcc, 0xc6, 0x0, 0xe4, 0x46, 0x2,
    0x25, 0xc0, 0x19, 0xdc, 0x6, 0xc0, 0x1f, 0xfc,
    0x3b, 0xb7, 0x0, 0x68, 0xff, 0x58, 0x67, 0xfa,
    0x0, 0x3f, 0xd9, 0x95, 0x0, 0x53, 0x99, 0x0,
    0x7f, 0x11, 0x94, 0x8, 0xc, 0xa9, 0x98, 0x3,
    0xfc, 0x5e, 0x34, 0x1b, 0x13, 0x40, 0x1f, 0xe5,
    0xc2, 0xc0, 0x9, 0xed, 0x70, 0x3, 0xf4, 0x52,
    0x60, 0x7, 0x26, 0x12, 0x0, 0x47, 0xc1, 0x79,
    0x74, 0x1, 0xf1, 0xf2, 0x0, 0x1f, 0x2, 0x92,
    0xe2, 0xc, 0xa3, 0xc, 0xaa, 0x67, 0x70, 0x85,
    0xb6, 0x2d, 0x6a, 0xaa, 0x6a, 0x91, 0x55, 0x4c,
    0x58, 0x86, 0xc8, 0x4, 0x53, 0xbf, 0xee, 0xeb,
    0xff, 0x60, 0x0,

    /* U+9020 "造" */
    0x0, 0xfc, 0x4a, 0x3, 0x88, 0x1, 0xf1, 0xe1,
    0x0, 0x6b, 0x80, 0x33, 0x8, 0x7, 0xc4, 0x1a,
    0x60, 0x1, 0x66, 0x22, 0x3, 0xd1, 0x30, 0x4,
    0x3a, 0x5a, 0x41, 0x20, 0x97, 0x20, 0xb7, 0x78,
    0x40, 0x21, 0xc3, 0x12, 0x77, 0x7f, 0xb4, 0x27,
    0xff, 0x8, 0x6, 0x1d, 0x3b, 0x28, 0x0, 0xc6,
    0x1, 0xff, 0xc0, 0xb9, 0x33, 0x9c, 0x34, 0xcf,
    0x10, 0x7, 0xd9, 0x79, 0x95, 0x3, 0xe6, 0x6d,
    0x0, 0x77, 0x60, 0xfe, 0xef, 0xfe, 0x0, 0x2,
    0x64, 0x82, 0x2, 0x8, 0x9f, 0xc6, 0x20, 0x7,
    0x76, 0x0, 0x4b, 0x55, 0xfc, 0x80, 0x1f, 0xf6,
    0xff, 0xf7, 0x0, 0x7f, 0xfa, 0x77, 0xff, 0xb8,
    0x3, 0xc5, 0x1, 0x22, 0x9b, 0xbf, 0xce, 0x1,
    0x36, 0x9c, 0xaf, 0x52, 0x3b, 0x36, 0x77, 0x23,
    0x41, 0x6, 0xa6, 0xb6, 0x50, 0xc5, 0x5d, 0xea,
    0xa4, 0xc3, 0x18, 0x55, 0x80, 0x4b, 0x7d, 0xfd,
    0xdb, 0xff, 0x70, 0x80,

    /* U+9042 "遂" */
    0x0, 0xfc, 0x88, 0x0, 0xc2, 0xe2, 0x1, 0x96,
    0x80, 0x3b, 0x68, 0x40, 0x26, 0x83, 0x0, 0xc2,
    0xb6, 0x1, 0xa4, 0xec, 0x0, 0x32, 0xe4, 0x1,
    0x92, 0xd2, 0xc1, 0x59, 0xa4, 0x66, 0x78, 0xfb,
    0x31, 0x40, 0x24, 0xa4, 0x39, 0x88, 0x28, 0x4c,
    0x84, 0x26, 0x21, 0xc0, 0x19, 0x78, 0xf3, 0xb9,
    0xa4, 0x17, 0xfe, 0xe9, 0xab, 0x0, 0xe1, 0x0,
    0x25, 0x61, 0x80, 0x68, 0x81, 0x80, 0x44, 0x50,
    0x86, 0xd8, 0x6f, 0x85, 0x9d, 0x35, 0xb8, 0x0,
    0x77, 0x6f, 0xe, 0xe5, 0x6, 0x10, 0xe2, 0xfa,
    0x0, 0x43, 0x76, 0x50, 0x1, 0x9a, 0x75, 0x36,
    0x40, 0x16, 0x1, 0xc8, 0x82, 0x0, 0x16, 0x96,
    0x41, 0xc0, 0x32, 0x68, 0x80, 0x7e, 0x2e, 0xb3,
    0x7c, 0x72, 0x1c, 0xf, 0x20, 0xf, 0xc2, 0x9b,
    0x37, 0x6, 0x5, 0x87, 0x80, 0x1f, 0x36, 0x5b,
    0xfa, 0x8, 0xb8, 0x7, 0x28, 0x3, 0x84, 0x3d,
    0x76, 0x19, 0xf0, 0x5c, 0x0, 0x28, 0x1, 0x23,
    0x85, 0xda, 0x48, 0x95, 0x46, 0xc1, 0x0, 0xf4,
    0x5a, 0xe9, 0x6e, 0x3a, 0xcc, 0xbd, 0x91, 0x59,
    0xe0, 0x41, 0x5e, 0x8a, 0x75, 0x2a, 0x97, 0x7d,
    0x53, 0xa, 0x21, 0x90, 0x1, 0x14, 0x6f, 0xfb,
    0xba, 0xff, 0xda, 0x0,

    /* U+9047 "遇" */
    0x0, 0xf8, 0x8c, 0xff, 0x84, 0x3, 0x40, 0x80,
    0x55, 0x9b, 0xac, 0xc6, 0xed, 0x88, 0x1, 0x23,
    0xf9, 0x80, 0x47, 0xdc, 0xa0, 0xee, 0x78, 0x7,
    0x27, 0x16, 0x28, 0x0, 0x51, 0x1e, 0xa, 0x88,
    0x0, 0xf0, 0xe2, 0xe8, 0x0, 0xa2, 0xa, 0x11,
    0x9, 0x0, 0xfd, 0x50, 0x0, 0x3c, 0xc5, 0x6,
    0xe6, 0x80, 0x7f, 0xf0, 0xf, 0xfd, 0x41, 0xfe,
    0xe0, 0xe, 0xef, 0xf8, 0x1, 0x39, 0x93, 0x86,
    0x66, 0x40, 0x9, 0x98, 0x60, 0x2, 0x46, 0x68,
    0xc1, 0x59, 0x8a, 0xc2, 0x0, 0x89, 0xa0, 0x2,
    0x55, 0xdc, 0x81, 0x17, 0x69, 0x85, 0x0, 0xfe,
    0xee, 0xa8, 0x3a, 0x3b, 0x40, 0x3f, 0xf8, 0xb8,
    0xe0, 0x1f, 0xfc, 0x3, 0x9a, 0xa0, 0x6a, 0xc0,
    0x7, 0xff, 0x8, 0xa2, 0x63, 0x1, 0x80, 0x3c,
    0x20, 0x18, 0xe6, 0x1d, 0x94, 0xfd, 0x80, 0x39,
    0xa0, 0x37, 0xcc, 0x3, 0xc9, 0xfa, 0x4a, 0x0,
    0x99, 0x36, 0x23, 0x4, 0x32, 0xa2, 0x43, 0x10,
    0xa9, 0x0, 0x23, 0xc9, 0xce, 0xaa, 0xa6, 0xae,
    0xea, 0x88, 0x90, 0x1, 0x90, 0x1, 0x14, 0xef,
    0xfb, 0xbb, 0x7f, 0xd8, 0x0,

    /* U+90AE "邮" */
    0x0, 0xd1, 0xe0, 0x1f, 0xfc, 0xb6, 0xff, 0xe8,
    0x0, 0xff, 0xe0, 0xc4, 0x1c, 0x5, 0x3f, 0xe7,
    0xf, 0xfa, 0x0, 0x2, 0xee, 0xd0, 0xb1, 0xa,
    0xa1, 0x85, 0x50, 0x44, 0x1, 0xde, 0x64, 0x0,
    0x55, 0x58, 0xaa, 0x8c, 0x3, 0x85, 0x68, 0x3,
    0xff, 0x86, 0xe2, 0xc0, 0x1f, 0xfc, 0x3b, 0x70,
    0xc, 0x66, 0xd1, 0x33, 0x10, 0x7, 0x23, 0x88,
    0x5, 0x98, 0x50, 0xcc, 0x0, 0x7a, 0x4a, 0xc0,
    0x2e, 0xe3, 0x87, 0x70, 0x40, 0x3d, 0xa, 0x40,
    0x1, 0x17, 0x88, 0xc6, 0x1, 0xe4, 0x15, 0x0,
    0xff, 0xe2, 0x17, 0x0, 0x7f, 0xf1, 0x8, 0x40,
    0x6, 0x6d, 0x13, 0x31, 0x0, 0x64, 0x8b, 0x1d,
    0x0, 0x66, 0x14, 0x33, 0x0, 0x1c, 0xea, 0xf0,
    0xa0, 0xd, 0xdf, 0x8, 0x6, 0x3d, 0xc7, 0x7,
    0x62, 0x2f, 0x6d, 0x80, 0x7e, 0x29, 0x0, 0xf1,
    0x90, 0x7, 0xe0,

    /* U+90FD "都" */
    0x0, 0xe8, 0x20, 0xf, 0xfe, 0x33, 0xb8, 0x0,
    0x3c, 0x91, 0x33, 0xaa, 0x0, 0x2, 0xcd, 0x7,
    0x32, 0x48, 0x23, 0x3a, 0x24, 0xae, 0x40, 0x53,
    0x30, 0x24, 0xd3, 0xc0, 0x1, 0xf7, 0x62, 0x42,
    0x3, 0xff, 0x82, 0xbd, 0x49, 0x80, 0x39, 0x4a,
    0x0, 0x3f, 0x3a, 0x70, 0x7, 0xa5, 0xc, 0x7,
    0x77, 0x5, 0x40, 0x76, 0x90, 0x4, 0x87, 0x0,
    0x12, 0xae, 0x30, 0x3, 0xaa, 0x8c, 0x2, 0x84,
    0x30, 0x0, 0xc4, 0x5c, 0x6b, 0xf1, 0x10, 0x80,
    0x4e, 0xc4, 0x1, 0xd3, 0x21, 0xe4, 0x43, 0x88,
    0x6, 0xb6, 0xf0, 0x9, 0x35, 0x80, 0x6e, 0xe8,
    0x60, 0xe, 0xa2, 0x80, 0x4b, 0x0, 0x47, 0xfe,
    0x0, 0xf8, 0x59, 0x80, 0x95, 0xa3, 0x88, 0x98,
    0x3, 0xf6, 0x8, 0x81, 0x40, 0x9, 0x77, 0x80,
    0x3f, 0x18, 0x8, 0x6, 0x8f, 0xfc, 0x1, 0xc6,
    0xd1, 0x2, 0x0, 0xff, 0xe1, 0xbc, 0xb9, 0x70,
    0x7, 0x47, 0xfe, 0x0, 0xe4, 0xff, 0x61, 0x80,
    0x71, 0xdd, 0xe0, 0xf, 0xfe, 0x17, 0x62, 0x26,
    0xf7, 0xf, 0x90, 0xf, 0x0,

    /* U+914D "配" */
    0x1, 0x1f, 0xc0, 0x1f, 0xed, 0xee, 0xfc, 0x37,
    0xff, 0xe9, 0xe, 0xbb, 0x4, 0x82, 0xdd, 0x87,
    0x5d, 0xf8, 0x40, 0x6, 0x88, 0x7, 0x3f, 0x44,
    0x3, 0x44, 0x71, 0x80, 0x9, 0x54, 0xc, 0x7c,
    0xa6, 0x1, 0xfe, 0x7a, 0xa0, 0x40, 0x25, 0x48,
    0x7, 0xfc, 0x5e, 0x7c, 0x5e, 0xc0, 0x1f, 0xfc,
    0x31, 0x0, 0xe5, 0xe8, 0x8c, 0x40, 0x1c, 0x20,
    0x1e, 0xe1, 0x77, 0xc0, 0x1c, 0x4c, 0x1, 0xf1,
    0xff, 0xe2, 0x0, 0x8e, 0x78, 0x13, 0x58, 0x3,
    0xf4, 0xd8, 0x0, 0xfd, 0x42, 0x75, 0x80, 0x3f,
    0x21, 0x0, 0x9, 0x88, 0xb2, 0x80, 0x7f, 0xf0,
    0x77, 0x78, 0xc0, 0x3f, 0x84, 0x0, 0x5f, 0xfc,
    0xc0, 0x1f, 0x87, 0x8c, 0xc, 0x47, 0x8c, 0x3,
    0xf1, 0x0, 0x43, 0xdd, 0xca, 0x0, 0x13, 0x76,
    0x6a, 0x0, 0xc0, 0x1b, 0xbc, 0x80, 0x9, 0x28,
    0x99, 0x92, 0x1, 0x78, 0x8b, 0xae, 0x80, 0xf7,
    0xff, 0x9c, 0x0,

    /* U+9152 "酒" */
    0x0, 0x18, 0x7, 0xff, 0x15, 0x72, 0xc8, 0x97,
    0x7f, 0xfc, 0xa, 0x5, 0xb5, 0xd4, 0x0, 0xc8,
    0x80, 0x44, 0x0, 0x79, 0x39, 0xda, 0xef, 0x5,
    0xd8, 0x62, 0xee, 0xa0, 0xd, 0x0, 0x1f, 0xfc,
    0x84, 0xaa, 0x82, 0xa8, 0x31, 0x55, 0x20, 0x6c,
    0x88, 0x0, 0xd4, 0x44, 0x2, 0x20, 0x0, 0x89,
    0x4c, 0x15, 0xb9, 0x80, 0x3, 0x76, 0x1a, 0xb0,
    0xcb, 0xb0, 0x5, 0x1a, 0x62, 0x1, 0xc2, 0xe0,
    0x1f, 0xc5, 0x8e, 0x1, 0xa0, 0x88, 0x0, 0x44,
    0x80, 0x3f, 0x86, 0x1f, 0x80, 0xd, 0x37, 0x60,
    0xf, 0x51, 0x0, 0x58, 0x60, 0x9, 0xef, 0xf0,
    0x7, 0x2a, 0x84, 0x1, 0x8e, 0x89, 0xf0, 0x7,
    0x42, 0x18, 0x2, 0xef, 0xf8, 0x3, 0x31, 0x40,
    0x0, 0x7f, 0xff, 0x80, 0x21, 0x84, 0x30, 0xf,
    0xfe, 0x1c, 0xc, 0x80, 0x43, 0xdd, 0xfc, 0x1,
    0x6b, 0x90, 0x6, 0x88, 0xfe, 0x0, 0x92, 0x0,
    0x27, 0xf6, 0x6f, 0xef, 0x70,

    /* U+91CC "里" */
    0x0, 0x66, 0xef, 0xff, 0x4, 0x40, 0x31, 0xa,
    0xae, 0x22, 0x2a, 0xe1, 0x20, 0xf, 0x2c, 0x46,
    0x61, 0x88, 0xd6, 0x1, 0xf1, 0x91, 0x70, 0x91,
    0x6f, 0x0, 0xf9, 0x77, 0x72, 0x6, 0xee, 0x70,
    0xf, 0x97, 0x77, 0x20, 0x6e, 0xe7, 0x0, 0xf8,
    0xc8, 0xb8, 0x48, 0xb7, 0x80, 0x7c, 0x4a, 0xb9,
    0xc5, 0x57, 0x68, 0x7, 0xc9, 0x55, 0x84, 0x2a,
    0xb2, 0x80, 0x7b, 0xbf, 0xf9, 0x43, 0xff, 0xc2,
    0x1, 0xff, 0xca, 0x37, 0x7f, 0x28, 0x3b, 0xf9,
    0x80, 0x24, 0x88, 0xf0, 0x2, 0x23, 0xe0, 0x9,
    0xff, 0xfc, 0xa1, 0xff, 0xee, 0x0, 0xff, 0xe4,
    0x91, 0x7e, 0x70, 0x22, 0xfc, 0x1f, 0xbb, 0xf1,
    0x6, 0xef, 0xe0,

    /* U+91CD "重" */
    0x0, 0xff, 0xe0, 0x89, 0xa8, 0x80, 0x62, 0x77,
    0x44, 0xca, 0xb3, 0x7b, 0xfb, 0x2e, 0x40, 0x3a,
    0xf0, 0xcc, 0x4, 0x65, 0x76, 0xdf, 0xe8, 0x0,
    0x91, 0xa3, 0xfd, 0xdb, 0x80, 0x42, 0xc, 0x89,
    0x8c, 0x2e, 0xff, 0x1, 0x5d, 0xfd, 0xe1, 0xff,
    0xf8, 0x5b, 0xff, 0xec, 0x0, 0xbb, 0xff, 0x85,
    0xbf, 0xfb, 0x80, 0x3c, 0xdb, 0xb8, 0x13, 0x77,
    0x28, 0x7, 0xc2, 0x67, 0x80, 0x4c, 0xf8, 0x3,
    0xe7, 0xee, 0xc0, 0xbd, 0xd9, 0x80, 0x3e, 0x7f,
    0xfc, 0x2d, 0xff, 0x98, 0x3, 0xe7, 0xee, 0xc2,
    0xdd, 0xd9, 0x80, 0x3d, 0x98, 0xdd, 0xc0, 0x7b,
    0xbb, 0x30, 0x1, 0x84, 0x40, 0x1f, 0xfc, 0x1,
    0x10, 0x5, 0x19, 0x9e, 0x3, 0xcc, 0xf4, 0x0,
    0x53, 0xff, 0xe1, 0x6f, 0xff, 0x48, 0x0, 0x47,
    0xf8, 0xc4, 0x7e, 0x1, 0xee, 0xfc, 0xb, 0xdd,
    0xf8, 0x77, 0x7f, 0xf8, 0xb8,

    /* U+91CF "量" */
    0x0, 0x9f, 0xfb, 0xbf, 0xde, 0xe0, 0x1f, 0xbb,
    0xbf, 0xbc, 0x3, 0xfd, 0xdd, 0xfd, 0xe0, 0x1f,
    0xee, 0xef, 0xef, 0x0, 0xfc, 0x22, 0xee, 0xfe,
    0xf1, 0x10, 0x6, 0x33, 0x2e, 0xef, 0xff, 0x1,
    0x4c, 0xc0, 0xd, 0xdf, 0xfe, 0x30, 0x3, 0xb9,
    0x57, 0x7f, 0xfc, 0x1e, 0xe0, 0x6, 0x98, 0xcc,
    0xd5, 0x4c, 0xcd, 0x34, 0x1, 0xf3, 0xdd, 0xe1,
    0x2b, 0xbc, 0x80, 0x1f, 0x93, 0xbb, 0x9, 0x77,
    0x66, 0x0, 0xfc, 0x9b, 0xb8, 0x8f, 0x77, 0x30,
    0x7, 0xce, 0xec, 0xcc, 0x47, 0x99, 0x94, 0x80,
    0x3d, 0x79, 0x9c, 0x25, 0x99, 0xe0, 0xe, 0x5e,
    0xef, 0x9, 0x77, 0x79, 0x80, 0x32, 0xff, 0xf8,
    0xd3, 0xff, 0xcc, 0x0, 0x1f, 0xff, 0xc6, 0x9f,
    0xff, 0x84,

    /* U+91D1 "金" */
    0x0, 0xfe, 0x48, 0x0, 0xff, 0xe2, 0x95, 0xb8,
    0x7, 0xff, 0x10, 0xb0, 0x1, 0x60, 0x1f, 0xfc,
    0x25, 0xc0, 0xdc, 0x5d, 0x30, 0xf, 0xf0, 0xcd,
    0x17, 0x91, 0xf8, 0xe4, 0x0, 0x7c, 0x2f, 0xec,
    0xf8, 0x20, 0x1, 0xc7, 0x77, 0x30, 0x4, 0x53,
    0xd0, 0x4, 0x4a, 0xaf, 0x11, 0x94, 0xfc, 0x89,
    0x22, 0x2f, 0x45, 0x9a, 0x55, 0x33, 0x41, 0x98,
    0x52, 0x10, 0xdb, 0x43, 0xcc, 0xc2, 0xb9, 0x98,
    0xe, 0xac, 0x3, 0xff, 0x96, 0xce, 0xfe, 0x15,
    0x77, 0xf2, 0x80, 0x6d, 0x99, 0xf0, 0x2, 0x67,
    0xde, 0x1, 0xaf, 0xa7, 0x7b, 0xa1, 0x5e, 0xea,
    0x2f, 0xa8, 0x3, 0xdb, 0xc0, 0x1f, 0xc, 0xe8,
    0x7, 0xeb, 0x27, 0x0, 0xf5, 0x94, 0x0, 0x7e,
    0x17, 0xb0, 0xe, 0x35, 0xf0, 0xf, 0x34, 0xcc,
    0x2b, 0x32, 0x15, 0x9a, 0x6b, 0x99, 0x94, 0x1,
    0xac, 0xdf, 0x0, 0x19, 0xbe, 0xc0,

    /* U+9274 "鉴" */
    0x0, 0x10, 0x80, 0x39, 0xc0, 0x27, 0xa0, 0xf,
    0xec, 0x90, 0x0, 0xf8, 0x5, 0x26, 0x1, 0xff,
    0xc5, 0x81, 0x6e, 0xee, 0x90, 0xf, 0xf1, 0xb9,
    0xcc, 0x47, 0x68, 0x7, 0xf1, 0xe9, 0xe0, 0x5a,
    0xb3, 0x48, 0x1, 0xfc, 0x6f, 0xa0, 0xee, 0xc8,
    0x0, 0xf2, 0xf0, 0x6, 0x26, 0xe0, 0x1a, 0x97,
    0x90, 0xe, 0xb6, 0x0, 0x59, 0x68, 0x3, 0x54,
    0x1b, 0x60, 0x3, 0xe3, 0x9b, 0x49, 0xff, 0x55,
    0xf4, 0x8, 0x80, 0x21, 0x59, 0xec, 0x64, 0xb2,
    0x44, 0x1d, 0xaa, 0xb3, 0x65, 0x40, 0x16, 0x8d,
    0x94, 0xd1, 0x37, 0x69, 0x86, 0xcd, 0xa5, 0xf0,
    0x1e, 0xd8, 0x35, 0xdd, 0x81, 0xb7, 0x61, 0x27,
    0xca, 0x0, 0x89, 0x57, 0xc0, 0xea, 0xbe, 0x10,
    0xc, 0x91, 0x1e, 0x1, 0x88, 0xf2, 0x80, 0x66,
    0xd9, 0x7d, 0xd8, 0x1b, 0x75, 0xe3, 0xda, 0x80,
    0x1e, 0x65, 0x50, 0x7, 0xac, 0x8c, 0x3, 0xf1,
    0x31, 0x80, 0x70, 0xb5, 0x80, 0x7b, 0x7f, 0xe6,
    0x9f, 0xf0, 0x37, 0xf0, 0x57, 0xfd, 0x20,

    /* U+949F "钟" */
    0x0, 0x95, 0x80, 0x3f, 0x5b, 0x0, 0x7d, 0x7e,
    0x1, 0xf9, 0x38, 0x3, 0xcc, 0x20, 0xcd, 0x8,
    0x7, 0xfc, 0x32, 0xd, 0x33, 0x28, 0x7, 0xfd,
    0xa3, 0xff, 0xc8, 0xf3, 0x30, 0x3c, 0xcc, 0xc2,
    0x2b, 0x22, 0xe0, 0xa4, 0x22, 0x0, 0x8, 0x8f,
    0x83, 0xb3, 0xbb, 0xbc, 0x0, 0xb7, 0x60, 0x7b,
    0xb1, 0x0, 0x5d, 0x80, 0x99, 0xe0, 0x1f, 0xfc,
    0x12, 0x31, 0x33, 0x10, 0x7, 0xff, 0x4e, 0xfb,
    0x82, 0xfd, 0xc5, 0x6, 0x55, 0x3, 0x2a, 0x8c,
    0x1, 0xac, 0xc0, 0x3, 0x31, 0xcc, 0x6a, 0x80,
    0x35, 0x40, 0x9, 0xa2, 0x2, 0xf1, 0x2, 0x36,
    0xee, 0x2, 0xf7, 0x4, 0x3, 0xfd, 0x36, 0x22,
    0x2, 0x11, 0x64, 0x0, 0x7c, 0x22, 0x42, 0x0,
    0xf1, 0x10, 0x3, 0x85, 0xfd, 0xc0, 0x3f, 0xf8,
    0x22, 0x26, 0x87, 0x70, 0x7, 0xff, 0x7, 0x80,
    0xf6, 0x44, 0x3, 0xff, 0x83, 0x13, 0x84, 0x1,
    0xff, 0xc0,

    /* U+94A5 "钥" */
    0x0, 0x91, 0xc0, 0x3f, 0xf8, 0xb1, 0x80, 0x1c,
    0xdf, 0x99, 0xde, 0xc0, 0x5, 0x31, 0x66, 0x94,
    0x3c, 0x19, 0xb8, 0x38, 0x6, 0xc1, 0x66, 0x70,
    0x0, 0x6a, 0xb8, 0x2, 0xd0, 0xef, 0xfd, 0x80,
    0x1f, 0xe1, 0x15, 0x99, 0x16, 0x10, 0x0, 0xaa,
    0xf0, 0x0, 0x76, 0x37, 0x79, 0x80, 0x2a, 0xae,
    0x0, 0xdf, 0x80, 0xb9, 0x86, 0x0, 0xbf, 0xf8,
    0x3, 0x11, 0x86, 0x99, 0x84, 0x0, 0x20, 0x1f,
    0xfc, 0xfc, 0xff, 0x4, 0x7f, 0xa8, 0xc, 0x51,
    0x38, 0x2, 0xa8, 0x70, 0x18, 0x87, 0x80, 0x85,
    0xdf, 0x0, 0x4c, 0xf0, 0x12, 0xee, 0x50, 0x74,
    0xee, 0xe0, 0xf, 0xfe, 0x1, 0x98, 0x47, 0x80,
    0x3f, 0x98, 0x90, 0x30, 0x3, 0xfc, 0x21, 0x3d,
    0x3, 0xe2, 0x80, 0x1f, 0xee, 0x1, 0x9e, 0x64,
    0x60, 0x9, 0x1e, 0x3, 0xc0, 0x22, 0x4f, 0x70,
    0x83, 0x80, 0x8, 0x61, 0xcd, 0x40, 0x2d, 0xb0,
    0xb, 0x74, 0x1, 0x97, 0xfd, 0x84,

    /* U+94C3 "铃" */
    0x0, 0x99, 0x40, 0x3f, 0x51, 0x80, 0x7e, 0x82,
    0x0, 0xf9, 0xd5, 0x40, 0x1f, 0x38, 0xfb, 0xbc,
    0x1, 0xc, 0x85, 0x80, 0x78, 0xa0, 0x1e, 0x22,
    0x10, 0x5, 0x7, 0x1c, 0x80, 0x61, 0xf3, 0xff,
    0xe1, 0x7, 0x4b, 0x1a, 0x67, 0x0, 0x8c, 0x3c,
    0x8b, 0x8, 0x2c, 0x33, 0x82, 0x3c, 0x28, 0x0,
    0xb7, 0x37, 0x74, 0xbd, 0x24, 0xfd, 0x4, 0x25,
    0x38, 0x5, 0x98, 0x4, 0xcb, 0x95, 0xb0, 0xf5,
    0x80, 0xb4, 0xb0, 0x8, 0xcc, 0x26, 0x76, 0x50,
    0x0, 0xab, 0x40, 0x17, 0xa0, 0x1f, 0xc4, 0xb3,
    0x36, 0x62, 0x70, 0xc4, 0x1, 0xbf, 0xe1, 0x7f,
    0xf1, 0xea, 0x27, 0x39, 0xd0, 0x5, 0x73, 0x20,
    0x4, 0xc8, 0xa3, 0x77, 0x98, 0x20, 0x2, 0x66,
    0x85, 0xd9, 0x82, 0x1, 0xc4, 0xee, 0x10, 0xf,
    0xfe, 0xa, 0x0, 0x38, 0xa0, 0x3, 0xfc, 0x64,
    0xb, 0x75, 0x7, 0xc0, 0x1f, 0x84, 0xef, 0x1c,
    0x16, 0xd5, 0xd4, 0xc0, 0x3e, 0x60, 0x47, 0xb5,
    0x0, 0x26, 0x82, 0xa0, 0x7, 0xd2, 0x15, 0x88,
    0x1, 0x8b, 0xd2, 0xc4, 0x3, 0xdb, 0xea, 0x1,
    0xfa, 0xf0, 0x40, 0x20,

    /* U+94DB "铛" */
    0x0, 0xa2, 0x0, 0x1f, 0x15, 0x90, 0x7, 0xcd,
    0xe0, 0x19, 0x40, 0x2, 0x82, 0x0, 0x71, 0x0,
    0x38, 0xf3, 0xbc, 0x54, 0xc0, 0x1c, 0x50, 0x80,
    0x30, 0xd, 0x11, 0x2, 0xe8, 0x7, 0x20, 0x28,
    0x50, 0xff, 0xf1, 0x7a, 0x8, 0x6, 0xd5, 0x1,
    0x5d, 0x0, 0xf2, 0x2, 0x0, 0x42, 0x9e, 0x3,
    0xf1, 0xff, 0xac, 0x6, 0x1c, 0x2, 0x36, 0x50,
    0x0, 0xce, 0x2, 0x64, 0x94, 0xf5, 0xf8, 0x7d,
    0x84, 0xa0, 0x0, 0x8c, 0x70, 0xc8, 0x51, 0x21,
    0x21, 0x44, 0x31, 0x80, 0x61, 0xf0, 0x1, 0xee,
    0xfe, 0x0, 0xb7, 0xfc, 0xf, 0xfe, 0x10, 0xf,
    0xfa, 0xe2, 0x0, 0x8, 0x80, 0xa2, 0x7e, 0x0,
    0x99, 0xdc, 0x30, 0xee, 0xa, 0xbb, 0xf8, 0x3,
    0xfe, 0xef, 0xff, 0x80, 0x3f, 0x84, 0x3, 0xff,
    0x89, 0xb5, 0x82, 0x67, 0xf8, 0x3, 0x90, 0x54,
    0x79, 0x33, 0x3f, 0x0, 0x74, 0x6, 0x59, 0xa6,
    0x67, 0xe0, 0xe, 0xcf, 0x30, 0x0, 0x99, 0xfe,
    0xf7,

    /* U+94F6 "银" */
    0x0, 0x99, 0x80, 0x1f, 0xfc, 0x68, 0xe0, 0xd,
    0x5f, 0xdd, 0xea, 0x0, 0xce, 0x22, 0x77, 0x80,
    0x42, 0x67, 0x89, 0x80, 0x22, 0x80, 0x68, 0x88,
    0x41, 0x1d, 0xf9, 0x40, 0x37, 0x17, 0xff, 0x8,
    0x22, 0x7c, 0x1, 0x8, 0xa4, 0x8b, 0x80, 0x29,
    0x9e, 0x20, 0x8, 0x76, 0x37, 0x77, 0x80, 0x13,
    0x77, 0x98, 0x3, 0xba, 0xc1, 0xb3, 0xc0, 0x3f,
    0xf8, 0x44, 0x81, 0xe6, 0x40, 0x4, 0xaa, 0xe4,
    0x0, 0xff, 0xe1, 0x32, 0xa9, 0x98, 0x2a, 0x1,
    0x67, 0xf8, 0x27, 0xfc, 0x80, 0x99, 0x80, 0xcc,
    0xa8, 0x40, 0x13, 0x28, 0x2, 0x99, 0x28, 0x4,
    0x62, 0xa0, 0xb9, 0x0, 0x5, 0x67, 0xb, 0x66,
    0x8, 0x6, 0x79, 0x95, 0x3c, 0x80, 0x7f, 0xf0,
    0xac, 0xda, 0xe0, 0x3, 0xf8, 0x88, 0x1, 0x89,
    0x45, 0x40, 0x3f, 0x7d, 0x6a, 0x0, 0x64, 0x90,
    0xd1, 0x0, 0xe5, 0x6, 0x65, 0xb2, 0x23, 0x3e,
    0xde, 0x8f, 0xd0, 0x3, 0x40, 0x4e, 0x22, 0x0,
    0xf, 0x3a, 0x88, 0xc3, 0x80, 0xd, 0x9e, 0xc0,
    0x4, 0x9f, 0xb6, 0x20, 0x1, 0xee, 0x80,

    /* U+9501 "锁" */
    0x0, 0x95, 0x40, 0x1f, 0xe, 0x98, 0x7, 0xe8,
    0xd0, 0x8, 0x70, 0x80, 0xc9, 0xc0, 0x70, 0x80,
    0x26, 0x20, 0x66, 0x81, 0xb8, 0x3, 0xa4, 0x48,
    0x0, 0x32, 0xf, 0x33, 0x2d, 0x9b, 0x0, 0x44,
    0xf2, 0x1, 0x69, 0x7f, 0xf2, 0xb, 0x88, 0x4,
    0x8e, 0x80, 0x1, 0x14, 0x91, 0x70, 0x40, 0xf4,
    0x84, 0xf8, 0xc8, 0x0, 0x76, 0x37, 0x77, 0x83,
    0x34, 0x80, 0x4c, 0xd0, 0x6, 0xec, 0x5, 0xcf,
    0x0, 0x47, 0xfb, 0xbf, 0xd0, 0x1, 0xc4, 0x61,
    0x86, 0x40, 0x18, 0xf8, 0xc0, 0x3f, 0xf9, 0xd3,
    0xfe, 0x9, 0xff, 0x10, 0x7, 0xff, 0x3, 0x66,
    0x40, 0x53, 0x23, 0x0, 0xff, 0xe0, 0x23, 0x30,
    0x2d, 0x98, 0x20, 0x13, 0x1, 0x0, 0x7f, 0xf1,
    0x74, 0x4, 0x3, 0xff, 0x80, 0x60, 0x62, 0x27,
    0x60, 0x0, 0x90, 0x7, 0xd9, 0x78, 0x3a, 0xfa,
    0x39, 0xd0, 0xfa, 0x1, 0xcc, 0xa, 0x18, 0x2d,
    0xe5, 0xab, 0x6b, 0xd0, 0x1, 0xd2, 0x17, 0x60,
    0xe9, 0x4f, 0x30, 0x5d, 0x87, 0xe0, 0xd, 0x9e,
    0x80, 0x73, 0xb4, 0x20, 0x19, 0xfa, 0x80,

    /* U+9519 "错" */
    0x0, 0x99, 0x80, 0x1c, 0x38, 0x40, 0xc, 0x40,
    0xf, 0x47, 0x0, 0x71, 0x98, 0x40, 0x6, 0x20,
    0x1c, 0xc3, 0xec, 0xd0, 0x13, 0x83, 0x11, 0x3,
    0x48, 0x40, 0x3, 0x21, 0x13, 0x31, 0x6d, 0x5,
    0x6e, 0x81, 0xf6, 0x80, 0x1a, 0x3d, 0xff, 0x8b,
    0x68, 0x2b, 0x74, 0xf, 0xb4, 0x2, 0x54, 0x20,
    0x1c, 0x4e, 0xc, 0x44, 0xd, 0x21, 0x1, 0xc9,
    0xff, 0xd4, 0x1, 0xff, 0xc1, 0x25, 0x50, 0x1,
    0x76, 0x7f, 0x43, 0x3f, 0xc1, 0x5f, 0xe2, 0x0,
    0x45, 0x4, 0xd3, 0xd5, 0x7f, 0xc4, 0x1, 0xf8,
    0xd0, 0x47, 0xe6, 0x50, 0x5, 0xff, 0x82, 0x7f,
    0xc4, 0xd7, 0x7f, 0x70, 0x5, 0xd3, 0x20, 0x29,
    0x91, 0x80, 0x3f, 0xf9, 0x80, 0x32, 0xb3, 0x2,
    0xd9, 0x82, 0x1, 0xff, 0xca, 0xff, 0xe6, 0x0,
    0xff, 0x20, 0x5, 0x77, 0xc4, 0x1, 0xfb, 0x31,
    0x40, 0x12, 0x27, 0x80, 0x3c, 0x60, 0xaa, 0xc0,
    0x9, 0x57, 0x9c, 0x3, 0xdc, 0x1b, 0x24, 0x1,
    0x5d, 0xf0, 0x80, 0x7b, 0x7c, 0x80, 0x27, 0xee,
    0xf7, 0xe8, 0x0,

    /* U+952E "键" */
    0x0, 0x14, 0x88, 0x7, 0xe2, 0x90, 0xf, 0xa9,
    0xc4, 0x6, 0x65, 0x70, 0x24, 0x8c, 0x45, 0x0,
    0x67, 0x17, 0x72, 0x26, 0x3b, 0xd9, 0xd, 0xd6,
    0x0, 0x4a, 0x0, 0x88, 0x16, 0xe8, 0x7a, 0xbe,
    0xc7, 0xf0, 0x3, 0x43, 0xff, 0xce, 0xa, 0x8,
    0x96, 0x8a, 0x58, 0xa0, 0x38, 0x40, 0x7, 0x4b,
    0x1c, 0xc9, 0x82, 0x5c, 0x24, 0x5d, 0x3f, 0xf2,
    0xa1, 0xc9, 0x6e, 0xac, 0x77, 0x7, 0x44, 0x23,
    0x1, 0xf1, 0xec, 0x3b, 0x93, 0xd6, 0x3d, 0xa0,
    0x18, 0x4c, 0x74, 0xcc, 0x52, 0x41, 0x7b, 0x1,
    0xba, 0xc0, 0xf, 0xc3, 0xac, 0x84, 0x62, 0x20,
    0x11, 0x0, 0x47, 0xfe, 0x1a, 0xf8, 0x80, 0x2b,
    0x56, 0xc8, 0x6e, 0xc6, 0x5, 0x32, 0x3, 0x9b,
    0x45, 0x3c, 0xbe, 0xa0, 0xee, 0x8c, 0x5, 0x98,
    0x32, 0xc7, 0x74, 0xa, 0x65, 0xa0, 0x45, 0x80,
    0x3f, 0x30, 0x5, 0x98, 0x70, 0xcc, 0xac, 0x3,
    0xc4, 0x60, 0x11, 0x7f, 0xac, 0x7f, 0xe9, 0x0,
    0xc3, 0x7b, 0x76, 0x13, 0xf4, 0x0, 0xff, 0x50,
    0xd, 0xfa, 0xd6, 0x3d, 0xe7, 0x12, 0xa2, 0x40,
    0x18, 0xbd, 0xe2, 0x50, 0x27, 0x51, 0x8a, 0xae,
    0xd0, 0x1, 0x56, 0x81, 0xeb, 0x0, 0x45, 0x19,
    0xdf, 0xf6, 0x0,

    /* U+957F "长" */
    0x0, 0xd6, 0xa0, 0x1f, 0x8c, 0x3, 0xf2, 0x68,
    0x7, 0xcf, 0x90, 0x1, 0xff, 0xc3, 0x88, 0x24,
    0x0, 0x7f, 0xf0, 0x4b, 0x1d, 0xac, 0x3, 0xff,
    0x80, 0x31, 0xa5, 0x72, 0x1, 0xff, 0xc0, 0x8e,
    0x75, 0xf4, 0x0, 0xff, 0xe0, 0xe9, 0xe5, 0x8,
    0x7, 0xff, 0x9, 0x70, 0xc0, 0x3f, 0xb7, 0xfe,
    0x7, 0xff, 0xff, 0xb4, 0x29, 0xdc, 0xc0, 0x7,
    0x71, 0x1, 0xbb, 0xfa, 0x81, 0xe2, 0x12, 0xf,
    0x10, 0xd2, 0x78, 0x8f, 0x38, 0x7, 0xfa, 0xd1,
    0x40, 0x3f, 0xf8, 0x8c, 0x76, 0x40, 0x1f, 0xfc,
    0x4e, 0xf, 0x10, 0xf, 0xfe, 0x19, 0x51, 0x79,
    0x80, 0x7f, 0xc6, 0xf6, 0xa9, 0x81, 0x92, 0x20,
    0x1c, 0x60, 0xff, 0x90, 0xc, 0x7, 0xe8, 0xdd,
    0x62, 0x1, 0x60, 0x1, 0xef, 0xec, 0xc0, 0x3,
    0x76, 0x42, 0x10, 0xb, 0x37, 0xe1, 0x0, 0x3e,
    0x4b, 0x90,

    /* U+95E8 "门" */
    0x0, 0x49, 0x0, 0x42, 0x3f, 0xe0, 0x0, 0xbf,
    0x80, 0x23, 0xbb, 0xfd, 0x0, 0x3a, 0x56, 0x17,
    0x33, 0xfc, 0x1, 0x8e, 0x11, 0x8d, 0x9b, 0xf8,
    0x2, 0x52, 0x74, 0x30, 0xf, 0xfe, 0x0, 0xd2,
    0x5, 0xa8, 0x7, 0xff, 0xfc, 0x3, 0xff, 0xfe,
    0x1, 0xff, 0xfc, 0x46, 0x63, 0x87, 0x80, 0x7f,
    0xf0, 0xe, 0x65, 0x6, 0xc3, 0xec, 0x1, 0xfc,
    0xff, 0xf6, 0x8,

    /* U+95EE "问" */
    0x0, 0x8, 0x7, 0xff, 0x12, 0xb0, 0x40, 0xc,
    0xef, 0xfa, 0x38, 0x82, 0xcf, 0x0, 0x17, 0x11,
    0xf9, 0xc5, 0xc0, 0x70, 0xac, 0x37, 0xff, 0xf6,
    0x80, 0x62, 0xb2, 0x0, 0xff, 0xe0, 0x97, 0x22,
    0x24, 0x3, 0xff, 0x84, 0x22, 0x0, 0x47, 0xff,
    0x98, 0x3, 0xfc, 0x21, 0x33, 0x80, 0x40, 0x3f,
    0xe2, 0x66, 0xc0, 0x1f, 0xff, 0x72, 0xff, 0xc0,
    0x1f, 0xfc, 0x29, 0x9e, 0x40, 0xf, 0xf7, 0xb3,
    0x78, 0xc0, 0x3f, 0xcd, 0x20, 0x1f, 0xfc, 0xb3,
    0x77, 0x58, 0x7, 0xff, 0x8, 0x62, 0xc, 0x8a,
    0x1, 0xff, 0xc0, 0x2f, 0xfa, 0xc0,

    /* U+95F4 "间" */
    0x0, 0x10, 0x7, 0xff, 0x11, 0xf5, 0x0, 0xa,
    0xef, 0xfd, 0xa8, 0xe, 0x76, 0x61, 0xf1, 0x1f,
    0xc5, 0x80, 0xd, 0x1e, 0xa, 0xff, 0xfe, 0x0,
    0xc3, 0x98, 0x0, 0xff, 0xe0, 0x8f, 0x31, 0x8,
    0x8, 0xfc, 0x1, 0xe1, 0x10, 0x1, 0xfb, 0xbd,
    0xe0, 0x1f, 0xf0, 0xe6, 0x66, 0x0, 0xff, 0xe0,
    0x99, 0xe1, 0x0, 0xff, 0xe0, 0x91, 0x61, 0x0,
    0xff, 0xe0, 0xe, 0xee, 0x60, 0xf, 0xfe, 0x0,
    0xf7, 0x67, 0x0, 0xff, 0xe0, 0x88, 0xe0, 0xf,
    0xfe, 0x11, 0x9e, 0x10, 0xf, 0xfe, 0x0, 0xe6,
    0x66, 0x0, 0xff, 0x9f, 0xff, 0xdc, 0x1, 0xff,
    0xc6, 0x15, 0x50, 0x7, 0xff, 0xc, 0x6a, 0x85,
    0x40, 0x1f, 0xfc, 0x2f, 0xf6, 0x90,

    /* U+961F "队" */
    0x0, 0xff, 0x3d, 0x80, 0x7b, 0xff, 0xc8, 0x1,
    0x72, 0x80, 0x7c, 0xb3, 0x23, 0x6, 0x0, 0xff,
    0xe0, 0x6b, 0x30, 0xc, 0x80, 0x23, 0x0, 0xff,
    0x9, 0xc8, 0x7, 0x18, 0x7, 0xf4, 0x8a, 0x80,
    0x61, 0x10, 0x7, 0xf3, 0x30, 0x3, 0x90, 0xc0,
    0x3f, 0x9d, 0x84, 0x3, 0xff, 0x87, 0x27, 0x60,
    0x1e, 0x20, 0xf, 0xeb, 0x51, 0x0, 0x8, 0x1,
    0x0, 0x3f, 0x90, 0x14, 0x0, 0xa0, 0xc, 0x0,
    0xff, 0xe1, 0x68, 0x42, 0x80, 0x7c, 0x71, 0xc0,
    0xa0, 0x7, 0x46, 0x6, 0x0, 0xf0, 0xa8, 0x48,
    0x82, 0x8f, 0x9, 0xd0, 0x7, 0x8b, 0x71, 0x80,
    0x10, 0x2a, 0x12, 0x6a, 0x1, 0xfe, 0x82, 0x80,
    0x2, 0x9d, 0x88, 0x7, 0xe6, 0x74, 0x60, 0xb,
    0x87, 0x40, 0x3e, 0x99, 0x1d, 0x80, 0x62, 0xa3,
    0xd2, 0x0, 0xe1, 0x5c, 0x0, 0xf2, 0xd3, 0x17,
    0xb8, 0x5, 0x14, 0x1, 0xf9, 0x6c, 0x0,

    /* U+9633 "阳" */
    0x3d, 0xdd, 0xf6, 0xa, 0xef, 0xf8, 0x9c, 0x91,
    0x54, 0xe, 0x1d, 0x11, 0xf9, 0x0, 0x17, 0x16,
    0x10, 0x0, 0x4f, 0xfe, 0xd0, 0xf, 0x41, 0xa0,
    0x7, 0xff, 0x8, 0xd3, 0xc0, 0x3f, 0xf8, 0x72,
    0x66, 0x0, 0xff, 0xe1, 0xc9, 0x38, 0x7, 0xff,
    0xc, 0xee, 0xc, 0x0, 0x9f, 0xfd, 0xa0, 0x1e,
    0x53, 0x90, 0xa, 0x23, 0x98, 0x3, 0xe4, 0x70,
    0x2, 0x3b, 0xf5, 0x80, 0x7e, 0x30, 0xf, 0xfe,
    0xb, 0x3c, 0x3a, 0x0, 0x7f, 0xf0, 0x5a, 0x95,
    0x56, 0x1, 0xff, 0xc2, 0xdd, 0x50, 0x80, 0x7f,
    0xf2, 0x11, 0xdf, 0xac, 0x3, 0xff, 0x81, 0x11,
    0xcc, 0x1, 0xff, 0x27, 0xff, 0x68, 0x1, 0x34,
    0x80, 0x3a, 0xec, 0x1, 0xc5, 0xec,

    /* U+9636 "阶" */
    0x0, 0xff, 0xa7, 0x0, 0x3c, 0xdf, 0xfc, 0xe0,
    0x19, 0x8c, 0x3, 0xf4, 0x41, 0x80, 0x40, 0x27,
    0x0, 0x38, 0x7, 0xcc, 0xe2, 0xc, 0x0, 0x19,
    0x48, 0x81, 0x80, 0x7e, 0x66, 0x0, 0x56, 0x32,
    0xe7, 0xa4, 0x1, 0xe5, 0x18, 0x0, 0x3a, 0xc9,
    0x6, 0x9f, 0x88, 0x7, 0x4a, 0x88, 0x34, 0x33,
    0x0, 0x3, 0xe7, 0xe8, 0x1, 0xcc, 0x11, 0x2b,
    0x20, 0x18, 0xb0, 0x2c, 0x40, 0x2c, 0x1a, 0xa4,
    0x54, 0x98, 0x0, 0x64, 0x3e, 0xc4, 0x3, 0x4a,
    0x8b, 0x83, 0x28, 0x0, 0x99, 0x82, 0x80, 0x1c,
    0x82, 0x80, 0x1f, 0xfc, 0x6f, 0x0, 0xff, 0xe1,
    0x2b, 0xd0, 0xe8, 0x8, 0x18, 0x7, 0xf9, 0xe9,
    0xdc, 0xa0, 0x60, 0x20, 0x1f, 0xe2, 0xdd, 0x40,
    0x1, 0xc1, 0x80, 0x3f, 0xf8, 0x9c, 0x24, 0x1,
    0xff, 0xc3, 0x44, 0x30, 0x7, 0xff, 0xc, 0xa8,
    0x64, 0x3, 0xff, 0x86, 0xc1, 0xa2, 0x1, 0xfc,
    0xdc, 0x20, 0x12, 0x71, 0x80, 0x63, 0xf4, 0x0,
    0x80,

    /* U+9645 "际" */
    0x4f, 0xfe, 0x90, 0x34, 0x4f, 0xc0, 0x19, 0xe6,
    0x0, 0x2f, 0xbb, 0xfc, 0x1, 0xa9, 0x8c, 0x28,
    0x37, 0x7f, 0x80, 0x3d, 0xc4, 0x60, 0x24, 0x5f,
    0x80, 0x3c, 0xb6, 0x1, 0xff, 0xc4, 0x60, 0x70,
    0x58, 0x8f, 0xf0, 0x6, 0x40, 0x60, 0xc6, 0x69,
    0xde, 0x66, 0xc0, 0x18, 0xa6, 0x6, 0x7b, 0xaa,
    0xd, 0xee, 0xc0, 0x1c, 0xc0, 0xc0, 0x1f, 0xfc,
    0x53, 0xc0, 0x4a, 0x0, 0xc7, 0x60, 0x1f, 0x9c,
    0x1, 0xce, 0x1, 0x89, 0x18, 0x3, 0x91, 0x90,
    0xc1, 0x54, 0x1, 0x85, 0x28, 0x3, 0xba, 0x4e,
    0x54, 0x28, 0x3, 0xb8, 0xc8, 0x3, 0x57, 0xe0,
    0xca, 0x10, 0x7, 0x28, 0x50, 0x7, 0xca, 0x7e,
    0x1, 0xf2, 0xa0, 0x7, 0xc2, 0xa8, 0x1, 0xf6,
    0x38, 0x7, 0xc9, 0x40, 0xf1, 0x20, 0x60, 0x6,
    0xb0, 0xf, 0xf7, 0x39, 0x30, 0x80, 0x70,

    /* U+9664 "除" */
    0x0, 0xff, 0x87, 0xc, 0x3, 0x9b, 0xff, 0x84,
    0x3, 0x51, 0xb8, 0x7, 0xd5, 0x41, 0x1, 0x0,
    0x9d, 0x6, 0x88, 0x3, 0x85, 0x54, 0xe, 0x1,
    0x3c, 0x4f, 0x16, 0x18, 0x7, 0x8c, 0x68, 0x1,
    0x11, 0x30, 0x61, 0x62, 0x80, 0x75, 0x21, 0x12,
    0xde, 0x1c, 0x2, 0xc4, 0xaa, 0x8, 0x4, 0xfc,
    0x1c, 0xac, 0xe, 0xe9, 0x77, 0x63, 0x20, 0x6,
    0x3c, 0xd, 0xf0, 0x99, 0x43, 0x44, 0xca, 0xb8,
    0x40, 0x2f, 0x64, 0x11, 0x4f, 0x72, 0xc3, 0x7b,
    0x86, 0x1, 0xc4, 0xde, 0x1, 0xff, 0xc5, 0xc4,
    0x8f, 0xfd, 0x61, 0xbf, 0xf8, 0x40, 0x3d, 0x91,
    0x19, 0x1, 0xa2, 0x30, 0x80, 0xd, 0x64, 0x91,
    0xd5, 0xdd, 0xe1, 0x6e, 0x8e, 0xe0, 0x9, 0xa8,
    0x64, 0x1, 0x92, 0x1, 0x9b, 0xc, 0x3, 0x2f,
    0xea, 0x3, 0x8c, 0x0, 0x66, 0x4e, 0x0, 0xfc,
    0x50, 0xe2, 0x1, 0xd4, 0x52, 0x1, 0xf7, 0x94,
    0x0, 0x78, 0x61, 0x88, 0x3, 0xcb, 0xe0, 0xaa,
    0xc0, 0x30, 0x3, 0xc9, 0x0, 0x7a, 0x8, 0x3a,
    0x9d, 0x44, 0x2, 0x60, 0x6e, 0x0, 0xfa, 0xff,
    0xd4, 0x1, 0xe0,

    /* U+966A "陪" */
    0x0, 0xff, 0xad, 0x40, 0x3c, 0xdd, 0xd7, 0xf8,
    0x80, 0x33, 0xc8, 0x7, 0x84, 0x53, 0x22, 0x0,
    0x33, 0x61, 0x37, 0x66, 0x8c, 0x2, 0x77, 0x32,
    0x4, 0xce, 0x20, 0x89, 0x9a, 0xc0, 0x30, 0xa7,
    0x17, 0xbc, 0x7f, 0xed, 0x3c, 0x80, 0xc, 0xe2,
    0xa0, 0x14, 0x80, 0x6a, 0x32, 0x0, 0xea, 0x70,
    0xa, 0xc4, 0xc0, 0x26, 0x60, 0x80, 0x72, 0x38,
    0x80, 0xc, 0xc0, 0x12, 0x8d, 0x80, 0x7a, 0xe,
    0x27, 0xfc, 0x79, 0xfe, 0xa0, 0xdf, 0xf0, 0x80,
    0x6b, 0x6a, 0xaf, 0xfe, 0x0, 0x80, 0x65, 0x1,
    0x55, 0xff, 0x80, 0x3f, 0x37, 0xff, 0xea, 0x0,
    0xc4, 0xfe, 0x4, 0x21, 0x55, 0xe1, 0x10, 0x6,
    0x2a, 0xa, 0x0, 0x95, 0x7c, 0x60, 0x1e, 0xdc,
    0x50, 0xf, 0xfe, 0xef, 0xff, 0x88, 0x3, 0xff,
    0x81, 0x33, 0xe0, 0xf, 0xfe, 0xb, 0x37, 0x88,
    0x2, 0x7f, 0x0, 0xe7, 0xe0, 0xf, 0x6d, 0x80,
    0x0,

    /* U+96C5 "雅" */
    0x0, 0xff, 0xe0, 0x30, 0x88, 0x80, 0x38, 0xe2,
    0x35, 0x5c, 0x18, 0x24, 0x84, 0x70, 0x7, 0x33,
    0x72, 0xa3, 0x30, 0x39, 0x6, 0xcc, 0x80, 0x32,
    0xd3, 0x77, 0x20, 0x79, 0x49, 0x41, 0x5c, 0x69,
    0x54, 0x1, 0x69, 0x80, 0x7a, 0x41, 0x2a, 0x82,
    0xf5, 0x40, 0x9, 0x48, 0x3, 0x8d, 0x3, 0xfd,
    0xa1, 0x9f, 0xe0, 0x8, 0xfc, 0x3, 0xb8, 0x3,
    0xfe, 0x20, 0x32, 0x27, 0xa, 0x13, 0x0, 0x8c,
    0xe, 0x20, 0x13, 0x85, 0x6e, 0x98, 0x2c, 0xf0,
    0x3b, 0x98, 0x17, 0xd6, 0x0, 0x77, 0x55, 0x0,
    0x2a, 0xf0, 0x6, 0x62, 0x42, 0x72, 0x40, 0x5,
    0xa, 0xc0, 0xa2, 0xa6, 0x0, 0x33, 0x20, 0x29,
    0x90, 0x7, 0x72, 0xe8, 0x7, 0xff, 0x11, 0xca,
    0xc0, 0x3d, 0xfe, 0xd0, 0xcf, 0xb0, 0x8, 0xe2,
    0x44, 0x3, 0xd7, 0x68, 0x8, 0xb8, 0x0, 0xf,
    0x23, 0x0, 0x7c, 0x88, 0x50, 0x44, 0x18, 0xe,
    0x5, 0x80, 0x7f, 0xf1, 0x6, 0xf0, 0x59, 0x98,
    0x60, 0x1b, 0xfd, 0xa1, 0x9f, 0xe3, 0x6, 0x11,
    0x4c, 0x96, 0xc0, 0x34, 0x47, 0xc4, 0x1, 0xbf,
    0xdc, 0xc0, 0x19, 0xdf, 0xe1,

    /* U+96C6 "集" */
    0x0, 0xc3, 0x6c, 0x0, 0x6a, 0x0, 0xff, 0xe0,
    0xc2, 0x20, 0x0, 0x4a, 0xa0, 0xf, 0xf9, 0x58,
    0x26, 0xed, 0xe1, 0x57, 0x7d, 0x0, 0x18, 0xa8,
    0x18, 0x8a, 0x60, 0x52, 0x2e, 0xe0, 0x8, 0xb0,
    0x1, 0x77, 0xa8, 0x3a, 0xef, 0x43, 0x0, 0xf,
    0xd, 0x43, 0x77, 0x40, 0x5e, 0xee, 0xf0, 0x8,
    0xe3, 0x4c, 0x3f, 0xf5, 0x6, 0xff, 0xee, 0x0,
    0xcc, 0x1, 0x7f, 0xea, 0xd, 0xff, 0xdc, 0x1,
    0xfb, 0x77, 0x40, 0x5e, 0xee, 0xc0, 0xf, 0xc4,
    0x58, 0x41, 0x88, 0xb8, 0x3, 0xf7, 0xfe, 0x90,
    0xdf, 0xff, 0x30, 0x6, 0xe1, 0xdd, 0xc6, 0xfb,
    0xbf, 0x30, 0x1, 0x54, 0x56, 0xef, 0x8d, 0x9d,
    0xfe, 0x40, 0x5, 0x57, 0xe0, 0x1a, 0xaf, 0xa0,
    0x1, 0xff, 0xd8, 0x44, 0x1, 0x5, 0xef, 0xfd,
    0x80, 0x1c, 0x33, 0x8d, 0x82, 0xf8, 0xfc, 0xe0,
    0x1f, 0x1d, 0x73, 0xcd, 0x88, 0x0, 0xf6, 0x21,
    0xf2, 0x60, 0x3, 0xec, 0x57, 0xf6, 0x0, 0xf3,
    0xf3, 0xbb, 0x34, 0xd, 0xe7, 0xe0, 0x40, 0x3f,
    0xc, 0x75, 0xc0, 0x0,

    /* U+96F6 "零" */
    0x0, 0x3f, 0xff, 0xff, 0x8, 0x80, 0x33, 0xff,
    0xf8, 0x1b, 0xff, 0xc4, 0x1, 0x37, 0xff, 0xc0,
    0xdf, 0xff, 0x28, 0x0, 0x45, 0xdd, 0xe0, 0x5e,
    0xef, 0x9, 0x80, 0x76, 0x66, 0x1, 0x30, 0xcc,
    0xca, 0x1, 0x91, 0x87, 0x33, 0x8, 0x0, 0x73,
    0x32, 0x32, 0x80, 0xe, 0x1f, 0x33, 0xe, 0x50,
    0xe6, 0x6b, 0x83, 0x0, 0xcd, 0xff, 0x8e, 0x30,
    0xbf, 0xf5, 0x0, 0x78, 0x48, 0x81, 0x7a, 0xa1,
    0xe8, 0x64, 0x41, 0x0, 0xf0, 0xb6, 0x6a, 0xcc,
    0x72, 0x47, 0x5b, 0x10, 0x6, 0x7c, 0xe9, 0x6c,
    0xc2, 0x4e, 0xc7, 0x50, 0x4e, 0xf5, 0x8, 0x72,
    0xce, 0x40, 0x90, 0x59, 0x29, 0x3c, 0xdc, 0xbe,
    0x88, 0x4c, 0xbb, 0x37, 0x75, 0xd, 0x6e, 0xd7,
    0x92, 0xe0, 0x1a, 0x3f, 0xff, 0xa4, 0x5a, 0x80,
    0x3f, 0xe, 0xd3, 0x8, 0x36, 0xdd, 0x48, 0x7,
    0xf0, 0xf6, 0xdf, 0x7c, 0xae, 0xa0, 0x7, 0xfc,
    0x6f, 0xba, 0x41, 0x7a, 0x20, 0xf, 0xfe, 0x11,
    0x5f, 0x58, 0x80, 0x78,

    /* U+9700 "需" */
    0x5, 0xff, 0xff, 0xe1, 0x20, 0x1, 0x7b, 0xbc,
    0x27, 0xdd, 0xe4, 0x4, 0xdc, 0xcf, 0x9, 0xe6,
    0x7b, 0x60, 0x4e, 0x67, 0xc0, 0x33, 0x3e, 0x32,
    0x0, 0x23, 0xbe, 0x43, 0x44, 0x3b, 0xe4, 0x0,
    0xc3, 0xff, 0x88, 0x0, 0x7f, 0xf8, 0x40, 0xd7,
    0x87, 0x77, 0x10, 0x0, 0xf7, 0x70, 0xf4, 0x80,
    0x1f, 0xff, 0x10, 0x1, 0x3f, 0xf4, 0x0, 0x4,
    0xd3, 0x77, 0xf, 0xcb, 0xee, 0xeb, 0x33, 0x4e,
    0x67, 0xff, 0x13, 0x63, 0xff, 0xdc, 0x11, 0xff,
    0xf7, 0x0, 0x1d, 0xfb, 0x3, 0x9d, 0xfa, 0x90,
    0x0, 0x51, 0x57, 0x68, 0x20, 0x58, 0x85, 0xdc,
    0xbc, 0x1, 0xa7, 0x30, 0x6b, 0xf9, 0x41, 0xb9,
    0x82, 0x0, 0xff, 0xf3, 0x91, 0x98, 0x2, 0x2d,
    0x40, 0x6, 0x50, 0x1, 0x7c, 0x57, 0x3, 0x80,
    0x22, 0x0, 0xff, 0x3f, 0xf2, 0x0,

    /* U+9732 "露" */
    0x0, 0x11, 0x7f, 0xf0, 0x80, 0x33, 0x6e, 0xff,
    0xf0, 0x90, 0x2, 0x6f, 0xff, 0xb, 0x7f, 0xf9,
    0x0, 0xd, 0xdd, 0xf0, 0xb7, 0x77, 0xcc, 0x2,
    0x19, 0x9e, 0x4, 0xcc, 0xf0, 0x88, 0x2, 0x2c,
    0xcc, 0x62, 0x41, 0x99, 0x79, 0x0, 0x48, 0xc1,
    0xdd, 0x84, 0x0, 0x5d, 0xd6, 0x83, 0xa0, 0x1c,
    0x2f, 0x76, 0x0, 0x8b, 0xfb, 0xa4, 0x83, 0x0,
    0x18, 0x5d, 0xe3, 0xe9, 0x30, 0xbe, 0xe2, 0x80,
    0x68, 0xb9, 0x9a, 0xe0, 0x7, 0x82, 0xbf, 0xdd,
    0x0, 0x19, 0xf3, 0x27, 0x3, 0xf0, 0x6f, 0xf3,
    0x14, 0x80, 0x65, 0x88, 0x94, 0x26, 0xf9, 0x77,
    0x93, 0x4, 0x2, 0xe4, 0x17, 0x34, 0xea, 0x53,
    0x62, 0x17, 0x20, 0xd, 0x3b, 0x0, 0x78, 0x31,
    0x9a, 0x7b, 0xa3, 0xde, 0xa1, 0x1, 0x30, 0x3,
    0xc7, 0x7b, 0x3, 0x6e, 0x98, 0x5f, 0x4, 0x3,
    0xb3, 0x14, 0xfe, 0x1f, 0xf8, 0x31, 0x80, 0x31,
    0x85, 0xb4, 0x18, 0x7, 0xfa, 0x8a, 0x74, 0x1e,
    0x88, 0x2, 0xff, 0xc0, 0x18, 0xda, 0x6f, 0xbf,
    0x28, 0xc0, 0x1f, 0xf8, 0x3, 0x4c, 0x99, 0x4,
    0x3, 0x2f, 0x80, 0x6f, 0x50, 0x0,

    /* U+9752 "青" */
    0x0, 0xfc, 0xb0, 0x1, 0xfe, 0x13, 0x3f, 0x43,
    0x99, 0xfc, 0x1, 0x2e, 0x67, 0x88, 0x33, 0x3d,
    0xa0, 0x12, 0x7f, 0xf9, 0x87, 0xff, 0xdc, 0x1,
    0xa7, 0xff, 0x98, 0x7f, 0xfc, 0x20, 0x1a, 0xf3,
    0x38, 0xc3, 0x33, 0xc2, 0x0, 0x12, 0x1, 0x1e,
    0x70, 0x11, 0xf1, 0x10, 0x23, 0x77, 0xe4, 0xd,
    0xdf, 0xc1, 0x3d, 0xdf, 0xfc, 0x50, 0x0, 0x8b,
    0x3b, 0xbf, 0xe6, 0x11, 0x0, 0x63, 0x5c, 0xcf,
    0xe0, 0xf, 0xe1, 0x1f, 0xf0, 0x7, 0xf2, 0x6e,
    0xff, 0x0, 0x7f, 0x37, 0xff, 0xf0, 0x7, 0xf3,
    0x7f, 0xff, 0x0, 0x7f, 0x26, 0xef, 0xf0, 0x7,
    0xf1, 0x17, 0xf8, 0x3, 0xff, 0x86, 0x28, 0x85,
    0x0, 0xff, 0xe1, 0x8c, 0xd4, 0x23, 0x0, 0x40,

    /* U+9759 "静" */
    0x0, 0x8b, 0x8, 0x3, 0xa1, 0x80, 0x3c, 0x23,
    0x39, 0xb8, 0x8c, 0x2, 0xe0, 0x1f, 0x4f, 0x72,
    0x82, 0xbb, 0x96, 0x16, 0x13, 0xff, 0x8, 0x2,
    0x3f, 0xd8, 0x19, 0xfe, 0xa4, 0x59, 0xee, 0x12,
    0x8, 0x0, 0xfb, 0x98, 0x19, 0xdc, 0x7a, 0x46,
    0x14, 0x2a, 0x0, 0x8f, 0x75, 0x21, 0x3b, 0xa1,
    0x11, 0xbd, 0x50, 0x99, 0xc0, 0x2, 0x45, 0x1,
    0x14, 0xea, 0xf0, 0xa0, 0x51, 0x2, 0xe, 0xea,
    0xc2, 0xfb, 0x9f, 0x5f, 0xe0, 0x7f, 0xf0, 0x5,
    0xfd, 0xdf, 0x78, 0x7, 0xfd, 0xbd, 0xdd, 0xb1,
    0xff, 0x3, 0xff, 0x83, 0x54, 0x0, 0xdb, 0xb2,
    0x5, 0xe6, 0x40, 0x99, 0x80, 0xa4, 0x0, 0x28,
    0x8c, 0xc0, 0x46, 0x70, 0xe1, 0x98, 0x1c, 0x40,
    0x4f, 0xba, 0x20, 0x1, 0xa2, 0x6, 0xd1, 0x0,
    0x18, 0x5f, 0x76, 0x60, 0x5, 0xc4, 0x0, 0xe2,
    0x0, 0x18, 0x5f, 0xfe, 0x60, 0x4, 0x66, 0x6,
    0x33, 0xe, 0x60, 0x1, 0x5e, 0xe9, 0x0, 0x3f,
    0xa0, 0x40, 0x22, 0x11, 0x88, 0x3, 0xff, 0x88,
    0x26, 0x4e, 0x4, 0xaa, 0x10, 0xf, 0xf2, 0xe2,
    0xe8, 0x1d, 0x50, 0x94, 0x3, 0xd9, 0x0, 0x9f,
    0xcc, 0x3, 0xfe, 0xd2, 0x0, 0xe0,

    /* U+9762 "面" */
    0x67, 0x7f, 0xfe, 0x2d, 0x44, 0x7f, 0xf1, 0x27,
    0x3f, 0xfd, 0x81, 0x1f, 0xff, 0x70, 0x7, 0xc8,
    0xa, 0x1, 0xfc, 0xf1, 0x1e, 0xa, 0x88, 0xf3,
    0x80, 0x25, 0xd9, 0x8e, 0xe0, 0x3, 0x31, 0xdc,
    0xcc, 0x79, 0x0, 0x9f, 0xb8, 0xc7, 0xfe, 0xee,
    0x4, 0xf7, 0x18, 0x3, 0xff, 0x9c, 0x7f, 0xf8,
    0x3, 0xff, 0x85, 0x77, 0x80, 0x3f, 0xf8, 0x26,
    0x89, 0x80, 0x3f, 0xf8, 0x26, 0x89, 0x80, 0x3f,
    0xf8, 0x57, 0x78, 0x3, 0xff, 0x82, 0x7f, 0xf8,
    0x3, 0xff, 0x9e, 0xfb, 0xa6, 0x3d, 0xdc, 0x13,
    0xba, 0x61, 0x0, 0xca, 0xa7, 0x72, 0xae, 0x77,
    0x2a, 0x80, 0x39, 0xe2, 0x3f, 0xf8, 0xc, 0x20,

    /* U+97F3 "音" */
    0x0, 0xf8, 0x75, 0x80, 0x3f, 0xf8, 0x62, 0xd0,
    0x1, 0xfd, 0x9f, 0xfe, 0x41, 0xff, 0xf7, 0x0,
    0x22, 0x64, 0xad, 0x33, 0xe6, 0x39, 0x95, 0x80,
    0x11, 0x98, 0x2e, 0xcd, 0xe2, 0x36, 0x62, 0x80,
    0x77, 0x8a, 0x80, 0x62, 0x47, 0x0, 0xc8, 0x98,
    0x1, 0xe8, 0x9b, 0x3, 0x51, 0x35, 0x5d, 0xe0,
    0x5b, 0xbc, 0x21, 0x57, 0x75, 0x7f, 0x77, 0xff,
    0x13, 0xc4, 0x63, 0x3f, 0xfe, 0x0, 0x8c, 0x0,
    0x2d, 0xdf, 0xfe, 0x2, 0x80, 0x7a, 0x77, 0x7f,
    0x58, 0x7, 0xe3, 0x22, 0xfc, 0xe0, 0x1f, 0xab,
    0xff, 0xf6, 0x0, 0x7e, 0x6b, 0xbf, 0xd0, 0x1,
    0xfb, 0x11, 0x3f, 0x80, 0x3f, 0x7a, 0xaf, 0xeb,
    0x0, 0xfc, 0xb5, 0x5f, 0x9c, 0x3, 0xf5, 0x7f,
    0xfe, 0xc0, 0xf, 0x17, 0xa8, 0x7, 0xe3, 0xf5,
    0x0, 0x0,

    /* U+9879 "项" */
    0x0, 0xf9, 0xbf, 0xff, 0xe1, 0x7, 0x7f, 0x14,
    0xce, 0x0, 0x4c, 0xf0, 0x8a, 0x23, 0xc0, 0xcd,
    0x20, 0x3b, 0x37, 0x0, 0xf7, 0x14, 0x3b, 0x88,
    0x86, 0x66, 0x7, 0xb3, 0x48, 0x1, 0x8, 0x8c,
    0x4, 0x41, 0xf3, 0x21, 0x8, 0x99, 0xa0, 0x3,
    0xfe, 0x4f, 0xff, 0x20, 0x7, 0xff, 0xe, 0xac,
    0x3, 0xff, 0x8c, 0x2e, 0x1, 0xff, 0xe8, 0x53,
    0x0, 0xff, 0xe1, 0x13, 0x7, 0xd2, 0x80, 0x66,
    0x60, 0x7, 0x8f, 0x74, 0x3, 0x3c, 0xc0, 0x10,
    0x96, 0x80, 0x78, 0x45, 0x3d, 0xc6, 0x10, 0xbb,
    0x4, 0x3, 0x30, 0xaf, 0x0, 0x5, 0x8c, 0x20,
    0x1e, 0x86, 0x80, 0xad, 0x70, 0xf, 0xf9, 0x31,
    0xe1, 0xc7, 0x22, 0x16, 0x20, 0x1f, 0x27, 0x5b,
    0xe3, 0x80, 0x4f, 0x6b, 0x80, 0x1f, 0x24, 0xed,
    0x98, 0x7, 0x26, 0x48, 0x0,

    /* U+987A "顺" */
    0x0, 0x10, 0x6, 0x21, 0x0, 0xff, 0xe0, 0x16,
    0x90, 0x5, 0x8c, 0x9f, 0xff, 0xc2, 0x1, 0x85,
    0x80, 0x26, 0x55, 0x80, 0x8, 0xab, 0x8, 0x6,
    0x58, 0x0, 0x8a, 0xaa, 0x33, 0x5d, 0x54, 0x1,
    0xff, 0x23, 0x39, 0xbb, 0x34, 0x20, 0x1f, 0xf7,
    0xcc, 0x2, 0x4c, 0xc8, 0x1, 0xff, 0xc0, 0x5f,
    0xfd, 0xc0, 0x1f, 0xfc, 0x44, 0x90, 0xf, 0xc6,
    0x1, 0xfc, 0x4c, 0x1, 0xff, 0xce, 0x10, 0xf,
    0xfe, 0x3b, 0x80, 0x80, 0x7f, 0x8, 0x80, 0x3c,
    0x20, 0x1f, 0xf7, 0x98, 0x7, 0xc2, 0x1, 0xfe,
    0x36, 0x0, 0xf6, 0x90, 0x7, 0xd7, 0x44, 0x88,
    0xb1, 0xf5, 0x0, 0x1b, 0x0, 0x7f, 0x70, 0xe3,
    0x68, 0x80, 0x49, 0x80, 0x9c, 0x1, 0x8b, 0xf,
    0x4f, 0x3, 0xc8, 0xc, 0x1c, 0x3, 0xd3, 0xa3,
    0xa6, 0x3, 0x87, 0xc0, 0x78, 0x20, 0x1b, 0x9e,
    0xa9, 0xa4, 0x1, 0xe, 0x70, 0x0,

    /* U+9891 "频" */
    0x0, 0xe8, 0x60, 0xf, 0xfe, 0x31, 0xf0, 0x4,
    0xac, 0xdf, 0x20, 0x5, 0xca, 0x0, 0x11, 0xd1,
    0x33, 0xf7, 0x0, 0x79, 0x5b, 0xb9, 0x1b, 0xfe,
    0xa0, 0xef, 0xf5, 0x0, 0x79, 0x5f, 0xfd, 0x22,
    0x66, 0xb1, 0x23, 0x30, 0x7, 0xff, 0x1, 0xf3,
    0x2, 0x2c, 0xc8, 0x80, 0xe4, 0x6e, 0x51, 0xe6,
    0x60, 0x1f, 0xfd, 0x80, 0x13, 0x28, 0x1b, 0x80,
    0xaa, 0xc2, 0x0, 0x4f, 0x0, 0xe5, 0xcf, 0xda,
    0xf, 0xcc, 0x84, 0x3, 0xfe, 0xa7, 0x0, 0xcc,
    0xc0, 0xf, 0xf8, 0x54, 0xc0, 0x35, 0xf0, 0x4,
    0x22, 0x0, 0xf3, 0xa, 0x0, 0x48, 0x56, 0x1,
    0x19, 0x80, 0x38, 0xa2, 0x40, 0x34, 0x19, 0x80,
    0x2e, 0x60, 0xe, 0x37, 0x70, 0x39, 0x49, 0xc0,
    0x6, 0x32, 0x0, 0xe1, 0x80, 0x1, 0xcb, 0xb9,
    0x1, 0xf4, 0x53, 0xcc, 0xd8, 0x40, 0x1c, 0xd6,
    0x90, 0x0, 0x13, 0x81, 0xc, 0x73, 0x0, 0xc7,
    0x72, 0xd6, 0x1, 0xc, 0xb5, 0x35, 0xc5, 0x0,
    0x59, 0x86, 0xb9, 0x0, 0xa7, 0x9e, 0xd0, 0x13,
    0x53, 0x0, 0x13, 0x7a, 0x80, 0x1b, 0x2b, 0x90,
    0x2, 0x2f, 0x80,

    /* U+9898 "题" */
    0x0, 0xff, 0xe5, 0x77, 0xff, 0x70, 0xff, 0xff,
    0x0, 0x68, 0xee, 0x9c, 0x6, 0xee, 0x10, 0xbb,
    0xc0, 0x1b, 0xcc, 0xe0, 0x9, 0x12, 0x7, 0x44,
    0xc0, 0x19, 0xf3, 0x27, 0x0, 0x1c, 0x50, 0x94,
    0x44, 0x1, 0xd1, 0xdd, 0x40, 0x1, 0x1b, 0x63,
    0x7c, 0x5c, 0x3, 0xa3, 0xfe, 0x80, 0x8, 0xdd,
    0x31, 0xf0, 0x3, 0xb3, 0x77, 0xb0, 0x3, 0x32,
    0x0, 0x70, 0x98, 0x8f, 0xc4, 0x1, 0x18, 0x80,
    0x72, 0xe6, 0x7e, 0x90, 0xb, 0x88, 0x3, 0x93,
    0xfe, 0xb0, 0xff, 0xac, 0x2, 0x26, 0x0, 0xfa,
    0xa4, 0x3, 0xf9, 0x30, 0x3, 0xe1, 0x10, 0x3,
    0xfe, 0x52, 0x44, 0xa, 0x2b, 0x28, 0x6, 0x47,
    0x0, 0x5e, 0x61, 0x16, 0x25, 0x86, 0xe2, 0xc0,
    0x3c, 0x60, 0x86, 0x61, 0x4f, 0x19, 0x3f, 0x7f,
    0x20, 0x2, 0x85, 0x40, 0x8, 0x2, 0xad, 0xb0,
    0x0, 0x38, 0x92, 0x0, 0x95, 0x55, 0x87, 0x53,
    0xed, 0x61, 0x9f, 0x77, 0x83, 0x1c, 0x2, 0x7d,
    0x1d, 0xcd, 0x5e, 0x67, 0x5c, 0x3, 0x69, 0x0,
    0x4b, 0x39, 0xdf, 0xff, 0xb0, 0x0,

    /* U+989C "颜" */
    0x0, 0xc7, 0xa2, 0x1, 0xff, 0xc5, 0x33, 0x30,
    0x5, 0x17, 0x7f, 0x50, 0x2, 0x7f, 0xe1, 0x8f,
    0xf7, 0x6e, 0x60, 0xd0, 0x33, 0x1a, 0x0, 0xaa,
    0x1d, 0x5d, 0xa1, 0x69, 0x5d, 0xd8, 0x36, 0xef,
    0x0, 0xd, 0x48, 0x88, 0x8d, 0x14, 0x16, 0x65,
    0x83, 0x34, 0x20, 0x1a, 0x70, 0x9, 0x60, 0x16,
    0x68, 0xca, 0xa9, 0x2a, 0x0, 0x3f, 0x85, 0xed,
    0xd, 0xc0, 0x1c, 0xc4, 0xe6, 0x0, 0x3d, 0x17,
    0x6a, 0x96, 0x80, 0xd, 0x44, 0x1, 0xf2, 0xac,
    0x10, 0x68, 0x1, 0x8, 0x18, 0x7, 0xe6, 0xda,
    0x9b, 0x0, 0xff, 0xe1, 0x54, 0x2f, 0x3b, 0x84,
    0x2, 0x30, 0x10, 0xe, 0x70, 0x9e, 0x82, 0xdb,
    0x0, 0xc2, 0x1, 0xfc, 0x22, 0x9c, 0x7c, 0x10,
    0x9, 0x88, 0x3, 0xc4, 0x13, 0xc9, 0x74, 0xe8,
    0x1, 0x6b, 0x80, 0x78, 0x45, 0x54, 0xd4, 0x88,
    0x12, 0xe8, 0x2e, 0x10, 0x62, 0x0, 0x35, 0x4d,
    0x4f, 0x1e, 0x98, 0x4e, 0xd, 0xfe, 0xc8, 0x2,
    0x73, 0x5b, 0xc7, 0xd5, 0x1, 0x97, 0xa1, 0xc7,
    0xc2, 0x3, 0x2c, 0x80, 0xbb, 0x10, 0xd7, 0x2e,
    0x20, 0xe, 0x3e, 0x1, 0xd2, 0x6d, 0xa0, 0x0,
    0x77, 0x30, 0x60, 0x1a, 0xa8, 0x0,

    /* U+98CE "风" */
    0x0, 0xa7, 0xff, 0xff, 0x81, 0x40, 0x1e, 0x30,
    0x77, 0xff, 0x0, 0x80, 0x7c, 0x31, 0x1f, 0xe3,
    0x0, 0xff, 0x8, 0x7, 0x72, 0x80, 0x7f, 0xf0,
    0x3e, 0xc0, 0x26, 0x14, 0x0, 0xff, 0xe0, 0x52,
    0x48, 0x2, 0x94, 0x40, 0x3f, 0xf8, 0x9, 0x2c,
    0xc3, 0x37, 0x0, 0x7f, 0xc6, 0x0, 0x65, 0x9c,
    0x34, 0x0, 0x38, 0x7, 0xc2, 0x20, 0xa, 0x80,
    0x10, 0x1, 0xff, 0x33, 0x80, 0x42, 0x0, 0xf0,
    0xf, 0xf8, 0x88, 0x1, 0x50, 0xba, 0x30, 0x0,
    0x5c, 0x3, 0x84, 0x38, 0x1, 0x9, 0x50, 0x92,
    0x40, 0x62, 0x1, 0xce, 0x8, 0xe, 0xe6, 0x40,
    0xa1, 0xe0, 0x13, 0x1, 0x0, 0xb0, 0xe, 0x61,
    0x64, 0x0, 0x36, 0x6f, 0xc2, 0x10, 0x80, 0x2a,
    0xa0, 0xc6, 0xa0, 0xc, 0xb2, 0xca, 0x8, 0x42,
    0x10, 0x12, 0xb, 0x20, 0x1e, 0x61, 0x31, 0x95,
    0x60, 0x2, 0x18, 0x7, 0xff, 0x2, 0x8c, 0x8c,
    0x26, 0xc0, 0x3f, 0xf8, 0x29, 0xd8, 0x0,

    /* U+98DE "飞" */
    0x89, 0x9f, 0xef, 0xa0, 0xf, 0x2b, 0x37, 0xf0,
    0x28, 0x7, 0xb7, 0xff, 0xf9, 0xc0, 0x33, 0xe9,
    0x0, 0x7f, 0xbc, 0x2, 0x68, 0x52, 0x0, 0xff,
    0x8, 0xb, 0xcb, 0xc0, 0x7, 0xfc, 0x61, 0x51,
    0x30, 0x1, 0xff, 0xc2, 0x4a, 0x60, 0xf, 0xfe,
    0xb, 0x0, 0x29, 0xc0, 0x3f, 0xf8, 0x22, 0x12,
    0xf1, 0xa6, 0x1, 0xff, 0x10, 0x74, 0x68, 0xe2,
    0x80, 0x7f, 0xc4, 0x40, 0x2c, 0x74, 0x0, 0xff,
    0x9d, 0x0, 0x28, 0x10, 0xf, 0xfb, 0x44, 0x80,
    0x6, 0xe0, 0x1f, 0xf3, 0x5, 0x80, 0x1e, 0x0,
    0x3f, 0xe1, 0x56, 0x30, 0x22, 0x0, 0x7f, 0xf0,
    0x2c, 0x72, 0x61, 0x0, 0x3f, 0xf8, 0x3, 0x88,
    0xc7, 0x60,

    /* U+98DF "食" */
    0x0, 0xfe, 0x59, 0x0, 0xff, 0xe2, 0x9d, 0x31,
    0x0, 0x7f, 0xf0, 0xd3, 0xd, 0x35, 0x0, 0x3f,
    0xf8, 0x31, 0x69, 0xf6, 0xd7, 0x42, 0x1, 0xfc,
    0x7a, 0xee, 0x8c, 0x69, 0xa5, 0xf7, 0x0, 0xf2,
    0x5e, 0x13, 0xe3, 0x8c, 0xa0, 0xc8, 0x47, 0xca,
    0x0, 0x36, 0xd4, 0x0, 0xf7, 0x61, 0xb, 0xb4,
    0x89, 0x33, 0x2c, 0x82, 0x2b, 0x90, 0xff, 0xff,
    0x13, 0xcf, 0xe1, 0x2, 0xa8, 0x0, 0x67, 0xfc,
    0x40, 0x11, 0x80, 0x7d, 0xbb, 0xf8, 0x3, 0xfe,
    0x3e, 0xef, 0xc4, 0x1, 0xfe, 0x34, 0x4f, 0xc6,
    0x1, 0xff, 0x5d, 0xfe, 0x16, 0x80, 0xf, 0xc7,
    0xff, 0x45, 0x7f, 0xd2, 0x68, 0x20, 0x1f, 0xf7,
    0xd6, 0xbd, 0xcc, 0x60, 0x80, 0x7f, 0xd1, 0xc9,
    0x9, 0x4e, 0x1, 0xfc, 0x48, 0xf5, 0xb7, 0x3a,
    0x75, 0x41, 0x0, 0xf1, 0x20, 0xdc, 0x8a, 0xc8,
    0x16, 0x4a, 0x79, 0x80, 0x71, 0x12, 0xb7, 0xae,
    0xc, 0x2, 0x6f, 0x73, 0x0, 0x0,

    /* U+996A "饪" */
    0x0, 0xa5, 0x40, 0x3f, 0xf8, 0x4, 0x1, 0xcc,
    0x40, 0x1f, 0xa, 0x3d, 0x76, 0xa0, 0x4, 0x80,
    0x60, 0x11, 0x5e, 0xff, 0x5c, 0xb, 0x5a, 0x0,
    0x58, 0x17, 0xdc, 0xff, 0x6c, 0xe6, 0x2, 0x2e,
    0x10, 0x3, 0x28, 0x44, 0xc8, 0x1d, 0x90, 0xc8,
    0x3, 0xf1, 0x95, 0x3b, 0x90, 0x3c, 0x3, 0xff,
    0x81, 0x22, 0xa0, 0xa, 0x15, 0x0, 0xff, 0x8d,
    0x58, 0x7d, 0x7a, 0xc0, 0x3f, 0xf8, 0x4, 0xb0,
    0x0, 0x37, 0x54, 0x66, 0xc1, 0x4c, 0xd8, 0x45,
    0x40, 0x1e, 0xf9, 0x9a, 0x0, 0xa6, 0x72, 0x80,
    0x7e, 0xbf, 0xfb, 0x82, 0x3f, 0xf2, 0x0, 0x7f,
    0xf8, 0xc8, 0xc0, 0x3f, 0xf8, 0xb1, 0xb4, 0x1,
    0xff, 0xc2, 0x30, 0x97, 0x89, 0x0, 0xff, 0xe1,
    0x68, 0x16, 0xba, 0xee, 0xde, 0x11, 0xbb, 0x60,
    0x7, 0x3e, 0x90, 0xa, 0x24, 0xea, 0xa4, 0x4c,
    0x1, 0xbe, 0x0, 0x24, 0x99, 0xd5, 0x49, 0x9a,
    0x0,

    /* U+9971 "饱" */
    0x0, 0xb9, 0x0, 0x39, 0xb0, 0x3, 0xfc, 0x62,
    0xe0, 0x1d, 0x4c, 0x1, 0xfe, 0x50, 0x30, 0xc,
    0x66, 0x5b, 0xbd, 0xf4, 0x1, 0xb4, 0x3b, 0x9f,
    0x81, 0x20, 0xa4, 0x58, 0x10, 0x3, 0x20, 0xc4,
    0x1, 0xd1, 0x6a, 0x93, 0x3a, 0x0, 0x31, 0x86,
    0xb3, 0x86, 0x49, 0xa8, 0x7, 0x78, 0x6, 0xa2,
    0x30, 0x70, 0xf2, 0xf, 0xfd, 0xc0, 0x1c, 0x4d,
    0x4b, 0x27, 0x32, 0xa5, 0xb, 0xb3, 0x80, 0x78,
    0xd5, 0xf5, 0xd5, 0x85, 0x40, 0x91, 0x1c, 0x1,
    0xe1, 0xa0, 0xf, 0xfe, 0x19, 0x80, 0x7f, 0xf0,
    0xc, 0x44, 0x1, 0x8, 0x7, 0xff, 0x4, 0x7b,
    0x92, 0x0, 0x31, 0x0, 0xff, 0xe0, 0xe6, 0x2d,
    0x19, 0x18, 0x3, 0xff, 0x80, 0x46, 0x64, 0x1b,
    0x28, 0x0, 0xf8, 0xb5, 0x40, 0x3d, 0x7b, 0x86,
    0x40, 0x1c, 0x3a, 0xc8, 0x1, 0xfc, 0xfa, 0x1,
    0x9c, 0x22, 0xc4, 0x38, 0x99, 0x57, 0xa8, 0xc0,
    0x21, 0xa, 0x70, 0x9, 0x8e, 0x6a, 0xb8, 0xa0,
    0x2, 0x1f, 0x50, 0xc, 0x39, 0xff, 0xee, 0x40,

    /* U+9999 "香" */
    0x0, 0xff, 0xe0, 0x9, 0xb3, 0x80, 0x7c, 0x68,
    0xac, 0xf3, 0x59, 0xdc, 0xc9, 0xb2, 0x0, 0xe1,
    0xcb, 0xa9, 0xa5, 0x51, 0xc5, 0xef, 0xe1, 0x0,
    0x70, 0xf7, 0x3f, 0xdb, 0x82, 0xac, 0x84, 0x1,
    0xf1, 0x98, 0x88, 0x67, 0x85, 0xcc, 0xfe, 0x20,
    0x6, 0x67, 0xe0, 0x2c, 0xcf, 0xb8, 0x1, 0xbb,
    0xd8, 0x1, 0xc7, 0xbb, 0xe0, 0x1, 0x16, 0xe,
    0x2e, 0x15, 0xc2, 0xe0, 0x22, 0x84, 0x3, 0x9b,
    0x47, 0x4, 0x0, 0x78, 0x3a, 0xc0, 0x1e, 0x3c,
    0x95, 0xc1, 0x0, 0xc5, 0xad, 0x3a, 0xa0, 0x1,
    0xcc, 0x13, 0xf2, 0x25, 0x1e, 0x89, 0x6b, 0x8d,
    0x60, 0xa, 0x4f, 0x35, 0xde, 0x9a, 0xbb, 0xcf,
    0x97, 0xe0, 0x8, 0x60, 0x3, 0x7f, 0xfe, 0x70,
    0x2, 0x18, 0x7, 0x94, 0x8b, 0xf1, 0x80, 0x7f,
    0x8f, 0x77, 0xf2, 0x0, 0x7f, 0x9b, 0xff, 0xf3,
    0x80, 0x7f, 0x90, 0xcf, 0xf2, 0x0, 0x7f, 0x8b,
    0x33, 0xf1, 0x80, 0x7f, 0x9b, 0xff, 0xf3, 0x80,
    0x7f, 0x74, 0x80, 0x7e, 0x8f, 0x0, 0xc0,

    /* U+9A6C "马" */
    0x2, 0x88, 0xff, 0xad, 0x40, 0x33, 0xbf, 0xff,
    0x1, 0x30, 0x3, 0x2f, 0xff, 0xfb, 0x83, 0x80,
    0x3c, 0x94, 0x20, 0x1e, 0x30, 0x10, 0xf, 0x12,
    0x88, 0x7, 0x98, 0x8, 0x3, 0xdc, 0x1, 0xf8,
    0x81, 0x80, 0x3c, 0x24, 0x1, 0xf0, 0x81, 0x0,
    0x78, 0x98, 0x3, 0xee, 0x10, 0xf, 0x91, 0x1f,
    0xff, 0x30, 0xff, 0xce, 0x1, 0x2a, 0x44, 0x7f,
    0x98, 0x4, 0x2, 0xab, 0x77, 0xff, 0x50, 0x18,
    0x7, 0xff, 0xd, 0xc1, 0xbb, 0xff, 0xff, 0x80,
    0x40, 0x40, 0x51, 0x33, 0xff, 0xc0, 0x30, 0xf0,
    0x16, 0x6f, 0xfe, 0x8, 0x82, 0x98, 0x7, 0xff,
    0xc, 0x4d, 0x0, 0x3f, 0xe3, 0x65, 0x55, 0x5,
    0x80, 0x7f, 0xcf, 0x35, 0x45, 0x83, 0x0, 0xff,
    0x93, 0xfe, 0xe7, 0x0, 0x0,

    /* U+9C7C "鱼" */
    0x0, 0xe4, 0xc4, 0x0, 0xff, 0xe1, 0xc9, 0xb9,
    0x14, 0x62, 0x1, 0xfd, 0x44, 0x19, 0xbb, 0x67,
    0x80, 0x7e, 0x85, 0x7c, 0xcd, 0x40, 0xe0, 0x1f,
    0x43, 0xc4, 0xc, 0xf4, 0x14, 0x80, 0x70, 0xdb,
    0x87, 0x4c, 0xef, 0x26, 0x99, 0xc2, 0xc, 0x80,
    0x2, 0x2c, 0xc0, 0x20, 0x44, 0x46, 0x0, 0x3e,
    0xb0, 0xdd, 0xe6, 0x1e, 0xbb, 0xc0, 0x18, 0x80,
    0x3f, 0xf8, 0xe3, 0xff, 0x98, 0x7f, 0xf4, 0x80,
    0x78, 0x6e, 0xf1, 0x5, 0xde, 0x70, 0xf, 0x91,
    0x38, 0x51, 0x37, 0x0, 0x7f, 0xf3, 0x7, 0xbb,
    0x30, 0xf7, 0x69, 0x0, 0xea, 0x98, 0x8d, 0x32,
    0x88, 0xd3, 0x21, 0x0, 0x8d, 0x9b, 0xff, 0x82,
    0x0, 0x9f, 0xff, 0xfe, 0x26, 0xe4, 0x47, 0xff,
    0x12, 0x80,

    /* U+9E21 "鸡" */
    0x0, 0xff, 0xe0, 0x15, 0x98, 0x7, 0xff, 0x12,
    0x90, 0x80, 0x39, 0x19, 0xba, 0x45, 0x77, 0x4e,
    0x19, 0xbe, 0xa0, 0xf, 0x99, 0xe6, 0x43, 0x2b,
    0x99, 0x5d, 0x80, 0xc0, 0x17, 0xff, 0xa8, 0x1c,
    0x0, 0xc2, 0x4c, 0xc5, 0x30, 0x9, 0xc0, 0x2d,
    0x2, 0x0, 0x8a, 0xd4, 0x18, 0x40, 0x5, 0x10,
    0x0, 0x22, 0x0, 0x32, 0xdf, 0x1, 0x38, 0x0,
    0xa1, 0xcc, 0x4f, 0x40, 0x39, 0x61, 0x4, 0x80,
    0x27, 0x3e, 0x60, 0x70, 0xf, 0x65, 0xb0, 0x80,
    0x6e, 0x28, 0x41, 0x0, 0xe1, 0xff, 0x48, 0x7,
    0x11, 0x3, 0x0, 0x37, 0xff, 0xd2, 0x1, 0x8c,
    0x30, 0x0, 0xf7, 0x7f, 0x0, 0x73, 0x8a, 0xa2,
    0x0, 0x51, 0x3e, 0x31, 0x0, 0x1c, 0x2d, 0x14,
    0x3, 0x37, 0xc6, 0x3e, 0x5, 0xa5, 0x41, 0x6a,
    0x31, 0x1f, 0x21, 0x88, 0x61, 0xf8, 0x1, 0xa4,
    0x7b, 0xbe, 0x71, 0x20, 0xac, 0x20, 0xf, 0xf1,
    0x93, 0x3, 0x2, 0x8, 0x7, 0xfd, 0x3b, 0x2c,
    0x40, 0x1f, 0xfc, 0x2a, 0xff, 0x48, 0x0,

    /* U+9E3F "鸿" */
    0x1, 0x50, 0xf, 0xf5, 0xc0, 0x7, 0x25, 0x40,
    0x7, 0xe3, 0x4c, 0x0, 0xe5, 0xa7, 0x85, 0x5e,
    0x2f, 0xc0, 0xbf, 0xf8, 0x2, 0x5a, 0xba, 0xae,
    0x10, 0xad, 0xd9, 0x44, 0x3, 0x29, 0xfe, 0x86,
    0x79, 0x0, 0x3d, 0x88, 0xa0, 0xf, 0xfe, 0x8,
    0xc5, 0xa0, 0xb8, 0x2, 0x90, 0x3, 0xfc, 0xb2,
    0x4, 0x20, 0x2, 0xb7, 0x0, 0xff, 0x23, 0x2e,
    0x80, 0x22, 0xa0, 0xc0, 0x3f, 0xb3, 0x49, 0x80,
    0x25, 0xe3, 0x0, 0xfe, 0xef, 0xc1, 0x0, 0xc2,
    0x1, 0xc2, 0x61, 0x7f, 0xfd, 0x80, 0x13, 0x98,
    0x5, 0xfc, 0xf9, 0x9e, 0x30, 0xd, 0x36, 0x52,
    0x7, 0x2a, 0x67, 0xe6, 0x70, 0x3, 0xe, 0x6a,
    0x47, 0xb3, 0x7c, 0x62, 0x20, 0x5, 0xa2, 0x23,
    0x9c, 0x1, 0x11, 0xeb, 0x73, 0x4, 0x2f, 0x7,
    0x10, 0xb, 0xbb, 0xd0, 0x42, 0x10, 0x48, 0x1,
    0xfe, 0x22, 0x20, 0xe8, 0x54, 0x0, 0x7f, 0xdd,
    0xb6, 0x8a, 0xc, 0xa0, 0x1f, 0xf6, 0x7f, 0xac,
    0x0,

    /* U+9EC4 "黄" */
    0x0, 0xf6, 0x28, 0x6, 0x7b, 0x0, 0xff, 0x11,
    0x90, 0x6, 0xd4, 0x0, 0xfa, 0x7f, 0xda, 0x11,
    0xff, 0x94, 0x3f, 0xe9, 0x0, 0xaa, 0xa9, 0x4,
    0xaa, 0xc2, 0x15, 0x55, 0x80, 0x46, 0xaa, 0x70,
    0xd5, 0x5c, 0xe2, 0xab, 0x10, 0x3, 0x33, 0x82,
    0x73, 0x33, 0xe, 0x66, 0xa0, 0x66, 0xce, 0xaa,
    0x63, 0x33, 0x2a, 0x99, 0xb1, 0x5, 0x57, 0xe0,
    0x6a, 0xaf, 0xa0, 0x2, 0xef, 0xfe, 0x6, 0xff,
    0xe8, 0x0, 0xf3, 0x6e, 0xe0, 0x4d, 0xdc, 0x22,
    0x0, 0xf0, 0x99, 0xe0, 0x13, 0x3c, 0x1, 0xf9,
    0xfb, 0xb0, 0x2f, 0x76, 0x10, 0xf, 0x9f, 0xff,
    0x3, 0x7f, 0xe1, 0x0, 0xff, 0xe7, 0x3f, 0xfe,
    0x6, 0xff, 0xc2, 0x1, 0xef, 0xdd, 0x4d, 0xee,
    0xe9, 0xad, 0xd4, 0x0, 0x70, 0xa7, 0x4f, 0x91,
    0x6c, 0xac, 0xa3, 0x0, 0x96, 0xbe, 0x5b, 0x2c,
    0x3, 0x57, 0x4a, 0xed, 0x98, 0x8, 0xa7, 0xa8,
    0xc0, 0x3c, 0x2f, 0xb6, 0x22,

    /* U+9ED8 "默" */
    0x0, 0x11, 0x7c, 0x20, 0x12, 0x60, 0x7, 0x8f,
    0x77, 0xef, 0x0, 0x84, 0xd5, 0x40, 0x1e, 0xef,
    0x4a, 0xeb, 0x0, 0xf0, 0xd1, 0x80, 0x74, 0x18,
    0x2, 0xf8, 0x3, 0xc8, 0xfc, 0x1, 0xd8, 0x80,
    0x7, 0xf0, 0xf, 0xa0, 0x4c, 0x3, 0x3e, 0x86,
    0x38, 0x80, 0x63, 0x0, 0xb0, 0xc0, 0x31, 0xdb,
    0xf4, 0x8, 0x5f, 0xfa, 0x43, 0xff, 0x0, 0x6e,
    0xe1, 0xc6, 0xd0, 0x7c, 0xc8, 0x1, 0x13, 0x30,
    0x0, 0xff, 0xe2, 0x7f, 0xf7, 0x23, 0x31, 0xc0,
    0xd9, 0xa0, 0x0, 0xaa, 0xc4, 0xab, 0x20, 0x4,
    0x40, 0x60, 0x1c, 0x97, 0x70, 0x15, 0xda, 0x0,
    0x27, 0xc, 0x0, 0xe5, 0xee, 0x89, 0xfb, 0x98,
    0x0, 0x12, 0x64, 0x0, 0xe7, 0xab, 0xb1, 0x3f,
    0x7f, 0x80, 0x8, 0x10, 0xa, 0x1, 0xbc, 0x8,
    0xe2, 0x6e, 0xd8, 0x0, 0xe4, 0x15, 0xe0, 0xd,
    0x1, 0x1c, 0xe0, 0x84, 0xe0, 0x49, 0xe1, 0x28,
    0x60, 0x11, 0xa0, 0xd9, 0x62, 0x1f, 0x4, 0x9a,
    0x1, 0xa7, 0x0, 0x52, 0xc0, 0x22, 0xdf, 0x41,
    0x54, 0xf0, 0xa, 0x4a, 0x80, 0x96, 0x81, 0xdc,
    0x84, 0x37, 0x67, 0x30, 0x8, 0xa5, 0x54, 0x5c,
    0x41, 0x68, 0x70, 0x0, 0xd8, 0x0, 0xe6, 0xc5,

    /* U+9F20 "鼠" */
    0x0, 0x89, 0xa9, 0xc0, 0x3f, 0xe1, 0xff, 0x6d,
    0x80, 0x81, 0x7f, 0xf8, 0xc0, 0x6, 0xf, 0xfb,
    0x4c, 0x5, 0x77, 0xa0, 0x3, 0xda, 0x1, 0xe4,
    0x4e, 0x0, 0xf5, 0x7f, 0xdc, 0x0, 0xce, 0xeb,
    0x0, 0x3c, 0xd9, 0x96, 0x80, 0x3e, 0xaa, 0x70,
    0xf, 0x61, 0x9e, 0x0, 0x1a, 0x25, 0x60, 0x18,
    0x42, 0xbf, 0xff, 0xd8, 0x1, 0x8e, 0xa9, 0x77,
    0xaa, 0x97, 0x75, 0x45, 0x10, 0x5, 0x7a, 0x80,
    0x88, 0xa3, 0x66, 0x23, 0xc0, 0x88, 0x3, 0x92,
    0xac, 0x40, 0x9, 0xb2, 0x1, 0xfc, 0x9e, 0x40,
    0x13, 0x69, 0x80, 0x4, 0x3, 0xc6, 0xb2, 0x20,
    0x3, 0xa, 0x20, 0x30, 0xf, 0x35, 0x58, 0x80,
    0x13, 0x64, 0x4, 0x40, 0x1e, 0x5f, 0xc1, 0x0,
    0x3e, 0x98, 0x97, 0x0, 0x61, 0x1, 0x51, 0x0,
    0x89, 0xc8, 0x88, 0x80, 0xa2, 0x60, 0x7e, 0xbd,
    0x60, 0x9d, 0x82, 0x1b, 0x29, 0x50, 0x21, 0x9c,
    0xfb, 0x52, 0xae, 0xda, 0x23, 0x76, 0x52,

    /* U+9F50 "齐" */
    0x0, 0xff, 0xe8, 0x1f, 0xa8, 0x7, 0xff, 0x14,
    0xd2, 0xc0, 0x3f, 0xdd, 0xff, 0xf2, 0xf, 0xff,
    0xd0, 0x0, 0xba, 0xa3, 0x2, 0xd5, 0x74, 0x80,
    0x26, 0xa9, 0x60, 0x5, 0x5a, 0x59, 0x1d, 0x57,
    0x78, 0x5b, 0x2a, 0x8c, 0x3, 0xd2, 0xba, 0x80,
    0x9, 0x67, 0x40, 0xf, 0xfa, 0xd2, 0xed, 0xac,
    0xf0, 0x1, 0xff, 0xc1, 0x90, 0x42, 0x24, 0x80,
    0x7f, 0xc4, 0xf9, 0xa0, 0x88, 0x2e, 0xb7, 0x30,
    0xc, 0x31, 0x7d, 0xb0, 0x31, 0xd7, 0x6d, 0x76,
    0x8c, 0xfd, 0xa0, 0x14, 0x67, 0xa9, 0xe7, 0x10,
    0x1, 0x44, 0x2e, 0x59, 0x98, 0x0, 0xcd, 0x95,
    0xb9, 0x0, 0xe1, 0xac, 0x69, 0xb6, 0x0, 0xff,
    0xe7, 0x19, 0x80, 0x3f, 0xf8, 0xc2, 0x20, 0xf,
    0xfe, 0x2a, 0x86, 0x0, 0x7f, 0xf1, 0x6, 0xc5,
    0x0, 0x3f, 0xf8, 0x69, 0xe3, 0x40, 0x1f, 0xfc,
    0x46, 0x2b, 0x40, 0xf, 0xfe, 0x10,

    /* U+9F99 "龙" */
    0x0, 0xfa, 0xa0, 0x2, 0x10, 0xf, 0xfe, 0x12,
    0x18, 0x5, 0x5a, 0x60, 0x1f, 0xfc, 0x11, 0x0,
    0xad, 0xf1, 0x80, 0x3f, 0xe1, 0x30, 0xd, 0x51,
    0x28, 0x1, 0xfc, 0x21, 0xc0, 0x1c, 0xf8, 0x80,
    0x1b, 0xbf, 0xf7, 0x4, 0x7f, 0xfb, 0x3f, 0xdc,
    0x0, 0xb9, 0x9c, 0xa0, 0xb2, 0x41, 0x13, 0x3d,
    0x60, 0x5, 0x66, 0xda, 0x16, 0xd4, 0xe, 0xcd,
    0x1b, 0x28, 0x7, 0xdc, 0x22, 0x0, 0xf3, 0x52,
    0x0, 0x7e, 0x45, 0x0, 0xf1, 0x4a, 0xa0, 0x7,
    0xc2, 0x58, 0x1, 0xef, 0x1b, 0x0, 0xfd, 0x20,
    0xa0, 0x18, 0x6c, 0xb4, 0x40, 0x3f, 0x32, 0x10,
    0x6, 0xd4, 0xb3, 0x0, 0xfd, 0x3, 0xe0, 0x17,
    0x1, 0xda, 0x0, 0x7e, 0x47, 0x44, 0x0, 0x19,
    0x81, 0x68, 0x1, 0xa, 0x80, 0x49, 0x63, 0x40,
    0x77, 0x20, 0x4, 0x0, 0xcb, 0x44, 0x11, 0x63,
    0x82, 0xf8, 0xb3, 0x20, 0x86, 0x6d, 0xe0, 0x40,
    0x87, 0xe4, 0xf, 0x1c, 0xce, 0x6f, 0x33, 0x96,
    0x40, 0x1b, 0x82, 0x1, 0x38, 0x0, 0x73, 0xff,
    0xb9, 0x80,

    /* U+FF01 "！" */
    0x2f, 0xf0, 0x18, 0x7, 0xc2, 0x1, 0xc2, 0x1,
    0x18, 0x0, 0x44, 0x0, 0x37, 0x0, 0x8, 0x4,
    0xe2, 0x0, 0xab, 0x0, 0x8, 0x80, 0xc, 0xa0,
    0x93, 0x44, 0xc2, 0x23, 0x2e, 0xe0, 0x80,

    /* U+FF08 "（" */
    0x0, 0xff, 0xaa, 0xc0, 0x33, 0xac, 0x0, 0x45,
    0x10, 0x30, 0xa, 0x49, 0xc0, 0x22, 0x4b, 0x0,
    0xd4, 0xc, 0x1, 0x91, 0x0, 0x1c, 0x66, 0x0,
    0xf7, 0x0, 0x61, 0x3, 0x0, 0xc2, 0x6, 0x1,
    0xc3, 0xc0, 0x1c, 0xa8, 0x1, 0xd8, 0x62, 0x1,
    0x98, 0x18, 0x3, 0xb, 0x48, 0x7, 0x40, 0x50,
    0x6, 0x1b, 0x56, 0x0, 0xcb, 0x1e, 0x0,

    /* U+FF09 "）" */
    0x0, 0xfd, 0x74, 0x1, 0xd0, 0xae, 0x1, 0x8d,
    0xe0, 0x80, 0x34, 0x14, 0x80, 0x75, 0xa1, 0x0,
    0x66, 0xa, 0x0, 0xe4, 0x40, 0x7, 0x19, 0x80,
    0x3b, 0x80, 0x3f, 0x8, 0x7, 0x84, 0x3, 0x70,
    0x80, 0x72, 0x28, 0x6, 0x13, 0xc0, 0xc, 0xc0,
    0xc0, 0x10, 0xcb, 0x8, 0x5, 0x61, 0x0, 0x13,
    0x2d, 0x88, 0x5, 0xf0, 0xa0, 0x10,

    /* U+FF0C "，" */
    0x1, 0xa8, 0x0, 0x42, 0xbb, 0x6, 0x0, 0x38,
    0x17, 0x87, 0xc0, 0xa, 0x2a, 0xb, 0x70, 0x43,
    0x72, 0xe0, 0x3c, 0xc0, 0x0,

    /* U+FF1A "：" */
    0x3c, 0x90, 0x93, 0x63, 0xc0, 0x12, 0x6e, 0xe0,
    0x80, 0x80, 0x7f, 0xf2, 0x93, 0x68, 0x3c, 0x94,
    0xf8, 0x8, 0xd7, 0xf4, 0x0,

    /* U+FF1B "；" */
    0x3, 0xc9, 0x0, 0x49, 0xb1, 0x86, 0x0, 0x90,
    0x37, 0x70, 0x40, 0x2, 0x1, 0xff, 0xcb, 0x2e,
    0xe1, 0x3, 0x88, 0xa8, 0x11, 0x0, 0x20, 0x36,
    0x5c, 0x0, 0x32, 0x50, 0x4d, 0x72, 0x25, 0xcc,
    0x1, 0x7b, 0x80, 0x0,

    /* U+FF1F "？" */
    0x0, 0xc2, 0x20, 0xf, 0x36, 0xf7, 0x3e, 0x0,
    0x2b, 0x96, 0x99, 0x1b, 0xc8, 0x5, 0x56, 0xcc,
    0xc2, 0x61, 0xb, 0x50, 0xc, 0x80, 0x40, 0x1f,
    0x28, 0x10, 0x7, 0xa0, 0xe0, 0x40, 0x39, 0xdc,
    0xce, 0x1, 0xcd, 0xd, 0x20, 0x1e, 0x82, 0x90,
    0xf, 0x10, 0xa8, 0x7, 0xc5, 0x94, 0x1, 0xf8,
    0xc8, 0x3, 0xf3, 0xa0, 0x7, 0xcf, 0x16, 0x1,
    0xf1, 0x81, 0x80, 0x7c, 0x9f, 0x80, 0x18,

    /* U+FF5E "～" */
    0x0, 0xf0, 0x80, 0x7f, 0xf1, 0x1f, 0x7f, 0xb9,
    0x2, 0x1, 0xff, 0xc0, 0xb8, 0x7, 0x71, 0x3f,
    0x98, 0x7, 0xa6, 0x40, 0xa, 0x48, 0xd8, 0x86,
    0x50, 0xe2, 0x80, 0x68, 0x60, 0x8, 0xd9, 0xc0,
    0x32, 0xe9, 0x56, 0x44, 0xeb, 0xa4, 0x80, 0x26,
    0x40, 0x1e, 0x2d, 0x72, 0x76, 0x9, 0xb0, 0xf,
    0xfe, 0xc, 0x77, 0xfb, 0x58, 0x2,

    /* U+FFE5 "￥" */
    0x16, 0x60, 0x7, 0xe6, 0x60, 0xe, 0xca, 0x80,
    0x79, 0xe7, 0xc0, 0x12, 0x16, 0x1, 0xc3, 0x3,
    0x0, 0x2, 0x91, 0x80, 0xd, 0x1, 0x62, 0x1,
    0x31, 0xb9, 0x0, 0xd, 0x95, 0x40, 0x1d, 0xc1,
    0x0, 0x8, 0x1b, 0x0, 0xf1, 0x42, 0x9a, 0xa4,
    0x8, 0x7, 0xce, 0x5f, 0x8, 0xc0, 0x1e, 0xef,
    0xf1, 0x19, 0x27, 0xfb, 0x0, 0x37, 0xee, 0xc0,
    0x3b, 0xb8, 0x3, 0x10, 0x8c, 0x0, 0x11, 0x8c,
    0x3, 0x7f, 0x74, 0x3, 0xdd, 0x40, 0x6, 0xcd,
    0xd8, 0x7, 0x76, 0xa0, 0xf, 0xfe, 0xc6, 0x68,
    0x7, 0x80
};


/*---------------------
 *  GLYPH DESCRIPTION
 *--------------------*/

static const lv_font_fmt_txt_glyph_dsc_t glyph_dsc[] = {
    {.bitmap_index = 0, .adv_w = 0, .box_w = 0, .box_h = 0, .ofs_x = 0, .ofs_y = 0} /* id = 0 reserved */,
    {.bitmap_index = 0, .adv_w = 72, .box_w = 0, .box_h = 0, .ofs_x = 0, .ofs_y = 0},
    {.bitmap_index = 0, .adv_w = 103, .box_w = 4, .box_h = 14, .ofs_x = 1, .ofs_y = 0},
    {.bitmap_index = 24, .adv_w = 152, .box_w = 7, .box_h = 6, .ofs_x = 1, .ofs_y = 10},
    {.bitmap_index = 44, .adv_w = 178, .box_w = 11, .box_h = 14, .ofs_x = 0, .ofs_y = 0},
    {.bitmap_index = 119, .adv_w = 178, .box_w = 9, .box_h = 19, .ofs_x = 1, .ofs_y = -2},
    {.bitmap_index = 187, .adv_w = 295, .box_w = 18, .box_h = 14, .ofs_x = 0, .ofs_y = 0},
    {.bitmap_index = 300, .adv_w = 218, .box_w = 14, .box_h = 14, .ofs_x = 0, .ofs_y = 0},
    {.bitmap_index = 385, .adv_w = 89, .box_w = 3, .box_h = 6, .ofs_x = 1, .ofs_y = 10},
    {.bitmap_index = 395, .adv_w = 108, .box_w = 5, .box_h = 21, .ofs_x = 1, .ofs_y = -4},
    {.bitmap_index = 444, .adv_w = 108, .box_w = 5, .box_h = 21, .ofs_x = 0, .ofs_y = -4},
    {.bitmap_index = 493, .adv_w = 149, .box_w = 8, .box_h = 7, .ofs_x = 1, .ofs_y = 9},
    {.bitmap_index = 520, .adv_w = 178, .box_w = 11, .box_h = 10, .ofs_x = 0, .ofs_y = 2},
    {.bitmap_index = 551, .adv_w = 89, .box_w = 4, .box_h = 7, .ofs_x = 1, .ofs_y = -4},
    {.bitmap_index = 565, .adv_w = 111, .box_w = 7, .box_h = 3, .ofs_x = 0, .ofs_y = 4},
    {.bitmap_index = 573, .adv_w = 89, .box_w = 4, .box_h = 3, .ofs_x = 1, .ofs_y = 0},
    {.bitmap_index = 579, .adv_w = 125, .box_w = 8, .box_h = 19, .ofs_x = 0, .ofs_y = -3},
    {.bitmap_index = 635, .adv_w = 178, .box_w = 10, .box_h = 14, .ofs_x = 1, .ofs_y = 0},
    {.bitmap_index = 698, .adv_w = 178, .box_w = 9, .box_h = 14, .ofs_x = 1, .ofs_y = 0},
    {.bitmap_index = 724, .adv_w = 178, .box_w = 11, .box_h = 14, .ofs_x = 0, .ofs_y = 0},
    {.bitmap_index = 781, .adv_w = 178, .box_w = 10, .box_h = 14, .ofs_x = 0, .ofs_y = 0},
    {.bitmap_index = 842, .adv_w = 178, .box_w = 11, .box_h = 14, .ofs_x = 0, .ofs_y = 0},
    {.bitmap_index = 894, .adv_w = 178, .box_w = 11, .box_h = 14, .ofs_x = 0, .ofs_y = 0},
    {.bitmap_index = 955, .adv_w = 178, .box_w = 10, .box_h = 14, .ofs_x = 1, .ofs_y = 0},
    {.bitmap_index = 1023, .adv_w = 178, .box_w = 11, .box_h = 14, .ofs_x = 0, .ofs_y = 0},
    {.bitmap_index = 1072, .adv_w = 178, .box_w = 11, .box_h = 14, .ofs_x = 0, .ofs_y = 0},
    {.bitmap_index = 1146, .adv_w = 178, .box_w = 11, .box_h = 14, .ofs_x = 0, .ofs_y = 0},
    {.bitmap_index = 1218, .adv_w = 89, .box_w = 4, .box_h = 11, .ofs_x = 1, .ofs_y = 0},
    {.bitmap_index = 1235, .adv_w = 89, .box_w = 4, .box_h = 15, .ofs_x = 1, .ofs_y = -4},
    {.bitmap_index = 1260, .adv_w = 178, .box_w = 11, .box_h = 10, .ofs_x = 0, .ofs_y = 2},
    {.bitmap_index = 1306, .adv_w = 178, .box_w = 11, .box_h = 7, .ofs_x = 0, .ofs_y = 4},
    {.bitmap_index = 1327, .adv_w = 178, .box_w = 11, .box_h = 10, .ofs_x = 0, .ofs_y = 2},
    {.bitmap_index = 1374, .adv_w = 152, .box_w = 9, .box_h = 14, .ofs_x = 0, .ofs_y = 0},
    {.bitmap_index = 1426, .adv_w = 303, .box_w = 17, .box_h = 18, .ofs_x = 1, .ofs_y = -4},
    {.bitmap_index = 1564, .adv_w = 195, .box_w = 13, .box_h = 14, .ofs_x = 0, .ofs_y = 0},
    {.bitmap_index = 1636, .adv_w = 210, .box_w = 11, .box_h = 14, .ofs_x = 2, .ofs_y = 0},
    {.bitmap_index = 1700, .adv_w = 204, .box_w = 12, .box_h = 14, .ofs_x = 1, .ofs_y = 0},
    {.bitmap_index = 1764, .adv_w = 220, .box_w = 11, .box_h = 14, .ofs_x = 2, .ofs_y = 0},
    {.bitmap_index = 1821, .adv_w = 188, .box_w = 9, .box_h = 14, .ofs_x = 2, .ofs_y = 0},
    {.bitmap_index = 1852, .adv_w = 177, .box_w = 9, .box_h = 14, .ofs_x = 2, .ofs_y = 0},
    {.bitmap_index = 1877, .adv_w = 220, .box_w = 12, .box_h = 14, .ofs_x = 1, .ofs_y = 0},
    {.bitmap_index = 1948, .adv_w = 233, .box_w = 11, .box_h = 14, .ofs_x = 2, .ofs_y = 0},
    {.bitmap_index = 1969, .adv_w = 94, .box_w = 2, .box_h = 14, .ofs_x = 2, .ofs_y = 0},
    {.bitmap_index = 1974, .adv_w = 171, .box_w = 9, .box_h = 14, .ofs_x = 0, .ofs_y = 0},
    {.bitmap_index = 1999, .adv_w = 207, .box_w = 11, .box_h = 14, .ofs_x = 2, .ofs_y = 0},
    {.bitmap_index = 2058, .adv_w = 174, .box_w = 9, .box_h = 14, .ofs_x = 2, .ofs_y = 0},
    {.bitmap_index = 2071, .adv_w = 260, .box_w = 13, .box_h = 14, .ofs_x = 2, .ofs_y = 0},
    {.bitmap_index = 2140, .adv_w = 231, .box_w = 11, .box_h = 14, .ofs_x = 2, .ofs_y = 0},
    {.bitmap_index = 2193, .adv_w = 237, .box_w = 13, .box_h = 14, .ofs_x = 1, .ofs_y = 0},
    {.bitmap_index = 2270, .adv_w = 203, .box_w = 10, .box_h = 14, .ofs_x = 2, .ofs_y = 0},
    {.bitmap_index = 2316, .adv_w = 237, .box_w = 13, .box_h = 18, .ofs_x = 1, .ofs_y = -4},
    {.bitmap_index = 2412, .adv_w = 203, .box_w = 11, .box_h = 14, .ofs_x = 2, .ofs_y = 0},
    {.bitmap_index = 2470, .adv_w = 191, .box_w = 12, .box_h = 14, .ofs_x = 0, .ofs_y = 0},
    {.bitmap_index = 2541, .adv_w = 192, .box_w = 12, .box_h = 14, .ofs_x = 0, .ofs_y = 0},
    {.bitmap_index = 2561, .adv_w = 231, .box_w = 12, .box_h = 14, .ofs_x = 1, .ofs_y = 0},
    {.bitmap_index = 2602, .adv_w = 184, .box_w = 12, .box_h = 14, .ofs_x = 0, .ofs_y = 0},
    {.bitmap_index = 2672, .adv_w = 281, .box_w = 18, .box_h = 14, .ofs_x = 0, .ofs_y = 0},
    {.bitmap_index = 2787, .adv_w = 183, .box_w = 12, .box_h = 14, .ofs_x = 0, .ofs_y = 0},
    {.bitmap_index = 2859, .adv_w = 170, .box_w = 12, .box_h = 14, .ofs_x = -1, .ofs_y = 0},
    {.bitmap_index = 2910, .adv_w = 193, .box_w = 11, .box_h = 14, .ofs_x = 1, .ofs_y = 0},
    {.bitmap_index = 2963, .adv_w = 108, .box_w = 5, .box_h = 20, .ofs_x = 2, .ofs_y = -4},
    {.bitmap_index = 2979, .adv_w = 125, .box_w = 8, .box_h = 19, .ofs_x = 0, .ofs_y = -3},
    {.bitmap_index = 3032, .adv_w = 108, .box_w = 5, .box_h = 20, .ofs_x = 0, .ofs_y = -4},
    {.bitmap_index = 3047, .adv_w = 178, .box_w = 9, .box_h = 9, .ofs_x = 1, .ofs_y = 6},
    {.bitmap_index = 3084, .adv_w = 179, .box_w = 11, .box_h = 2, .ofs_x = 0, .ofs_y = -4},
    {.bitmap_index = 3090, .adv_w = 194, .box_w = 6, .box_h = 6, .ofs_x = 2, .ofs_y = 12},
    {.bitmap_index = 3105, .adv_w = 180, .box_w = 9, .box_h = 11, .ofs_x = 1, .ofs_y = 0},
    {.bitmap_index = 3154, .adv_w = 198, .box_w = 11, .box_h = 16, .ofs_x = 1, .ofs_y = 0},
    {.bitmap_index = 3211, .adv_w = 163, .box_w = 9, .box_h = 11, .ofs_x = 1, .ofs_y = 0},
    {.bitmap_index = 3254, .adv_w = 198, .box_w = 10, .box_h = 16, .ofs_x = 1, .ofs_y = 0},
    {.bitmap_index = 3306, .adv_w = 177, .box_w = 10, .box_h = 11, .ofs_x = 1, .ofs_y = 0},
    {.bitmap_index = 3355, .adv_w = 104, .box_w = 8, .box_h = 16, .ofs_x = 0, .ofs_y = 0},
    {.bitmap_index = 3386, .adv_w = 180, .box_w = 10, .box_h = 16, .ofs_x = 1, .ofs_y = -5},
    {.bitmap_index = 3463, .adv_w = 194, .box_w = 10, .box_h = 16, .ofs_x = 1, .ofs_y = 0},
    {.bitmap_index = 3495, .adv_w = 88, .box_w = 3, .box_h = 16, .ofs_x = 1, .ofs_y = 0},
    {.bitmap_index = 3507, .adv_w = 88, .box_w = 5, .box_h = 21, .ofs_x = -1, .ofs_y = -5},
    {.bitmap_index = 3532, .adv_w = 177, .box_w = 10, .box_h = 16, .ofs_x = 1, .ofs_y = 0},
    {.bitmap_index = 3578, .adv_w = 91, .box_w = 4, .box_h = 16, .ofs_x = 1, .ofs_y = 0},
    {.bitmap_index = 3587, .adv_w = 296, .box_w = 16, .box_h = 11, .ofs_x = 1, .ofs_y = 0},
    {.bitmap_index = 3634, .adv_w = 195, .box_w = 10, .box_h = 11, .ofs_x = 1, .ofs_y = 0},
    {.bitmap_index = 3660, .adv_w = 194, .box_w = 11, .box_h = 11, .ofs_x = 1, .ofs_y = 0},
    {.bitmap_index = 3716, .adv_w = 198, .box_w = 11, .box_h = 16, .ofs_x = 1, .ofs_y = -5},
    {.bitmap_index = 3775, .adv_w = 198, .box_w = 10, .box_h = 16, .ofs_x = 1, .ofs_y = -5},
    {.bitmap_index = 3828, .adv_w = 124, .box_w = 7, .box_h = 11, .ofs_x = 1, .ofs_y = 0},
    {.bitmap_index = 3847, .adv_w = 150, .box_w = 9, .box_h = 11, .ofs_x = 0, .ofs_y = 0},
    {.bitmap_index = 3895, .adv_w = 121, .box_w = 8, .box_h = 14, .ofs_x = 0, .ofs_y = 0},
    {.bitmap_index = 3928, .adv_w = 194, .box_w = 10, .box_h = 11, .ofs_x = 1, .ofs_y = 0},
    {.bitmap_index = 3957, .adv_w = 167, .box_w = 11, .box_h = 11, .ofs_x = 0, .ofs_y = 0},
    {.bitmap_index = 4010, .adv_w = 257, .box_w = 16, .box_h = 11, .ofs_x = 0, .ofs_y = 0},
    {.bitmap_index = 4095, .adv_w = 159, .box_w = 10, .box_h = 11, .ofs_x = 0, .ofs_y = 0},
    {.bitmap_index = 4146, .adv_w = 167, .box_w = 11, .box_h = 16, .ofs_x = 0, .ofs_y = -5},
    {.bitmap_index = 4217, .adv_w = 152, .box_w = 9, .box_h = 11, .ofs_x = 0, .ofs_y = 0},
    {.bitmap_index = 4257, .adv_w = 108, .box_w = 7, .box_h = 20, .ofs_x = 0, .ofs_y = -4},
    {.bitmap_index = 4310, .adv_w = 86, .box_w = 2, .box_h = 22, .ofs_x = 2, .ofs_y = -6},
    {.bitmap_index = 4315, .adv_w = 108, .box_w = 6, .box_h = 20, .ofs_x = 0, .ofs_y = -4},
    {.bitmap_index = 4367, .adv_w = 178, .box_w = 11, .box_h = 5, .ofs_x = 0, .ofs_y = 5},
    {.bitmap_index = 4392, .adv_w = 118, .box_w = 7, .box_h = 6, .ofs_x = 0, .ofs_y = 9},
    {.bitmap_index = 4412, .adv_w = 320, .box_w = 6, .box_h = 5, .ofs_x = 7, .ofs_y = 5},
    {.bitmap_index = 4427, .adv_w = 286, .box_w = 17, .box_h = 3, .ofs_x = 0, .ofs_y = 4},
    {.bitmap_index = 4438, .adv_w = 320, .box_w = 4, .box_h = 6, .ofs_x = 16, .ofs_y = 11},
    {.bitmap_index = 4451, .adv_w = 320, .box_w = 4, .box_h = 7, .ofs_x = 0, .ofs_y = 10},
    {.bitmap_index = 4465, .adv_w = 320, .box_w = 8, .box_h = 6, .ofs_x = 12, .ofs_y = 11},
    {.bitmap_index = 4490, .adv_w = 320, .box_w = 8, .box_h = 7, .ofs_x = 0, .ofs_y = 10},
    {.bitmap_index = 4519, .adv_w = 320, .box_w = 16, .box_h = 3, .ofs_x = 2, .ofs_y = 6},
    {.bitmap_index = 4541, .adv_w = 320, .box_w = 6, .box_h = 7, .ofs_x = 1, .ofs_y = -2},
    {.bitmap_index = 4562, .adv_w = 320, .box_w = 7, .box_h = 6, .ofs_x = 0, .ofs_y = -1},
    {.bitmap_index = 4583, .adv_w = 320, .box_w = 10, .box_h = 19, .ofs_x = 10, .ofs_y = -2},
    {.bitmap_index = 4665, .adv_w = 320, .box_w = 10, .box_h = 19, .ofs_x = 0, .ofs_y = -2},
    {.bitmap_index = 4748, .adv_w = 320, .box_w = 7, .box_h = 20, .ofs_x = 13, .ofs_y = -3},
    {.bitmap_index = 4795, .adv_w = 320, .box_w = 7, .box_h = 19, .ofs_x = 0, .ofs_y = -2},
    {.bitmap_index = 4840, .adv_w = 320, .box_w = 20, .box_h = 3, .ofs_x = 0, .ofs_y = 6},
    {.bitmap_index = 4853, .adv_w = 320, .box_w = 19, .box_h = 18, .ofs_x = 1, .ofs_y = -1},
    {.bitmap_index = 4933, .adv_w = 320, .box_w = 18, .box_h = 16, .ofs_x = 1, .ofs_y = -1},
    {.bitmap_index = 4979, .adv_w = 320, .box_w = 19, .box_h = 18, .ofs_x = 0, .ofs_y = -1},
    {.bitmap_index = 5022, .adv_w = 320, .box_w = 19, .box_h = 18, .ofs_x = 1, .ofs_y = -2},
    {.bitmap_index = 5088, .adv_w = 320, .box_w = 19, .box_h = 18, .ofs_x = 0, .ofs_y = -2},
    {.bitmap_index = 5179, .adv_w = 320, .box_w = 17, .box_h = 19, .ofs_x = 1, .ofs_y = -2},
    {.bitmap_index = 5277, .adv_w = 320, .box_w = 18, .box_h = 19, .ofs_x = 1, .ofs_y = -2},
    {.bitmap_index = 5389, .adv_w = 320, .box_w = 19, .box_h = 18, .ofs_x = 1, .ofs_y = -1},
    {.bitmap_index = 5477, .adv_w = 320, .box_w = 20, .box_h = 19, .ofs_x = 0, .ofs_y = -2},
    {.bitmap_index = 5559, .adv_w = 320, .box_w = 17, .box_h = 19, .ofs_x = 2, .ofs_y = -2},
    {.bitmap_index = 5628, .adv_w = 320, .box_w = 18, .box_h = 19, .ofs_x = 0, .ofs_y = -2},
    {.bitmap_index = 5757, .adv_w = 320, .box_w = 20, .box_h = 20, .ofs_x = 0, .ofs_y = -2},
    {.bitmap_index = 5879, .adv_w = 320, .box_w = 20, .box_h = 19, .ofs_x = 0, .ofs_y = -2},
    {.bitmap_index = 6034, .adv_w = 320, .box_w = 20, .box_h = 19, .ofs_x = 0, .ofs_y = -2},
    {.bitmap_index = 6135, .adv_w = 320, .box_w = 20, .box_h = 18, .ofs_x = 0, .ofs_y = -1},
    {.bitmap_index = 6254, .adv_w = 320, .box_w = 16, .box_h = 18, .ofs_x = 2, .ofs_y = -2},
    {.bitmap_index = 6358, .adv_w = 320, .box_w = 18, .box_h = 19, .ofs_x = 1, .ofs_y = -2},
    {.bitmap_index = 6456, .adv_w = 320, .box_w = 16, .box_h = 19, .ofs_x = 2, .ofs_y = -3},
    {.bitmap_index = 6518, .adv_w = 320, .box_w = 19, .box_h = 20, .ofs_x = 0, .ofs_y = -3},
    {.bitmap_index = 6643, .adv_w = 320, .box_w = 18, .box_h = 14, .ofs_x = 1, .ofs_y = 0},
    {.bitmap_index = 6676, .adv_w = 320, .box_w = 18, .box_h = 18, .ofs_x = 1, .ofs_y = -2},
    {.bitmap_index = 6737, .adv_w = 320, .box_w = 18, .box_h = 18, .ofs_x = 1, .ofs_y = -2},
    {.bitmap_index = 6840, .adv_w = 320, .box_w = 19, .box_h = 17, .ofs_x = 1, .ofs_y = -1},
    {.bitmap_index = 6937, .adv_w = 320, .box_w = 18, .box_h = 16, .ofs_x = 1, .ofs_y = -1},
    {.bitmap_index = 7033, .adv_w = 320, .box_w = 19, .box_h = 19, .ofs_x = 0, .ofs_y = -2},
    {.bitmap_index = 7169, .adv_w = 320, .box_w = 18, .box_h = 19, .ofs_x = 1, .ofs_y = -2},
    {.bitmap_index = 7280, .adv_w = 320, .box_w = 18, .box_h = 20, .ofs_x = 1, .ofs_y = -3},
    {.bitmap_index = 7414, .adv_w = 320, .box_w = 20, .box_h = 19, .ofs_x = 0, .ofs_y = -2},
    {.bitmap_index = 7525, .adv_w = 320, .box_w = 20, .box_h = 19, .ofs_x = 0, .ofs_y = -2},
    {.bitmap_index = 7651, .adv_w = 320, .box_w = 19, .box_h = 19, .ofs_x = 1, .ofs_y = -2},
    {.bitmap_index = 7778, .adv_w = 320, .box_w = 20, .box_h = 19, .ofs_x = 0, .ofs_y = -2},
    {.bitmap_index = 7882, .adv_w = 320, .box_w = 20, .box_h = 19, .ofs_x = 0, .ofs_y = -2},
    {.bitmap_index = 7989, .adv_w = 320, .box_w = 20, .box_h = 19, .ofs_x = 0, .ofs_y = -2},
    {.bitmap_index = 8118, .adv_w = 320, .box_w = 20, .box_h = 19, .ofs_x = 0, .ofs_y = -2},
    {.bitmap_index = 8253, .adv_w = 320, .box_w = 20, .box_h = 19, .ofs_x = 0, .ofs_y = -2},
    {.bitmap_index = 8394, .adv_w = 320, .box_w = 20, .box_h = 19, .ofs_x = 0, .ofs_y = -2},
    {.bitmap_index = 8506, .adv_w = 320, .box_w = 20, .box_h = 19, .ofs_x = 0, .ofs_y = -2},
    {.bitmap_index = 8643, .adv_w = 320, .box_w = 20, .box_h = 20, .ofs_x = 0, .ofs_y = -3},
    {.bitmap_index = 8785, .adv_w = 320, .box_w = 20, .box_h = 19, .ofs_x = 0, .ofs_y = -2},
    {.bitmap_index = 8892, .adv_w = 320, .box_w = 20, .box_h = 19, .ofs_x = 0, .ofs_y = -2},
    {.bitmap_index = 9021, .adv_w = 320, .box_w = 20, .box_h = 19, .ofs_x = 0, .ofs_y = -2},
    {.bitmap_index = 9122, .adv_w = 320, .box_w = 20, .box_h = 19, .ofs_x = 0, .ofs_y = -2},
    {.bitmap_index = 9263, .adv_w = 320, .box_w = 20, .box_h = 19, .ofs_x = 0, .ofs_y = -2},
    {.bitmap_index = 9397, .adv_w = 320, .box_w = 20, .box_h = 20, .ofs_x = 0, .ofs_y = -3},
    {.bitmap_index = 9517, .adv_w = 320, .box_w = 20, .box_h = 20, .ofs_x = 0, .ofs_y = -3},
    {.bitmap_index = 9667, .adv_w = 320, .box_w = 19, .box_h = 19, .ofs_x = 0, .ofs_y = -2},
    {.bitmap_index = 9797, .adv_w = 320, .box_w = 19, .box_h = 20, .ofs_x = 0, .ofs_y = -2},
    {.bitmap_index = 9920, .adv_w = 320, .box_w = 20, .box_h = 20, .ofs_x = 0, .ofs_y = -3},
    {.bitmap_index = 10094, .adv_w = 320, .box_w = 20, .box_h = 20, .ofs_x = 0, .ofs_y = -2},
    {.bitmap_index = 10243, .adv_w = 320, .box_w = 20, .box_h = 19, .ofs_x = 0, .ofs_y = -2},
    {.bitmap_index = 10326, .adv_w = 320, .box_w = 20, .box_h = 18, .ofs_x = 0, .ofs_y = -2},
    {.bitmap_index = 10429, .adv_w = 320, .box_w = 19, .box_h = 19, .ofs_x = 0, .ofs_y = -2},
    {.bitmap_index = 10549, .adv_w = 320, .box_w = 20, .box_h = 20, .ofs_x = 0, .ofs_y = -3},
    {.bitmap_index = 10684, .adv_w = 320, .box_w = 20, .box_h = 19, .ofs_x = 0, .ofs_y = -2},
    {.bitmap_index = 10825, .adv_w = 320, .box_w = 20, .box_h = 19, .ofs_x = 0, .ofs_y = -2},
    {.bitmap_index = 10943, .adv_w = 320, .box_w = 20, .box_h = 19, .ofs_x = 0, .ofs_y = -1},
    {.bitmap_index = 11049, .adv_w = 320, .box_w = 20, .box_h = 18, .ofs_x = 0, .ofs_y = -2},
    {.bitmap_index = 11167, .adv_w = 320, .box_w = 20, .box_h = 19, .ofs_x = 0, .ofs_y = -2},
    {.bitmap_index = 11278, .adv_w = 320, .box_w = 19, .box_h = 19, .ofs_x = 1, .ofs_y = -2},
    {.bitmap_index = 11400, .adv_w = 320, .box_w = 20, .box_h = 20, .ofs_x = 0, .ofs_y = -3},
    {.bitmap_index = 11545, .adv_w = 320, .box_w = 17, .box_h = 19, .ofs_x = 1, .ofs_y = -2},
    {.bitmap_index = 11642, .adv_w = 320, .box_w = 20, .box_h = 19, .ofs_x = 0, .ofs_y = -3},
    {.bitmap_index = 11753, .adv_w = 320, .box_w = 18, .box_h = 18, .ofs_x = 1, .ofs_y = -2},
    {.bitmap_index = 11856, .adv_w = 320, .box_w = 19, .box_h = 19, .ofs_x = 0, .ofs_y = -2},
    {.bitmap_index = 11961, .adv_w = 320, .box_w = 20, .box_h = 19, .ofs_x = 0, .ofs_y = -2},
    {.bitmap_index = 12107, .adv_w = 320, .box_w = 20, .box_h = 19, .ofs_x = 0, .ofs_y = -2},
    {.bitmap_index = 12257, .adv_w = 320, .box_w = 18, .box_h = 17, .ofs_x = 1, .ofs_y = -1},
    {.bitmap_index = 12369, .adv_w = 320, .box_w = 16, .box_h = 19, .ofs_x = 2, .ofs_y = -2},
    {.bitmap_index = 12431, .adv_w = 320, .box_w = 18, .box_h = 19, .ofs_x = 1, .ofs_y = -2},
    {.bitmap_index = 12508, .adv_w = 320, .box_w = 20, .box_h = 19, .ofs_x = 0, .ofs_y = -2},
    {.bitmap_index = 12644, .adv_w = 320, .box_w = 19, .box_h = 20, .ofs_x = 0, .ofs_y = -2},
    {.bitmap_index = 12768, .adv_w = 320, .box_w = 18, .box_h = 19, .ofs_x = 1, .ofs_y = -2},
    {.bitmap_index = 12888, .adv_w = 320, .box_w = 19, .box_h = 20, .ofs_x = 0, .ofs_y = -2},
    {.bitmap_index = 13016, .adv_w = 320, .box_w = 19, .box_h = 19, .ofs_x = 0, .ofs_y = -2},
    {.bitmap_index = 13166, .adv_w = 320, .box_w = 19, .box_h = 20, .ofs_x = 0, .ofs_y = -3},
    {.bitmap_index = 13289, .adv_w = 320, .box_w = 19, .box_h = 19, .ofs_x = 0, .ofs_y = -3},
    {.bitmap_index = 13409, .adv_w = 320, .box_w = 18, .box_h = 18, .ofs_x = 1, .ofs_y = -1},
    {.bitmap_index = 13525, .adv_w = 320, .box_w = 19, .box_h = 19, .ofs_x = 0, .ofs_y = -2},
    {.bitmap_index = 13641, .adv_w = 320, .box_w = 18, .box_h = 19, .ofs_x = 1, .ofs_y = -2},
    {.bitmap_index = 13760, .adv_w = 320, .box_w = 18, .box_h = 19, .ofs_x = 0, .ofs_y = -2},
    {.bitmap_index = 13869, .adv_w = 320, .box_w = 19, .box_h = 19, .ofs_x = 0, .ofs_y = -2},
    {.bitmap_index = 14005, .adv_w = 320, .box_w = 19, .box_h = 19, .ofs_x = 0, .ofs_y = -2},
    {.bitmap_index = 14131, .adv_w = 320, .box_w = 20, .box_h = 20, .ofs_x = 0, .ofs_y = -2},
    {.bitmap_index = 14282, .adv_w = 320, .box_w = 18, .box_h = 19, .ofs_x = 1, .ofs_y = -2},
    {.bitmap_index = 14426, .adv_w = 320, .box_w = 20, .box_h = 19, .ofs_x = 0, .ofs_y = -2},
    {.bitmap_index = 14589, .adv_w = 320, .box_w = 19, .box_h = 19, .ofs_x = 0, .ofs_y = -2},
    {.bitmap_index = 14747, .adv_w = 320, .box_w = 20, .box_h = 20, .ofs_x = 0, .ofs_y = -2},
    {.bitmap_index = 14876, .adv_w = 320, .box_w = 20, .box_h = 19, .ofs_x = 0, .ofs_y = -2},
    {.bitmap_index = 15011, .adv_w = 320, .box_w = 18, .box_h = 17, .ofs_x = 1, .ofs_y = -1},
    {.bitmap_index = 15105, .adv_w = 320, .box_w = 19, .box_h = 17, .ofs_x = 1, .ofs_y = -1},
    {.bitmap_index = 15209, .adv_w = 320, .box_w = 19, .box_h = 19, .ofs_x = 1, .ofs_y = -2},
    {.bitmap_index = 15251, .adv_w = 320, .box_w = 19, .box_h = 20, .ofs_x = 1, .ofs_y = -2},
    {.bitmap_index = 15327, .adv_w = 320, .box_w = 19, .box_h = 19, .ofs_x = 0, .ofs_y = -2},
    {.bitmap_index = 15430, .adv_w = 320, .box_w = 11, .box_h = 19, .ofs_x = 7, .ofs_y = -2},
    {.bitmap_index = 15471, .adv_w = 320, .box_w = 16, .box_h = 19, .ofs_x = 3, .ofs_y = -2},
    {.bitmap_index = 15538, .adv_w = 320, .box_w = 18, .box_h = 18, .ofs_x = 1, .ofs_y = -2},
    {.bitmap_index = 15643, .adv_w = 320, .box_w = 18, .box_h = 19, .ofs_x = 1, .ofs_y = -2},
    {.bitmap_index = 15753, .adv_w = 320, .box_w = 19, .box_h = 18, .ofs_x = 0, .ofs_y = -2},
    {.bitmap_index = 15821, .adv_w = 320, .box_w = 20, .box_h = 18, .ofs_x = 0, .ofs_y = -2},
    {.bitmap_index = 15940, .adv_w = 320, .box_w = 20, .box_h = 19, .ofs_x = 0, .ofs_y = -2},
    {.bitmap_index = 16073, .adv_w = 320, .box_w = 20, .box_h = 18, .ofs_x = 0, .ofs_y = -2},
    {.bitmap_index = 16231, .adv_w = 320, .box_w = 20, .box_h = 19, .ofs_x = 0, .ofs_y = -2},
    {.bitmap_index = 16386, .adv_w = 320, .box_w = 20, .box_h = 19, .ofs_x = 0, .ofs_y = -3},
    {.bitmap_index = 16539, .adv_w = 320, .box_w = 18, .box_h = 19, .ofs_x = 1, .ofs_y = -2},
    {.bitmap_index = 16680, .adv_w = 320, .box_w = 19, .box_h = 19, .ofs_x = 1, .ofs_y = -3},
    {.bitmap_index = 16758, .adv_w = 320, .box_w = 19, .box_h = 19, .ofs_x = 1, .ofs_y = -2},
    {.bitmap_index = 16825, .adv_w = 320, .box_w = 19, .box_h = 19, .ofs_x = 1, .ofs_y = -2},
    {.bitmap_index = 16923, .adv_w = 320, .box_w = 18, .box_h = 19, .ofs_x = 1, .ofs_y = -2},
    {.bitmap_index = 16998, .adv_w = 320, .box_w = 20, .box_h = 20, .ofs_x = 0, .ofs_y = -3},
    {.bitmap_index = 17121, .adv_w = 320, .box_w = 19, .box_h = 19, .ofs_x = 0, .ofs_y = -3},
    {.bitmap_index = 17226, .adv_w = 320, .box_w = 19, .box_h = 19, .ofs_x = 1, .ofs_y = -2},
    {.bitmap_index = 17325, .adv_w = 320, .box_w = 18, .box_h = 19, .ofs_x = 0, .ofs_y = -2},
    {.bitmap_index = 17426, .adv_w = 320, .box_w = 19, .box_h = 19, .ofs_x = 1, .ofs_y = -3},
    {.bitmap_index = 17555, .adv_w = 320, .box_w = 20, .box_h = 18, .ofs_x = 0, .ofs_y = -2},
    {.bitmap_index = 17662, .adv_w = 320, .box_w = 20, .box_h = 19, .ofs_x = 0, .ofs_y = -2},
    {.bitmap_index = 17771, .adv_w = 320, .box_w = 18, .box_h = 19, .ofs_x = 1, .ofs_y = -2},
    {.bitmap_index = 17869, .adv_w = 320, .box_w = 19, .box_h = 20, .ofs_x = 1, .ofs_y = -3},
    {.bitmap_index = 18026, .adv_w = 320, .box_w = 18, .box_h = 18, .ofs_x = 1, .ofs_y = -2},
    {.bitmap_index = 18129, .adv_w = 320, .box_w = 19, .box_h = 20, .ofs_x = 1, .ofs_y = -2},
    {.bitmap_index = 18274, .adv_w = 320, .box_w = 19, .box_h = 19, .ofs_x = 1, .ofs_y = -2},
    {.bitmap_index = 18408, .adv_w = 320, .box_w = 20, .box_h = 20, .ofs_x = 0, .ofs_y = -3},
    {.bitmap_index = 18529, .adv_w = 320, .box_w = 18, .box_h = 18, .ofs_x = 1, .ofs_y = -2},
    {.bitmap_index = 18651, .adv_w = 320, .box_w = 17, .box_h = 17, .ofs_x = 1, .ofs_y = -1},
    {.bitmap_index = 18744, .adv_w = 320, .box_w = 18, .box_h = 18, .ofs_x = 1, .ofs_y = -2},
    {.bitmap_index = 18807, .adv_w = 320, .box_w = 18, .box_h = 18, .ofs_x = 1, .ofs_y = -2},
    {.bitmap_index = 18926, .adv_w = 320, .box_w = 19, .box_h = 18, .ofs_x = 0, .ofs_y = -1},
    {.bitmap_index = 18978, .adv_w = 320, .box_w = 19, .box_h = 18, .ofs_x = 0, .ofs_y = -1},
    {.bitmap_index = 19077, .adv_w = 320, .box_w = 19, .box_h = 19, .ofs_x = 0, .ofs_y = -2},
    {.bitmap_index = 19185, .adv_w = 320, .box_w = 20, .box_h = 19, .ofs_x = 0, .ofs_y = -2},
    {.bitmap_index = 19311, .adv_w = 320, .box_w = 20, .box_h = 19, .ofs_x = 0, .ofs_y = -2},
    {.bitmap_index = 19455, .adv_w = 320, .box_w = 20, .box_h = 19, .ofs_x = 0, .ofs_y = -2},
    {.bitmap_index = 19589, .adv_w = 320, .box_w = 20, .box_h = 19, .ofs_x = 0, .ofs_y = -2},
    {.bitmap_index = 19716, .adv_w = 320, .box_w = 18, .box_h = 19, .ofs_x = 1, .ofs_y = -2},
    {.bitmap_index = 19854, .adv_w = 320, .box_w = 20, .box_h = 20, .ofs_x = 0, .ofs_y = -3},
    {.bitmap_index = 20011, .adv_w = 320, .box_w = 20, .box_h = 19, .ofs_x = 0, .ofs_y = -2},
    {.bitmap_index = 20129, .adv_w = 320, .box_w = 20, .box_h = 18, .ofs_x = 0, .ofs_y = -2},
    {.bitmap_index = 20239, .adv_w = 320, .box_w = 20, .box_h = 19, .ofs_x = 0, .ofs_y = -2},
    {.bitmap_index = 20360, .adv_w = 320, .box_w = 20, .box_h = 19, .ofs_x = 0, .ofs_y = -2},
    {.bitmap_index = 20493, .adv_w = 320, .box_w = 18, .box_h = 19, .ofs_x = 1, .ofs_y = -2},
    {.bitmap_index = 20612, .adv_w = 320, .box_w = 20, .box_h = 19, .ofs_x = 0, .ofs_y = -2},
    {.bitmap_index = 20741, .adv_w = 320, .box_w = 18, .box_h = 20, .ofs_x = 1, .ofs_y = -3},
    {.bitmap_index = 20859, .adv_w = 320, .box_w = 19, .box_h = 19, .ofs_x = 0, .ofs_y = -2},
    {.bitmap_index = 20987, .adv_w = 320, .box_w = 20, .box_h = 20, .ofs_x = 0, .ofs_y = -3},
    {.bitmap_index = 21136, .adv_w = 320, .box_w = 19, .box_h = 19, .ofs_x = 0, .ofs_y = -2},
    {.bitmap_index = 21262, .adv_w = 320, .box_w = 20, .box_h = 20, .ofs_x = 0, .ofs_y = -3},
    {.bitmap_index = 21417, .adv_w = 320, .box_w = 19, .box_h = 19, .ofs_x = 1, .ofs_y = -3},
    {.bitmap_index = 21502, .adv_w = 320, .box_w = 18, .box_h = 20, .ofs_x = 1, .ofs_y = -3},
    {.bitmap_index = 21599, .adv_w = 320, .box_w = 20, .box_h = 20, .ofs_x = 0, .ofs_y = -3},
    {.bitmap_index = 21721, .adv_w = 320, .box_w = 18, .box_h = 19, .ofs_x = 1, .ofs_y = -2},
    {.bitmap_index = 21838, .adv_w = 320, .box_w = 19, .box_h = 20, .ofs_x = 1, .ofs_y = -3},
    {.bitmap_index = 22001, .adv_w = 320, .box_w = 18, .box_h = 18, .ofs_x = 1, .ofs_y = -1},
    {.bitmap_index = 22102, .adv_w = 320, .box_w = 18, .box_h = 19, .ofs_x = 1, .ofs_y = -2},
    {.bitmap_index = 22205, .adv_w = 320, .box_w = 18, .box_h = 19, .ofs_x = 1, .ofs_y = -2},
    {.bitmap_index = 22333, .adv_w = 320, .box_w = 20, .box_h = 19, .ofs_x = 0, .ofs_y = -2},
    {.bitmap_index = 22445, .adv_w = 320, .box_w = 20, .box_h = 19, .ofs_x = 0, .ofs_y = -2},
    {.bitmap_index = 22566, .adv_w = 320, .box_w = 19, .box_h = 18, .ofs_x = 0, .ofs_y = -1},
    {.bitmap_index = 22664, .adv_w = 320, .box_w = 18, .box_h = 19, .ofs_x = 1, .ofs_y = -2},
    {.bitmap_index = 22795, .adv_w = 320, .box_w = 20, .box_h = 20, .ofs_x = 0, .ofs_y = -2},
    {.bitmap_index = 22947, .adv_w = 320, .box_w = 20, .box_h = 20, .ofs_x = 0, .ofs_y = -3},
    {.bitmap_index = 23086, .adv_w = 320, .box_w = 19, .box_h = 20, .ofs_x = 1, .ofs_y = -3},
    {.bitmap_index = 23240, .adv_w = 320, .box_w = 20, .box_h = 20, .ofs_x = 0, .ofs_y = -3},
    {.bitmap_index = 23382, .adv_w = 320, .box_w = 19, .box_h = 19, .ofs_x = 0, .ofs_y = -2},
    {.bitmap_index = 23519, .adv_w = 320, .box_w = 19, .box_h = 20, .ofs_x = 0, .ofs_y = -3},
    {.bitmap_index = 23655, .adv_w = 320, .box_w = 20, .box_h = 20, .ofs_x = 0, .ofs_y = -3},
    {.bitmap_index = 23797, .adv_w = 320, .box_w = 19, .box_h = 20, .ofs_x = 0, .ofs_y = -3},
    {.bitmap_index = 23943, .adv_w = 320, .box_w = 20, .box_h = 20, .ofs_x = 0, .ofs_y = -3},
    {.bitmap_index = 24044, .adv_w = 320, .box_w = 16, .box_h = 19, .ofs_x = 2, .ofs_y = -2},
    {.bitmap_index = 24144, .adv_w = 320, .box_w = 19, .box_h = 19, .ofs_x = 1, .ofs_y = -2},
    {.bitmap_index = 24295, .adv_w = 320, .box_w = 19, .box_h = 19, .ofs_x = 0, .ofs_y = -3},
    {.bitmap_index = 24424, .adv_w = 320, .box_w = 18, .box_h = 18, .ofs_x = 0, .ofs_y = -2},
    {.bitmap_index = 24553, .adv_w = 320, .box_w = 19, .box_h = 20, .ofs_x = 1, .ofs_y = -2},
    {.bitmap_index = 24690, .adv_w = 320, .box_w = 18, .box_h = 20, .ofs_x = 1, .ofs_y = -3},
    {.bitmap_index = 24830, .adv_w = 320, .box_w = 18, .box_h = 15, .ofs_x = 1, .ofs_y = 0},
    {.bitmap_index = 24863, .adv_w = 320, .box_w = 16, .box_h = 17, .ofs_x = 3, .ofs_y = -1},
    {.bitmap_index = 24922, .adv_w = 320, .box_w = 18, .box_h = 17, .ofs_x = 2, .ofs_y = -1},
    {.bitmap_index = 24988, .adv_w = 320, .box_w = 18, .box_h = 17, .ofs_x = 2, .ofs_y = -1},
    {.bitmap_index = 25063, .adv_w = 320, .box_w = 18, .box_h = 19, .ofs_x = 1, .ofs_y = -2},
    {.bitmap_index = 25148, .adv_w = 320, .box_w = 18, .box_h = 20, .ofs_x = 1, .ofs_y = -3},
    {.bitmap_index = 25255, .adv_w = 320, .box_w = 19, .box_h = 19, .ofs_x = 1, .ofs_y = -2},
    {.bitmap_index = 25374, .adv_w = 320, .box_w = 18, .box_h = 18, .ofs_x = 1, .ofs_y = -2},
    {.bitmap_index = 25418, .adv_w = 320, .box_w = 19, .box_h = 18, .ofs_x = 0, .ofs_y = -2},
    {.bitmap_index = 25495, .adv_w = 320, .box_w = 19, .box_h = 19, .ofs_x = 1, .ofs_y = -2},
    {.bitmap_index = 25583, .adv_w = 320, .box_w = 19, .box_h = 19, .ofs_x = 0, .ofs_y = -2},
    {.bitmap_index = 25691, .adv_w = 320, .box_w = 18, .box_h = 19, .ofs_x = 0, .ofs_y = -2},
    {.bitmap_index = 25841, .adv_w = 320, .box_w = 20, .box_h = 19, .ofs_x = 0, .ofs_y = -2},
    {.bitmap_index = 25983, .adv_w = 320, .box_w = 20, .box_h = 20, .ofs_x = 0, .ofs_y = -2},
    {.bitmap_index = 26130, .adv_w = 320, .box_w = 20, .box_h = 19, .ofs_x = 0, .ofs_y = -2},
    {.bitmap_index = 26267, .adv_w = 320, .box_w = 20, .box_h = 20, .ofs_x = 0, .ofs_y = -3},
    {.bitmap_index = 26427, .adv_w = 320, .box_w = 20, .box_h = 19, .ofs_x = 0, .ofs_y = -2},
    {.bitmap_index = 26590, .adv_w = 320, .box_w = 19, .box_h = 19, .ofs_x = 1, .ofs_y = -3},
    {.bitmap_index = 26685, .adv_w = 320, .box_w = 19, .box_h = 19, .ofs_x = 1, .ofs_y = -2},
    {.bitmap_index = 26828, .adv_w = 320, .box_w = 16, .box_h = 19, .ofs_x = 2, .ofs_y = -2},
    {.bitmap_index = 26924, .adv_w = 320, .box_w = 18, .box_h = 19, .ofs_x = 1, .ofs_y = -3},
    {.bitmap_index = 27056, .adv_w = 320, .box_w = 19, .box_h = 19, .ofs_x = 1, .ofs_y = -2},
    {.bitmap_index = 27209, .adv_w = 320, .box_w = 20, .box_h = 20, .ofs_x = 0, .ofs_y = -3},
    {.bitmap_index = 27349, .adv_w = 320, .box_w = 20, .box_h = 19, .ofs_x = 0, .ofs_y = -2},
    {.bitmap_index = 27482, .adv_w = 320, .box_w = 20, .box_h = 20, .ofs_x = 0, .ofs_y = -3},
    {.bitmap_index = 27627, .adv_w = 320, .box_w = 20, .box_h = 18, .ofs_x = 0, .ofs_y = -1},
    {.bitmap_index = 27744, .adv_w = 320, .box_w = 18, .box_h = 17, .ofs_x = 1, .ofs_y = -1},
    {.bitmap_index = 27859, .adv_w = 320, .box_w = 20, .box_h = 18, .ofs_x = 0, .ofs_y = -1},
    {.bitmap_index = 28000, .adv_w = 320, .box_w = 19, .box_h = 19, .ofs_x = 0, .ofs_y = -2},
    {.bitmap_index = 28098, .adv_w = 320, .box_w = 19, .box_h = 19, .ofs_x = 0, .ofs_y = -2},
    {.bitmap_index = 28207, .adv_w = 320, .box_w = 20, .box_h = 20, .ofs_x = 0, .ofs_y = -3},
    {.bitmap_index = 28366, .adv_w = 320, .box_w = 19, .box_h = 19, .ofs_x = 0, .ofs_y = -1},
    {.bitmap_index = 28482, .adv_w = 320, .box_w = 19, .box_h = 19, .ofs_x = 0, .ofs_y = -2},
    {.bitmap_index = 28607, .adv_w = 320, .box_w = 20, .box_h = 19, .ofs_x = 0, .ofs_y = -2},
    {.bitmap_index = 28734, .adv_w = 320, .box_w = 20, .box_h = 18, .ofs_x = 0, .ofs_y = -1},
    {.bitmap_index = 28884, .adv_w = 320, .box_w = 18, .box_h = 18, .ofs_x = 1, .ofs_y = -1},
    {.bitmap_index = 28999, .adv_w = 320, .box_w = 20, .box_h = 19, .ofs_x = 0, .ofs_y = -1},
    {.bitmap_index = 29159, .adv_w = 320, .box_w = 19, .box_h = 18, .ofs_x = 0, .ofs_y = -2},
    {.bitmap_index = 29300, .adv_w = 320, .box_w = 20, .box_h = 20, .ofs_x = 0, .ofs_y = -3},
    {.bitmap_index = 29447, .adv_w = 320, .box_w = 20, .box_h = 19, .ofs_x = 0, .ofs_y = -2},
    {.bitmap_index = 29604, .adv_w = 320, .box_w = 19, .box_h = 19, .ofs_x = 1, .ofs_y = -2},
    {.bitmap_index = 29750, .adv_w = 320, .box_w = 19, .box_h = 19, .ofs_x = 1, .ofs_y = -2},
    {.bitmap_index = 29852, .adv_w = 320, .box_w = 19, .box_h = 19, .ofs_x = 1, .ofs_y = -2},
    {.bitmap_index = 29945, .adv_w = 320, .box_w = 20, .box_h = 19, .ofs_x = 0, .ofs_y = -2},
    {.bitmap_index = 30042, .adv_w = 320, .box_w = 18, .box_h = 19, .ofs_x = 0, .ofs_y = -2},
    {.bitmap_index = 30140, .adv_w = 320, .box_w = 20, .box_h = 20, .ofs_x = 0, .ofs_y = -3},
    {.bitmap_index = 30278, .adv_w = 320, .box_w = 18, .box_h = 19, .ofs_x = 0, .ofs_y = -2},
    {.bitmap_index = 30374, .adv_w = 320, .box_w = 20, .box_h = 19, .ofs_x = 0, .ofs_y = -2},
    {.bitmap_index = 30533, .adv_w = 320, .box_w = 20, .box_h = 19, .ofs_x = 0, .ofs_y = -2},
    {.bitmap_index = 30644, .adv_w = 320, .box_w = 20, .box_h = 19, .ofs_x = 0, .ofs_y = -2},
    {.bitmap_index = 30796, .adv_w = 320, .box_w = 20, .box_h = 19, .ofs_x = 0, .ofs_y = -2},
    {.bitmap_index = 30925, .adv_w = 320, .box_w = 20, .box_h = 19, .ofs_x = 0, .ofs_y = -2},
    {.bitmap_index = 31066, .adv_w = 320, .box_w = 19, .box_h = 19, .ofs_x = 0, .ofs_y = -2},
    {.bitmap_index = 31181, .adv_w = 320, .box_w = 20, .box_h = 20, .ofs_x = 0, .ofs_y = -3},
    {.bitmap_index = 31334, .adv_w = 320, .box_w = 20, .box_h = 19, .ofs_x = 0, .ofs_y = -2},
    {.bitmap_index = 31477, .adv_w = 320, .box_w = 20, .box_h = 20, .ofs_x = 0, .ofs_y = -3},
    {.bitmap_index = 31649, .adv_w = 320, .box_w = 20, .box_h = 19, .ofs_x = 0, .ofs_y = -2},
    {.bitmap_index = 31797, .adv_w = 320, .box_w = 20, .box_h = 21, .ofs_x = 0, .ofs_y = -3},
    {.bitmap_index = 31962, .adv_w = 320, .box_w = 20, .box_h = 20, .ofs_x = 0, .ofs_y = -3},
    {.bitmap_index = 32117, .adv_w = 320, .box_w = 20, .box_h = 20, .ofs_x = 0, .ofs_y = -3},
    {.bitmap_index = 32280, .adv_w = 320, .box_w = 20, .box_h = 18, .ofs_x = 0, .ofs_y = -1},
    {.bitmap_index = 32407, .adv_w = 320, .box_w = 19, .box_h = 19, .ofs_x = 0, .ofs_y = -2},
    {.bitmap_index = 32551, .adv_w = 320, .box_w = 20, .box_h = 20, .ofs_x = 0, .ofs_y = -3},
    {.bitmap_index = 32713, .adv_w = 320, .box_w = 20, .box_h = 19, .ofs_x = 0, .ofs_y = -2},
    {.bitmap_index = 32876, .adv_w = 320, .box_w = 20, .box_h = 19, .ofs_x = 0, .ofs_y = -2},
    {.bitmap_index = 33044, .adv_w = 320, .box_w = 20, .box_h = 19, .ofs_x = 0, .ofs_y = -2},
    {.bitmap_index = 33196, .adv_w = 320, .box_w = 20, .box_h = 19, .ofs_x = 0, .ofs_y = -2},
    {.bitmap_index = 33353, .adv_w = 320, .box_w = 20, .box_h = 20, .ofs_x = 0, .ofs_y = -3},
    {.bitmap_index = 33525, .adv_w = 320, .box_w = 20, .box_h = 19, .ofs_x = 0, .ofs_y = -2},
    {.bitmap_index = 33643, .adv_w = 320, .box_w = 19, .box_h = 19, .ofs_x = 1, .ofs_y = -2},
    {.bitmap_index = 33775, .adv_w = 320, .box_w = 20, .box_h = 19, .ofs_x = 0, .ofs_y = -2},
    {.bitmap_index = 33935, .adv_w = 320, .box_w = 20, .box_h = 19, .ofs_x = 0, .ofs_y = -2},
    {.bitmap_index = 34098, .adv_w = 320, .box_w = 20, .box_h = 19, .ofs_x = 0, .ofs_y = -2},
    {.bitmap_index = 34277, .adv_w = 320, .box_w = 20, .box_h = 20, .ofs_x = 0, .ofs_y = -3},
    {.bitmap_index = 34434, .adv_w = 320, .box_w = 20, .box_h = 18, .ofs_x = 0, .ofs_y = -1},
    {.bitmap_index = 34584, .adv_w = 320, .box_w = 20, .box_h = 19, .ofs_x = 0, .ofs_y = -2},
    {.bitmap_index = 34720, .adv_w = 320, .box_w = 20, .box_h = 19, .ofs_x = 0, .ofs_y = -1},
    {.bitmap_index = 34863, .adv_w = 320, .box_w = 19, .box_h = 20, .ofs_x = 0, .ofs_y = -2},
    {.bitmap_index = 34982, .adv_w = 320, .box_w = 20, .box_h = 19, .ofs_x = 0, .ofs_y = -2},
    {.bitmap_index = 35144, .adv_w = 320, .box_w = 20, .box_h = 18, .ofs_x = 0, .ofs_y = -2},
    {.bitmap_index = 35257, .adv_w = 320, .box_w = 14, .box_h = 18, .ofs_x = 3, .ofs_y = -2},
    {.bitmap_index = 35299, .adv_w = 320, .box_w = 20, .box_h = 18, .ofs_x = 0, .ofs_y = -2},
    {.bitmap_index = 35375, .adv_w = 320, .box_w = 19, .box_h = 19, .ofs_x = 1, .ofs_y = -2},
    {.bitmap_index = 35490, .adv_w = 320, .box_w = 19, .box_h = 17, .ofs_x = 1, .ofs_y = -1},
    {.bitmap_index = 35573, .adv_w = 320, .box_w = 18, .box_h = 18, .ofs_x = 1, .ofs_y = -2},
    {.bitmap_index = 35678, .adv_w = 320, .box_w = 18, .box_h = 17, .ofs_x = 1, .ofs_y = -1},
    {.bitmap_index = 35776, .adv_w = 320, .box_w = 20, .box_h = 18, .ofs_x = 0, .ofs_y = -2},
    {.bitmap_index = 35890, .adv_w = 320, .box_w = 19, .box_h = 18, .ofs_x = 0, .ofs_y = -1},
    {.bitmap_index = 35993, .adv_w = 320, .box_w = 20, .box_h = 17, .ofs_x = 0, .ofs_y = -1},
    {.bitmap_index = 36097, .adv_w = 320, .box_w = 17, .box_h = 19, .ofs_x = 1, .ofs_y = -2},
    {.bitmap_index = 36203, .adv_w = 320, .box_w = 19, .box_h = 20, .ofs_x = 1, .ofs_y = -3},
    {.bitmap_index = 36345, .adv_w = 320, .box_w = 19, .box_h = 20, .ofs_x = 1, .ofs_y = -3},
    {.bitmap_index = 36485, .adv_w = 320, .box_w = 20, .box_h = 18, .ofs_x = 0, .ofs_y = -2},
    {.bitmap_index = 36615, .adv_w = 320, .box_w = 20, .box_h = 19, .ofs_x = 0, .ofs_y = -2},
    {.bitmap_index = 36762, .adv_w = 320, .box_w = 17, .box_h = 18, .ofs_x = 0, .ofs_y = -2},
    {.bitmap_index = 36846, .adv_w = 320, .box_w = 19, .box_h = 19, .ofs_x = 0, .ofs_y = -2},
    {.bitmap_index = 36951, .adv_w = 320, .box_w = 19, .box_h = 19, .ofs_x = 0, .ofs_y = -2},
    {.bitmap_index = 37097, .adv_w = 320, .box_w = 20, .box_h = 19, .ofs_x = 0, .ofs_y = -2},
    {.bitmap_index = 37209, .adv_w = 320, .box_w = 20, .box_h = 20, .ofs_x = 0, .ofs_y = -3},
    {.bitmap_index = 37344, .adv_w = 320, .box_w = 20, .box_h = 19, .ofs_x = 0, .ofs_y = -2},
    {.bitmap_index = 37479, .adv_w = 320, .box_w = 20, .box_h = 20, .ofs_x = 0, .ofs_y = -3},
    {.bitmap_index = 37651, .adv_w = 320, .box_w = 20, .box_h = 18, .ofs_x = 0, .ofs_y = -2},
    {.bitmap_index = 37782, .adv_w = 320, .box_w = 20, .box_h = 20, .ofs_x = 0, .ofs_y = -3},
    {.bitmap_index = 37933, .adv_w = 320, .box_w = 20, .box_h = 19, .ofs_x = 0, .ofs_y = -2},
    {.bitmap_index = 38079, .adv_w = 320, .box_w = 19, .box_h = 19, .ofs_x = 0, .ofs_y = -2},
    {.bitmap_index = 38207, .adv_w = 320, .box_w = 20, .box_h = 20, .ofs_x = 0, .ofs_y = -3},
    {.bitmap_index = 38371, .adv_w = 320, .box_w = 20, .box_h = 20, .ofs_x = 0, .ofs_y = -3},
    {.bitmap_index = 38517, .adv_w = 320, .box_w = 20, .box_h = 20, .ofs_x = 0, .ofs_y = -3},
    {.bitmap_index = 38673, .adv_w = 320, .box_w = 20, .box_h = 19, .ofs_x = 0, .ofs_y = -2},
    {.bitmap_index = 38829, .adv_w = 320, .box_w = 19, .box_h = 19, .ofs_x = 0, .ofs_y = -2},
    {.bitmap_index = 38960, .adv_w = 320, .box_w = 20, .box_h = 20, .ofs_x = 0, .ofs_y = -2},
    {.bitmap_index = 39115, .adv_w = 320, .box_w = 20, .box_h = 19, .ofs_x = 0, .ofs_y = -2},
    {.bitmap_index = 39272, .adv_w = 320, .box_w = 20, .box_h = 19, .ofs_x = 0, .ofs_y = -2},
    {.bitmap_index = 39420, .adv_w = 320, .box_w = 20, .box_h = 19, .ofs_x = 0, .ofs_y = -2},
    {.bitmap_index = 39574, .adv_w = 320, .box_w = 20, .box_h = 19, .ofs_x = 0, .ofs_y = -2},
    {.bitmap_index = 39738, .adv_w = 320, .box_w = 20, .box_h = 19, .ofs_x = 0, .ofs_y = -2},
    {.bitmap_index = 39892, .adv_w = 320, .box_w = 19, .box_h = 18, .ofs_x = 1, .ofs_y = -1},
    {.bitmap_index = 39949, .adv_w = 320, .box_w = 19, .box_h = 17, .ofs_x = 1, .ofs_y = -1},
    {.bitmap_index = 40012, .adv_w = 320, .box_w = 20, .box_h = 19, .ofs_x = 0, .ofs_y = -2},
    {.bitmap_index = 40114, .adv_w = 320, .box_w = 19, .box_h = 19, .ofs_x = 0, .ofs_y = -2},
    {.bitmap_index = 40236, .adv_w = 320, .box_w = 20, .box_h = 19, .ofs_x = 0, .ofs_y = -2},
    {.bitmap_index = 40385, .adv_w = 320, .box_w = 20, .box_h = 21, .ofs_x = 0, .ofs_y = -3},
    {.bitmap_index = 40532, .adv_w = 320, .box_w = 18, .box_h = 19, .ofs_x = 1, .ofs_y = -2},
    {.bitmap_index = 40626, .adv_w = 320, .box_w = 19, .box_h = 18, .ofs_x = 1, .ofs_y = -1},
    {.bitmap_index = 40762, .adv_w = 320, .box_w = 20, .box_h = 19, .ofs_x = 0, .ofs_y = -2},
    {.bitmap_index = 40867, .adv_w = 320, .box_w = 20, .box_h = 19, .ofs_x = 0, .ofs_y = -2},
    {.bitmap_index = 40986, .adv_w = 320, .box_w = 20, .box_h = 20, .ofs_x = 0, .ofs_y = -3},
    {.bitmap_index = 41136, .adv_w = 320, .box_w = 20, .box_h = 19, .ofs_x = 0, .ofs_y = -2},
    {.bitmap_index = 41236, .adv_w = 320, .box_w = 19, .box_h = 20, .ofs_x = 0, .ofs_y = -3},
    {.bitmap_index = 41387, .adv_w = 320, .box_w = 20, .box_h = 19, .ofs_x = 0, .ofs_y = -2},
    {.bitmap_index = 41543, .adv_w = 320, .box_w = 19, .box_h = 19, .ofs_x = 0, .ofs_y = -2},
    {.bitmap_index = 41662, .adv_w = 320, .box_w = 19, .box_h = 19, .ofs_x = 0, .ofs_y = -2},
    {.bitmap_index = 41809, .adv_w = 320, .box_w = 20, .box_h = 19, .ofs_x = 0, .ofs_y = -2},
    {.bitmap_index = 41966, .adv_w = 320, .box_w = 20, .box_h = 19, .ofs_x = 0, .ofs_y = -2},
    {.bitmap_index = 42118, .adv_w = 320, .box_w = 19, .box_h = 20, .ofs_x = 0, .ofs_y = -3},
    {.bitmap_index = 42239, .adv_w = 320, .box_w = 20, .box_h = 19, .ofs_x = 0, .ofs_y = -2},
    {.bitmap_index = 42401, .adv_w = 320, .box_w = 20, .box_h = 19, .ofs_x = 0, .ofs_y = -2},
    {.bitmap_index = 42556, .adv_w = 320, .box_w = 20, .box_h = 19, .ofs_x = 0, .ofs_y = -2},
    {.bitmap_index = 42700, .adv_w = 320, .box_w = 19, .box_h = 19, .ofs_x = 0, .ofs_y = -2},
    {.bitmap_index = 42837, .adv_w = 320, .box_w = 19, .box_h = 20, .ofs_x = 0, .ofs_y = -3},
    {.bitmap_index = 42993, .adv_w = 320, .box_w = 20, .box_h = 19, .ofs_x = 0, .ofs_y = -2},
    {.bitmap_index = 43165, .adv_w = 320, .box_w = 20, .box_h = 18, .ofs_x = 0, .ofs_y = -1},
    {.bitmap_index = 43319, .adv_w = 320, .box_w = 19, .box_h = 19, .ofs_x = 0, .ofs_y = -2},
    {.bitmap_index = 43450, .adv_w = 320, .box_w = 20, .box_h = 19, .ofs_x = 0, .ofs_y = -2},
    {.bitmap_index = 43593, .adv_w = 320, .box_w = 20, .box_h = 19, .ofs_x = 0, .ofs_y = -2},
    {.bitmap_index = 43719, .adv_w = 320, .box_w = 19, .box_h = 18, .ofs_x = 1, .ofs_y = -1},
    {.bitmap_index = 43873, .adv_w = 320, .box_w = 20, .box_h = 19, .ofs_x = 0, .ofs_y = -2},
    {.bitmap_index = 44025, .adv_w = 320, .box_w = 19, .box_h = 19, .ofs_x = 1, .ofs_y = -2},
    {.bitmap_index = 44154, .adv_w = 320, .box_w = 19, .box_h = 19, .ofs_x = 0, .ofs_y = -2},
    {.bitmap_index = 44298, .adv_w = 320, .box_w = 20, .box_h = 18, .ofs_x = 0, .ofs_y = -2},
    {.bitmap_index = 44427, .adv_w = 320, .box_w = 19, .box_h = 19, .ofs_x = 1, .ofs_y = -2},
    {.bitmap_index = 44536, .adv_w = 320, .box_w = 19, .box_h = 19, .ofs_x = 0, .ofs_y = -2},
    {.bitmap_index = 44677, .adv_w = 320, .box_w = 19, .box_h = 19, .ofs_x = 1, .ofs_y = -2},
    {.bitmap_index = 44835, .adv_w = 320, .box_w = 19, .box_h = 19, .ofs_x = 1, .ofs_y = -2},
    {.bitmap_index = 44961, .adv_w = 320, .box_w = 19, .box_h = 19, .ofs_x = 0, .ofs_y = -2},
    {.bitmap_index = 45130, .adv_w = 320, .box_w = 19, .box_h = 18, .ofs_x = 0, .ofs_y = -2},
    {.bitmap_index = 45271, .adv_w = 320, .box_w = 20, .box_h = 19, .ofs_x = 0, .ofs_y = -2},
    {.bitmap_index = 45451, .adv_w = 320, .box_w = 19, .box_h = 19, .ofs_x = 0, .ofs_y = -2},
    {.bitmap_index = 45600, .adv_w = 320, .box_w = 18, .box_h = 19, .ofs_x = 1, .ofs_y = -2},
    {.bitmap_index = 45679, .adv_w = 320, .box_w = 19, .box_h = 19, .ofs_x = 0, .ofs_y = -2},
    {.bitmap_index = 45833, .adv_w = 320, .box_w = 19, .box_h = 17, .ofs_x = 0, .ofs_y = -1},
    {.bitmap_index = 45958, .adv_w = 320, .box_w = 20, .box_h = 19, .ofs_x = 0, .ofs_y = -2},
    {.bitmap_index = 46095, .adv_w = 320, .box_w = 19, .box_h = 20, .ofs_x = 0, .ofs_y = -3},
    {.bitmap_index = 46251, .adv_w = 320, .box_w = 20, .box_h = 19, .ofs_x = 0, .ofs_y = -2},
    {.bitmap_index = 46399, .adv_w = 320, .box_w = 20, .box_h = 19, .ofs_x = 0, .ofs_y = -2},
    {.bitmap_index = 46559, .adv_w = 320, .box_w = 20, .box_h = 20, .ofs_x = 0, .ofs_y = -3},
    {.bitmap_index = 46736, .adv_w = 320, .box_w = 20, .box_h = 18, .ofs_x = 0, .ofs_y = -2},
    {.bitmap_index = 46865, .adv_w = 320, .box_w = 20, .box_h = 19, .ofs_x = 0, .ofs_y = -2},
    {.bitmap_index = 47002, .adv_w = 320, .box_w = 20, .box_h = 19, .ofs_x = 0, .ofs_y = -2},
    {.bitmap_index = 47160, .adv_w = 320, .box_w = 20, .box_h = 17, .ofs_x = 0, .ofs_y = -1},
    {.bitmap_index = 47289, .adv_w = 320, .box_w = 20, .box_h = 19, .ofs_x = 0, .ofs_y = -2},
    {.bitmap_index = 47448, .adv_w = 320, .box_w = 19, .box_h = 18, .ofs_x = 1, .ofs_y = -1},
    {.bitmap_index = 47541, .adv_w = 320, .box_w = 18, .box_h = 18, .ofs_x = 0, .ofs_y = -2},
    {.bitmap_index = 47639, .adv_w = 320, .box_w = 16, .box_h = 19, .ofs_x = 2, .ofs_y = -2},
    {.bitmap_index = 47710, .adv_w = 320, .box_w = 18, .box_h = 18, .ofs_x = 2, .ofs_y = -1},
    {.bitmap_index = 47804, .adv_w = 320, .box_w = 20, .box_h = 20, .ofs_x = 0, .ofs_y = -3},
    {.bitmap_index = 47939, .adv_w = 320, .box_w = 19, .box_h = 19, .ofs_x = 1, .ofs_y = -2},
    {.bitmap_index = 48075, .adv_w = 320, .box_w = 15, .box_h = 19, .ofs_x = 3, .ofs_y = -2},
    {.bitmap_index = 48137, .adv_w = 320, .box_w = 18, .box_h = 18, .ofs_x = 1, .ofs_y = -2},
    {.bitmap_index = 48218, .adv_w = 320, .box_w = 18, .box_h = 19, .ofs_x = 1, .ofs_y = -2},
    {.bitmap_index = 48348, .adv_w = 320, .box_w = 20, .box_h = 18, .ofs_x = 0, .ofs_y = -1},
    {.bitmap_index = 48478, .adv_w = 320, .box_w = 19, .box_h = 19, .ofs_x = 0, .ofs_y = -2},
    {.bitmap_index = 48592, .adv_w = 320, .box_w = 19, .box_h = 19, .ofs_x = 0, .ofs_y = -2},
    {.bitmap_index = 48716, .adv_w = 320, .box_w = 18, .box_h = 19, .ofs_x = 1, .ofs_y = -2},
    {.bitmap_index = 48833, .adv_w = 320, .box_w = 19, .box_h = 20, .ofs_x = 0, .ofs_y = -3},
    {.bitmap_index = 48964, .adv_w = 320, .box_w = 19, .box_h = 18, .ofs_x = 1, .ofs_y = -1},
    {.bitmap_index = 49114, .adv_w = 320, .box_w = 19, .box_h = 20, .ofs_x = 0, .ofs_y = -2},
    {.bitmap_index = 49245, .adv_w = 320, .box_w = 20, .box_h = 19, .ofs_x = 0, .ofs_y = -2},
    {.bitmap_index = 49393, .adv_w = 320, .box_w = 19, .box_h = 19, .ofs_x = 0, .ofs_y = -3},
    {.bitmap_index = 49492, .adv_w = 320, .box_w = 19, .box_h = 18, .ofs_x = 0, .ofs_y = -2},
    {.bitmap_index = 49631, .adv_w = 320, .box_w = 20, .box_h = 20, .ofs_x = 0, .ofs_y = -2},
    {.bitmap_index = 49789, .adv_w = 320, .box_w = 20, .box_h = 17, .ofs_x = 0, .ofs_y = -1},
    {.bitmap_index = 49912, .adv_w = 320, .box_w = 19, .box_h = 19, .ofs_x = 0, .ofs_y = -2},
    {.bitmap_index = 50070, .adv_w = 320, .box_w = 19, .box_h = 19, .ofs_x = 0, .ofs_y = -3},
    {.bitmap_index = 50177, .adv_w = 320, .box_w = 20, .box_h = 20, .ofs_x = 0, .ofs_y = -3},
    {.bitmap_index = 50315, .adv_w = 320, .box_w = 18, .box_h = 19, .ofs_x = 1, .ofs_y = -2},
    {.bitmap_index = 50447, .adv_w = 320, .box_w = 20, .box_h = 19, .ofs_x = 0, .ofs_y = -2},
    {.bitmap_index = 50576, .adv_w = 320, .box_w = 20, .box_h = 19, .ofs_x = 0, .ofs_y = -2},
    {.bitmap_index = 50716, .adv_w = 320, .box_w = 20, .box_h = 19, .ofs_x = 0, .ofs_y = -2},
    {.bitmap_index = 50863, .adv_w = 320, .box_w = 20, .box_h = 19, .ofs_x = 0, .ofs_y = -2},
    {.bitmap_index = 51021, .adv_w = 320, .box_w = 18, .box_h = 18, .ofs_x = 1, .ofs_y = -1},
    {.bitmap_index = 51118, .adv_w = 320, .box_w = 19, .box_h = 20, .ofs_x = 0, .ofs_y = -2},
    {.bitmap_index = 51270, .adv_w = 320, .box_w = 19, .box_h = 18, .ofs_x = 0, .ofs_y = -1},
    {.bitmap_index = 51422, .adv_w = 320, .box_w = 20, .box_h = 20, .ofs_x = 0, .ofs_y = -3},
    {.bitmap_index = 51569, .adv_w = 320, .box_w = 20, .box_h = 19, .ofs_x = 0, .ofs_y = -2},
    {.bitmap_index = 51704, .adv_w = 320, .box_w = 20, .box_h = 18, .ofs_x = 0, .ofs_y = -1},
    {.bitmap_index = 51857, .adv_w = 320, .box_w = 20, .box_h = 19, .ofs_x = 0, .ofs_y = -2},
    {.bitmap_index = 52030, .adv_w = 320, .box_w = 20, .box_h = 20, .ofs_x = 0, .ofs_y = -3},
    {.bitmap_index = 52206, .adv_w = 320, .box_w = 18, .box_h = 19, .ofs_x = 1, .ofs_y = -2},
    {.bitmap_index = 52355, .adv_w = 320, .box_w = 18, .box_h = 19, .ofs_x = 1, .ofs_y = -2},
    {.bitmap_index = 52506, .adv_w = 320, .box_w = 20, .box_h = 20, .ofs_x = 0, .ofs_y = -3},
    {.bitmap_index = 52681, .adv_w = 320, .box_w = 20, .box_h = 18, .ofs_x = 0, .ofs_y = -1},
    {.bitmap_index = 52805, .adv_w = 320, .box_w = 19, .box_h = 19, .ofs_x = 0, .ofs_y = -2},
    {.bitmap_index = 52955, .adv_w = 320, .box_w = 20, .box_h = 19, .ofs_x = 0, .ofs_y = -2},
    {.bitmap_index = 53115, .adv_w = 320, .box_w = 19, .box_h = 19, .ofs_x = 1, .ofs_y = -2},
    {.bitmap_index = 53279, .adv_w = 320, .box_w = 19, .box_h = 18, .ofs_x = 0, .ofs_y = -1},
    {.bitmap_index = 53416, .adv_w = 320, .box_w = 20, .box_h = 19, .ofs_x = 0, .ofs_y = -1},
    {.bitmap_index = 53565, .adv_w = 320, .box_w = 19, .box_h = 19, .ofs_x = 0, .ofs_y = -2},
    {.bitmap_index = 53710, .adv_w = 320, .box_w = 20, .box_h = 20, .ofs_x = 0, .ofs_y = -3},
    {.bitmap_index = 53867, .adv_w = 320, .box_w = 19, .box_h = 20, .ofs_x = 0, .ofs_y = -2},
    {.bitmap_index = 54024, .adv_w = 320, .box_w = 19, .box_h = 18, .ofs_x = 0, .ofs_y = -1},
    {.bitmap_index = 54182, .adv_w = 320, .box_w = 20, .box_h = 19, .ofs_x = 0, .ofs_y = -2},
    {.bitmap_index = 54352, .adv_w = 320, .box_w = 20, .box_h = 19, .ofs_x = 0, .ofs_y = -2},
    {.bitmap_index = 54507, .adv_w = 320, .box_w = 20, .box_h = 19, .ofs_x = 0, .ofs_y = -2},
    {.bitmap_index = 54672, .adv_w = 320, .box_w = 20, .box_h = 19, .ofs_x = 0, .ofs_y = -2},
    {.bitmap_index = 54850, .adv_w = 320, .box_w = 20, .box_h = 20, .ofs_x = 0, .ofs_y = -3},
    {.bitmap_index = 55029, .adv_w = 320, .box_w = 20, .box_h = 19, .ofs_x = 0, .ofs_y = -2},
    {.bitmap_index = 55185, .adv_w = 320, .box_w = 20, .box_h = 19, .ofs_x = 0, .ofs_y = -2},
    {.bitmap_index = 55357, .adv_w = 320, .box_w = 18, .box_h = 18, .ofs_x = 1, .ofs_y = -2},
    {.bitmap_index = 55479, .adv_w = 320, .box_w = 18, .box_h = 18, .ofs_x = 1, .ofs_y = -1},
    {.bitmap_index = 55585, .adv_w = 320, .box_w = 19, .box_h = 19, .ofs_x = 0, .ofs_y = -2},
    {.bitmap_index = 55675, .adv_w = 320, .box_w = 20, .box_h = 19, .ofs_x = 0, .ofs_y = -2},
    {.bitmap_index = 55812, .adv_w = 320, .box_w = 19, .box_h = 19, .ofs_x = 0, .ofs_y = -2},
    {.bitmap_index = 55970, .adv_w = 320, .box_w = 19, .box_h = 18, .ofs_x = 0, .ofs_y = -2},
    {.bitmap_index = 56096, .adv_w = 320, .box_w = 19, .box_h = 19, .ofs_x = 0, .ofs_y = -2},
    {.bitmap_index = 56215, .adv_w = 320, .box_w = 19, .box_h = 18, .ofs_x = 1, .ofs_y = -2},
    {.bitmap_index = 56283, .adv_w = 320, .box_w = 19, .box_h = 20, .ofs_x = 0, .ofs_y = -3},
    {.bitmap_index = 56410, .adv_w = 320, .box_w = 20, .box_h = 20, .ofs_x = 0, .ofs_y = -3},
    {.bitmap_index = 56565, .adv_w = 320, .box_w = 20, .box_h = 18, .ofs_x = 0, .ofs_y = -2},
    {.bitmap_index = 56726, .adv_w = 320, .box_w = 16, .box_h = 19, .ofs_x = 2, .ofs_y = -2},
    {.bitmap_index = 56815, .adv_w = 320, .box_w = 19, .box_h = 20, .ofs_x = 0, .ofs_y = -3},
    {.bitmap_index = 56962, .adv_w = 320, .box_w = 15, .box_h = 19, .ofs_x = 3, .ofs_y = -2},
    {.bitmap_index = 57038, .adv_w = 320, .box_w = 20, .box_h = 18, .ofs_x = 0, .ofs_y = -1},
    {.bitmap_index = 57146, .adv_w = 320, .box_w = 19, .box_h = 19, .ofs_x = 1, .ofs_y = -2},
    {.bitmap_index = 57231, .adv_w = 320, .box_w = 19, .box_h = 19, .ofs_x = 1, .ofs_y = -2},
    {.bitmap_index = 57363, .adv_w = 320, .box_w = 18, .box_h = 19, .ofs_x = 1, .ofs_y = -2},
    {.bitmap_index = 57462, .adv_w = 320, .box_w = 20, .box_h = 19, .ofs_x = 0, .ofs_y = -2},
    {.bitmap_index = 57626, .adv_w = 320, .box_w = 20, .box_h = 19, .ofs_x = 0, .ofs_y = -2},
    {.bitmap_index = 57783, .adv_w = 320, .box_w = 20, .box_h = 19, .ofs_x = 0, .ofs_y = -2},
    {.bitmap_index = 57942, .adv_w = 320, .box_w = 19, .box_h = 19, .ofs_x = 1, .ofs_y = -2},
    {.bitmap_index = 58089, .adv_w = 320, .box_w = 20, .box_h = 18, .ofs_x = 0, .ofs_y = -1},
    {.bitmap_index = 58227, .adv_w = 320, .box_w = 20, .box_h = 19, .ofs_x = 0, .ofs_y = -2},
    {.bitmap_index = 58388, .adv_w = 320, .box_w = 18, .box_h = 20, .ofs_x = 1, .ofs_y = -2},
    {.bitmap_index = 58536, .adv_w = 320, .box_w = 20, .box_h = 20, .ofs_x = 0, .ofs_y = -3},
    {.bitmap_index = 58714, .adv_w = 320, .box_w = 19, .box_h = 19, .ofs_x = 0, .ofs_y = -2},
    {.bitmap_index = 58853, .adv_w = 320, .box_w = 20, .box_h = 18, .ofs_x = 0, .ofs_y = -1},
    {.bitmap_index = 58992, .adv_w = 320, .box_w = 19, .box_h = 19, .ofs_x = 0, .ofs_y = -2},
    {.bitmap_index = 59135, .adv_w = 320, .box_w = 20, .box_h = 19, .ofs_x = 0, .ofs_y = -2},
    {.bitmap_index = 59308, .adv_w = 320, .box_w = 20, .box_h = 19, .ofs_x = 0, .ofs_y = -2},
    {.bitmap_index = 59410, .adv_w = 320, .box_w = 20, .box_h = 19, .ofs_x = 0, .ofs_y = -2},
    {.bitmap_index = 59568, .adv_w = 320, .box_w = 20, .box_h = 19, .ofs_x = 0, .ofs_y = -2},
    {.bitmap_index = 59705, .adv_w = 320, .box_w = 18, .box_h = 19, .ofs_x = 1, .ofs_y = -2},
    {.bitmap_index = 59842, .adv_w = 320, .box_w = 19, .box_h = 18, .ofs_x = 0, .ofs_y = -2},
    {.bitmap_index = 59952, .adv_w = 320, .box_w = 20, .box_h = 20, .ofs_x = 0, .ofs_y = -3},
    {.bitmap_index = 60125, .adv_w = 320, .box_w = 20, .box_h = 19, .ofs_x = 0, .ofs_y = -2},
    {.bitmap_index = 60221, .adv_w = 320, .box_w = 20, .box_h = 19, .ofs_x = 0, .ofs_y = -2},
    {.bitmap_index = 60347, .adv_w = 320, .box_w = 19, .box_h = 19, .ofs_x = 0, .ofs_y = -2},
    {.bitmap_index = 60442, .adv_w = 320, .box_w = 20, .box_h = 18, .ofs_x = 0, .ofs_y = -1},
    {.bitmap_index = 60547, .adv_w = 320, .box_w = 20, .box_h = 19, .ofs_x = 0, .ofs_y = -2},
    {.bitmap_index = 60665, .adv_w = 320, .box_w = 19, .box_h = 19, .ofs_x = 1, .ofs_y = -2},
    {.bitmap_index = 60809, .adv_w = 320, .box_w = 20, .box_h = 19, .ofs_x = 0, .ofs_y = -2},
    {.bitmap_index = 60947, .adv_w = 320, .box_w = 19, .box_h = 19, .ofs_x = 1, .ofs_y = -2},
    {.bitmap_index = 61084, .adv_w = 320, .box_w = 19, .box_h = 19, .ofs_x = 1, .ofs_y = -2},
    {.bitmap_index = 61206, .adv_w = 320, .box_w = 19, .box_h = 20, .ofs_x = 1, .ofs_y = -3},
    {.bitmap_index = 61348, .adv_w = 320, .box_w = 19, .box_h = 19, .ofs_x = 1, .ofs_y = -2},
    {.bitmap_index = 61482, .adv_w = 320, .box_w = 19, .box_h = 19, .ofs_x = 1, .ofs_y = -2},
    {.bitmap_index = 61624, .adv_w = 320, .box_w = 19, .box_h = 19, .ofs_x = 1, .ofs_y = -2},
    {.bitmap_index = 61754, .adv_w = 320, .box_w = 19, .box_h = 19, .ofs_x = 1, .ofs_y = -2},
    {.bitmap_index = 61893, .adv_w = 320, .box_w = 18, .box_h = 19, .ofs_x = 1, .ofs_y = -2},
    {.bitmap_index = 62023, .adv_w = 320, .box_w = 19, .box_h = 19, .ofs_x = 0, .ofs_y = -2},
    {.bitmap_index = 62172, .adv_w = 320, .box_w = 18, .box_h = 18, .ofs_x = 1, .ofs_y = -2},
    {.bitmap_index = 62263, .adv_w = 320, .box_w = 18, .box_h = 19, .ofs_x = 1, .ofs_y = -2},
    {.bitmap_index = 62385, .adv_w = 320, .box_w = 19, .box_h = 19, .ofs_x = 0, .ofs_y = -2},
    {.bitmap_index = 62510, .adv_w = 320, .box_w = 20, .box_h = 19, .ofs_x = 0, .ofs_y = -2},
    {.bitmap_index = 62654, .adv_w = 320, .box_w = 19, .box_h = 20, .ofs_x = 0, .ofs_y = -3},
    {.bitmap_index = 62807, .adv_w = 320, .box_w = 19, .box_h = 19, .ofs_x = 0, .ofs_y = -2},
    {.bitmap_index = 62954, .adv_w = 320, .box_w = 20, .box_h = 19, .ofs_x = 0, .ofs_y = -2},
    {.bitmap_index = 63091, .adv_w = 320, .box_w = 20, .box_h = 19, .ofs_x = 0, .ofs_y = -2},
    {.bitmap_index = 63234, .adv_w = 320, .box_w = 20, .box_h = 19, .ofs_x = 0, .ofs_y = -2},
    {.bitmap_index = 63391, .adv_w = 320, .box_w = 20, .box_h = 18, .ofs_x = 0, .ofs_y = -2},
    {.bitmap_index = 63492, .adv_w = 320, .box_w = 20, .box_h = 18, .ofs_x = 0, .ofs_y = -1},
    {.bitmap_index = 63633, .adv_w = 320, .box_w = 20, .box_h = 19, .ofs_x = 0, .ofs_y = -2},
    {.bitmap_index = 63782, .adv_w = 320, .box_w = 20, .box_h = 19, .ofs_x = 0, .ofs_y = -2},
    {.bitmap_index = 63932, .adv_w = 320, .box_w = 19, .box_h = 19, .ofs_x = 0, .ofs_y = -2},
    {.bitmap_index = 64078, .adv_w = 320, .box_w = 19, .box_h = 19, .ofs_x = 0, .ofs_y = -2},
    {.bitmap_index = 64200, .adv_w = 320, .box_w = 20, .box_h = 19, .ofs_x = 0, .ofs_y = -2},
    {.bitmap_index = 64347, .adv_w = 320, .box_w = 20, .box_h = 19, .ofs_x = 0, .ofs_y = -2},
    {.bitmap_index = 64502, .adv_w = 320, .box_w = 20, .box_h = 20, .ofs_x = 0, .ofs_y = -2},
    {.bitmap_index = 64666, .adv_w = 320, .box_w = 20, .box_h = 18, .ofs_x = 0, .ofs_y = -1},
    {.bitmap_index = 64807, .adv_w = 320, .box_w = 19, .box_h = 19, .ofs_x = 1, .ofs_y = -2},
    {.bitmap_index = 64971, .adv_w = 320, .box_w = 20, .box_h = 18, .ofs_x = 0, .ofs_y = -1},
    {.bitmap_index = 65122, .adv_w = 320, .box_w = 20, .box_h = 19, .ofs_x = 0, .ofs_y = -2},
    {.bitmap_index = 65279, .adv_w = 320, .box_w = 20, .box_h = 19, .ofs_x = 0, .ofs_y = -2},
    {.bitmap_index = 65410, .adv_w = 320, .box_w = 20, .box_h = 19, .ofs_x = 0, .ofs_y = -2},
    {.bitmap_index = 65534, .adv_w = 320, .box_w = 20, .box_h = 18, .ofs_x = 0, .ofs_y = -2},
    {.bitmap_index = 65673, .adv_w = 320, .box_w = 20, .box_h = 19, .ofs_x = 0, .ofs_y = -2},
    {.bitmap_index = 65833, .adv_w = 320, .box_w = 20, .box_h = 19, .ofs_x = 0, .ofs_y = -2},
    {.bitmap_index = 65971, .adv_w = 320, .box_w = 20, .box_h = 19, .ofs_x = 0, .ofs_y = -2},
    {.bitmap_index = 66122, .adv_w = 320, .box_w = 20, .box_h = 18, .ofs_x = 0, .ofs_y = -2},
    {.bitmap_index = 66255, .adv_w = 320, .box_w = 20, .box_h = 20, .ofs_x = 0, .ofs_y = -2},
    {.bitmap_index = 66398, .adv_w = 320, .box_w = 20, .box_h = 19, .ofs_x = 0, .ofs_y = -2},
    {.bitmap_index = 66534, .adv_w = 320, .box_w = 20, .box_h = 19, .ofs_x = 0, .ofs_y = -2},
    {.bitmap_index = 66688, .adv_w = 320, .box_w = 20, .box_h = 19, .ofs_x = 0, .ofs_y = -2},
    {.bitmap_index = 66844, .adv_w = 320, .box_w = 20, .box_h = 19, .ofs_x = 0, .ofs_y = -2},
    {.bitmap_index = 66991, .adv_w = 320, .box_w = 20, .box_h = 19, .ofs_x = 0, .ofs_y = -2},
    {.bitmap_index = 67123, .adv_w = 320, .box_w = 20, .box_h = 19, .ofs_x = 0, .ofs_y = -2},
    {.bitmap_index = 67295, .adv_w = 320, .box_w = 20, .box_h = 19, .ofs_x = 0, .ofs_y = -2},
    {.bitmap_index = 67452, .adv_w = 320, .box_w = 18, .box_h = 19, .ofs_x = 1, .ofs_y = -2},
    {.bitmap_index = 67575, .adv_w = 320, .box_w = 20, .box_h = 19, .ofs_x = 0, .ofs_y = -2},
    {.bitmap_index = 67724, .adv_w = 320, .box_w = 19, .box_h = 19, .ofs_x = 1, .ofs_y = -2},
    {.bitmap_index = 67855, .adv_w = 320, .box_w = 19, .box_h = 19, .ofs_x = 0, .ofs_y = -2},
    {.bitmap_index = 67988, .adv_w = 320, .box_w = 19, .box_h = 17, .ofs_x = 1, .ofs_y = -1},
    {.bitmap_index = 68087, .adv_w = 320, .box_w = 19, .box_h = 19, .ofs_x = 0, .ofs_y = -2},
    {.bitmap_index = 68212, .adv_w = 320, .box_w = 20, .box_h = 17, .ofs_x = 0, .ofs_y = -1},
    {.bitmap_index = 68318, .adv_w = 320, .box_w = 20, .box_h = 18, .ofs_x = 0, .ofs_y = -1},
    {.bitmap_index = 68444, .adv_w = 320, .box_w = 20, .box_h = 18, .ofs_x = 0, .ofs_y = -1},
    {.bitmap_index = 68587, .adv_w = 320, .box_w = 19, .box_h = 19, .ofs_x = 0, .ofs_y = -2},
    {.bitmap_index = 68717, .adv_w = 320, .box_w = 19, .box_h = 19, .ofs_x = 0, .ofs_y = -2},
    {.bitmap_index = 68851, .adv_w = 320, .box_w = 20, .box_h = 19, .ofs_x = 0, .ofs_y = -2},
    {.bitmap_index = 69007, .adv_w = 320, .box_w = 19, .box_h = 19, .ofs_x = 0, .ofs_y = -2},
    {.bitmap_index = 69144, .adv_w = 320, .box_w = 20, .box_h = 19, .ofs_x = 0, .ofs_y = -2},
    {.bitmap_index = 69295, .adv_w = 320, .box_w = 20, .box_h = 19, .ofs_x = 0, .ofs_y = -2},
    {.bitmap_index = 69446, .adv_w = 320, .box_w = 20, .box_h = 19, .ofs_x = 0, .ofs_y = -2},
    {.bitmap_index = 69593, .adv_w = 320, .box_w = 20, .box_h = 19, .ofs_x = 0, .ofs_y = -2},
    {.bitmap_index = 69764, .adv_w = 320, .box_w = 19, .box_h = 19, .ofs_x = 1, .ofs_y = -2},
    {.bitmap_index = 69886, .adv_w = 320, .box_w = 18, .box_h = 20, .ofs_x = 1, .ofs_y = -3},
    {.bitmap_index = 69945, .adv_w = 320, .box_w = 18, .box_h = 19, .ofs_x = 1, .ofs_y = -2},
    {.bitmap_index = 70031, .adv_w = 320, .box_w = 18, .box_h = 19, .ofs_x = 1, .ofs_y = -2},
    {.bitmap_index = 70133, .adv_w = 320, .box_w = 18, .box_h = 20, .ofs_x = 2, .ofs_y = -3},
    {.bitmap_index = 70260, .adv_w = 320, .box_w = 18, .box_h = 18, .ofs_x = 1, .ofs_y = -2},
    {.bitmap_index = 70362, .adv_w = 320, .box_w = 19, .box_h = 20, .ofs_x = 1, .ofs_y = -3},
    {.bitmap_index = 70499, .adv_w = 320, .box_w = 19, .box_h = 18, .ofs_x = 1, .ofs_y = -2},
    {.bitmap_index = 70618, .adv_w = 320, .box_w = 19, .box_h = 20, .ofs_x = 1, .ofs_y = -3},
    {.bitmap_index = 70773, .adv_w = 320, .box_w = 19, .box_h = 20, .ofs_x = 1, .ofs_y = -3},
    {.bitmap_index = 70902, .adv_w = 320, .box_w = 20, .box_h = 19, .ofs_x = 0, .ofs_y = -2},
    {.bitmap_index = 71059, .adv_w = 320, .box_w = 20, .box_h = 19, .ofs_x = 0, .ofs_y = -2},
    {.bitmap_index = 71207, .adv_w = 320, .box_w = 20, .box_h = 18, .ofs_x = 0, .ofs_y = -2},
    {.bitmap_index = 71347, .adv_w = 320, .box_w = 18, .box_h = 19, .ofs_x = 1, .ofs_y = -3},
    {.bitmap_index = 71465, .adv_w = 320, .box_w = 19, .box_h = 20, .ofs_x = 1, .ofs_y = -3},
    {.bitmap_index = 71623, .adv_w = 320, .box_w = 19, .box_h = 19, .ofs_x = 1, .ofs_y = -2},
    {.bitmap_index = 71727, .adv_w = 320, .box_w = 19, .box_h = 20, .ofs_x = 1, .ofs_y = -3},
    {.bitmap_index = 71893, .adv_w = 320, .box_w = 18, .box_h = 18, .ofs_x = 1, .ofs_y = -2},
    {.bitmap_index = 71989, .adv_w = 320, .box_w = 18, .box_h = 20, .ofs_x = 1, .ofs_y = -3},
    {.bitmap_index = 72103, .adv_w = 320, .box_w = 20, .box_h = 18, .ofs_x = 0, .ofs_y = -2},
    {.bitmap_index = 72220, .adv_w = 320, .box_w = 20, .box_h = 19, .ofs_x = 0, .ofs_y = -2},
    {.bitmap_index = 72346, .adv_w = 320, .box_w = 20, .box_h = 19, .ofs_x = 0, .ofs_y = -2},
    {.bitmap_index = 72501, .adv_w = 320, .box_w = 20, .box_h = 19, .ofs_x = 0, .ofs_y = -2},
    {.bitmap_index = 72651, .adv_w = 320, .box_w = 20, .box_h = 19, .ofs_x = 0, .ofs_y = -2},
    {.bitmap_index = 72817, .adv_w = 320, .box_w = 20, .box_h = 18, .ofs_x = 0, .ofs_y = -2},
    {.bitmap_index = 72952, .adv_w = 320, .box_w = 18, .box_h = 17, .ofs_x = 1, .ofs_y = -1},
    {.bitmap_index = 73050, .adv_w = 320, .box_w = 20, .box_h = 19, .ofs_x = 0, .ofs_y = -2},
    {.bitmap_index = 73184, .adv_w = 320, .box_w = 20, .box_h = 19, .ofs_x = 0, .ofs_y = -2},
    {.bitmap_index = 73313, .adv_w = 320, .box_w = 20, .box_h = 19, .ofs_x = 0, .ofs_y = -2},
    {.bitmap_index = 73457, .adv_w = 320, .box_w = 20, .box_h = 20, .ofs_x = 0, .ofs_y = -3},
    {.bitmap_index = 73600, .adv_w = 320, .box_w = 18, .box_h = 19, .ofs_x = 1, .ofs_y = -3},
    {.bitmap_index = 73709, .adv_w = 320, .box_w = 18, .box_h = 18, .ofs_x = 1, .ofs_y = -1},
    {.bitmap_index = 73815, .adv_w = 320, .box_w = 19, .box_h = 19, .ofs_x = 0, .ofs_y = -2},
    {.bitmap_index = 73958, .adv_w = 320, .box_w = 19, .box_h = 19, .ofs_x = 0, .ofs_y = -2},
    {.bitmap_index = 74095, .adv_w = 320, .box_w = 19, .box_h = 19, .ofs_x = 0, .ofs_y = -2},
    {.bitmap_index = 74228, .adv_w = 320, .box_w = 20, .box_h = 19, .ofs_x = 0, .ofs_y = -2},
    {.bitmap_index = 74396, .adv_w = 320, .box_w = 18, .box_h = 18, .ofs_x = 2, .ofs_y = -1},
    {.bitmap_index = 74531, .adv_w = 320, .box_w = 20, .box_h = 20, .ofs_x = 0, .ofs_y = -2},
    {.bitmap_index = 74657, .adv_w = 320, .box_w = 20, .box_h = 19, .ofs_x = 0, .ofs_y = -2},
    {.bitmap_index = 74803, .adv_w = 320, .box_w = 4, .box_h = 16, .ofs_x = 3, .ofs_y = -1},
    {.bitmap_index = 74834, .adv_w = 320, .box_w = 7, .box_h = 20, .ofs_x = 13, .ofs_y = -2},
    {.bitmap_index = 74889, .adv_w = 320, .box_w = 7, .box_h = 20, .ofs_x = 0, .ofs_y = -2},
    {.bitmap_index = 74943, .adv_w = 320, .box_w = 5, .box_h = 8, .ofs_x = 2, .ofs_y = -3},
    {.bitmap_index = 74964, .adv_w = 320, .box_w = 4, .box_h = 14, .ofs_x = 3, .ofs_y = -1},
    {.bitmap_index = 74985, .adv_w = 320, .box_w = 5, .box_h = 17, .ofs_x = 2, .ofs_y = -4},
    {.bitmap_index = 75021, .adv_w = 320, .box_w = 10, .box_h = 17, .ofs_x = 0, .ofs_y = -1},
    {.bitmap_index = 75084, .adv_w = 320, .box_w = 20, .box_h = 7, .ofs_x = 0, .ofs_y = 4},
    {.bitmap_index = 75138, .adv_w = 320, .box_w = 14, .box_h = 16, .ofs_x = 3, .ofs_y = -1}
};

/*---------------------
 *  CHARACTER MAPPING
 *--------------------*/

static const uint16_t unicode_list_1[] = {
    0x0, 0x7, 0x1f64, 0x1f68, 0x1f69, 0x1f6c, 0x1f6d, 0x1f76,
    0x2f51, 0x2f52, 0x2f5a, 0x2f5b, 0x2f60, 0x2f61, 0x4d50, 0x4d53,
    0x4d59, 0x4d5a, 0x4d5b, 0x4d5d, 0x4d5e, 0x4d63, 0x4d6a, 0x4d7a,
    0x4d7d, 0x4d8a, 0x4d9b, 0x4da8, 0x4dad, 0x4daf, 0x4db0, 0x4db6,
    0x4dd6, 0x4ddb, 0x4ddc, 0x4dde, 0x4de1, 0x4de2, 0x4de4, 0x4df4,
    0x4dfe, 0x4e02, 0x4e0a, 0x4e1a, 0x4e35, 0x4e46, 0x4e4b, 0x4e61,
    0x4e68, 0x4e6a, 0x4e84, 0x4e9d, 0x4e9e, 0x4e9f, 0x4ea3, 0x4eac,
    0x4eb0, 0x4ecf, 0x4f31, 0x4f69, 0x4f9f, 0x4fac, 0x4fb5, 0x4fcf,
    0x508f, 0x5093, 0x5098, 0x5099, 0x50a4, 0x50b5, 0x50b8, 0x50bb,
    0x50bd, 0x50c3, 0x50cb, 0x50d5, 0x50dd, 0x50e9, 0x5102, 0x5107,
    0x5116, 0x5146, 0x514a, 0x514b, 0x5156, 0x5167, 0x516a, 0x516b,
    0x516d, 0x5170, 0x517b, 0x5180, 0x5187, 0x519d, 0x51eb, 0x51ef,
    0x51f0, 0x51f1, 0x51f8, 0x51fa, 0x520f, 0x5266, 0x5269, 0x5270,
    0x528a, 0x5291, 0x5298, 0x52a5, 0x52ac, 0x52b0, 0x52c3, 0x52c4,
    0x52d2, 0x52ea, 0x531b, 0x531c, 0x5321, 0x5326, 0x5327, 0x533f,
    0x5346, 0x5358, 0x5359, 0x535e, 0x5376, 0x537c, 0x537f, 0x5390,
    0x5396, 0x53cd, 0x541d, 0x5436, 0x5481, 0x54b6, 0x54d2, 0x54ec,
    0x54ed, 0x562b, 0x562e, 0x564e, 0x566f, 0x5678, 0x5840, 0x5843,
    0x5854, 0x585d, 0x5866, 0x586a, 0x586c, 0x5877, 0x5879, 0x587a,
    0x5881, 0x5884, 0x5888, 0x5897, 0x58c3, 0x58cd, 0x58d2, 0x591b,
    0x5aa0, 0x5aa7, 0x5aa8, 0x5ab6, 0x5ac5, 0x5ad3, 0x5ad8, 0x5ad9,
    0x5adc, 0x5aea, 0x5aec, 0x5aee, 0x5af0, 0x5af2, 0x5b06, 0x5b09,
    0x5b16, 0x5b49, 0x5b54, 0x5b56, 0x5b5f, 0x5b6a, 0x5b81, 0x5b9f,
    0x5bae, 0x5c40, 0x5c7d, 0x5d35, 0x5d38, 0x5d41, 0x5d42, 0x5d51,
    0x5d58, 0x5d76, 0x5dc2, 0x5dc3, 0x5dc4, 0x5dc8, 0x5dcc, 0x5de4,
    0x5df6, 0x5df7, 0x5e07, 0x5e4a, 0x5e50, 0x5e70, 0x5ea3, 0x5ea5,
    0x5ec1, 0x5ed5, 0x5ed8, 0x5ee7, 0x5f13, 0x5f1c, 0x5f51, 0x5f65,
    0x5f77, 0x5fb2, 0x5fbf, 0x5fcc, 0x6015, 0x6043, 0x605f, 0x606f,
    0x608f, 0x60b2, 0x6160, 0x6166, 0x619b, 0x619e, 0x61a3, 0x61b3,
    0x61b7, 0x61bb, 0x61ce, 0x61da, 0x61e5, 0x61e8, 0x61ea, 0x61f4,
    0x61f5, 0x6201, 0x6238, 0x6239, 0x6259, 0x62b2, 0x62f5, 0x62f7,
    0x631f, 0x63b9, 0x63c8, 0x63fd, 0x641d, 0x6436, 0x6450, 0x647f,
    0x6486, 0x648e, 0x6498, 0x64c0, 0x64c2, 0x64c4, 0x64e9, 0x6500,
    0x6509, 0x6515, 0x6530, 0x6535, 0x6539, 0x6546, 0x654a, 0x655e,
    0x656f, 0x657f, 0x658c, 0x658e, 0x65c6, 0x65d2, 0x65e7, 0x6644,
    0x664f, 0x6658, 0x6659, 0x666f, 0x667a, 0x668a, 0x66b5, 0x66d1,
    0x66ec, 0x66ed, 0x6724, 0x6743, 0x6771, 0x678c, 0x6793, 0x6798,
    0x67b3, 0x67f6, 0x69a9, 0x6a71, 0x6a72, 0x6a97, 0x6a9c, 0x6ab2,
    0x6ab3, 0x6ab4, 0x6ab5, 0x6b05, 0x6b1f, 0x6b24, 0x6b2b, 0x6b64,
    0x6b84, 0x6b92, 0x6b97, 0x6bef, 0x6bf1, 0x6c09, 0x6c25, 0x6c32,
    0x6c40, 0x6c6e, 0x6c8e, 0x6c91, 0x6cba, 0x6cd8, 0x6cdc, 0x6d31,
    0x6d41, 0x6d55, 0x6d70, 0x6d79, 0x6e31, 0x6e7b, 0x6fbb, 0x6fc0,
    0x6fc5, 0x7009, 0x7036, 0x703d, 0x7049, 0x7086, 0x70b7, 0x7113,
    0x7181, 0x71ab, 0x71b9, 0x71d0, 0x7206, 0x7227, 0x723e, 0x727a,
    0x7284, 0x7300, 0x733d, 0x7353, 0x7356, 0x7446, 0x746f, 0x7478,
    0x7481, 0x7485, 0x749c, 0x74b5, 0x75cd, 0x75ce, 0x75d4, 0x7628,
    0x7648, 0x765b, 0x766f, 0x7690, 0x76b1, 0x7735, 0x773d, 0x7743,
    0x7751, 0x7784, 0x7788, 0x77be, 0x788a, 0x78b5, 0x790b, 0x7934,
    0x793f, 0x795d, 0x7983, 0x79ca, 0x7a61, 0x7a64, 0x7a99, 0x7aa4,
    0x7ace, 0x7bd9, 0x7c26, 0x7c4b, 0x7c77, 0x7c7b, 0x7df2, 0x7df6,
    0x7e08, 0x7e0f, 0x7e16, 0x7e1f, 0x7e23, 0x7e29, 0x7e2c, 0x7e37,
    0x7e3d, 0x7e4c, 0x7e4f, 0x7e63, 0x7e68, 0x7e79, 0x7ea0, 0x7ea1,
    0x7ebe, 0x7eda, 0x7ede, 0x7eff, 0x7f0d, 0x7f55, 0x7f5c, 0x7f9a,
    0x7fa4, 0x7faa, 0x7fe6, 0x8061, 0x813a, 0x81c2, 0x81d2, 0x8201,
    0x8299, 0x8307, 0x832c, 0x838d, 0x8414, 0x842d, 0x84d4, 0x8500,
    0x851f, 0x859e, 0x8617, 0x869e, 0x8749, 0x879c, 0x87b1, 0x87b8,
    0x88d1, 0x8911, 0x8933, 0x8af1, 0x8af4, 0x8af9, 0x8b00, 0x8b08,
    0x8b0e, 0x8b0f, 0x8b25, 0x8b2d, 0x8b3d, 0x8b3f, 0x8b44, 0x8b47,
    0x8b48, 0x8b53, 0x8bb1, 0x8c6d, 0x8c6f, 0x8c72, 0x8c75, 0x8c7d,
    0x8c94, 0x8cc6, 0x8cc7, 0x8cd5, 0x8d03, 0x8d21, 0x8d3f, 0x8d5f,
    0x8dbd, 0x8dfb, 0x8eb8, 0x8ebc, 0x8ebf, 0x8ecb, 0x8ecd, 0x8ed9,
    0x8ee3, 0x8f17, 0x8f1e, 0x8f20, 0x8f24, 0x8f28, 0x8f2b, 0x8f2c,
    0x8f2e, 0x8f52, 0x8f59, 0x8f6a, 0x8f6f, 0x8f70, 0x8f92, 0x8f97,
    0x8ffe, 0x904d, 0x909d, 0x90a2, 0x911c, 0x911d, 0x911f, 0x9121,
    0x91c4, 0x93ef, 0x93f5, 0x9413, 0x942b, 0x9446, 0x9451, 0x9469,
    0x947e, 0x94cf, 0x9538, 0x953e, 0x9544, 0x956f, 0x9583, 0x9586,
    0x9595, 0x95b4, 0x95ba, 0x9615, 0x9616, 0x9646, 0x9650, 0x9682,
    0x96a2, 0x96a9, 0x96b2, 0x9743, 0x97c9, 0x97ca, 0x97e1, 0x97e8,
    0x97ec, 0x981e, 0x982e, 0x982f, 0x98ba, 0x98c1, 0x98e9, 0x99bc,
    0x9bcc, 0x9d71, 0x9d8f, 0x9e14, 0x9e28, 0x9e70, 0x9ea0, 0x9ee9,
    0xfe51, 0xfe58, 0xfe59, 0xfe5c, 0xfe6a, 0xfe6b, 0xfe6f, 0xfeae,
    0xff35
};

/*Collect the unicode lists and glyph_id offsets*/
static const lv_font_fmt_txt_cmap_t cmaps[] =
{
    {
        .range_start = 32, .range_length = 95, .glyph_id_start = 1,
        .unicode_list = NULL, .glyph_id_ofs_list = NULL, .list_length = 0, .type = LV_FONT_FMT_TXT_CMAP_FORMAT0_TINY
    },
    {
        .range_start = 176, .range_length = 65334, .glyph_id_start = 96,
        .unicode_list = unicode_list_1, .glyph_id_ofs_list = NULL, .list_length = 569, .type = LV_FONT_FMT_TXT_CMAP_SPARSE_TINY
    }
};

/*-----------------
 *    KERNING
 *----------------*/


/*Map glyph_ids to kern left classes*/
static const uint8_t kern_left_class_mapping[] =
{
    0, 0, 0, 1, 0, 0, 0, 0,
    1, 2, 0, 0, 0, 3, 4, 3,
    5, 0, 0, 0, 0, 0, 0, 0,
    0, 0, 0, 6, 6, 0, 0, 0,
    0, 0, 7, 8, 9, 10, 11, 12,
    13, 0, 0, 14, 15, 16, 0, 0,
    10, 17, 10, 18, 19, 20, 21, 22,
    23, 24, 25, 26, 2, 27, 0, 0,
    0, 0, 28, 29, 30, 0, 31, 32,
    33, 34, 0, 0, 35, 36, 34, 34,
    29, 29, 37, 38, 39, 40, 37, 41,
    42, 43, 44, 45, 2, 0, 0, 0,
    0, 0, 4, 0, 0, 0, 0, 0,
    0, 0, 0, 0, 0, 0, 0, 0,
    0, 0, 0, 0, 0, 0, 0, 0,
    0, 0, 0, 0, 0, 0, 0, 0,
    0, 0, 0, 0, 0, 0, 0, 0,
    0, 0, 0, 0, 0, 0, 0, 0,
    0, 0, 0, 0, 0, 0, 0, 0,
    0, 0, 0, 0, 0, 0, 0, 0,
    0, 0, 0, 0, 0, 0, 0, 0,
    0, 0, 0, 0, 0, 0, 0, 0,
    0, 0, 0, 0, 0, 0, 0, 0,
    0, 0, 0, 0, 0, 0, 0, 0,
    0, 0, 0, 0, 0, 0, 0, 0,
    0, 0, 0, 0, 0, 0, 0, 0,
    0, 0, 0, 0, 0, 0, 0, 0,
    0, 0, 0, 0, 0, 0, 0, 0,
    0, 0, 0, 0, 0, 0, 0, 0,
    0, 0, 0, 0, 0, 0, 0, 0,
    0, 0, 0, 0, 0, 0, 0, 0,
    0, 0, 0, 0, 0, 0, 0, 0,
    0, 0, 0, 0, 0, 0, 0, 0,
    0, 0, 0, 0, 0, 0, 0, 0,
    0, 0, 0, 0, 0, 0, 0, 0,
    0, 0, 0, 0, 0, 0, 0, 0,
    0, 0, 0, 0, 0, 0, 0, 0,
    0, 0, 0, 0, 0, 0, 0, 0,
    0, 0, 0, 0, 0, 0, 0, 0,
    0, 0, 0, 0, 0, 0, 0, 0,
    0, 0, 0, 0, 0, 0, 0, 0,
    0, 0, 0, 0, 0, 0, 0, 0,
    0, 0, 0, 0, 0, 0, 0, 0,
    0, 0, 0, 0, 0, 0, 0, 0,
    0, 0, 0, 0, 0, 0, 0, 0,
    0, 0, 0, 0, 0, 0, 0, 0,
    0, 0, 0, 0, 0, 0, 0, 0,
    0, 0, 0, 0, 0, 0, 0, 0,
    0, 0, 0, 0, 0, 0, 0, 0,
    0, 0, 0, 0, 0, 0, 0, 0,
    0, 0, 0, 0, 0, 0, 0, 0,
    0, 0, 0, 0, 0, 0, 0, 0,
    0, 0, 0, 0, 0, 0, 0, 0,
    0, 0, 0, 0, 0, 0, 0, 0,
    0, 0, 0, 0, 0, 0, 0, 0,
    0, 0, 0, 0, 0, 0, 0, 0,
    0, 0, 0, 0, 0, 0, 0, 0,
    0, 0, 0, 0, 0, 0, 0, 0,
    0, 0, 0, 0, 0, 0, 0, 0,
    0, 0, 0, 0, 0, 0, 0, 0,
    0, 0, 0, 0, 0, 0, 0, 0,
    0, 0, 0, 0, 0, 0, 0, 0,
    0, 0, 0, 0, 0, 0, 0, 0,
    0, 0, 0, 0, 0, 0, 0, 0,
    0, 0, 0, 0, 0, 0, 0, 0,
    0, 0, 0, 0, 0, 0, 0, 0,
    0, 0, 0, 0, 0, 0, 0, 0,
    0, 0, 0, 0, 0, 0, 0, 0,
    0, 0, 0, 0, 0, 0, 0, 0,
    0, 0, 0, 0, 0, 0, 0, 0,
    0, 0, 0, 0, 0, 0, 0, 0,
    0, 0, 0, 0, 0, 0, 0, 0,
    0, 0, 0, 0, 0, 0, 0, 0,
    0, 0, 0, 0, 0, 0, 0, 0,
    0, 0, 0, 0, 0, 0, 0, 0,
    0, 0, 0, 0, 0, 0, 0, 0,
    0, 0, 0, 0, 0, 0, 0, 0,
    0, 0, 0, 0, 0, 0, 0, 0,
    0, 0, 0, 0, 0, 0, 0, 0,
    0, 0, 0, 0, 0, 0, 0, 0,
    0, 0, 0, 0, 0, 0, 0, 0,
    0, 0, 0, 0, 0, 0, 0, 0,
    0, 0, 0, 0, 0, 0, 0, 0,
    0
};

/*Map glyph_ids to kern right classes*/
static const uint8_t kern_right_class_mapping[] =
{
    0, 0, 1, 2, 0, 0, 0, 0,
    2, 0, 3, 4, 0, 5, 6, 7,
    8, 0, 0, 0, 0, 0, 0, 0,
    0, 0, 0, 9, 10, 0, 0, 0,
    11, 0, 12, 0, 13, 0, 0, 0,
    13, 0, 0, 14, 0, 0, 0, 0,
    13, 0, 13, 0, 15, 16, 17, 18,
    19, 20, 21, 22, 0, 23, 3, 0,
    0, 0, 24, 0, 25, 25, 25, 26,
    27, 0, 28, 29, 0, 0, 30, 30,
    25, 30, 25, 30, 31, 32, 33, 34,
    35, 36, 37, 38, 0, 0, 3, 0,
    0, 0, 6, 0, 0, 0, 0, 0,
    0, 0, 0, 0, 0, 0, 0, 0,
    0, 0, 0, 0, 0, 0, 0, 0,
    0, 0, 0, 0, 0, 0, 0, 0,
    0, 0, 0, 0, 0, 0, 0, 0,
    0, 0, 0, 0, 0, 0, 0, 0,
    0, 0, 0, 0, 0, 0, 0, 0,
    0, 0, 0, 0, 0, 0, 0, 0,
    0, 0, 0, 0, 0, 0, 0, 0,
    0, 0, 0, 0, 0, 0, 0, 0,
    0, 0, 0, 0, 0, 0, 0, 0,
    0, 0, 0, 0, 0, 0, 0, 0,
    0, 0, 0, 0, 0, 0, 0, 0,
    0, 0, 0, 0, 0, 0, 0, 0,
    0, 0, 0, 0, 0, 0, 0, 0,
    0, 0, 0, 0, 0, 0, 0, 0,
    0, 0, 0, 0, 0, 0, 0, 0,
    0, 0, 0, 0, 0, 0, 0, 0,
    0, 0, 0, 0, 0, 0, 0, 0,
    0, 0, 0, 0, 0, 0, 0, 0,
    0, 0, 0, 0, 0, 0, 0, 0,
    0, 0, 0, 0, 0, 0, 0, 0,
    0, 0, 0, 0, 0, 0, 0, 0,
    0, 0, 0, 0, 0, 0, 0, 0,
    0, 0, 0, 0, 0, 0, 0, 0,
    0, 0, 0, 0, 0, 0, 0, 0,
    0, 0, 0, 0, 0, 0, 0, 0,
    0, 0, 0, 0, 0, 0, 0, 0,
    0, 0, 0, 0, 0, 0, 0, 0,
    0, 0, 0, 0, 0, 0, 0, 0,
    0, 0, 0, 0, 0, 0, 0, 0,
    0, 0, 0, 0, 0, 0, 0, 0,
    0, 0, 0, 0, 0, 0, 0, 0,
    0, 0, 0, 0, 0, 0, 0, 0,
    0, 0, 0, 0, 0, 0, 0, 0,
    0, 0, 0, 0, 0, 0, 0, 0,
    0, 0, 0, 0, 0, 0, 0, 0,
    0, 0, 0, 0, 0, 0, 0, 0,
    0, 0, 0, 0, 0, 0, 0, 0,
    0, 0, 0, 0, 0, 0, 0, 0,
    0, 0, 0, 0, 0, 0, 0, 0,
    0, 0, 0, 0, 0, 0, 0, 0,
    0, 0, 0, 0, 0, 0, 0, 0,
    0, 0, 0, 0, 0, 0, 0, 0,
    0, 0, 0, 0, 0, 0, 0, 0,
    0, 0, 0, 0, 0, 0, 0, 0,
    0, 0, 0, 0, 0, 0, 0, 0,
    0, 0, 0, 0, 0, 0, 0, 0,
    0, 0, 0, 0, 0, 0, 0, 0,
    0, 0, 0, 0, 0, 0, 0, 0,
    0, 0, 0, 0, 0, 0, 0, 0,
    0, 0, 0, 0, 0, 0, 0, 0,
    0, 0, 0, 0, 0, 0, 0, 0,
    0, 0, 0, 0, 0, 0, 0, 0,
    0, 0, 0, 0, 0, 0, 0, 0,
    0, 0, 0, 0, 0, 0, 0, 0,
    0, 0, 0, 0, 0, 0, 0, 0,
    0, 0, 0, 0, 0, 0, 0, 0,
    0, 0, 0, 0, 0, 0, 0, 0,
    0, 0, 0, 0, 0, 0, 0, 0,
    0, 0, 0, 0, 0, 0, 0, 0,
    0, 0, 0, 0, 0, 0, 0, 0,
    0, 0, 0, 0, 0, 0, 0, 0,
    0, 0, 0, 0, 0, 0, 0, 0,
    0, 0, 0, 0, 0, 0, 0, 0,
    0, 0, 0, 0, 0, 0, 0, 0,
    0, 0, 0, 0, 0, 0, 0, 0,
    0, 0, 0, 0, 0, 0, 0, 0,
    0, 0, 0, 0, 0, 0, 0, 0,
    0, 0, 0, 0, 0, 0, 0, 0,
    0, 0, 0, 0, 0, 0, 0, 0,
    0
};

/*Kern values between classes*/
static const int8_t kern_class_values[] =
{
    0, 0, 0, 0, -42, 0, -42, 0,
    0, 0, 0, -20, 0, -35, -4, 0,
    0, 0, 0, -4, 0, 0, 0, 0,
    -12, 0, 0, 0, 0, 0, -8, 0,
    0, 0, 0, 0, 0, 0, 0, 0,
    0, 0, 0, 0, 0, 0, 0, 0,
    0, 0, 0, -8, 0, 0, 0, 0,
    0, 0, 0, 0, 0, 0, 0, 0,
    0, 0, 28, 0, 0, 0, 0, 0,
    0, 0, 0, 0, 0, -35, 0, -50,
    0, 0, 0, 0, 0, 0, 0, 0,
    0, 0, 0, -36, -8, -24, -13, 0,
    -34, 0, 0, 0, -5, 0, 0, 0,
    8, 0, 0, -17, 0, -13, -9, 0,
    -8, 0, 0, 0, 0, 0, 0, 0,
    0, 0, 0, 0, 0, 0, 0, -8,
    -7, -18, 0, -8, -4, -11, -24, -8,
    0, 0, 0, 0, 0, 0, 0, 0,
    0, -10, 0, -4, 0, -6, 0, 0,
    0, 0, 0, 0, 0, 0, 0, 0,
    0, 0, 0, -15, -4, -29, 0, 0,
    0, 0, 0, 0, 0, 0, 0, -9,
    -12, 0, -4, 8, 8, 0, 0, 2,
    -8, 0, 0, 0, 0, 0, 0, 0,
    0, -19, 0, 0, 0, 0, 0, 0,
    0, 0, 0, 0, 0, 0, 0, 0,
    0, 0, -10, 0, 0, 0, 0, 0,
    0, 0, 0, 0, 0, 0, 0, 0,
    0, 0, 0, 0, 0, -20, 0, -35,
    0, 0, 0, 0, 0, 0, -10, -3,
    -4, 0, 0, -20, -6, -6, 0, 1,
    -6, -4, -15, 7, 0, -4, 0, 0,
    0, 0, 7, -6, -3, -4, -2, -2,
    -4, 0, 0, 0, 0, -12, 0, 0,
    0, 0, 0, 0, 0, 0, 0, -6,
    -6, -9, 0, -3, -2, -2, -6, -2,
    0, 0, 0, 0, 0, 0, 0, 0,
    0, -4, 0, -6, -4, -4, -6, 0,
    0, 0, 0, 0, 0, -10, 0, 0,
    0, 0, 0, 0, -11, -4, -9, -7,
    -6, -2, -2, -2, -4, -4, 0, 0,
    0, 0, -8, 0, 0, 0, 0, -11,
    -4, -6, -4, 0, -6, 0, 0, 0,
    0, -13, 0, 0, 0, -7, 0, 0,
    0, -4, 0, -15, 0, -9, 0, -4,
    -3, -7, -8, -8, 0, 0, 0, 0,
    0, 0, 0, 0, 0, 0, 0, 0,
    0, -6, 0, -4, 0, 0, 0, 0,
    0, 0, 0, 0, 0, 0, 0, 0,
    0, 0, 0, 0, 0, 0, 0, 0,
    0, 0, 0, 0, -4, 0, 0, 0,
    0, 0, 0, -9, 0, -4, 0, -12,
    -4, 0, 0, 0, 0, 0, -27, 0,
    -27, -26, 0, 0, 0, -14, -4, -51,
    -8, 0, 0, 1, 1, -9, 0, -12,
    0, -13, -6, 0, -9, 0, 0, -8,
    -8, -4, -6, -8, -7, -10, -7, -11,
    0, 0, 0, -11, 0, 0, 0, 0,
    0, 0, 0, -2, 0, 0, 0, -8,
    0, -6, -2, 0, 0, 0, 0, 0,
    0, 0, 0, 0, 0, 0, 0, 0,
    0, 0, 0, 0, 0, 0, 0, 0,
    0, 0, -9, 0, -9, 0, 0, 0,
    0, 0, 0, -15, 0, 0, 0, 0,
    0, 0, 0, 0, 0, 0, 0, 0,
    0, 0, 0, 0, 0, 0, 0, 0,
    0, 0, 0, 0, 0, -8, 0, -15,
    0, -11, 0, 0, 0, 0, -4, -4,
    -8, 0, -4, -7, -6, -5, -4, 0,
    -7, 0, 0, 0, -4, 0, 0, 0,
    -4, 0, 0, -13, -6, -8, -7, -7,
    -8, -6, 0, -32, 0, -55, 0, -20,
    0, 0, 0, 0, -12, 0, -10, 0,
    -9, -44, -11, -28, -21, 0, -28, 0,
    -29, 0, -5, -6, -2, 0, 0, 0,
    0, -8, -4, -14, -13, 0, -14, 0,
    0, 0, 0, 0, -41, -13, -41, -29,
    0, 0, 0, -19, 0, -53, -4, -10,
    0, 0, 0, -9, -4, -30, 0, -16,
    -10, 0, -12, 0, 0, 0, -4, 0,
    0, 0, 0, -6, 0, -8, 0, 0,
    0, -4, 0, -11, 0, 0, 0, 0,
    0, -2, 0, -7, -6, -6, 0, 1,
    1, -2, -1, -4, 0, -2, -4, 0,
    -2, 0, 0, 0, 0, 0, 0, 0,
    0, -4, 0, -4, 0, 0, 0, -7,
    0, 4, 0, 0, 0, 0, 0, 0,
    0, -6, -6, -8, 0, 0, 0, 0,
    -6, 0, 0, 0, 0, 0, 0, 0,
    0, 0, 0, -9, 0, 0, 0, 0,
    0, -1, 0, 0, 0, 0, -39, -27,
    -39, -33, -8, -8, 0, -15, -9, -46,
    -15, 0, 0, 0, 0, -8, -6, -20,
    0, -27, -24, -7, -27, 0, 0, -18,
    -22, -7, -18, -13, -13, -15, -13, -28,
    0, 0, 0, 0, -7, 0, -7, -12,
    0, 0, 0, -7, 0, -18, -4, 0,
    0, -2, 0, -4, -6, 0, 0, -2,
    0, 0, -4, 0, 0, 0, -2, 0,
    0, 0, 0, -4, 0, 0, 0, 0,
    0, 0, -24, -8, -24, -18, 0, 0,
    0, -6, -4, -27, -4, 0, -4, 3,
    0, 0, 0, -8, 0, -9, -6, 0,
    -9, 0, 0, -8, -5, 0, -12, -4,
    -4, -6, -4, -10, 0, 0, 0, 0,
    -13, -4, -13, -12, 0, 0, 0, 0,
    -3, -25, -3, 0, 0, 0, 0, 0,
    0, -3, 0, -7, 0, 0, -5, 0,
    0, 0, 0, 0, 0, 0, 0, 0,
    0, -4, 0, -4, 0, -4, 0, -11,
    0, 0, 0, 0, 0, 0, -7, -1,
    -6, -8, -4, 0, 0, 0, 0, 0,
    0, -4, -4, -7, 0, 0, 0, 0,
    0, -7, -4, -7, -6, -4, -7, -6,
    0, 0, 0, 0, -33, -24, -33, -25,
    -10, -10, -4, -6, -6, -36, -6, -6,
    -4, 0, 0, 0, 0, -10, 0, -25,
    -16, 0, -22, 0, 0, -15, -16, -11,
    -13, -6, -9, -13, -6, -18, 0, 0,
    0, 0, 0, -13, 0, 0, 0, 0,
    0, -3, -8, -13, -12, 0, -4, -3,
    -3, 0, -6, -7, 0, -7, -9, -8,
    -6, 0, 0, 0, 0, -6, -9, -7,
    -7, -9, -7, 0, 0, 0, 0, 0,
    0, 0, 0, 0, 0, 0, 0, 0,
    0, 0, 0, -32, -12, -20, -12, 0,
    -27, 0, 0, 0, 0, 0, 11, 0,
    25, 0, 0, 0, 0, -8, -4, 0,
    4, 0, 0, 0, 0, -20, 0, 0,
    0, 0, 0, 0, -5, 0, 0, 0,
    0, -9, 0, -7, -2, 0, -9, 0,
    0, 0, 0, 0, 0, 0, 0, 0,
    0, -6, 0, 0, 0, 0, 0, 0,
    0, -12, 0, -10, -4, 1, -4, 0,
    0, 0, -5, 0, 0, 0, 0, -21,
    0, -8, 0, -2, -17, 0, -10, -6,
    0, -2, 0, 0, 0, 0, -2, -7,
    0, -2, -2, -7, -2, -3, 0, 0,
    0, 0, 0, -8, 0, 0, 0, 0,
    0, 0, 0, 0, 0, -8, 0, -6,
    0, 0, -9, 0, 0, -4, -9, 0,
    -4, 0, 0, 0, 0, -4, 0, 1,
    1, 2, 1, 0, 0, 0, 0, -13,
    0, 3, 0, 0, 0, 0, -4, 0,
    0, -8, -8, -9, 0, -7, -4, 0,
    -10, 0, -8, -6, 0, -2, -4, 0,
    0, 0, 0, -4, 0, 1, 1, -4,
    1, -1, 4, 13, 17, 0, -19, -6,
    -19, -6, 0, 0, 9, 0, 0, 0,
    0, 16, 0, 23, 16, 11, 20, 0,
    21, -8, -4, 0, -6, 0, -4, 0,
    -2, 0, 0, 4, 0, -2, 0, -6,
    0, 0, 4, -13, 0, 0, 0, 16,
    0, 0, -14, 0, 0, 0, 0, -10,
    0, 0, 0, 0, -6, 0, 0, -6,
    -6, 0, 0, 0, 12, 0, 0, 0,
    0, -2, -2, 0, 4, -6, 0, 0,
    0, -13, 0, 0, 0, 0, 0, 0,
    -4, 0, 0, 0, 0, -9, 0, -4,
    0, 0, -7, 0, 0, 0, 0, 0,
    0, 0, 0, 0, 0, 0, 0, 0,
    0, 0, 0, 0, 0, 0, 0, -9,
    4, -16, 4, 0, 4, 4, -5, 0,
    0, 0, 0, -13, 0, 0, 0, 0,
    -5, 0, 0, -4, -7, 0, -4, 0,
    -4, 0, 0, -8, -6, 0, 0, -4,
    0, -4, 0, 0, 0, 0, 0, 0,
    0, 0, 0, 0, 0, 0, 0, 0,
    0, 0, 0, 0, 0, 0, 0, 0,
    0, 0, 0, 0, 0, 0, 2, 0,
    0, 0, 0, 0, 0, 0, 0, 0,
    0, 0, 0, -10, 0, 0, 0, 0,
    0, 0, 0, 0, 0, 0, 0, -8,
    0, -6, 0, 0, -12, 0, 0, 0,
    0, 0, 0, 0, 0, 0, 0, 0,
    0, 0, 0, 0, 0, 0, 0, 0,
    0, 0, -20, -9, -20, -13, 8, 8,
    0, -6, 0, -20, 0, 0, 0, 0,
    0, 0, 0, -4, 4, -9, -4, 0,
    -4, 0, 0, 0, -2, 0, 0, 8,
    6, 0, 8, -2, 0, 0, 0, -19,
    0, 3, 0, 0, 0, 0, -5, 0,
    0, 0, 0, -9, 0, -4, 0, 0,
    -8, 0, 0, 0, 0, 0, 0, 0,
    0, 0, 0, -8, 0, 0, 0, 0,
    0, 0, 0, 0, 0, 0, 2, -10,
    2, 3, 4, 4, -10, 0, 0, 0,
    0, -6, 0, 0, 0, 0, -2, 0,
    0, -9, -6, 0, -4, 0, 0, 0,
    -4, -8, 0, 0, 0, -7, 0, 0,
    0, 0, 0, -5, -13, -4, -13, -8,
    0, 0, 0, -5, 0, -15, 0, -8,
    0, -4, 0, 0, -6, -4, 0, -8,
    -2, 0, 0, 0, -4, 0, 0, 0,
    0, 0, 0, 0, 0, -9, 0, 0,
    0, -5, -14, 0, -14, -4, 0, 0,
    0, -2, 0, -12, 0, -9, 0, -4,
    0, -6, -9, 0, 0, -4, -2, 0,
    0, 0, -4, 0, 0, 0, 0, 0,
    0, 0, 0, -7, -6, 0, 0, -9,
    2, -6, -4, 0, 0, 2, 0, 0,
    -4, 0, -2, -13, 0, -6, 0, -4,
    -13, 0, 0, -4, -7, 0, 0, 0,
    0, 0, 0, -9, 0, 0, 0, 0,
    -1, 0, 0, 0, 0, 0, -13, 0,
    -13, -6, 0, 0, 0, 0, 0, -15,
    0, -8, 0, -2, 0, -2, -4, 0,
    0, -8, -2, 0, 0, 0, -4, 0,
    0, 0, 0, 0, 0, -6, 0, -9,
    0, 0, 0, 0, 0, -7, 0, 0,
    0, 0, 0, 0, 0, 0, 0, -10,
    0, 0, 0, 0, -12, 0, 0, -9,
    -4, 0, -3, 0, 0, 0, 0, 0,
    -4, -2, 0, 0, -2, 0
};


/*Collect the kern class' data in one place*/
static const lv_font_fmt_txt_kern_classes_t kern_classes =
{
    .class_pair_values   = kern_class_values,
    .left_class_mapping  = kern_left_class_mapping,
    .right_class_mapping = kern_right_class_mapping,
    .left_class_cnt      = 45,
    .right_class_cnt     = 38,
};

/*--------------------
 *  ALL CUSTOM DATA
 *--------------------*/

#if LVGL_VERSION_MAJOR == 8
/*Store all the custom data of the font*/
static  lv_font_fmt_txt_glyph_cache_t cache;
#endif

#if LVGL_VERSION_MAJOR >= 8
static const lv_font_fmt_txt_dsc_t font_dsc = {
#else
static lv_font_fmt_txt_dsc_t font_dsc = {
#endif
    .glyph_bitmap = glyph_bitmap,
    .glyph_dsc = glyph_dsc,
    .cmaps = cmaps,
    .kern_dsc = &kern_classes,
    .kern_scale = 16,
    .cmap_num = 2,
    .bpp = 4,
    .kern_classes = 1,
    .bitmap_format = 1,
#if LVGL_VERSION_MAJOR == 8
    .cache = &cache
#endif
};



/*-----------------
 *  PUBLIC FONT
 *----------------*/

/*Initialize a public general font descriptor*/
#if LVGL_VERSION_MAJOR >= 8
const lv_font_t sp_font_20 = {
#else
lv_font_t sp_font_20 = {
#endif
    .get_glyph_dsc = lv_font_get_glyph_dsc_fmt_txt,    /*Function pointer to get glyph's data*/
    .get_glyph_bitmap = lv_font_get_bitmap_fmt_txt,    /*Function pointer to get glyph's bitmap*/
    .line_height = 24,          /*The maximum line height required by the font*/
    .base_line = 6,             /*Baseline measured from the bottom of the line*/
#if !(LVGL_VERSION_MAJOR == 6 && LVGL_VERSION_MINOR == 0)
    .subpx = LV_FONT_SUBPX_NONE,
#endif
#if LV_VERSION_CHECK(7, 4, 0) || LVGL_VERSION_MAJOR >= 8
    .underline_position = -2,
    .underline_thickness = 1,
#endif
    .dsc = &font_dsc,          /*The custom font data. Will be accessed by `get_glyph_bitmap/dsc` */
#if LV_VERSION_CHECK(8, 2, 0) || LVGL_VERSION_MAJOR >= 9
    .fallback = NULL,
#endif
    .user_data = NULL,
};



#endif /*#if SP_FONT_20*/

