/*******************************************************************************
 * Size: 16 px
 * Bpp: 4
 * Opts: --font D:\traecode\Fated star pet\assets\fonts\NotoSansSC-Regular.woff --size 16 --bpp 4 --format lvgl --lv-include lvgl.h -r 0x20-0x7E -r 0xB0 -r 0xB7 -r 0x2014 -r 0x2018-0x2019 -r 0x201C-0x201D -r 0x2026 -r 0x3001-0x3002 -r 0x300A-0x300B -r 0x3010-0x3011 -r 0x4E00 -r 0x4E03 -r 0x4E09-0x4E0B -r 0x4E0D-0x4E0E -r 0x4E13 -r 0x4E1A -r 0x4E2A -r 0x4E2D -r 0x4E3A-0x4E3B -r 0x4E48 -r 0x4E4E -r 0x4E58 -r 0x4E5D -r 0x4E5F-0x4E60 -r 0x4E66 -r 0x4E86 -r 0x4E8B-0x4E8C -r 0x4E8E -r 0x4E91-0x4E92 -r 0x4E94 -r 0x4E9B -r 0x4EA4 -r 0x4EA8 -r 0x4EAE -r 0x4EB2 -r 0x4EBA -r 0x4EC0 -r 0x4ECA -r 0x4EE5 -r 0x4EF6 -r 0x4EFB -r 0x4F11 -r 0x4F1A -r 0x4F34 -r 0x4F3C -r 0x4F4F -r 0x4F53 -r 0x4F5C -r 0x4F60 -r 0x4F73 -r 0x4FDD -r 0x5019 -r 0x505A -r 0x505C -r 0x5065 -r 0x513F -r 0x5145 -r 0x5148-0x5149 -r 0x514D -r 0x5154 -r 0x5165 -r 0x516B -r 0x516D -r 0x5173 -r 0x517B -r 0x5185 -r 0x518D -r 0x5199 -r 0x51B2-0x51B3 -r 0x51B5 -r 0x51B7 -r 0x51C6 -r 0x51F6 -r 0x51FA-0x51FB -r 0x5206 -r 0x5217 -r 0x521A-0x521B -r 0x521D -r 0x5220 -r 0x5229 -r 0x522B -r 0x5230 -r 0x5237 -r 0x524D -r 0x529B -r 0x529F-0x52A1 -r 0x52A8-0x52AA -r 0x52B1 -r 0x52BF -r 0x5305 -r 0x5316 -r 0x5319 -r 0x533A -r 0x5341 -r 0x5348 -r 0x5355 -r 0x535C -r 0x5360 -r 0x5373-0x5374 -r 0x5382 -r 0x538B -r 0x539A -r 0x53CC -r 0x53D1 -r 0x53D6 -r 0x53EF -r 0x53F6 -r 0x5408-0x5409 -r 0x540E -r 0x542C -r 0x542F -r 0x5440 -r 0x5446 -r 0x544A -r 0x547D -r 0x54CD -r 0x54E6 -r 0x5531 -r 0x5566 -r 0x5582 -r 0x559C -r 0x56DB -r 0x56DE -r 0x56FE -r 0x571F -r 0x5728 -r 0x58F0 -r 0x58F3 -r 0x5904 -r 0x590D -r 0x5916 -r 0x591A -r 0x591C -r 0x5927 -r 0x5929-0x592A -r 0x5931 -r 0x5934 -r 0x5938 -r 0x5956 -r 0x5973 -r 0x597D -r 0x59A8 -r 0x59CB -r 0x5B50 -r 0x5B57-0x5B58 -r 0x5B66 -r 0x5B75 -r 0x5B83 -r 0x5B88 -r 0x5B8C -r 0x5B9A -r 0x5B9C -r 0x5BA0 -r 0x5BB9 -r 0x5BC6 -r 0x5C04 -r 0x5C06 -r 0x5C0F -r 0x5C1A -r 0x5C31 -r 0x5C42 -r 0x5C4F -r 0x5C5E -r 0x5D2D -r 0x5DE5 -r 0x5DE8 -r 0x5DF1-0x5DF2 -r 0x5E01 -r 0x5E26 -r 0x5E38 -r 0x5E73-0x5E74 -r 0x5E78 -r 0x5E7C -r 0x5E94 -r 0x5EA7 -r 0x5EB7 -r 0x5EFA -r 0x5F00 -r 0x5F20 -r 0x5F53 -r 0x5F55 -r 0x5F71 -r 0x5F7C -r 0x5F85 -r 0x5F88 -r 0x5F97 -r 0x5FC3 -r 0x5FC5 -r 0x5FCC -r 0x5FE7 -r 0x6001 -r 0x6015 -r 0x6062 -r 0x606F -r 0x607C -r 0x60C5 -r 0x60F3 -r 0x610F -r 0x611F -r 0x613F -r 0x6162 -r 0x6210 -r 0x6216 -r 0x6237 -r 0x624B -r 0x6253 -r 0x6263 -r 0x6267 -r 0x626B -r 0x627E -r 0x628A -r 0x6295 -r 0x6298 -r 0x629A -r 0x62A5 -r 0x62B1 -r 0x62C5 -r 0x62E8-0x62E9 -r 0x6301 -r 0x6309 -r 0x6362 -r 0x63A5 -r 0x63A8 -r 0x63CF-0x63D0 -r 0x63E1 -r 0x6469 -r 0x6478 -r 0x64AD -r 0x64CD -r 0x64E6 -r 0x652F -r 0x6536 -r 0x653E -r 0x6548 -r 0x6570 -r 0x6574 -r 0x6599 -r 0x65B0 -r 0x65B9 -r 0x65C5 -r 0x65E0 -r 0x65E5 -r 0x65E9 -r 0x65F6 -r 0x660E -r 0x661F -r 0x662F -r 0x663C -r 0x663E -r 0x6676 -r 0x6697 -r 0x66F4 -r 0x66FF-0x6700 -r 0x6708-0x6709 -r 0x671F -r 0x672A -r 0x672C -r 0x673A -r 0x6765 -r 0x677E -r 0x6781 -r 0x679C -r 0x67D4 -r 0x67F3 -r 0x6821 -r 0x6848 -r 0x6863 -r 0x6A59 -r 0x6B21-0x6B22 -r 0x6B47 -r 0x6B4C -r 0x6B62-0x6B65 -r 0x6BB5 -r 0x6BCF -r 0x6BD4 -r 0x6BDB -r 0x6C34 -r 0x6C42 -r 0x6C47 -r 0x6C9B -r 0x6C9F -r 0x6CA1 -r 0x6CB9 -r 0x6CD5 -r 0x6CE2 -r 0x6CE8 -r 0x6D41 -r 0x6D6A -r 0x6D88 -r 0x6D8C -r 0x6DA8 -r 0x6DE1 -r 0x6DF1 -r 0x6E05 -r 0x6E20 -r 0x6E29 -r 0x6EE1 -r 0x706B -r 0x7070 -r 0x7075 -r 0x70B9 -r 0x70BC -r 0x70E6 -r 0x70ED -r 0x70F9 -r 0x7136 -r 0x7167 -r 0x71AC -r 0x7231 -r 0x725B -r 0x7269 -r 0x7280 -r 0x72B6 -r 0x72D7 -r 0x72EE -r 0x732A -r 0x7334 -r 0x73B0 -r 0x73ED -r 0x7403 -r 0x7406 -r 0x74F6 -r 0x751F -r 0x7528 -r 0x7535 -r 0x754C -r 0x767D-0x767E -r 0x7684 -r 0x76D8 -r 0x770B -r 0x7740 -r 0x7761 -r 0x77E5 -r 0x77ED -r 0x77F3 -r 0x7801 -r 0x7834 -r 0x786E -r 0x793A -r 0x7965 -r 0x79BB -r 0x79E4 -r 0x79EF -r 0x7A0D -r 0x7A33 -r 0x7A7A -r 0x7B11 -r 0x7B14 -r 0x7B49 -r 0x7B54 -r 0x7B7E -r 0x7C89 -r 0x7CBE -r 0x7CD6 -r 0x7CFB -r 0x7D27 -r 0x7D2B -r 0x7EA2 -r 0x7EA6 -r 0x7EB8 -r 0x7EBF -r 0x7ECF -r 0x7ED3 -r 0x7ED9 -r 0x7EDC -r 0x7EE7 -r 0x7EED -r 0x7EFC -r 0x7EFF -r 0x7F13 -r 0x7F18 -r 0x7F29 -r 0x7F50-0x7F51 -r 0x7F6E -r 0x7F8A -r 0x7FAF -r 0x7FBD -r 0x800C -r 0x8010 -r 0x804A -r 0x8054 -r 0x805A -r 0x8096 -r 0x80C6 -r 0x80FD -r 0x811A -r 0x81EA -r 0x822C -r 0x826F -r 0x8272 -r 0x8282 -r 0x82B1 -r 0x82CF -r 0x8349 -r 0x83B7 -r 0x83DC -r 0x84DD -r 0x8584 -r 0x85B0 -r 0x864E -r 0x86C7 -r 0x874E -r 0x87F9 -r 0x884C -r 0x8868 -r 0x88AB -r 0x8981 -r 0x89C1 -r 0x89E3 -r 0x8BA1 -r 0x8BA4 -r 0x8BA9 -r 0x8BB0 -r 0x8BB8 -r 0x8BBE -r 0x8BD5 -r 0x8BED -r 0x8BEF -r 0x8BF4 -r 0x8BF7 -r 0x8C03 -r 0x8C61 -r 0x8D1D -r 0x8D22 -r 0x8D25 -r 0x8D2D -r 0x8D39 -r 0x8D44 -r 0x8D76-0x8D77 -r 0x8D85 -r 0x8DB3 -r 0x8DD1 -r 0x8DEF -r 0x8E6D -r 0x8EAB -r 0x8F68 -r 0x8F7B -r 0x8F7D -r 0x8F89 -r 0x8F93 -r 0x8FC7 -r 0x8FD0 -r 0x8FD4 -r 0x8FD8 -r 0x8FDB -r 0x8FDE -r 0x9002 -r 0x9009 -r 0x901A -r 0x901F -r 0x9047 -r 0x906E -r 0x907F -r 0x90AE -r 0x90E8 -r 0x90FD -r 0x914D -r 0x9192 -r 0x91CC-0x91CD -r 0x91CF -r 0x91D1 -r 0x949F -r 0x94A5 -r 0x94B1 -r 0x94C3 -r 0x94DB -r 0x94F6 -r 0x9500-0x9501 -r 0x9519 -r 0x952E -r 0x953B -r 0x957F -r 0x95EE -r 0x95F4 -r 0x961F -r 0x9636 -r 0x9664 -r 0x966A -r 0x96F6 -r 0x9700 -r 0x9752 -r 0x9759 -r 0x9762 -r 0x9769 -r 0x97F3 -r 0x9879-0x987A -r 0x987E -r 0x9891 -r 0x989C-0x989D -r 0x98CE -r 0x98DE-0x98DF -r 0x996A -r 0x9971 -r 0x9999 -r 0x99A8 -r 0x9A6C -r 0x9AD8 -r 0x9C7C -r 0x9E21 -r 0x9EC4 -r 0x9F20 -r 0x9F99 -r 0xFF01 -r 0xFF08-0xFF09 -r 0xFF0C -r 0xFF1A-0xFF1B -r 0xFF1F -r 0xFF5E -r 0xFFE5 -o D:\traecode\Fated star pet\main\assets\fonts\sp_font_16.c
 ******************************************************************************/

#ifdef LV_LVGL_H_INCLUDE_SIMPLE
#include "lvgl.h"
#else
#include "lvgl.h"
#endif

#ifndef SP_FONT_16
#define SP_FONT_16 1
#endif

#if SP_FONT_16

/*-----------------
 *    BITMAPS
 *----------------*/

/*Store the image of the glyphs*/
static LV_ATTRIBUTE_LARGE_CONST const uint8_t glyph_bitmap[] = {
    /* U+0020 " " */

    /* U+0021 "!" */
    0x2f, 0x40, 0x8, 0xc0, 0x33, 0x88, 0x6, 0x10,
    0xe, 0x30, 0x81, 0x5, 0x5, 0xd8, 0x10, 0xe0,

    /* U+0022 "\"" */
    0x8f, 0x6, 0xf1, 0x1, 0x0, 0xde, 0x60, 0x40,
    0x24, 0x20, 0xe2, 0xf, 0x60, 0x4c, 0x0,

    /* U+0023 "#" */
    0x0, 0xb8, 0x1, 0x68, 0x1, 0x11, 0x0, 0xc,
    0xa0, 0x13, 0x30, 0x0, 0x42, 0x0, 0xfb, 0x5f,
    0xf0, 0x7a, 0x87, 0xbc, 0xfe, 0x27, 0xa8, 0x0,
    0x88, 0xc, 0x20, 0x19, 0x98, 0x6, 0x40, 0x5,
    0xe3, 0xce, 0x97, 0xe0, 0x5f, 0xf, 0xf2, 0x57,
    0x80, 0x44, 0x22, 0x77, 0x8, 0x0, 0x98, 0x0,
    0x46, 0x1, 0x31, 0x0, 0x4, 0x40, 0x0,

    /* U+0024 "$" */
    0x0, 0xd0, 0x1, 0xf3, 0x80, 0x72, 0xe8, 0x73,
    0x80, 0xe, 0x92, 0xe2, 0x50, 0x2c, 0x65, 0x1b,
    0xd0, 0x3, 0xc2, 0x0, 0xb1, 0xa1, 0x0, 0xc7,
    0x69, 0xee, 0x1, 0x93, 0x9a, 0x30, 0x3, 0xa2,
    0xce, 0x0, 0x39, 0x15, 0x0, 0x80, 0x30, 0xb8,
    0x7e, 0x2a, 0x42, 0x70, 0x62, 0xdd, 0x96, 0x54,
    0x6, 0x78, 0x35, 0x80, 0x3f, 0x80,

    /* U+0025 "%" */
    0x4, 0xde, 0xa0, 0xc, 0x58, 0x1, 0xd5, 0x3c,
    0x30, 0x1, 0x4c, 0x0, 0x64, 0x34, 0xf, 0x50,
    0x2, 0x2, 0x0, 0x61, 0x10, 0x1, 0xcc, 0x1,
    0x10, 0x0, 0xe1, 0x10, 0x1, 0xcc, 0x15, 0x8a,
    0xfa, 0x80, 0x8, 0x6a, 0x1e, 0xa1, 0x10, 0xb3,
    0xe0, 0x90, 0x6, 0xcf, 0x14, 0x32, 0x12, 0xc8,
    0x43, 0x80, 0xf, 0x3a, 0x42, 0xe0, 0x84, 0x40,
    0x42, 0x20, 0xe, 0x8a, 0x10, 0xf, 0xf8, 0x55,
    0xc0, 0x84, 0x40, 0x40, 0x20, 0x1a, 0x2c, 0x2,
    0x49, 0xb, 0x60, 0xc, 0x48, 0xc0, 0x15, 0x27,
    0x14, 0x0,

    /* U+0026 "&" */
    0x0, 0xab, 0xf5, 0x40, 0x3d, 0x2d, 0xd7, 0x40,
    0x1e, 0x4a, 0x17, 0x1, 0x0, 0xe1, 0x10, 0x41,
    0x88, 0x7, 0x25, 0x51, 0x34, 0x3, 0xda, 0x4b,
    0xa2, 0x0, 0x72, 0x5, 0xa1, 0x11, 0x0, 0x12,
    0xc, 0xaa, 0x39, 0x7c, 0x43, 0x94, 0x50, 0x1c,
    0x2c, 0x31, 0x96, 0x0, 0xc0, 0x80, 0x18, 0x52,
    0x84, 0xa, 0x58, 0xa6, 0xc0, 0x4, 0xa2, 0xc,
    0x4b, 0xcb, 0xaf, 0xb1, 0x70,

    /* U+0027 "'" */
    0x8f, 0x1, 0xf3, 0x21, 0x7b,

    /* U+0028 "(" */
    0x0, 0xf4, 0x40, 0x5, 0xe4, 0x19, 0x44, 0x2b,
    0xc0, 0x49, 0x1, 0x4, 0x40, 0x64, 0x0, 0xe7,
    0x0, 0x78, 0x4, 0x2e, 0x0, 0x32, 0x0, 0x20,
    0x88, 0x4, 0x90, 0x1, 0x5e, 0x0, 0x64, 0x10,
    0x16, 0x90, 0x4, 0x40,

    /* U+0029 ")" */
    0x1, 0x0, 0x17, 0x80, 0x9, 0x1c, 0x1, 0xd2,
    0x0, 0x40, 0x40, 0x2, 0x60, 0x3, 0x4c, 0x0,
    0x4c, 0x0, 0x13, 0x0, 0xf0, 0x98, 0x0, 0x98,
    0x1, 0xa6, 0x0, 0x4b, 0x4, 0x33, 0x7, 0xd0,
    0x12, 0xb8, 0x17, 0x0, 0x0,

    /* U+002A "*" */
    0x0, 0x59, 0x80, 0x14, 0xd9, 0x54, 0x25, 0xa5,
    0x3c, 0x6f, 0x22, 0x2b, 0x21, 0x9c, 0x47, 0x1,
    0xf2, 0xa7, 0x0,

    /* U+002B "+" */
    0x0, 0xc6, 0x1, 0xf1, 0x60, 0x7, 0xff, 0x29,
    0x7f, 0xda, 0x1f, 0xf2, 0x2e, 0xea, 0xc3, 0x76,
    0x40, 0x22, 0x30, 0x11, 0x40, 0x1f, 0xfc, 0x70,

    /* U+002C "," */
    0x0, 0xe9, 0xf3, 0x0, 0x90, 0x25, 0x44, 0x11,
    0xc, 0x11, 0xa0, 0xc, 0x30,

    /* U+002D "-" */
    0x4f, 0xfb, 0x53, 0x76, 0xf0,

    /* U+002E "." */
    0x2, 0xb, 0xd2, 0x20, 0x98,

    /* U+002F "/" */
    0x0, 0xc7, 0xc0, 0x1c, 0x8e, 0x1, 0xd7, 0xa0,
    0x18, 0x49, 0x0, 0x33, 0xa0, 0x7, 0x6f, 0x80,
    0x61, 0x45, 0x0, 0xc8, 0x80, 0xe, 0xfd, 0x0,
    0xe5, 0x70, 0xc, 0x86, 0x20, 0x1b, 0x6c, 0x3,
    0x9d, 0x40, 0x31, 0x98, 0x80, 0x35, 0xa8, 0x7,
    0x75, 0x0, 0x70,

    /* U+0030 "0" */
    0x0, 0x26, 0xfe, 0x18, 0x4, 0x76, 0xb8, 0xb8,
    0x20, 0x9, 0x38, 0x39, 0x28, 0x0, 0x2d, 0x80,
    0x4a, 0x80, 0x20, 0x60, 0x17, 0x10, 0x18, 0x38,
    0x4, 0x60, 0x20, 0x1f, 0x84, 0xc1, 0xc0, 0x23,
    0x0, 0x8, 0x8c, 0x2, 0xe2, 0x0, 0x25, 0x80,
    0x4a, 0xa0, 0x4, 0x9c, 0x9d, 0x14, 0x80, 0xe,
    0xd3, 0x1b, 0x4, 0x0,

    /* U+0031 "1" */
    0x4, 0x9f, 0x70, 0xa, 0x14, 0x3, 0xb3, 0x0,
    0x1f, 0xfe, 0x92, 0x33, 0x7, 0x19, 0xaf, 0x30,
    0xd, 0x9c,

    /* U+0032 "2" */
    0x2, 0xae, 0xfb, 0x20, 0x0, 0xe0, 0x55, 0xb6,
    0x8, 0xd, 0xd2, 0x23, 0xc5, 0xc0, 0xa, 0x1,
    0x10, 0x8, 0x7, 0x84, 0x8, 0x3, 0xce, 0x8,
    0x1, 0xc3, 0xe, 0x20, 0x1d, 0x47, 0x0, 0x1d,
    0x29, 0xe0, 0x1d, 0xd, 0x64, 0x1, 0xa5, 0xe1,
    0xcc, 0xe0, 0x46, 0x8, 0xcc, 0xc2,

    /* U+0033 "3" */
    0x1, 0xae, 0xfc, 0x40, 0x6, 0xd, 0x5b, 0xd9,
    0x86, 0x5a, 0x22, 0xc2, 0xc0, 0x40, 0x3b, 0xc0,
    0x31, 0xd9, 0x30, 0x0, 0xbf, 0x1b, 0x4, 0x0,
    0x59, 0x4d, 0xe4, 0x1, 0x1a, 0xd9, 0x70, 0x7,
    0x90, 0xc1, 0x40, 0x31, 0x92, 0x55, 0x11, 0x14,
    0x90, 0x98, 0x35, 0x6d, 0x4a,

    /* U+0034 "4" */
    0x0, 0xc5, 0xfa, 0x1, 0xe9, 0x0, 0xf9, 0x10,
    0xa0, 0x1e, 0x96, 0x20, 0xe, 0x73, 0x81, 0x0,
    0xc3, 0x16, 0x20, 0x1d, 0x66, 0xa0, 0x1c, 0x8b,
    0xc0, 0x1e, 0xe0, 0xdf, 0xf3, 0x17, 0xb4, 0x66,
    0x63, 0xc, 0x72, 0x33, 0xca, 0x46, 0x20, 0x1f,
    0xc0,

    /* U+0035 "5" */
    0x4, 0xff, 0xe7, 0x0, 0x8, 0x5d, 0xe6, 0x0,
    0x18, 0xa2, 0x61, 0x0, 0x9, 0x80, 0x7d, 0xc7,
    0x9d, 0x8a, 0x1, 0x62, 0x46, 0xad, 0x30, 0x1,
    0x69, 0xe, 0x4e, 0xc0, 0x3e, 0x42, 0x0, 0xff,
    0x90, 0x3, 0x2a, 0x2, 0x5c, 0xa2, 0x2c, 0xa0,
    0x12, 0xca, 0xac, 0x30, 0xc0,

    /* U+0036 "6" */
    0x0, 0xa7, 0xbf, 0x8, 0x2, 0xc7, 0x8b, 0x4b,
    0x0, 0x31, 0xe3, 0x24, 0x48, 0x2, 0x94, 0x80,
    0x3c, 0x79, 0x1b, 0xd0, 0x0, 0x10, 0x90, 0xeb,
    0x69, 0x0, 0x9a, 0xd, 0x65, 0x80, 0x43, 0x0,
    0x23, 0x2, 0x2, 0xd0, 0xf, 0x95, 0x40, 0x16,
    0x9, 0x4, 0x9d, 0x1a, 0xbc, 0x80, 0x7, 0x7,
    0x2e, 0x1c, 0x0,

    /* U+0037 "7" */
    0x3f, 0xff, 0x84, 0xee, 0xf8, 0x90, 0x41, 0x13,
    0x9, 0x50, 0x7, 0xa2, 0x2, 0x1, 0xc8, 0x4e,
    0x1, 0xef, 0x50, 0xf, 0x93, 0xc0, 0x3c, 0x80,
    0xe0, 0x1e, 0x30, 0x20, 0xf, 0x69, 0x0, 0x7c,
    0x22, 0x0, 0xf9, 0xdc, 0x1, 0x80,

    /* U+0038 "8" */
    0x0, 0x2e, 0xfe, 0xb0, 0x4, 0x95, 0x7b, 0x72,
    0x80, 0xe, 0x46, 0x26, 0x5e, 0x0, 0x18, 0x6,
    0x30, 0xa, 0x91, 0x80, 0x9, 0xc0, 0x3, 0x99,
    0x65, 0x2a, 0x0, 0xe, 0x25, 0x15, 0x4, 0x1,
    0xb0, 0xd1, 0xc3, 0x40, 0x62, 0xe0, 0x1, 0x84,
    0x11, 0x1, 0x0, 0x78, 0x93, 0x50, 0x96, 0xd4,
    0x42, 0xda, 0xb6, 0xda, 0x80,

    /* U+0039 "9" */
    0x0, 0x4f, 0x7d, 0x8, 0x5, 0x4f, 0x58, 0x38,
    0x0, 0x25, 0xb4, 0x3b, 0x37, 0x6, 0x4, 0x0,
    0x9e, 0xc1, 0xc0, 0x80, 0x21, 0x30, 0x31, 0xf1,
    0x6, 0x70, 0xb, 0x47, 0xbf, 0x20, 0x2, 0x3d,
    0xef, 0xaf, 0x20, 0xc, 0x20, 0x3, 0x70, 0xf,
    0x1a, 0x70, 0x3, 0x25, 0x1b, 0x55, 0x0, 0x1e,
    0xb7, 0xd, 0x40, 0x0,

    /* U+003A ":" */
    0x9e, 0x12, 0x13, 0xbd, 0x20, 0x20, 0xf, 0xc4,
    0x17, 0xa4, 0x41, 0x30,

    /* U+003B ";" */
    0x9, 0xe1, 0x2, 0x13, 0xb, 0xd2, 0x0, 0x10,
    0x7, 0xff, 0xa, 0x7c, 0xc0, 0x24, 0x9, 0x51,
    0x4, 0x43, 0x4, 0x68, 0x3, 0xc, 0x0,

    /* U+003C "<" */
    0x0, 0xf9, 0x48, 0x3, 0x14, 0x75, 0x88, 0x1,
    0x6f, 0x4e, 0xf8, 0xd3, 0xa3, 0x3a, 0xd4, 0x3,
    0xfe, 0x4e, 0x8c, 0xeb, 0x50, 0xc, 0xb7, 0xa7,
    0x7c, 0x60, 0x18, 0xa3, 0xac, 0x40,

    /* U+003D "=" */
    0x6f, 0xff, 0x91, 0xbb, 0xbe, 0x40, 0x11, 0xf8,
    0x3, 0xfc, 0xbf, 0xff, 0x22, 0xee, 0xfc, 0x80,

    /* U+003E ">" */
    0x34, 0x0, 0xf9, 0xef, 0x9c, 0x40, 0x32, 0x7d,
    0xe7, 0x5a, 0x0, 0x65, 0xbe, 0xc9, 0xe2, 0x0,
    0xff, 0x96, 0xfb, 0x27, 0x89, 0x3e, 0xf3, 0xad,
    0x0, 0xf, 0x7c, 0xe2, 0x1, 0x80,

    /* U+003F "?" */
    0x3, 0xcf, 0xe8, 0x1, 0xd4, 0xb6, 0x76, 0x1e,
    0x84, 0x83, 0xd0, 0xe, 0x12, 0x0, 0xcc, 0x50,
    0x1, 0x1c, 0xd8, 0x80, 0x5c, 0xc8, 0x1, 0x11,
    0x2c, 0x3, 0x15, 0x10, 0x7, 0x38, 0x7, 0x36,
    0xb8, 0x6, 0x20, 0x20, 0x0,

    /* U+0040 "@" */
    0x0, 0xe6, 0xbe, 0xfd, 0xa3, 0x0, 0xf1, 0xf6,
    0xff, 0x7f, 0xb7, 0x4c, 0x1, 0x8f, 0x6e, 0xc8,
    0x0, 0x27, 0xc8, 0x30, 0xb, 0x6d, 0x40, 0x3c,
    0x51, 0x0, 0x3, 0xaa, 0x80, 0x11, 0xb7, 0x2c,
    0xc, 0x80, 0xb, 0xe0, 0x4, 0xa7, 0x6b, 0x28,
    0x0, 0x88, 0x6, 0x80, 0x4d, 0xa6, 0xc0, 0x60,
    0x10, 0x88, 0x4, 0x11, 0x2, 0x6, 0x40, 0x11,
    0x10, 0x40, 0x2e, 0x10, 0x2, 0xb0, 0x1, 0x4c,
    0x40, 0x4c, 0x35, 0x4, 0xe9, 0x84, 0xef, 0xc0,
    0xf, 0x20, 0xaf, 0xd1, 0xaf, 0xdc, 0xa3, 0x0,
    0x42, 0x30, 0x4f, 0xd8, 0xd7, 0xea, 0x0, 0x43,
    0xb1, 0x48, 0x0, 0x15, 0x30, 0xf, 0x1f, 0xec,
    0x77, 0xe6, 0x90, 0x6,

    /* U+0041 "A" */
    0x0, 0x8b, 0xf4, 0x3, 0xe5, 0x32, 0x20, 0x7,
    0xae, 0xc7, 0x40, 0x1c, 0x46, 0xb6, 0xa0, 0x1c,
    0xa4, 0x44, 0x22, 0x0, 0x6b, 0x50, 0x31, 0xa0,
    0x8, 0x4e, 0xc0, 0xe, 0xa0, 0x13, 0x6, 0x7f,
    0x98, 0x88, 0x0, 0xb3, 0xdd, 0xb0, 0x14, 0x4,
    0xe4, 0x8a, 0x35, 0xa0, 0x60, 0x50, 0xd, 0xe4,
    0x4b, 0x40, 0xe, 0x40, 0x50,

    /* U+0042 "B" */
    0x6f, 0xfd, 0xb0, 0x1, 0xb3, 0x72, 0x9f, 0x0,
    0x22, 0x21, 0xbc, 0x18, 0x80, 0x78, 0x40, 0x40,
    0x39, 0x21, 0x80, 0x2e, 0xff, 0x59, 0x40, 0x5,
    0x9b, 0x94, 0x1e, 0x40, 0x2, 0x21, 0xae, 0x1c,
    0x0, 0x7c, 0xcc, 0x0, 0xf0, 0xaa, 0x80, 0xa,
    0x66, 0x6c, 0x1b, 0x0, 0x5e, 0x62, 0x1f, 0x48,

    /* U+0043 "C" */
    0x0, 0x92, 0xfb, 0xec, 0xc0, 0x26, 0xb0, 0x8a,
    0x1c, 0x10, 0x39, 0x6b, 0x65, 0xad, 0x10, 0x91,
    0x90, 0xc, 0x40, 0x4, 0x70, 0xf, 0xc3, 0xc0,
    0x1f, 0xfc, 0x61, 0xe0, 0xf, 0xc8, 0xe0, 0x1f,
    0xa4, 0x60, 0x3, 0x28, 0x81, 0xc3, 0xdb, 0x2d,
    0x51, 0x0, 0xf, 0x4f, 0x34, 0xd6, 0xa0,

    /* U+0044 "D" */
    0x6f, 0xfb, 0xad, 0x0, 0x3a, 0xf2, 0xc2, 0xe0,
    0x3, 0x29, 0xad, 0xbb, 0x90, 0x3, 0xe8, 0x1f,
    0x0, 0xfc, 0xea, 0x1, 0xfb, 0x84, 0x3, 0xf7,
    0x80, 0x7f, 0x10, 0x80, 0x7e, 0x44, 0x0, 0x7d,
    0x3, 0xc0, 0x12, 0xa2, 0xdb, 0xb9, 0x0, 0x2b,
    0xb8, 0x2e, 0x0, 0x0,

    /* U+0045 "E" */
    0x6f, 0xff, 0x30, 0x2, 0xae, 0xf3, 0x80, 0x11,
    0x38, 0x40, 0x3f, 0xc6, 0x1, 0xf6, 0xff, 0xd0,
    0x1, 0x5e, 0x65, 0x20, 0x12, 0x99, 0xc2, 0x1,
    0xff, 0xc7, 0x44, 0xe2, 0x0, 0x55, 0xde, 0xa0,

    /* U+0046 "F" */
    0x6f, 0xff, 0x30, 0x2, 0xae, 0xf3, 0x80, 0x11,
    0x38, 0x40, 0x3f, 0xf8, 0xdd, 0xff, 0x48, 0x5,
    0x79, 0x94, 0x0, 0x4a, 0x67, 0x8, 0x7, 0xff,
    0x54,

    /* U+0047 "G" */
    0x0, 0x8e, 0xbb, 0xf5, 0x80, 0x26, 0xc6, 0x8a,
    0x59, 0x70, 0x39, 0x6c, 0x65, 0x8d, 0x70, 0x91,
    0x90, 0xc, 0x40, 0x4, 0x70, 0xf, 0xc3, 0xc0,
    0x1f, 0xfc, 0x1f, 0xfb, 0x40, 0x74, 0x2, 0xcc,
    0x30, 0x1, 0x10, 0x1, 0x19, 0x84, 0x1, 0x23,
    0x20, 0x1f, 0x1c, 0x36, 0x32, 0xbb, 0x8, 0x1,
    0xed, 0xe2, 0xa8, 0xda,

    /* U+0048 "H" */
    0x6f, 0x10, 0xc, 0xfe, 0x1, 0xff, 0xd5, 0x30,
    0xf, 0xed, 0xff, 0xd0, 0x1, 0xaf, 0x33, 0x30,
    0x6, 0x53, 0x3d, 0xc0, 0x1f, 0xfd, 0xe0,

    /* U+0049 "I" */
    0x6f, 0x10, 0xf, 0xfe, 0xa8,

    /* U+004A "J" */
    0x0, 0xe7, 0xf0, 0xf, 0xff, 0x97, 0x80, 0x4c,
    0x1, 0x10, 0x81, 0x4d, 0x2c, 0x2b, 0x1, 0x63,
    0x53, 0x3c, 0x0,

    /* U+004B "K" */
    0x6f, 0x10, 0x9, 0xbd, 0x40, 0x3c, 0x72, 0xea,
    0x1, 0xc3, 0xab, 0x0, 0x1e, 0xd3, 0xa0, 0xf,
    0x51, 0xf0, 0x7, 0xa5, 0x42, 0x80, 0x3c, 0xf1,
    0x6, 0x20, 0xe, 0x57, 0x70, 0xc8, 0x7, 0x58,
    0x2, 0xd1, 0x0, 0x1f, 0x29, 0xc8, 0x7, 0xef,
    0x26, 0x0, 0xf8, 0xd6, 0x0,

    /* U+004C "L" */
    0x6f, 0x10, 0xf, 0xff, 0xf8, 0x6, 0x44, 0xe0,
    0xa, 0xae, 0xf1, 0x80,

    /* U+004D "M" */
    0x6f, 0x90, 0xe, 0x9f, 0x60, 0x3, 0x80, 0x73,
    0x80, 0x44, 0x8, 0x1, 0x20, 0x10, 0x4, 0xfa,
    0x1, 0x73, 0x18, 0x0, 0xf5, 0xc0, 0x25, 0xb1,
    0x0, 0x90, 0x10, 0x14, 0x8c, 0x2, 0x10, 0x6e,
    0xf, 0xa0, 0xf, 0x52, 0x8a, 0xa8, 0x3, 0xc4,
    0x4b, 0x32, 0x0, 0xfa, 0x96, 0x80, 0x3f, 0x31,
    0xb8, 0x7, 0xe1, 0xc1, 0x0, 0xc0,

    /* U+004E "N" */
    0x6f, 0x60, 0xc, 0xfe, 0x0, 0x80, 0xf, 0x88,
    0xe0, 0x3, 0xc7, 0xe, 0x40, 0x1c, 0x2a, 0x70,
    0x1, 0xf7, 0xa9, 0x80, 0x78, 0xd7, 0xc0, 0x3e,
    0x83, 0x51, 0x0, 0xe2, 0x78, 0x0, 0xfa, 0xf,
    0x40, 0x3e, 0x84, 0x0, 0xf9, 0x88, 0x0,

    /* U+004F "O" */
    0x0, 0x97, 0x3f, 0xad, 0x0, 0x34, 0x53, 0x4c,
    0x3d, 0xb0, 0x1, 0x1e, 0x29, 0x99, 0x8b, 0x24,
    0x1c, 0x2e, 0x1, 0xac, 0x28, 0x15, 0xc0, 0x38,
    0x51, 0x0, 0xe, 0x0, 0xf1, 0x10, 0x3, 0xff,
    0x80, 0x3c, 0x1, 0xe5, 0x20, 0x47, 0x0, 0xe1,
    0x34, 0x9, 0x18, 0x0, 0xd6, 0x14, 0x6, 0xee,
    0xa5, 0x6b, 0x5a, 0x20, 0x4, 0x53, 0x54, 0x6,
    0x28, 0x0,

    /* U+0050 "P" */
    0x6f, 0xfd, 0xb0, 0x1, 0xaf, 0x2e, 0x9b, 0x0,
    0x25, 0x34, 0x7b, 0x33, 0x0, 0x79, 0xc1, 0x80,
    0x3c, 0xe0, 0xc0, 0x18, 0x56, 0xcc, 0xc0, 0xe,
    0xfe, 0xa4, 0xd0, 0xa, 0xf3, 0x7e, 0x84, 0x2,
    0x53, 0x20, 0xf, 0xfe, 0x98,

    /* U+0051 "Q" */
    0x0, 0x97, 0x3f, 0xad, 0x0, 0x3a, 0x29, 0xa6,
    0x1e, 0xd8, 0x2, 0x47, 0x8a, 0x66, 0x62, 0xc9,
    0x0, 0x38, 0x5c, 0x3, 0x58, 0x50, 0x1, 0x5c,
    0x3, 0x85, 0x10, 0x1, 0x70, 0x7, 0x88, 0x80,
    0x1f, 0xfc, 0x21, 0xe0, 0xf, 0x11, 0x0, 0x8,
    0xe0, 0x1c, 0x28, 0x80, 0x4, 0x8b, 0x80, 0x68,
    0xa, 0x0, 0x1b, 0xc4, 0xa2, 0xdb, 0x51, 0x0,
    0x51, 0x4b, 0x74, 0x18, 0xa0, 0x1c, 0xb8, 0xe1,
    0x26, 0x1, 0xfa, 0x47, 0xd0, 0x4, 0x3, 0xc3,
    0xed, 0x7f, 0xc2, 0x1, 0xe1, 0xbe, 0xde, 0x10,

    /* U+0052 "R" */
    0x6f, 0xfd, 0xd2, 0x20, 0x15, 0xe5, 0xcb, 0xe0,
    0x4, 0xa6, 0x8f, 0x64, 0x60, 0x1e, 0x70, 0x60,
    0xf, 0x30, 0x30, 0x7, 0x25, 0x11, 0x80, 0x3b,
    0xfd, 0x6b, 0x80, 0x15, 0xe1, 0x85, 0x8, 0x4,
    0xa7, 0xa1, 0x0, 0x1e, 0x19, 0x63, 0x0, 0xf3,
    0x17, 0x80, 0x7d, 0x26, 0xc0,

    /* U+0053 "S" */
    0x0, 0x1d, 0xff, 0xad, 0x0, 0x7, 0x8f, 0x34,
    0x36, 0x61, 0x43, 0x8c, 0xb5, 0xa6, 0x6, 0x1,
    0xc4, 0x0, 0xe1, 0xc3, 0x0, 0xe4, 0xa2, 0xcc,
    0x28, 0x6, 0x5e, 0xa0, 0xab, 0x0, 0xe5, 0xca,
    0x49, 0x0, 0xf2, 0xa2, 0x83, 0x88, 0x6, 0x67,
    0xa, 0xe8, 0x55, 0x59, 0x40, 0x6c, 0x2d, 0x50,
    0x30, 0xc0,

    /* U+0054 "T" */
    0x8f, 0xff, 0xc3, 0x57, 0x70, 0x2d, 0xdc, 0x24,
    0x89, 0x1, 0x22, 0x40, 0x1f, 0xff, 0xf0, 0xf,
    0xfe, 0x20,

    /* U+0055 "U" */
    0x7f, 0x0, 0xe7, 0xf0, 0xf, 0xff, 0x8, 0x80,
    0x7f, 0x84, 0x3, 0xc4, 0x4, 0x1, 0xb8, 0x94,
    0x28, 0x2, 0x17, 0x41, 0x76, 0xa5, 0x6c, 0xb,
    0x8, 0x96, 0xa8, 0x6c, 0x20,

    /* U+0056 "V" */
    0xdb, 0x0, 0xe7, 0xf1, 0x54, 0x0, 0xec, 0x41,
    0xb0, 0x40, 0xc, 0x9a, 0x6, 0x3a, 0x1, 0x28,
    0x38, 0x1, 0xdc, 0x1, 0x61, 0x88, 0x3, 0x44,
    0x80, 0xf, 0x60, 0x12, 0xa, 0x81, 0x8a, 0x80,
    0x64, 0xc0, 0x42, 0x20, 0x6, 0xf4, 0xb, 0x50,
    0xe, 0x50, 0x63, 0xb0, 0xf, 0x24, 0x9, 0x80,
    0x7b, 0x45, 0xc0, 0x30,

    /* U+0057 "W" */
    0x7f, 0x0, 0xd7, 0xa0, 0x1b, 0xa0, 0xc0, 0xc0,
    0x24, 0x21, 0x0, 0x8, 0xb1, 0x41, 0x40, 0x6,
    0x24, 0x80, 0x5, 0x5, 0x12, 0xf0, 0x2, 0x21,
    0xf0, 0x0, 0x62, 0x20, 0x75, 0x0, 0x66, 0xe2,
    0x0, 0x35, 0x40, 0x1a, 0x60, 0x4, 0x42, 0x90,
    0x83, 0x98, 0x1, 0x0, 0x8c, 0xc, 0xc0, 0x80,
    0x58, 0x0, 0x30, 0x74, 0x40, 0x1, 0x30, 0xc1,
    0x40, 0x22, 0xdd, 0x18, 0x3, 0x15, 0x42, 0x20,
    0x9, 0xcd, 0xf0, 0x0, 0x87, 0xea, 0x1, 0xb1,
    0x9, 0x0, 0x6, 0xe, 0x60, 0x19, 0x40, 0xc0,
    0x32, 0xe, 0x0, 0x0,

    /* U+0058 "X" */
    0x3f, 0x60, 0x8, 0xbd, 0x8d, 0x60, 0x2, 0x82,
    0x60, 0x81, 0x70, 0x25, 0x90, 0x1, 0x34, 0x84,
    0x1a, 0x0, 0x50, 0x32, 0xbe, 0x1, 0x86, 0x19,
    0x4c, 0x3, 0xb0, 0x18, 0x3, 0x8d, 0x2c, 0xd8,
    0x3, 0x7a, 0xa3, 0x40, 0x4, 0xa7, 0x1, 0x3,
    0x0, 0x8, 0x62, 0x1, 0x77, 0xb, 0x95, 0x80,
    0x50, 0x36,

    /* U+0059 "Y" */
    0xc, 0xc0, 0x6, 0x4f, 0x40, 0x83, 0x30, 0x5,
    0xe6, 0x80, 0x85, 0x20, 0x2, 0x48, 0x0, 0xa1,
    0x48, 0x2c, 0x90, 0x2, 0x52, 0xa1, 0x68, 0x0,
    0xeb, 0x69, 0x25, 0x0, 0xe6, 0x7, 0xb0, 0xf,
    0x98, 0x18, 0x3, 0xff, 0xbe,

    /* U+005A "Z" */
    0xa, 0xff, 0xf6, 0x4, 0x5d, 0xe8, 0xa, 0x2,
    0x44, 0xd6, 0x6c, 0x1, 0xcc, 0x7c, 0x1, 0xc3,
    0x2e, 0x40, 0x1d, 0x45, 0x0, 0x1c, 0xa9, 0x20,
    0x1e, 0xb5, 0x40, 0xe, 0x90, 0xb0, 0xe, 0x36,
    0x81, 0x0, 0xee, 0x12, 0x44, 0xe3, 0x21, 0xbb,
    0xea,

    /* U+005B "[" */
    0x4f, 0xdb, 0x3, 0xdb, 0x0, 0xff, 0xf4, 0x96,
    0xd8,

    /* U+005C "\\" */
    0x97, 0x0, 0xed, 0xb0, 0xe, 0x43, 0x10, 0xe,
    0x54, 0x0, 0xec, 0xf0, 0xe, 0x75, 0x0, 0xe1,
    0x34, 0x0, 0xeb, 0xd0, 0xe, 0x57, 0x0, 0xe2,
    0x33, 0x0, 0x72, 0xd8, 0x7, 0x5a, 0x80, 0x71,
    0x98, 0x80, 0x39, 0xd4, 0x3, 0xb6, 0xc0, 0x39,
    0x2c, 0x0,

    /* U+005D "]" */
    0x6d, 0xeb, 0x6d, 0x80, 0xf, 0xff, 0x4b, 0x6d,
    0x88,

    /* U+005E "^" */
    0x0, 0x37, 0xa0, 0x6, 0xa2, 0xe0, 0x8, 0x8f,
    0xd4, 0x40, 0x14, 0xa4, 0x8c, 0x0, 0x6e, 0xd,
    0xa0, 0x50, 0x40, 0x62, 0x3e, 0x60, 0x9, 0x68,

    /* U+005F "_" */
    0xcf, 0xff, 0xac,

    /* U+0060 "`" */
    0x0, 0xc9, 0x80, 0x6, 0x2a, 0x2, 0xc4, 0x80,
    0x2c, 0xc0,

    /* U+0061 "a" */
    0x0, 0x3e, 0xff, 0x38, 0x1, 0xee, 0xd8, 0xf0,
    0x80, 0xf8, 0xc7, 0x23, 0xa0, 0x10, 0xac, 0x1,
    0x0, 0xdf, 0xfc, 0x60, 0xd, 0x7e, 0xa7, 0x60,
    0x1, 0xd0, 0x4, 0xe0, 0x1, 0xa4, 0x45, 0x98,
    0x3, 0x6, 0xe7, 0x9c, 0x0,

    /* U+0062 "b" */
    0x8f, 0x0, 0xff, 0xe7, 0x8, 0x7, 0xf1, 0xe7,
    0xeb, 0x0, 0x43, 0xd5, 0x6f, 0x2a, 0x1, 0x63,
    0x25, 0x1c, 0x80, 0x42, 0x1, 0x29, 0x80, 0x7d,
    0xc0, 0x1f, 0xb8, 0x3, 0xf3, 0xa8, 0x5, 0x6a,
    0x98, 0x30, 0x0, 0x4e, 0x8b, 0x7c, 0x20,

    /* U+0063 "c" */
    0x0, 0x15, 0xf7, 0xd0, 0x81, 0xeb, 0xdd, 0x9,
    0x7, 0x96, 0x2a, 0xac, 0xc0, 0xe8, 0x3, 0x88,
    0x8, 0x3, 0x8c, 0x8, 0x3, 0x84, 0xe8, 0x3,
    0xd0, 0x56, 0x8b, 0x6e, 0x9, 0x81, 0x76, 0x16,

    /* U+0064 "d" */
    0x0, 0xfb, 0xdc, 0x3, 0xff, 0xa2, 0x79, 0xfa,
    0xa0, 0x11, 0xe0, 0x5c, 0x48, 0x5, 0xe5, 0x88,
    0xb8, 0x1, 0x1d, 0x0, 0x78, 0x80, 0x40, 0x3c,
    0x60, 0x20, 0x1e, 0x12, 0xb0, 0x8, 0x40, 0x2b,
    0x3a, 0x46, 0xc0, 0x9, 0xa5, 0xee, 0xb8, 0xc0,

    /* U+0065 "e" */
    0x0, 0x1e, 0x7f, 0x38, 0x4, 0x58, 0xd9, 0x72,
    0xe0, 0xe, 0x3a, 0x35, 0x89, 0x1, 0x39, 0x0,
    0x90, 0x44, 0x61, 0x5d, 0xd6, 0x1, 0x98, 0x27,
    0xff, 0x71, 0x9, 0xe8, 0x8f, 0x0, 0x3d, 0x29,
    0xd, 0x98, 0x0, 0x3c, 0x1b, 0xcd, 0x20,

    /* U+0066 "f" */
    0x0, 0x2f, 0x7c, 0x0, 0xd2, 0x65, 0x2, 0x84,
    0x99, 0x0, 0x42, 0x0, 0x7b, 0xd, 0xf0, 0x68,
    0xa, 0xd0, 0x13, 0x7, 0x20, 0xf, 0xfe, 0xc8,

    /* U+0067 "g" */
    0x0, 0x3e, 0xff, 0xea, 0x6, 0x8b, 0xd7, 0x9,
    0x90, 0x52, 0xb1, 0x40, 0x88, 0xc0, 0x3e, 0xf0,
    0x5, 0x2a, 0xb, 0x8d, 0x0, 0x1c, 0x67, 0xae,
    0xc4, 0x0, 0x84, 0xdf, 0xc4, 0x0, 0xce, 0x86,
    0x62, 0x0, 0xac, 0xaf, 0x31, 0xbc, 0x61, 0xd1,
    0xff, 0x69, 0xc1, 0x1a, 0x80, 0x44, 0xc2, 0x43,
    0x24, 0x5, 0x29, 0x21, 0x83, 0x9f, 0x87, 0xa6,

    /* U+0068 "h" */
    0x8f, 0x0, 0xff, 0xe5, 0x88, 0x7, 0xe1, 0xbf,
    0xd5, 0x0, 0xe, 0x62, 0x86, 0x84, 0x1, 0xee,
    0xbe, 0x8, 0x0, 0x20, 0x1, 0x1, 0x80, 0x70,
    0x80, 0x7f, 0xf5, 0x80,

    /* U+0069 "i" */
    0x8e, 0x10, 0x30, 0x8d, 0x10, 0xa, 0x3c, 0x3,
    0xff, 0x9a,

    /* U+006A "j" */
    0x0, 0x4f, 0x8, 0x0, 0x4c, 0x2, 0x8d, 0x10,
    0xf, 0xa3, 0xc0, 0x3f, 0xfc, 0xa4, 0x4, 0x6a,
    0xc1, 0x58, 0x12, 0x0,

    /* U+006B "k" */
    0x8e, 0x0, 0xff, 0xeb, 0xde, 0x80, 0x74, 0x27,
    0x80, 0x64, 0x7b, 0x20, 0x8, 0xa9, 0x90, 0x3,
    0x78, 0x38, 0x6, 0x11, 0x78, 0x40, 0x6, 0xd1,
    0x87, 0x20, 0x0, 0x88, 0x18, 0xf8, 0x3, 0xde,
    0x6a,

    /* U+006C "l" */
    0x8f, 0x0, 0xff, 0xe9, 0xf8, 0x12, 0x94, 0x80,

    /* U+006D "m" */
    0x8b, 0x3c, 0xfd, 0x41, 0xaf, 0xd5, 0x0, 0x27,
    0xfb, 0x46, 0xb7, 0xf9, 0x28, 0x40, 0x1a, 0x65,
    0x43, 0xa, 0x30, 0x8, 0x0, 0x10, 0x1, 0x3,
    0x80, 0x4, 0x8, 0x3, 0xff, 0xea,

    /* U+006E "n" */
    0x8b, 0x3b, 0xfd, 0x50, 0x2, 0x77, 0xf3, 0xd0,
    0x80, 0x31, 0x6, 0x1, 0x0, 0x2, 0x0, 0x20,
    0x30, 0xf, 0xfe, 0xe0,

    /* U+006F "o" */
    0x0, 0x1d, 0xff, 0x48, 0x80, 0xf, 0x2, 0xec,
    0x98, 0x0, 0xf3, 0xb4, 0x5f, 0x27, 0x13, 0xb0,
    0x8, 0x8e, 0xcc, 0x8, 0x3, 0x30, 0x98, 0x10,
    0x6, 0x16, 0x13, 0xb0, 0x8, 0x93, 0x3, 0xce,
    0xd1, 0x7c, 0x9c, 0xf, 0x2, 0xec, 0x98, 0x0,

    /* U+0070 "p" */
    0x8b, 0x5c, 0xfd, 0x60, 0x9, 0x3b, 0xfd, 0x72,
    0xa0, 0x15, 0x98, 0x32, 0x48, 0x7, 0xc6, 0x60,
    0xf, 0xbc, 0x3, 0xf7, 0x0, 0x7e, 0x75, 0x0,
    0xad, 0x53, 0x6, 0x0, 0x3, 0xd1, 0x6f, 0x84,
    0x1, 0x2e, 0xfd, 0x98, 0x4, 0x20, 0x1f, 0xfc,
    0xd0,

    /* U+0071 "q" */
    0x0, 0x1e, 0x7e, 0xae, 0x38, 0x1e, 0x5, 0xc4,
    0x98, 0x3, 0xcb, 0x11, 0x70, 0x2, 0x3a, 0x0,
    0xf1, 0x0, 0x80, 0x78, 0xc0, 0x40, 0x3c, 0x25,
    0x60, 0x10, 0x80, 0x56, 0x74, 0x8d, 0x80, 0x13,
    0x4b, 0xdd, 0x70, 0x6, 0x6d, 0xfc, 0x30, 0xf,
    0xfe, 0x88,

    /* U+0072 "r" */
    0x0, 0xf4, 0x59, 0xe7, 0x88, 0x2f, 0x46, 0x88,
    0xc, 0xa1, 0x0, 0x48, 0x1, 0xff, 0xd5,

    /* U+0073 "s" */
    0x1, 0xbf, 0xf5, 0x10, 0x6b, 0xe6, 0xd, 0x80,
    0xec, 0xcd, 0x28, 0xb, 0xe, 0x20, 0x15, 0x4d,
    0x74, 0x80, 0x4d, 0xb4, 0xf2, 0x1, 0x95, 0x90,
    0xf9, 0x89, 0x19, 0xe, 0x2b, 0x69, 0xe4,

    /* U+0074 "t" */
    0x0, 0x40, 0x80, 0x42, 0xe4, 0x1, 0x18, 0x6,
    0x9d, 0xc, 0xf8, 0x84, 0x85, 0x6c, 0x89, 0x3,
    0x10, 0x80, 0x7f, 0xf1, 0xdc, 0x3, 0x8c, 0x24,
    0xcc, 0x0, 0x94, 0xca,

    /* U+0075 "u" */
    0xad, 0x0, 0x8f, 0xd0, 0x3, 0xff, 0xb8, 0x46,
    0x1, 0x20, 0x3, 0x6, 0x52, 0x6c, 0x0, 0x8e,
    0xea, 0xc, 0x0, 0x0,

    /* U+0076 "v" */
    0xae, 0x0, 0xcf, 0xc1, 0xc2, 0x60, 0x15, 0xb8,
    0x20, 0xd8, 0x0, 0x4f, 0x40, 0xe, 0xa0, 0x7,
    0x14, 0x0, 0x51, 0x10, 0x29, 0xc0, 0x23, 0x15,
    0x13, 0xd0, 0xc, 0xd6, 0x82, 0x80, 0x1a, 0x8e,
    0x5c, 0x3, 0x88, 0x87, 0x40, 0x10,

    /* U+0077 "w" */
    0x6f, 0x0, 0x9b, 0xd0, 0x0, 0x3e, 0x88, 0x4,
    0x0, 0x60, 0xe0, 0x1, 0x1, 0x8, 0x70, 0x0,
    0x8c, 0xa0, 0xc, 0x30, 0x2, 0x20, 0x8, 0x24,
    0x84, 0x11, 0x0, 0xf, 0x30, 0x45, 0x12, 0x41,
    0x2b, 0x0, 0x20, 0x26, 0x60, 0x13, 0x10, 0xc,
    0x0, 0x24, 0x68, 0xa1, 0x89, 0xa8, 0x1, 0x96,
    0x80, 0x81, 0x9, 0x70, 0x3, 0x61, 0x20, 0x0,
    0x48, 0x88, 0x0,

    /* U+0078 "x" */
    0x3f, 0x50, 0x2, 0x79, 0x99, 0xac, 0x1, 0x2c,
    0x61, 0x1, 0xa, 0x70, 0x0, 0x18, 0x7b, 0x81,
    0x0, 0x9c, 0x5, 0x80, 0x34, 0x20, 0xc0, 0x4,
    0x6d, 0x30, 0xe4, 0x0, 0xe6, 0x26, 0x3e, 0x7,
    0x28, 0x0, 0x79, 0xb0,

    /* U+0079 "y" */
    0x9e, 0x0, 0xcf, 0xc1, 0x42, 0x80, 0x15, 0xa0,
    0x19, 0x68, 0x0, 0x4f, 0x80, 0x14, 0xe0, 0x7,
    0x4, 0x0, 0x30, 0xa0, 0x6a, 0x80, 0x42, 0x9c,
    0x9, 0xc0, 0x1b, 0xd1, 0x0, 0x80, 0x19, 0x2,
    0x54, 0x3, 0xcc, 0x5c, 0x1, 0xee, 0x4, 0x0,
    0xf5, 0xb0, 0x7, 0x1c, 0x94, 0x0, 0x64, 0xc4,
    0xc1, 0x0, 0xc0,

    /* U+007A "z" */
    0xf, 0xff, 0x0, 0x33, 0x2a, 0x7, 0x0, 0x19,
    0xdc, 0x50, 0x1, 0x95, 0x38, 0x3, 0xd, 0xb9,
    0x80, 0x6b, 0x38, 0x0, 0xca, 0xa9, 0x0, 0xc3,
    0x68, 0xe6, 0x70, 0x38, 0xa6, 0x66, 0x20,

    /* U+007B "{" */
    0x0, 0x37, 0x60, 0x2, 0x2f, 0x0, 0x2, 0xc0,
    0x1f, 0x84, 0x3, 0x9c, 0x0, 0x62, 0xc0, 0xd8,
    0xc4, 0xd, 0x6c, 0x20, 0x4, 0x15, 0x0, 0xfc,
    0x2e, 0x1, 0xff, 0xc1, 0x14, 0x0, 0xae, 0xac,

    /* U+007C "|" */
    0x5a, 0x0, 0xff, 0xeb, 0x0,

    /* U+007D "}" */
    0x6e, 0xb0, 0x3, 0x72, 0xa8, 0x2, 0x23, 0x0,
    0x84, 0x3, 0x8c, 0x3, 0x8, 0x4, 0xda, 0x1,
    0x43, 0x60, 0x2, 0x57, 0x0, 0xf, 0xc0, 0x1f,
    0xc2, 0x1, 0x9, 0x80, 0x7c, 0x26, 0x40, 0xd8,
    0xc8, 0x0,

    /* U+007E "~" */
    0x4, 0xdc, 0x20, 0x1, 0x80, 0xd4, 0xde, 0x19,
    0x68, 0x85, 0xa3, 0xde, 0x6d, 0x8, 0x94, 0x0,
    0xbf, 0xe4, 0x0,

    /* U+00B0 "°" */
    0x4, 0xcc, 0x18, 0xc, 0xee, 0xb8, 0x15, 0xc4,
    0x4c, 0x4a, 0xe2, 0x26, 0x21, 0x9d, 0xd7, 0x0,

    /* U+00B7 "·" */
    0x4, 0x40, 0x35, 0xd9, 0xb0, 0x1, 0xf2, 0x44,
    0xa0,

    /* U+2014 "—" */
    0x4f, 0xff, 0xfe, 0x4, 0x0,

    /* U+2018 "‘" */
    0x0, 0x20, 0x1, 0x78, 0x1, 0x14, 0x2, 0x5e,
    0x22, 0x41, 0x0,

    /* U+2019 "’" */
    0x0, 0xc3, 0xf8, 0x0, 0x13, 0x11, 0x71, 0x8,
    0x5c, 0x80, 0x21, 0x0,

    /* U+201C "“" */
    0x0, 0x18, 0x81, 0x8, 0x24, 0x9, 0xc8, 0x2,
    0x68, 0x3e, 0x44, 0xb, 0x8c, 0xb4, 0xc1, 0x84,
    0x4c, 0x20,

    /* U+201D "”" */
    0x0, 0xf8, 0xfe, 0x4f, 0xe8, 0x2, 0x71, 0x5,
    0x3, 0xd5, 0x2e, 0x30, 0x1e, 0x91, 0xaf, 0x0,
    0x71, 0xc, 0x98, 0x0,

    /* U+2026 "…" */
    0x1, 0x0, 0xff, 0x8, 0x1f, 0x48, 0x5, 0xdc,
    0x0, 0xa7, 0x8c, 0x7, 0x80, 0x22, 0x20, 0x5,
    0xc2, 0x20,

    /* U+3001 "、" */
    0x4, 0x20, 0xd, 0x38, 0x40, 0x16, 0x16, 0x10,
    0x0, 0x74, 0xb0, 0x80, 0x3, 0xa8, 0x60,

    /* U+3002 "。" */
    0x2, 0xcd, 0x70, 0x7, 0xf6, 0xe9, 0x4d, 0xc8,
    0x27, 0xd, 0xc4, 0x2f, 0xc3, 0xb3, 0x41, 0x80,

    /* U+300A "《" */
    0x0, 0xca, 0x8, 0x20, 0x13, 0xe8, 0x48, 0x6,
    0xa9, 0x64, 0x10, 0x3, 0x20, 0xdc, 0x0, 0x57,
    0xc, 0x82, 0x0, 0x64, 0x1b, 0xb0, 0x5, 0x76,
    0x57, 0x20, 0x2, 0xb9, 0x4c, 0x0, 0x42, 0x20,
    0x71, 0x0, 0x91, 0xcf, 0xe0, 0x3, 0x44, 0xa3,
    0x98, 0x4, 0x8e, 0x51, 0x20, 0x1a, 0x20, 0x8e,
    0x40, 0x12, 0xb9, 0x44, 0x0, 0x35, 0xd9, 0x5c,
    0x80, 0x26, 0xa0, 0xf3,

    /* U+300B "》" */
    0x14, 0x5, 0x0, 0xe9, 0xd, 0x70, 0x8, 0x51,
    0xa6, 0x80, 0x34, 0x58, 0xa3, 0x0, 0x42, 0xeb,
    0x16, 0x1, 0xa2, 0x2, 0x8a, 0x1, 0x13, 0xa5,
    0xc0, 0x6, 0x98, 0x27, 0x40, 0x9, 0xdc, 0x2,
    0xe0, 0x17, 0xc1, 0xb9, 0x80, 0xd, 0xce, 0x20,
    0x1, 0x44, 0x9, 0xd0, 0x0, 0x4e, 0x91, 0x20,
    0x14, 0x49, 0x3a, 0x80, 0x9, 0xd6, 0xec, 0x1,
    0x1f, 0x85, 0x30, 0x4,

    /* U+3010 "【" */
    0x8f, 0xfb, 0x0, 0x31, 0x60, 0x6, 0x90, 0xc,
    0x68, 0x1, 0xa8, 0x3, 0x94, 0x3, 0x88, 0x3,
    0xfe, 0x20, 0xe, 0x50, 0xe, 0xa0, 0xe, 0x34,
    0x0, 0xe9, 0x0, 0xe2, 0xb0, 0x8f, 0xfa, 0xc0,

    /* U+3011 "】" */
    0x0, 0xfa, 0xff, 0xe8, 0xb, 0x20, 0xe, 0xe0,
    0xe, 0x33, 0x0, 0x75, 0x0, 0x72, 0x80, 0x71,
    0x0, 0x7f, 0xc4, 0x1, 0xc8, 0x1, 0xd6, 0x1,
    0x90, 0xc0, 0x34, 0x80, 0x6c, 0x20, 0x8,

    /* U+4E00 "一" */
    0x1f, 0xff, 0xfe, 0x14, 0xd, 0x57, 0xff, 0xa,
    0xc0,

    /* U+4E03 "七" */
    0x0, 0xcb, 0xc0, 0x1f, 0xfe, 0x81, 0x0, 0xfc,
    0x28, 0xd3, 0x7d, 0xc6, 0x2, 0x47, 0xa1, 0xfe,
    0xbb, 0x19, 0xaf, 0x1b, 0xb6, 0xec, 0x0, 0xbd,
    0xfd, 0xa8, 0x53, 0xd, 0xef, 0xca, 0x14, 0x20,
    0xf, 0x8c, 0x40, 0x3f, 0xfb, 0x89, 0xa0, 0x1f,
    0xfc, 0x12, 0x0, 0xf3, 0xb, 0x22, 0x75, 0xb8,
    0x7, 0x1b, 0x5d, 0x57, 0x35, 0x80,

    /* U+4E09 "三" */
    0xf, 0xff, 0xfe, 0x0, 0x2, 0xef, 0xff, 0x80,
    0x0, 0x44, 0xff, 0xe0, 0x0, 0x7f, 0xf4, 0xfb,
    0xbf, 0xac, 0x3, 0x5d, 0xff, 0x78, 0x6, 0x55,
    0xfe, 0x40, 0xf, 0xfe, 0x90, 0x8f, 0xff, 0xb,
    0xbb, 0xff, 0xa0,

    /* U+4E0A "上" */
    0x0, 0xf2, 0x78, 0x7, 0xff, 0xd0, 0xcf, 0xc0,
    0x1f, 0xec, 0xcf, 0x0, 0x7f, 0xbf, 0xfc, 0x1,
    0xff, 0xff, 0x0, 0xf8, 0xee, 0xfc, 0x17, 0x7f,
    0x8, 0x8c, 0xf9, 0xdc, 0x67, 0xf0, 0x80,

    /* U+4E0B "下" */
    0x4, 0x4f, 0xfe, 0x10, 0xd, 0xdf, 0xff, 0x8,
    0x87, 0xff, 0xc1, 0x5f, 0xfe, 0x20, 0xf, 0xfe,
    0x66, 0x8, 0x7, 0xff, 0x9, 0xb9, 0xc0, 0x3f,
    0xf8, 0x35, 0x49, 0xe5, 0x0, 0xff, 0xe0, 0x2f,
    0x35, 0x58, 0x80, 0x7f, 0xf0, 0x23, 0x8, 0x40,
    0x3f, 0xf8, 0x27, 0x20, 0x1f, 0xff, 0x60,

    /* U+4E0D "不" */
    0x3, 0x44, 0xff, 0xe0, 0x18, 0x3, 0x6e, 0xff,
    0xf8, 0x1c, 0x0, 0xef, 0xfe, 0xc0, 0x9f, 0xfd,
    0xa0, 0x1f, 0xb4, 0x18, 0x3, 0xff, 0x81, 0x62,
    0xa4, 0x20, 0x1f, 0xea, 0x52, 0x39, 0xf4, 0x0,
    0xf8, 0x71, 0x35, 0x82, 0xe2, 0xe4, 0x3, 0x93,
    0x7, 0xc, 0x2, 0x6c, 0x7c, 0x10, 0x1a, 0xb4,
    0xd2, 0x0, 0xe3, 0xf0, 0xf1, 0x11, 0xe4, 0x80,
    0x7e, 0x1c, 0xb1, 0x9, 0x30, 0xf, 0xf9, 0x40,
    0x3f, 0xfc, 0xa0,

    /* U+4E0E "与" */
    0x0, 0xff, 0xe3, 0xf2, 0x0, 0x7f, 0xf0, 0x4,
    0x63, 0x3f, 0xc0, 0x19, 0x2, 0xb3, 0x3f, 0x0,
    0x6d, 0x4f, 0xff, 0xe0, 0xc, 0x98, 0x1, 0xff,
    0xc1, 0x31, 0x33, 0xfe, 0x0, 0x8c, 0x27, 0x33,
    0xf8, 0xc0, 0x7, 0xff, 0xfd, 0xa0, 0x40, 0x1f,
    0xfc, 0x6, 0x1, 0x17, 0xff, 0xf6, 0x81, 0x10,
    0x7, 0x33, 0xfb, 0x83, 0xdc, 0x0, 0x67, 0xfe,
    0x4, 0xd0, 0xf, 0xe3, 0x22, 0x31, 0x28, 0x7,
    0xf6, 0xed, 0x30, 0x40, 0x1f, 0xdd, 0xff, 0x38,
    0x0,

    /* U+4E13 "专" */
    0x0, 0xf1, 0xc8, 0x7, 0xff, 0x6, 0xc8, 0x3,
    0xfa, 0xb7, 0x67, 0x4d, 0xde, 0xa0, 0xa, 0x66,
    0xb0, 0x99, 0xf8, 0x2, 0x34, 0x40, 0x1b, 0x22,
    0x71, 0x80, 0xee, 0xe9, 0x3d, 0xdf, 0xac, 0x62,
    0x2a, 0x8, 0x8f, 0xde, 0xa, 0xb0, 0x93, 0xaa,
    0xfc, 0x80, 0x1a, 0xb, 0x77, 0xbb, 0xd4, 0x3,
    0xaa, 0xe6, 0x78, 0x41, 0x40, 0x39, 0x13, 0x96,
    0xf, 0xc0, 0x3c, 0xd2, 0x60, 0x3a, 0x18, 0x1,
    0xf2, 0x8e, 0xf7, 0xb, 0x0, 0x3f, 0x1c, 0x75,
    0x10, 0xd9, 0x80, 0x7f, 0x93, 0x74, 0x30, 0x1,
    0xff, 0xc0, 0x2a, 0xb0, 0x8,

    /* U+4E1A "业" */
    0x0, 0xcb, 0xc0, 0x4, 0xe0, 0xf, 0xfe, 0xb9,
    0x30, 0x7, 0xfc, 0x80, 0x9, 0x20, 0xf, 0xe6,
    0x90, 0x24, 0xb0, 0xf, 0xeb, 0xb0, 0x3, 0xd8,
    0x3, 0xf2, 0x9b, 0x0, 0x10, 0x58, 0x3, 0xe8,
    0x80, 0x6, 0x6a, 0x0, 0xf3, 0x3, 0x0, 0x69,
    0xc0, 0xf, 0x37, 0x80, 0x70, 0x80, 0x7e, 0x20,
    0xf, 0xfe, 0x34, 0xdd, 0xd4, 0x37, 0x70, 0xdd,
    0xe5, 0xfc, 0xca, 0x21, 0x98, 0x88, 0x66, 0x66,

    /* U+4E2A "个" */
    0x0, 0xf9, 0x18, 0x3, 0xff, 0x82, 0x37, 0x20,
    0x1f, 0xfc, 0x1d, 0x10, 0x70, 0xf, 0xf1, 0x68,
    0x75, 0xc4, 0x0, 0x3f, 0x1e, 0x36, 0x2, 0x5b,
    0x58, 0x80, 0x74, 0x62, 0x58, 0x6b, 0x26, 0x37,
    0xa8, 0x1, 0x39, 0xaa, 0x80, 0x1c, 0x5a, 0xf5,
    0x82, 0x8d, 0xea, 0x1, 0xfa, 0x72, 0x84, 0x20,
    0x40, 0x3f, 0xc6, 0xc0, 0x1f, 0xff, 0xf0, 0xf,
    0xfe, 0x50,

    /* U+4E2D "中" */
    0x0, 0xf7, 0x30, 0x7, 0xff, 0x20, 0x95, 0x78,
    0x75, 0x57, 0x89, 0x6a, 0x23, 0x2, 0x44, 0x6a,
    0x50, 0x4d, 0xdc, 0x33, 0xbb, 0x8c, 0x3, 0xff,
    0xa4, 0xc4, 0x58, 0x78, 0x8b, 0x18, 0x0, 0xb7,
    0x70, 0x3e, 0xee, 0x0, 0x8f, 0xff, 0xc, 0xff,
    0xe3, 0x17, 0xc0, 0xf, 0xf6, 0x30, 0x7, 0xff,
    0x78,

    /* U+4E3A "为" */
    0x0, 0x38, 0x81, 0xf8, 0x7, 0xf7, 0x68, 0x7,
    0xff, 0x2, 0x45, 0x0, 0x3f, 0x89, 0x55, 0x63,
    0x20, 0xab, 0xd0, 0x69, 0x10, 0xb8, 0x50, 0x88,
    0xe7, 0xa6, 0xdd, 0xce, 0x9b, 0xbc, 0xa2, 0x1,
    0xc8, 0x60, 0x20, 0x10, 0x80, 0x70, 0x9d, 0xbe,
    0x0, 0x4f, 0xe0, 0x1a, 0x48, 0xdd, 0xa8, 0x0,
    0x22, 0x0, 0x89, 0xe0, 0x1, 0x4a, 0x60, 0x46,
    0x1, 0x7a, 0x28, 0x0, 0x78, 0xc0, 0xc, 0x3,
    0x81, 0x40, 0x18, 0x40, 0xc0, 0x8f, 0x7, 0x4,
    0x2, 0x23, 0x35, 0x8, 0x95, 0x34, 0x40, 0x32,
    0xe6, 0x1e, 0xc1, 0xa4, 0x3, 0xcf, 0xfe, 0xe5,
    0x0,

    /* U+4E3B "主" */
    0x0, 0xf1, 0x0, 0x7f, 0xf0, 0xbf, 0x4, 0x3,
    0xff, 0x81, 0xaf, 0x84, 0x1, 0xe2, 0x33, 0xef,
    0x3a, 0x33, 0xc0, 0xa, 0xdd, 0xeb, 0x16, 0xdd,
    0xc4, 0x11, 0xdd, 0xc3, 0x3d, 0xdc, 0x40, 0x1f,
    0xfd, 0x44, 0x55, 0xc3, 0x4a, 0xb8, 0x80, 0x2e,
    0x88, 0xc0, 0x71, 0x19, 0x0, 0x2a, 0xdd, 0xc3,
    0x3b, 0xb9, 0x80, 0x3f, 0xfa, 0x67, 0x33, 0xe1,
    0x99, 0xf8, 0x40, 0x3c, 0xcc, 0x0, 0xe1,

    /* U+4E48 "么" */
    0x0, 0xf8, 0x40, 0x3f, 0xf8, 0x4d, 0xc2, 0x1,
    0xff, 0xc0, 0x29, 0x90, 0x80, 0x7f, 0xc3, 0xea,
    0xc0, 0x1f, 0xfc, 0xd, 0x6a, 0x0, 0xb1, 0xc0,
    0x3e, 0xc0, 0xb0, 0xa, 0x49, 0x80, 0x38, 0xb4,
    0x34, 0x2, 0x66, 0x50, 0x80, 0x74, 0xb6, 0x8,
    0x1, 0x26, 0x48, 0x1, 0xeb, 0xb0, 0x4, 0x54,
    0xcc, 0x1, 0x0, 0xfe, 0x1c, 0x49, 0x9, 0xd0,
    0xf, 0xc3, 0x89, 0x40, 0x9, 0x19, 0x0, 0xf1,
    0x7b, 0xd0, 0x6, 0xe6, 0x40, 0xc, 0x9a, 0xb0,
    0x8a, 0xcf, 0x32, 0xb, 0x10, 0x1, 0x58, 0x26,
    0xdc, 0x56, 0x1, 0x40, 0x40, 0x0, 0xa7, 0x3b,
    0xfd, 0xb9, 0x73, 0xf, 0x4a, 0x1, 0x31, 0x88,
    0x7, 0xe5, 0xc0,

    /* U+4E4E "乎" */
    0x0, 0xff, 0xe3, 0x9, 0x22, 0xbc, 0xde, 0xfc,
    0x80, 0x5b, 0xfd, 0xb5, 0x48, 0xc, 0x8d, 0x90,
    0xb, 0x2f, 0xfd, 0xd4, 0x32, 0xea, 0xca, 0x1,
    0xd, 0x20, 0x7, 0xd3, 0xa0, 0x1a, 0x60, 0x3,
    0xc8, 0x52, 0x1, 0x98, 0xcc, 0x1, 0xd1, 0x1,
    0x0, 0xc3, 0x66, 0x1, 0xd0, 0xe0, 0x17, 0xfd,
    0x7f, 0xea, 0x1f, 0xf5, 0xff, 0xc9, 0x77, 0xe5,
    0xb, 0xbf, 0x2a, 0x27, 0xbc, 0x51, 0x3c, 0x20,
    0x1f, 0xfd, 0x52, 0x2b, 0x40, 0x3f, 0xe5, 0xdd,
    0x34, 0x80, 0x7f, 0x9f, 0xfd, 0xce, 0x1, 0xf0,

    /* U+4E58 "乘" */
    0x0, 0xe1, 0x23, 0x56, 0x8a, 0xc0, 0xc, 0x3d,
    0xfe, 0xed, 0xd4, 0x69, 0x12, 0x84, 0x2, 0x1f,
    0xef, 0xf8, 0x22, 0xea, 0x18, 0x40, 0x21, 0x0,
    0x8, 0xe3, 0x11, 0xe0, 0x1, 0xf7, 0x78, 0x27,
    0xbb, 0xa8, 0xf, 0xfe, 0xcd, 0xf0, 0xaf, 0xae,
    0xff, 0x50, 0x0, 0x8c, 0xdc, 0xa0, 0x20, 0xa,
    0x24, 0x70, 0xa, 0xff, 0xc4, 0x1, 0xec, 0x81,
    0x0, 0xa7, 0x30, 0xa0, 0x1, 0x30, 0x5, 0x63,
    0x0, 0x5, 0x62, 0x94, 0x18, 0x24, 0x4, 0x66,
    0xa0, 0x7, 0xfb, 0x97, 0x20, 0x6, 0x92, 0xfa,
    0x3c, 0x6, 0x9d, 0x35, 0x70, 0x6c, 0x1b, 0xbf,
    0x94, 0x2, 0x4c, 0xbf, 0x20, 0x5, 0x27, 0xb8,
    0x4, 0x9b, 0x54, 0xc1, 0x0, 0xd1, 0xb7, 0xd0,
    0xb, 0x1c, 0xc0, 0x1f, 0x1e, 0x6e, 0x0,

    /* U+4E5D "九" */
    0x0, 0xe5, 0xe0, 0xf, 0xfe, 0x11, 0x80, 0x7f,
    0xf3, 0xcd, 0x12, 0xd1, 0x44, 0x9c, 0x80, 0x3a,
    0x6e, 0xe4, 0xb, 0xba, 0x28, 0x3, 0xab, 0xfe,
    0x65, 0xff, 0x90, 0x3, 0xfc, 0x66, 0x0, 0xff,
    0xe1, 0x27, 0x80, 0x7f, 0xf0, 0x48, 0x50, 0x3,
    0xff, 0x83, 0x66, 0x40, 0x1f, 0xfc, 0x2, 0x69,
    0x0, 0xfc, 0x22, 0x0, 0xf, 0xa2, 0x80, 0x7e,
    0x7d, 0x4, 0xf1, 0xa0, 0xf, 0x11, 0x58, 0xc5,
    0x6f, 0x82, 0x1, 0xdc, 0xbb, 0xa4, 0x92, 0xe9,
    0x0, 0xf9, 0x7f, 0xee, 0x30,

    /* U+4E5F "也" */
    0x0, 0xfd, 0xc8, 0x1, 0xfc, 0xb8, 0x1, 0xff,
    0xc3, 0x10, 0xf, 0x8e, 0xc4, 0x3, 0xf8, 0x76,
    0xbb, 0x50, 0xc0, 0x3c, 0x4f, 0x60, 0xdb, 0x9c,
    0x1, 0xc9, 0x65, 0xbb, 0x5, 0xb9, 0x8, 0x18,
    0x17, 0xc8, 0x3, 0xe9, 0x84, 0x3, 0x84, 0xb,
    0x75, 0x64, 0x1, 0xf1, 0x8, 0x4, 0x40, 0x1f,
    0x8c, 0xd2, 0x80, 0x1f, 0xfc, 0xb, 0xe1, 0x80,
    0xf, 0xfe, 0x4, 0x6d, 0x94, 0x10, 0x7, 0xed,
    0x50, 0xc, 0xce, 0x1, 0x31, 0x20, 0x88, 0x80,
    0x46, 0x61, 0x40, 0x8, 0xda, 0xbb, 0xbe, 0x89,
    0x10,

    /* U+4E60 "习" */
    0x2, 0x2f, 0xf8, 0xc0, 0x19, 0xbb, 0xfe, 0xc5,
    0xe, 0xff, 0xff, 0x10, 0x6, 0x72, 0x0, 0xff,
    0xe0, 0xeb, 0x80, 0x78, 0xc0, 0x33, 0xe4, 0xd8,
    0x80, 0x70, 0x80, 0x63, 0xf7, 0xb0, 0xc, 0x20,
    0x1e, 0x1c, 0xb0, 0x11, 0x0, 0x1c, 0x3, 0xc2,
    0xf7, 0xcc, 0x1, 0xe1, 0x6b, 0xeb, 0xcd, 0x70,
    0x0, 0x83, 0xe7, 0x59, 0xee, 0x9c, 0x80, 0x80,
    0xc2, 0xd3, 0x36, 0x8, 0x3, 0x30, 0x8, 0x64,
    0x18, 0x6, 0x11, 0xb4, 0x80, 0x3f, 0xa7, 0xb8,
    0xf2, 0x1, 0xfd, 0x1f, 0xee, 0x40,

    /* U+4E66 "书" */
    0x0, 0xf2, 0x70, 0x4, 0x2e, 0x20, 0x1f, 0xfc,
    0x11, 0xff, 0x38, 0x5, 0xbb, 0xac, 0x77, 0x72,
    0x6e, 0x80, 0x29, 0x88, 0x98, 0x22, 0x2a, 0x23,
    0xa0, 0x9, 0x15, 0x6d, 0x15, 0x58, 0xc0, 0x3f,
    0xf9, 0x22, 0x3c, 0x42, 0x3f, 0x10, 0x3, 0xbb,
    0xa4, 0x3b, 0xaa, 0xe, 0xd1, 0xf, 0xfe, 0xa0,
    0xff, 0xec, 0x1, 0x0, 0xf0, 0x88, 0x3, 0x9c,
    0x40, 0x3f, 0xf8, 0x44, 0x40, 0xf, 0xf8, 0xcc,
    0x54, 0xa0, 0x1f, 0xf5, 0xee, 0x5, 0x80, 0x7f,
    0xd1, 0xdc, 0xc2, 0x0,

    /* U+4E86 "了" */
    0x3, 0x3f, 0xfe, 0x0, 0x1e, 0x67, 0xff, 0x0,
    0xcd, 0xff, 0xfd, 0x1, 0x26, 0x1, 0xf8, 0x6a,
    0x6d, 0x80, 0x3f, 0x37, 0x8f, 0xa0, 0x7, 0xe6,
    0x9a, 0xb1, 0x0, 0xfe, 0x31, 0x40, 0xf, 0xff,
    0xf8, 0x4, 0x24, 0x4d, 0x0, 0xff, 0x3e, 0xe9,
    0x98, 0x1, 0xfc, 0xdf, 0xee, 0x80, 0xf, 0x0,

    /* U+4E8B "事" */
    0x0, 0xfb, 0x98, 0x3, 0xe1, 0xff, 0xf0, 0xcf,
    0xff, 0x58, 0xf, 0xff, 0x8a, 0xbf, 0xfa, 0xc0,
    0x23, 0xfd, 0xd8, 0xab, 0x76, 0xf4, 0x0, 0xe1,
    0xdd, 0x86, 0x77, 0x61, 0x0, 0xf1, 0xee, 0xc3,
    0x3b, 0xb1, 0xb8, 0x6, 0x3d, 0xdc, 0x33, 0xbb,
    0x8c, 0x3, 0x66, 0xee, 0x19, 0xdd, 0xbe, 0x0,
    0x36, 0x6e, 0xe1, 0x9d, 0xd9, 0x4, 0x0, 0xdd,
    0xde, 0x19, 0xee, 0x91, 0xb8, 0x5b, 0xbb, 0xc5,
    0x5d, 0xd2, 0xbf, 0x8, 0x3, 0xff, 0x8a, 0xbf,
    0xe5, 0x0, 0xef, 0xfe, 0x1a, 0xff, 0xa7, 0x40,
    0x3c, 0x3f, 0xe3, 0x70, 0x9, 0x94, 0x3, 0xc3,
    0xfe, 0xd2, 0x0, 0xf8,

    /* U+4E8C "二" */
    0x0, 0x9, 0x17, 0xf8, 0x40, 0x36, 0xef, 0xff,
    0x0, 0x3, 0x6e, 0xff, 0xf0, 0x0, 0x30, 0x91,
    0x7f, 0x84, 0x3, 0xff, 0xfe, 0x1, 0xff, 0xcc,
    0x77, 0xff, 0xe1, 0x0, 0xcc, 0xff, 0xf0, 0x84,

    /* U+4E8E "于" */
    0x4, 0x4f, 0xfe, 0x0, 0x5, 0x15, 0x5a, 0xed,
    0x55, 0xc4, 0x0, 0xce, 0xed, 0x43, 0xdd, 0xc4,
    0x1, 0xff, 0xd4, 0x11, 0xe3, 0x11, 0xf8, 0x3f,
    0xbb, 0xa4, 0x3b, 0xbc, 0x9b, 0xbe, 0x80, 0xdd,
    0xf2, 0x11, 0x7c, 0x24, 0x5e, 0x0, 0xff, 0xf2,
    0x91, 0x9b, 0x40, 0x3f, 0xe4, 0xcc, 0x34, 0x80,
    0x7f, 0x9b, 0xfd, 0xce, 0x1, 0xf0,

    /* U+4E91 "云" */
    0x0, 0x88, 0xbf, 0xc2, 0x1, 0x97, 0x77, 0xfc,
    0xc0, 0x19, 0x7b, 0xbf, 0xce, 0x1, 0xc2, 0x3f,
    0xe0, 0xf, 0xfe, 0x38, 0xee, 0xf7, 0xfb, 0x77,
    0xe1, 0x14, 0x46, 0x40, 0x38, 0x8f, 0x84, 0x15,
    0x71, 0x13, 0x15, 0x7e, 0x0, 0xe5, 0x49, 0x0,
    0xb6, 0x0, 0x3f, 0x5a, 0xa0, 0x5, 0x2e, 0x80,
    0x1e, 0xa0, 0xb0, 0xc, 0x8d, 0x40, 0x1c, 0xeb,
    0x64, 0x8c, 0xf1, 0x24, 0x32, 0x1, 0xc, 0x5,
    0x65, 0xdc, 0x40, 0x68, 0xc6, 0x0, 0x19, 0xce,
    0xff, 0x6e, 0x54, 0xc5, 0xa2, 0x0, 0x26, 0x31,
    0x0, 0xfd, 0x6e, 0x0,

    /* U+4E92 "互" */
    0xa, 0xff, 0xff, 0xe0, 0x58, 0x3, 0x15, 0x46,
    0x8, 0xab, 0xf6, 0x0, 0x1a, 0xa9, 0x21, 0x75,
    0x5f, 0x38, 0x7, 0x11, 0x80, 0x7f, 0xf0, 0xac,
    0xff, 0xfc, 0x80, 0x1f, 0x13, 0x6e, 0xec, 0x7,
    0x0, 0xf0, 0x8a, 0x88, 0xb0, 0x81, 0x0, 0x79,
    0x40, 0xc0, 0x30, 0x80, 0x80, 0x7b, 0x0, 0x8b,
    0xac, 0x40, 0x3e, 0x30, 0xdd, 0xe7, 0x20, 0xf,
    0xaf, 0xff, 0xca, 0xa0, 0xf, 0xfe, 0x13, 0x70,
    0x7, 0x22, 0x7f, 0x1f, 0x22, 0x40, 0x55, 0x5f,
    0xc0, 0xd5, 0x51, 0x80,

    /* U+4E94 "五" */
    0x0, 0x8, 0xff, 0xf0, 0x0, 0x21, 0xee, 0xff,
    0xe0, 0x0, 0x43, 0xdd, 0x94, 0xbb, 0xbc, 0x1,
    0x84, 0x79, 0x4, 0x7c, 0x1, 0xf9, 0xb8, 0x3,
    0xfe, 0x33, 0x8b, 0xcc, 0xe5, 0x10, 0xe, 0x3c,
    0xc8, 0x1f, 0x32, 0xa7, 0x0, 0xe3, 0xff, 0x58,
    0x7f, 0xe1, 0x30, 0xf, 0xc6, 0x60, 0xc, 0x2c,
    0x1, 0xfb, 0x54, 0x2, 0x10, 0x10, 0xf, 0xcf,
    0xc0, 0x11, 0x1, 0x0, 0x7e, 0x23, 0x0, 0x9c,
    0x3, 0x87, 0x32, 0xf0, 0x9c, 0xca, 0xc3, 0x32,
    0x11, 0x55, 0x53, 0x2b, 0xaa, 0xa6, 0x55, 0x50,
    0x80,

    /* U+4E9B "些" */
    0x0, 0xd6, 0xe0, 0x3, 0xf0, 0xf, 0x8e, 0xc0,
    0x3f, 0xc, 0x71, 0x0, 0x1d, 0x81, 0x63, 0xb4,
    0x1, 0x5c, 0x96, 0x40, 0x1c, 0x4b, 0xbe, 0x0,
    0x2d, 0xc5, 0x0, 0xf3, 0xe9, 0x90, 0x2, 0x8,
    0x0, 0xa0, 0x1f, 0xfc, 0x3b, 0x30, 0x1, 0x99,
    0x26, 0x28, 0x0, 0x89, 0x28, 0x92, 0x58, 0xe0,
    0x11, 0x46, 0xb5, 0x54, 0x38, 0xa6, 0xf7, 0xfb,
    0x2a, 0x2, 0xbb, 0xad, 0x80, 0x1, 0x2f, 0xff,
    0xf9, 0xc0, 0x32, 0xe6, 0x7f, 0x98, 0x3, 0x9,
    0x9f, 0xf8, 0x40, 0x22, 0x2f, 0xfe, 0x10, 0xe,
    0xef, 0xff, 0x8, 0x80,

    /* U+4EA4 "交" */
    0x0, 0xf0, 0xb8, 0x7, 0xff, 0x8, 0x69, 0xc0,
    0x3f, 0x19, 0xf9, 0x28, 0xcf, 0xc0, 0xd, 0xcc,
    0xe6, 0x2c, 0xce, 0xe0, 0x7, 0x7f, 0xba, 0x7f,
    0xf5, 0xef, 0xfb, 0x40, 0x30, 0xe6, 0x0, 0x36,
    0xe9, 0x40, 0x38, 0xfd, 0xa8, 0x3, 0x4d, 0x52,
    0x0, 0x27, 0xc6, 0x98, 0x0, 0xd2, 0x38, 0xf2,
    0x0, 0x5b, 0x82, 0x64, 0x0, 0x1b, 0x30, 0xf3,
    0x40, 0x4, 0x80, 0x8, 0x90, 0x7, 0xb1, 0x1,
    0xa0, 0x7, 0x99, 0x97, 0x43, 0x20, 0x1f, 0xf4,
    0xa2, 0xf0, 0x7, 0xfc, 0xd8, 0x66, 0xc7, 0x0,
    0xf8, 0xe3, 0xae, 0xd9, 0x8a, 0xa7, 0xca, 0x88,
    0x3, 0x70, 0xef, 0x54, 0x0, 0xbb, 0x67, 0x7e,
    0x21, 0xfe, 0xb5, 0x0, 0xf2, 0x57, 0x78, 0x80,

    /* U+4EA8 "亨" */
    0x0, 0xf9, 0x84, 0x3, 0xff, 0x85, 0x50, 0x1,
    0xf0, 0xff, 0xf8, 0xdb, 0xff, 0xc2, 0x2e, 0xef,
    0xfe, 0x10, 0x80, 0x8a, 0xff, 0xff, 0x68, 0x88,
    0x3, 0xc, 0xf7, 0x7a, 0xc8, 0x3, 0xef, 0x22,
    0xf1, 0x80, 0x7c, 0x66, 0x99, 0xf6, 0xa0, 0x6,
    0x12, 0xa9, 0x9f, 0xe1, 0x0, 0x9f, 0x33, 0xfb,
    0x73, 0x40, 0x26, 0xee, 0xf6, 0xb1, 0xa5, 0x60,
    0x7, 0xf5, 0x67, 0x65, 0xa8, 0x7, 0xf8, 0x91,
    0x84, 0x3, 0xff, 0x80, 0x20, 0x1f, 0xfc, 0x8,
    0xff, 0x3e, 0x80, 0x7f, 0xd1, 0xfe, 0xe6, 0x0,
    0xf8,

    /* U+4EAE "亮" */
    0x0, 0xf9, 0x88, 0x3, 0xff, 0x85, 0xf2, 0x1,
    0xfb, 0xff, 0xcc, 0x9f, 0xfe, 0x0, 0x77, 0x7f,
    0xf0, 0x80, 0x2, 0x2d, 0xfc, 0xcf, 0x7f, 0x84,
    0x40, 0x1d, 0x1b, 0xbe, 0xb0, 0xf, 0xd1, 0xdd,
    0xeb, 0x0, 0xfb, 0x3b, 0xbf, 0x80, 0x36, 0x7f,
    0xff, 0xf0, 0x30, 0x2, 0x9f, 0xff, 0xf4, 0x0,
    0x4a, 0x40, 0x5f, 0xfe, 0x10, 0x25, 0x0, 0x4a,
    0x3, 0x87, 0x75, 0x80, 0x12, 0xc8, 0x7, 0x72,
    0x88, 0xe0, 0x8, 0x60, 0x2, 0x19, 0x48, 0x0,
    0xe2, 0x15, 0x60, 0x5, 0xf1, 0xe9, 0x0, 0x44,
    0x79, 0xd6, 0xc0, 0xa, 0xfa, 0x20, 0xe, 0xcf,
    0xfa, 0x0,

    /* U+4EB2 "亲" */
    0x0, 0xf0, 0x80, 0x7f, 0xf0, 0x7, 0x90, 0x3,
    0xe3, 0x44, 0x94, 0x6d, 0x13, 0x80, 0x11, 0x1c,
    0x3, 0x11, 0xc0, 0xb, 0xc0, 0xac, 0xee, 0x62,
    0x36, 0x60, 0x3, 0x44, 0x0, 0x21, 0x79, 0x0,
    0xa6, 0xed, 0xe3, 0x77, 0x70, 0x45, 0xda, 0x73,
    0x76, 0x9d, 0x55, 0x4c, 0xb7, 0x6c, 0x56, 0x6e,
    0x74, 0x66, 0xe5, 0x8f, 0xfe, 0x65, 0xff, 0xe9,
    0x8e, 0xe5, 0x6f, 0x22, 0x3b, 0x6f, 0xb9, 0x0,
    0x2b, 0x40, 0x24, 0x22, 0x4b, 0x51, 0x10, 0x1d,
    0xd1, 0x0, 0x66, 0x9b, 0x40, 0x3c, 0x95, 0x11,
    0x19, 0x80, 0xd, 0x14, 0x27, 0x8c, 0x11, 0xc9,
    0x80, 0x13, 0xe0, 0x81, 0x80, 0x27, 0xf9, 0x40,
    0x31, 0x0,

    /* U+4EBA "人" */
    0x0, 0xfa, 0xe4, 0x3, 0xff, 0x84, 0xe2, 0x1,
    0xff, 0xc2, 0x37, 0x0, 0xff, 0xe8, 0x88, 0x7,
    0xff, 0xd, 0x0, 0x4, 0x1, 0xff, 0xc0, 0xc3,
    0x45, 0x0, 0xff, 0xe0, 0x3d, 0xed, 0x0, 0x7f,
    0xca, 0x2c, 0xe4, 0x80, 0x1f, 0xe8, 0x61, 0x13,
    0xc8, 0x7, 0xf4, 0x14, 0x0, 0x24, 0xe4, 0x3,
    0xe6, 0x7a, 0x10, 0x0, 0xd3, 0x38, 0x7, 0x44,
    0xc2, 0x80, 0x64, 0xa8, 0xa0, 0x0, 0xeb, 0xd3,
    0x80, 0x79, 0x6d, 0x38, 0x45, 0x1c, 0xa0, 0x1f,
    0x93, 0xac, 0x40,

    /* U+4EC0 "什" */
    0x0, 0xff, 0xe4, 0x54, 0x0, 0x49, 0xe0, 0x1f,
    0x89, 0x68, 0x3, 0xff, 0x83, 0x8, 0x40, 0x1f,
    0xfc, 0x4, 0x5e, 0x0, 0xff, 0xe0, 0xd, 0x3,
    0x0, 0x7f, 0xc3, 0x84, 0x0, 0xbf, 0xfa, 0xc3,
    0xff, 0x21, 0x86, 0x80, 0x27, 0x32, 0x70, 0xcc,
    0xca, 0x5a, 0x20, 0x2, 0x33, 0xb0, 0xc, 0xf0,
    0x80, 0x7f, 0xff, 0xc0, 0x3f, 0xf9, 0x9e, 0x60,
    0x19, 0x3c, 0x3, 0x80,

    /* U+4ECA "今" */
    0x0, 0xf8, 0x44, 0x1, 0xff, 0xc2, 0xce, 0x0,
    0xff, 0xe0, 0xc9, 0x4, 0x80, 0x7f, 0xd4, 0xd9,
    0xaf, 0x40, 0x1f, 0x87, 0x13, 0x4c, 0xbd, 0xf4,
    0xc0, 0x39, 0xbc, 0x3d, 0x2c, 0x45, 0xaf, 0x90,
    0x0, 0x2d, 0x99, 0x60, 0xb0, 0xe1, 0x5, 0x51,
    0xb8, 0x89, 0x5c, 0xe0, 0x15, 0x26, 0x0, 0x17,
    0xec, 0x81, 0xcd, 0x57, 0xb2, 0x55, 0x4c, 0xa,
    0x1, 0x3c, 0x47, 0xaa, 0x2a, 0x5c, 0x3, 0x2e,
    0xef, 0xd8, 0x4a, 0xc0, 0x1f, 0xfc, 0xa, 0xa,
    0x0, 0xff, 0xe0, 0x42, 0xf8, 0x7, 0xff, 0x1,
    0x9e, 0x88, 0x3, 0xfe, 0x39, 0x84, 0x0, 0xff,
    0xe0, 0x15, 0x38, 0x7, 0x80,

    /* U+4EE5 "以" */
    0x0, 0xff, 0xe2, 0x13, 0x0, 0x7e, 0xc7, 0x0,
    0x9e, 0x0, 0x15, 0x20, 0x18, 0x44, 0x1, 0xf4,
    0x32, 0x0, 0x44, 0x60, 0x1f, 0x14, 0x50, 0x6,
    0x60, 0xf, 0xce, 0x6a, 0x6, 0x4, 0x1, 0xfd,
    0xaa, 0xa, 0x22, 0x0, 0xff, 0xe0, 0x7a, 0x0,
    0x7f, 0xf0, 0x5f, 0x0, 0x3f, 0xa, 0x80, 0x14,
    0x58, 0x3, 0xc5, 0x3d, 0xe0, 0xa, 0x3, 0x0,
    0xde, 0x3a, 0x59, 0x41, 0x22, 0xf8, 0x60, 0x1,
    0x50, 0xcb, 0x30, 0x96, 0xd8, 0x7d, 0x20, 0x1b,
    0xf3, 0x5, 0xd7, 0xc3, 0x8, 0x4c, 0x10, 0x40,
    0x0, 0xdb, 0xf9, 0x80, 0x54, 0xa4, 0x1, 0x87,
    0xa8, 0x40, 0x3a, 0xcc,

    /* U+4EF6 "件" */
    0x0, 0xff, 0xe4, 0x6a, 0x82, 0x81, 0xf8, 0x7,
    0xe5, 0x35, 0x3a, 0x0, 0xff, 0xa1, 0x81, 0x44,
    0x94, 0x8, 0xa1, 0x0, 0x9c, 0xa0, 0x28, 0x76,
    0x43, 0x76, 0xb0, 0x0, 0xc0, 0x0, 0x8f, 0xbe,
    0xc3, 0xfe, 0xa0, 0x6, 0x80, 0x50, 0xa2, 0xe,
    0x1, 0xe2, 0x25, 0x0, 0x26, 0x0, 0x3f, 0x8b,
    0xd8, 0x2, 0x13, 0x32, 0x1, 0x9e, 0x10, 0x10,
    0xb, 0xf3, 0x28, 0xc, 0xcc, 0x80, 0x1d, 0x9f,
    0xf6, 0x7, 0xfe, 0x50, 0xf, 0xff, 0x38, 0x80,
    0x7f, 0xf0, 0x0,

    /* U+4EFB "任" */
    0x0, 0xc6, 0xc0, 0x1f, 0x10, 0x7, 0xbf, 0xc0,
    0x11, 0x2c, 0xee, 0x9c, 0x3, 0x21, 0xe5, 0x67,
    0xed, 0x5, 0xeb, 0x80, 0x6b, 0x54, 0xc8, 0xeb,
    0x19, 0x62, 0x0, 0xd2, 0x12, 0x2c, 0x82, 0x1,
    0xf9, 0x58, 0x4, 0x3, 0xfe, 0x4a, 0x60, 0xf,
    0xfe, 0x12, 0xc8, 0xe, 0xee, 0xb1, 0xdd, 0xca,
    0x94, 0x0, 0x18, 0x8c, 0xa1, 0x11, 0x9c, 0x3,
    0x95, 0x77, 0xa, 0xae, 0x20, 0xf, 0xff, 0x49,
    0xc4, 0x5e, 0x31, 0x18, 0x40, 0x39, 0xc8, 0xa1,
    0x52, 0x2c, 0x60,

    /* U+4F11 "休" */
    0x0, 0xff, 0xe4, 0x63, 0x80, 0x5a, 0xc0, 0x1f,
    0x8c, 0xcc, 0x1, 0xff, 0xc1, 0xf6, 0x10, 0xf,
    0xfe, 0x3, 0x1e, 0x99, 0xe2, 0xf3, 0x3c, 0x0,
    0x29, 0x3, 0xcc, 0xc0, 0xd9, 0x98, 0xb, 0x10,
    0x17, 0xfe, 0x40, 0x5, 0x7f, 0xc0, 0xa5, 0x40,
    0x18, 0x94, 0x92, 0x0, 0x33, 0xe8, 0x7, 0x4b,
    0x6, 0x8b, 0x0, 0x61, 0x0, 0xca, 0xd0, 0x0,
    0x88, 0x10, 0x7, 0xc3, 0x72, 0x1, 0x23, 0xf0,
    0x7, 0x87, 0x19, 0x0, 0x34, 0x8d, 0x80, 0x75,
    0x3c, 0x0, 0x7b, 0x1c, 0x80, 0x35, 0xd0, 0x7,
    0xc3, 0x84, 0x0, 0x10, 0x30, 0xf, 0xf8,

    /* U+4F1A "会" */
    0x0, 0xfc, 0x20, 0x1f, 0xfc, 0x25, 0xe2, 0x0,
    0xff, 0xe0, 0x1d, 0x5, 0x0, 0x7f, 0xcd, 0x91,
    0xcb, 0x62, 0x1, 0xf0, 0xd4, 0xd3, 0x8e, 0x8f,
    0xb0, 0x6, 0x18, 0xe4, 0x91, 0x44, 0xb9, 0xe7,
    0x58, 0x1, 0xad, 0x32, 0xb9, 0x9e, 0x4d, 0x58,
    0x40, 0xde, 0x67, 0xdd, 0xf8, 0xa3, 0x90, 0x0,
    0x67, 0xff, 0xc1, 0x0, 0x26, 0x67, 0xff, 0x3,
    0x80, 0xb, 0xff, 0x60, 0x4f, 0xfb, 0x7b, 0xfd,
    0xa0, 0x1c, 0x3a, 0xcc, 0x0, 0x5e, 0x8, 0x7,
    0x87, 0x12, 0x40, 0x29, 0x4c, 0x10, 0xc, 0x7c,
    0x5b, 0x15, 0x79, 0xac, 0x5e, 0x1, 0xa0, 0xb,
    0x8, 0x99, 0x32, 0xcc, 0x3, 0x80, 0x57, 0xfb,
    0x75, 0xe, 0xa8, 0x66, 0xc7, 0x0,

    /* U+4F34 "伴" */
    0x0, 0xff, 0xe4, 0x5c, 0x18, 0x1, 0x74, 0x0,
    0x66, 0x0, 0xc6, 0x95, 0xcc, 0x1, 0xdf, 0x60,
    0x1b, 0xd8, 0xae, 0xc0, 0x18, 0xcd, 0x20, 0x14,
    0x1c, 0x3, 0x11, 0x80, 0x50, 0xe2, 0x0, 0x37,
    0x1, 0x2, 0xa1, 0xd2, 0x27, 0x59, 0x1, 0x69,
    0x0, 0x13, 0x6b, 0x5c, 0x36, 0xb3, 0x0, 0x8b,
    0xc0, 0x4, 0xff, 0xa8, 0xbf, 0xee, 0x6, 0xb0,
    0xf, 0xfe, 0x39, 0x16, 0xd2, 0x2e, 0x10, 0xe,
    0xdd, 0xce, 0x1b, 0xba, 0x0, 0x3b, 0xff, 0x51,
    0x7f, 0xe9, 0x0, 0xff, 0xeb, 0x88, 0x7, 0xff,
    0x0,

    /* U+4F3C "似" */
    0x0, 0x88, 0x40, 0x3f, 0xf8, 0x5c, 0xc2, 0xa0,
    0x1c, 0xd8, 0x1, 0x88, 0xd8, 0xac, 0x34, 0x40,
    0x2, 0xe0, 0x1a, 0x8, 0x40, 0x27, 0x90, 0x7,
    0x88, 0x4, 0x4a, 0xa0, 0xd, 0x2c, 0x0, 0x13,
    0x0, 0xb8, 0x34, 0x3, 0x19, 0x94, 0xb, 0x80,
    0x10, 0x44, 0x0, 0xf2, 0xf8, 0x31, 0x0, 0xa,
    0x84, 0x3, 0xd3, 0x40, 0x4c, 0x0, 0xa4, 0x0,
    0xf8, 0x40, 0xc0, 0xc0, 0x3f, 0xe6, 0xb, 0x7,
    0x0, 0xfe, 0x2c, 0xa0, 0x53, 0x90, 0xf, 0x98,
    0x76, 0xf1, 0x8f, 0x41, 0x80, 0x3d, 0x41, 0x8e,
    0x51, 0x23, 0x36, 0x1, 0xec, 0xe3, 0x2f, 0x57,
    0x6, 0x23, 0x0, 0xe3, 0x10, 0x17, 0xb0, 0x0,
    0xd9, 0x80,

    /* U+4F4F "住" */
    0x0, 0xc4, 0x20, 0x12, 0x80, 0x7f, 0xbe, 0x40,
    0x28, 0x80, 0x7, 0xe4, 0x29, 0x0, 0xa5, 0xc4,
    0x3, 0xea, 0x63, 0x44, 0x81, 0x51, 0x30, 0x80,
    0x24, 0x61, 0x66, 0x6b, 0x58, 0x99, 0x8c, 0x11,
    0x80, 0xf, 0xbb, 0x58, 0xee, 0xe2, 0x25, 0xa0,
    0x7, 0xff, 0x4, 0xd6, 0x40, 0x3f, 0xf8, 0x23,
    0x40, 0x1b, 0x76, 0xb1, 0xdd, 0xa4, 0x3, 0xe9,
    0x99, 0x82, 0x66, 0xa0, 0xf, 0x91, 0x2d, 0x14,
    0x48, 0xc0, 0x3f, 0xfb, 0x53, 0x55, 0x86, 0xab,
    0x20, 0x7, 0x71, 0x14, 0xce, 0x45, 0x9c,

    /* U+4F53 "体" */
    0x0, 0xff, 0xe4, 0x62, 0x80, 0x49, 0xc0, 0x1f,
    0x90, 0xd0, 0x3, 0xff, 0x83, 0x2c, 0x67, 0xc2,
    0x67, 0x88, 0x0, 0xe5, 0x1d, 0x99, 0x40, 0x66,
    0x68, 0x2, 0x80, 0x1c, 0xff, 0x58, 0x0, 0x7f,
    0xea, 0xf, 0x0, 0xf7, 0xb0, 0xaa, 0x80, 0x21,
    0x6b, 0x0, 0xc8, 0xba, 0x1d, 0x0, 0x10, 0xdb,
    0x80, 0x69, 0x80, 0x2, 0x8b, 0x80, 0x7e, 0x81,
    0x60, 0xb, 0xe0, 0x80, 0x3c, 0xaf, 0xe0, 0x18,
    0xdb, 0xc4, 0x3, 0x1d, 0x4f, 0x7d, 0x8f, 0xfb,
    0x86, 0x80, 0x31, 0xdb, 0x7e, 0xc8, 0x6e, 0x9b,
    0x64, 0x3, 0x90, 0x8, 0xa1, 0x22, 0x8, 0x88,
    0x3, 0xf9, 0xcc, 0x3, 0x80,

    /* U+4F5C "作" */
    0x0, 0xc8, 0x80, 0x1, 0x98, 0x3, 0xfd, 0x26,
    0x0, 0xfb, 0x0, 0xfe, 0x52, 0x70, 0x33, 0x48,
    0x7, 0xf5, 0x30, 0x3, 0x3, 0xbf, 0xfa, 0x40,
    0x10, 0x16, 0x8, 0x14, 0x66, 0xdd, 0xd0, 0x6,
    0xe0, 0x61, 0x2c, 0xaa, 0x62, 0x2c, 0x22, 0xd2,
    0x0, 0x50, 0x48, 0x1, 0x88, 0xb0, 0x19, 0xb8,
    0x0, 0x5c, 0x1, 0x1e, 0xee, 0x32, 0xc1, 0x0,
    0x41, 0x80, 0x4b, 0xff, 0x8c, 0x4, 0x3, 0xff,
    0x98, 0xbf, 0xf9, 0x80, 0x3f, 0xc5, 0x99, 0x9c,
    0x3, 0xfc, 0xe6, 0x78, 0x40, 0x3f, 0xf9, 0x2,
    0x1, 0xff, 0x0,

    /* U+4F60 "你" */
    0x0, 0xc6, 0x20, 0x44, 0x0, 0xff, 0xb5, 0x2,
    0xe0, 0x3, 0xfc, 0xc6, 0xa0, 0x9e, 0x1, 0xfe,
    0x9b, 0x3, 0x23, 0x55, 0xe8, 0x20, 0x5, 0x3,
    0x4, 0x85, 0x4d, 0x5c, 0xc9, 0xd0, 0x11, 0x40,
    0x6, 0xb9, 0x90, 0x6e, 0x60, 0x54, 0xed, 0x0,
    0x10, 0xa6, 0x1, 0xc2, 0x23, 0x15, 0x80, 0x4,
    0xdb, 0xa0, 0x4, 0xad, 0xe0, 0x54, 0x1, 0x10,
    0xc0, 0x6, 0x68, 0x10, 0xf, 0x94, 0x50, 0x2,
    0x33, 0x30, 0x7, 0xdc, 0xc0, 0x1d, 0x54, 0x0,
    0xf2, 0x22, 0x40, 0x39, 0x88, 0x80, 0x1c, 0x32,
    0x20, 0x1e, 0x61, 0x0, 0xe5, 0x60, 0x33, 0x0,
    0x80, 0x24, 0xc0, 0x21, 0x0, 0xd3, 0x88, 0x40,
    0x18,

    /* U+4F73 "佳" */
    0x0, 0xd6, 0xa0, 0x12, 0x70, 0x7, 0xe3, 0x44,
    0x11, 0x9c, 0x26, 0x70, 0x80, 0x68, 0x51, 0x9c,
    0xc4, 0x6, 0x64, 0xc0, 0x12, 0xa4, 0x5, 0xff,
    0xac, 0x7f, 0xe7, 0x0, 0xa8, 0x8, 0x3, 0xff,
    0x81, 0x60, 0x14, 0x77, 0x56, 0x3d, 0xd8, 0xc5,
    0x64, 0x1, 0x5b, 0xb6, 0x63, 0x77, 0x18, 0xf9,
    0x0, 0x8, 0xce, 0x7d, 0x33, 0xc0, 0x1, 0x0,
    0xc4, 0x51, 0x89, 0x16, 0x0, 0xf0, 0xee, 0xd0,
    0x1b, 0xb7, 0x0, 0x78, 0x7f, 0xeb, 0x1f, 0xfb,
    0x0, 0x3f, 0xf9, 0x23, 0x77, 0xc3, 0x77, 0x98,
    0x3, 0xe, 0x66, 0x86, 0xcc, 0xc4,

    /* U+4FDD "保" */
    0x0, 0xcc, 0x80, 0x1f, 0xfc, 0x11, 0x97, 0xef,
    0xff, 0x90, 0x3, 0x49, 0x98, 0x2f, 0xbb, 0x84,
    0x3, 0x13, 0xc0, 0x1, 0xc4, 0x78, 0x3, 0xbc,
    0x10, 0x3, 0xff, 0x81, 0x4, 0x1, 0xa2, 0xab,
    0x84, 0x0, 0xae, 0xe0, 0xa, 0x37, 0x5, 0x73,
    0x12, 0xa0, 0xf1, 0x60, 0x13, 0x35, 0xe2, 0xcd,
    0x8, 0x13, 0x80, 0x59, 0xbb, 0x58, 0xfe, 0xec,
    0xa0, 0x1d, 0x13, 0x2a, 0x0, 0xa6, 0x64, 0x0,
    0xe4, 0x42, 0xd2, 0xa, 0x62, 0x20, 0x40, 0x3c,
    0x38, 0x9e, 0x14, 0xce, 0x1, 0xf1, 0xe3, 0xc8,
    0x0, 0x76, 0x20, 0x1, 0xc5, 0x8b, 0x40, 0x18,
    0xf1, 0xa0, 0x2, 0x12, 0xe8, 0x0, 0xf1, 0xfc,
    0x0,

    /* U+5019 "候" */
    0x0, 0x95, 0x40, 0x1f, 0xfc, 0x29, 0x20, 0x7,
    0x7f, 0xf4, 0x0, 0x62, 0x36, 0x0, 0x77, 0xfe,
    0x4e, 0x0, 0xd6, 0x62, 0x1, 0xf3, 0x10, 0x4,
    0x2d, 0x67, 0x8f, 0x77, 0xc5, 0x36, 0x0, 0x80,
    0x47, 0x14, 0xe7, 0xee, 0xaa, 0x38, 0x11, 0x80,
    0x31, 0x89, 0xa2, 0x72, 0x81, 0xb0, 0x80, 0x69,
    0xe, 0xee, 0x70, 0x79, 0x0, 0xc8, 0x7f, 0xe0,
    0xcf, 0xf3, 0x80, 0x7e, 0xa0, 0xf, 0xfe, 0x16,
    0xdf, 0xf8, 0x33, 0xfe, 0x0, 0xfa, 0x7b, 0x92,
    0x9, 0xdd, 0x0, 0x72, 0x60, 0x9, 0xc4, 0xaa,
    0x8, 0x80, 0x3c, 0x20, 0xf9, 0xd, 0xb7, 0x46,
    0x1, 0xf5, 0x6e, 0x30, 0x1f, 0x94, 0x0, 0x5c,
    0x60, 0xa, 0xa1, 0x0, 0x43, 0x16, 0x0,

    /* U+505A "做" */
    0x0, 0xff, 0x84, 0x3, 0xeb, 0x60, 0xa6, 0x0,
    0x17, 0x8, 0x7, 0xa, 0x38, 0x7, 0x38, 0x88,
    0x3, 0xa4, 0xc0, 0x9b, 0x88, 0x70, 0xc8, 0xa0,
    0x0, 0xba, 0xc6, 0x9b, 0xee, 0x98, 0xb3, 0x74,
    0xa1, 0x1, 0x93, 0xeb, 0x3f, 0xe0, 0x8e, 0x57,
    0x55, 0x30, 0x7, 0xde, 0x1, 0x36, 0x84, 0xc1,
    0x80, 0x71, 0x1b, 0x68, 0x1b, 0x87, 0x38, 0x1,
    0xfd, 0x67, 0x6e, 0x11, 0x2, 0x40, 0x40, 0x19,
    0x7f, 0xc2, 0xc2, 0x52, 0xc0, 0x1f, 0xfc, 0x15,
    0x2a, 0x0, 0xff, 0xe0, 0xa8, 0x18, 0x7, 0xcb,
    0x98, 0x10, 0x82, 0x6a, 0x0, 0xf8, 0xa2, 0x15,
    0xd, 0x92, 0xf6, 0x1, 0xcb, 0xc8, 0x83, 0x1f,
    0x20, 0xd0, 0x30, 0x6, 0x29, 0x18, 0x1, 0xac,
    0x40, 0x3, 0x66,

    /* U+505C "停" */
    0x0, 0xc4, 0x1, 0x88, 0x80, 0x1f, 0xd8, 0x60,
    0x12, 0x78, 0x7, 0xe6, 0x2a, 0xee, 0xa4, 0xbf,
    0xba, 0x60, 0xa, 0x2a, 0x33, 0x2d, 0xdb, 0x32,
    0x60, 0x4, 0xb, 0xa, 0xef, 0xff, 0x69, 0x80,
    0x9, 0xc0, 0x32, 0xee, 0xec, 0x0, 0xde, 0x24,
    0x1, 0x26, 0xee, 0xc0, 0xc, 0x34, 0x1, 0x3f,
    0x6e, 0xf7, 0x88, 0x3, 0x1c, 0x1, 0xdf, 0xff,
    0xce, 0x1, 0xed, 0xff, 0xf9, 0x40, 0x3c, 0xd5,
    0xff, 0xf6, 0x18, 0x7, 0x44, 0x3f, 0xd6, 0x3f,
    0xf3, 0x20, 0x7, 0xff, 0x6e, 0x3e, 0xd0, 0x3,
    0xe3, 0xd0, 0xa, 0x3f, 0xd4, 0x1, 0xc0,

    /* U+5065 "健" */
    0x0, 0xff, 0xe3, 0xf1, 0x91, 0x88, 0x3, 0x48,
    0x3, 0xca, 0x55, 0x98, 0x6c, 0xe2, 0xde, 0xf0,
    0xd, 0x37, 0x3c, 0x2d, 0x9c, 0x5b, 0xc0, 0x19,
    0xd, 0x1, 0x96, 0x7b, 0x85, 0xbc, 0x1e, 0x41,
    0x0, 0x21, 0x71, 0xe, 0xe1, 0x6f, 0x7, 0x93,
    0x88, 0x82, 0xcb, 0x17, 0x38, 0xb7, 0x80, 0x24,
    0xf0, 0x11, 0x5a, 0x9e, 0x71, 0x6f, 0x78, 0x0,
    0xc8, 0x6, 0x50, 0xcd, 0xba, 0x2d, 0xd8, 0x3,
    0xdc, 0x2a, 0x9f, 0xe0, 0xbf, 0xf0, 0x7, 0x96,
    0x0, 0x2, 0x20, 0x11, 0xc0, 0x1d, 0x2c, 0xc7,
    0xff, 0x5, 0x7f, 0x98, 0x3, 0xe5, 0x56, 0x60,
    0xb7, 0x30, 0xe0, 0x18, 0x6d, 0xe7, 0x29, 0x40,
    0x47, 0x0, 0x64, 0x8, 0x6e, 0x29, 0xc, 0xee,
    0x68, 0x5, 0xcf, 0x40, 0x1, 0x8c, 0xdf, 0xfb,
    0x0,

    /* U+513F "儿" */
    0x0, 0xff, 0xe4, 0x72, 0x0, 0x6f, 0x30, 0xf,
    0xff, 0xf8, 0x7, 0xff, 0x4, 0x5c, 0x3, 0xff,
    0x82, 0x20, 0x20, 0x1f, 0xfc, 0x15, 0x2, 0x0,
    0xff, 0xe0, 0xe1, 0x80, 0x7f, 0x20, 0x6, 0x6b,
    0x0, 0xfe, 0x85, 0x0, 0x48, 0x38, 0x7, 0xf0,
    0x88, 0x21, 0xa8, 0x3, 0xe5, 0x23, 0x25, 0x36,
    0xb4, 0x0, 0xf3, 0x4e, 0xe2, 0x89, 0xf2, 0x0,
    0x7d, 0x3f, 0xf5, 0x0,

    /* U+5145 "充" */
    0x0, 0xf9, 0x84, 0x3, 0xff, 0x85, 0xb4, 0x1,
    0xff, 0xc2, 0x85, 0x10, 0xf, 0xbb, 0xff, 0xb0,
    0x7b, 0xff, 0x70, 0x3, 0x33, 0x8, 0x66, 0x57,
    0x99, 0x68, 0x0, 0x8c, 0xd6, 0x1a, 0x66, 0x1b,
    0x63, 0x38, 0x3, 0x33, 0xe9, 0x0, 0xa, 0xe9,
    0xc0, 0x39, 0xe6, 0x1d, 0x54, 0xce, 0x66, 0x87,
    0x0, 0xd0, 0x11, 0x75, 0x3b, 0x10, 0x42, 0x85,
    0x0, 0xbb, 0xfc, 0xaa, 0xcb, 0x29, 0x8d, 0xa4,
    0x0, 0x84, 0x0, 0xfa, 0x1, 0xe5, 0x10, 0xe,
    0x22, 0x20, 0x7, 0xca, 0x1, 0xdc, 0x66, 0x0,
    0xfa, 0xd0, 0x0, 0x78, 0x5c, 0x1, 0xb8, 0x88,
    0x62, 0xc1, 0x78, 0xde, 0x40, 0x15, 0x3e, 0xeb,
    0x14, 0x82, 0x7a, 0x84, 0x3, 0x3f, 0xfe, 0xa0,

    /* U+5148 "先" */
    0x0, 0x91, 0xc0, 0x1a, 0xc0, 0x1f, 0xee, 0xe0,
    0x7, 0xff, 0x4, 0x55, 0xbf, 0xc5, 0x3f, 0xfa,
    0x80, 0x34, 0x96, 0x64, 0xd, 0x99, 0xa0, 0x2,
    0x37, 0xe3, 0x38, 0xbc, 0xcf, 0x10, 0x4, 0x32,
    0x60, 0x1f, 0xfc, 0x2, 0xbf, 0x99, 0xc5, 0x13,
    0x3c, 0xc0, 0x1c, 0x6c, 0x4c, 0xec, 0xa0, 0x1c,
    0x53, 0x38, 0x2e, 0x64, 0x31, 0x33, 0x30, 0x7,
    0x21, 0x0, 0x7f, 0xf0, 0xa9, 0x40, 0x3f, 0x18,
    0x6, 0x72, 0x90, 0xf, 0x87, 0x0, 0x3, 0x31,
    0x62, 0x1, 0x8c, 0x88, 0xe4, 0x5, 0xcb, 0x88,
    0x1, 0x9a, 0x37, 0x53, 0x60, 0x5b, 0x86, 0x1,
    0xd1, 0xff, 0x98, 0x0,

    /* U+5149 "光" */
    0x0, 0x84, 0x2, 0x8c, 0x0, 0x84, 0xc0, 0x33,
    0xe0, 0x7, 0xe9, 0x80, 0xc, 0xe0, 0xc0, 0x1f,
    0x34, 0x0, 0x75, 0xc0, 0x7, 0xa1, 0x4c, 0x3,
    0x99, 0x44, 0x3, 0x86, 0x40, 0x32, 0x25, 0xea,
    0x8a, 0x68, 0x8d, 0x64, 0x40, 0x8a, 0x67, 0x5d,
    0x8c, 0x6e, 0xd3, 0x39, 0x7, 0x77, 0xd, 0x77,
    0x28, 0xb7, 0x72, 0x80, 0x70, 0xb0, 0x7, 0xff,
    0x5, 0x40, 0xc0, 0x3f, 0xf8, 0x32, 0xa0, 0x1f,
    0x98, 0x40, 0x29, 0x38, 0x0, 0xfd, 0x4a, 0xb,
    0x8f, 0x84, 0x1, 0x8c, 0x88, 0x66, 0x61, 0x85,
    0xf3, 0x0, 0xc8, 0x7b, 0xac, 0x42, 0x1d, 0x91,
    0x0, 0xe1, 0xdf, 0xfa, 0xc0,

    /* U+514D "免" */
    0x0, 0xe2, 0x10, 0xf, 0xfe, 0x8, 0xec, 0x80,
    0x7f, 0xf0, 0x70, 0x1f, 0xff, 0x0, 0x7e, 0xa0,
    0xef, 0xf7, 0xc, 0x0, 0x7d, 0xaa, 0xa7, 0x66,
    0x70, 0x89, 0x9a, 0x10, 0x6, 0x10, 0x1e, 0xea,
    0x1, 0x37, 0x69, 0x50, 0x7, 0x51, 0x5d, 0xd0,
    0x57, 0x78, 0x3, 0x10, 0x7, 0x73, 0x0, 0x7f,
    0x8e, 0x22, 0x74, 0x88, 0xc0, 0x1c, 0xee, 0x11,
    0x80, 0xdd, 0x4, 0x4c, 0xc0, 0x8, 0xa6, 0x6e,
    0x1c, 0xf, 0x99, 0x88, 0x3, 0xc5, 0x16, 0x1,
    0xe1, 0x0, 0xe4, 0xc6, 0x50, 0xf, 0x5b, 0x80,
    0x12, 0xed, 0x32, 0x0, 0x98, 0x46, 0x72, 0xa,
    0xa1, 0x73, 0x80, 0x4d, 0x5d, 0xd0, 0xa8, 0x57,
    0x48, 0x80, 0x69, 0xff, 0xd8, 0x0,

    /* U+5154 "兔" */
    0x0, 0xe3, 0x0, 0xff, 0xe1, 0x4e, 0x88, 0xe0,
    0xf, 0xe3, 0x61, 0xee, 0xce, 0x1, 0xf1, 0x6c,
    0x7f, 0xd0, 0x2c, 0x1, 0xe3, 0xd0, 0x34, 0x44,
    0xc3, 0x2a, 0x24, 0x0, 0x5c, 0x3, 0x88, 0x98,
    0x12, 0x21, 0x34, 0x0, 0x4b, 0x19, 0xcc, 0x8a,
    0x73, 0x28, 0x0, 0x85, 0x0, 0x38, 0x88, 0x1,
    0xfe, 0x23, 0x33, 0x0, 0xc, 0xe2, 0x0, 0xe2,
    0x8d, 0xd4, 0x85, 0xe6, 0xea, 0x48, 0x3, 0x67,
    0x74, 0x50, 0x53, 0x6d, 0xd8, 0x1, 0xf4, 0x83,
    0x80, 0x11, 0x16, 0x1, 0xe1, 0xa7, 0xf0, 0x8,
    0x70, 0xe, 0xc8, 0xa, 0x3d, 0xb0, 0x80, 0x78,
    0x45, 0x40, 0x86, 0x6d, 0x3a, 0xc2, 0x0, 0x5b,
    0xf7, 0x58, 0xc2, 0x7f, 0x68, 0x1, 0x9f, 0xff,
    0xa4, 0x0,

    /* U+5165 "入" */
    0x0, 0xff, 0xe4, 0xe, 0xa0, 0x7, 0xff, 0x4,
    0x56, 0xd0, 0x3, 0xff, 0x83, 0xf, 0x42, 0x1,
    0xff, 0xc1, 0x81, 0xe0, 0xf, 0xfe, 0x22, 0x0,
    0x7f, 0xf0, 0x10, 0x12, 0x40, 0x3f, 0xf8, 0x1a,
    0x74, 0x4a, 0x1, 0xfe, 0x16, 0xa1, 0x78, 0x0,
    0xff, 0x48, 0xb0, 0x49, 0x38, 0x7, 0xe2, 0x78,
    0x0, 0xc, 0x48, 0x80, 0x78, 0x7d, 0x18, 0x2,
    0x73, 0xd0, 0xe, 0x1d, 0x3a, 0x0, 0xef, 0x3b,
    0x0, 0x93, 0xc7, 0xc4, 0x3, 0x8a, 0xd3, 0x48,
    0x65, 0x30, 0x40, 0x3e, 0x4c, 0x3, 0x1d, 0xa1,
    0x0, 0xfe, 0x3d, 0x10,

    /* U+516B "八" */
    0x0, 0xfe, 0x12, 0x0, 0xfe, 0x2d, 0x10, 0x4,
    0xd8, 0x7, 0xf3, 0x10, 0x80, 0x3c, 0x80, 0x3f,
    0x88, 0x40, 0x22, 0x60, 0xf, 0xe1, 0x20, 0x9,
    0xc8, 0x3, 0xfb, 0x14, 0x2, 0x20, 0x30, 0xf,
    0xcb, 0x80, 0x18, 0xd0, 0x3, 0xe1, 0x13, 0x80,
    0x6b, 0xb0, 0x7, 0xce, 0x24, 0x1, 0x94, 0xc8,
    0x3, 0xd4, 0xc0, 0x1c, 0x47, 0x60, 0x1c, 0x87,
    0x40, 0x1e, 0x96, 0x20, 0xd, 0x2c, 0x40, 0x1e,
    0x53, 0xe0, 0xa, 0x8e, 0x40, 0x3f, 0x71, 0xc8,
    0x1a, 0x60, 0x7, 0xf1, 0x5b, 0x99, 0xb8, 0x80,
    0x3f, 0xc9, 0xc6,

    /* U+516D "六" */
    0x0, 0xf8, 0xc0, 0x3f, 0xf8, 0x49, 0x84, 0x1,
    0xff, 0xc1, 0x43, 0x80, 0xf, 0xfe, 0x14, 0xa8,
    0x80, 0x7c, 0x67, 0xe6, 0x82, 0x33, 0xe0, 0x1c,
    0xcf, 0xa3, 0x33, 0xc4, 0x3f, 0xff, 0xfc, 0x22,
    0x0, 0xff, 0x8, 0x7, 0xf3, 0x70, 0x80, 0x7,
    0x90, 0x3, 0xf4, 0x38, 0x80, 0x5, 0xe8, 0x40,
    0x3c, 0xe3, 0x0, 0x1a, 0xe, 0x80, 0x38, 0xa2,
    0x2, 0x1, 0xdc, 0x8c, 0x1, 0xb8, 0x9c, 0x3,
    0xc6, 0xf0, 0x20, 0x9, 0x3e, 0x0, 0xfd, 0x1,
    0x60, 0x29, 0x26, 0x1, 0xfd, 0x6c, 0x3, 0xac,
    0x1, 0xfe, 0x5c, 0x0,

    /* U+5173 "关" */
    0x0, 0xc8, 0x1, 0xe5, 0x20, 0xf, 0x15, 0xa0,
    0x6, 0x1a, 0x70, 0xf, 0x14, 0x48, 0x6, 0x84,
    0x50, 0xe, 0x33, 0x20, 0xa1, 0x99, 0x99, 0xc6,
    0x60, 0xd, 0x99, 0x1d, 0xe6, 0x24, 0x2b, 0x30,
    0x20, 0x17, 0xff, 0x2a, 0x7f, 0xf0, 0x80, 0x7f,
    0xf5, 0xbb, 0xff, 0x95, 0x3f, 0xfc, 0x0, 0xcc,
    0xeb, 0x0, 0x4e, 0x67, 0x0, 0x8, 0xcf, 0x60,
    0x35, 0x99, 0xf0, 0x7, 0x99, 0xe6, 0x41, 0x60,
    0x1f, 0xd3, 0x27, 0x60, 0xc6, 0xd2, 0x0, 0xc2,
    0xfc, 0xf5, 0x0, 0x1, 0xc6, 0xda, 0x40, 0x6,
    0x4c, 0xb9, 0x40, 0x30, 0xdd, 0x35, 0x8, 0x67,
    0x38, 0x7, 0xe5, 0xce, 0x10,

    /* U+517B "养" */
    0x0, 0xce, 0xa0, 0x19, 0x24, 0x3, 0xf1, 0xd0,
    0x80, 0x52, 0x20, 0x1c, 0x9b, 0xa9, 0xc, 0xff,
    0x71, 0x36, 0xe9, 0x80, 0x9, 0xff, 0x6f, 0x92,
    0xe6, 0xe7, 0xf9, 0xc0, 0x30, 0x8c, 0xc5, 0x82,
    0x38, 0x4, 0x2, 0x4f, 0xfa, 0xc2, 0xbf, 0xf2,
    0x80, 0x42, 0xfb, 0xaf, 0xa, 0xdd, 0xe6, 0x0,
    0xf, 0x76, 0xc0, 0xae, 0xef, 0x78, 0xf, 0xfa,
    0x85, 0x3f, 0xee, 0x34, 0xdf, 0xf0, 0xb, 0x65,
    0x22, 0x0, 0x22, 0x33, 0x6d, 0x28, 0xd, 0x26,
    0xc0, 0x7, 0xa3, 0x8b, 0x80, 0x19, 0x4, 0x82,
    0x1, 0xe1, 0x8b, 0x0, 0xc3, 0x6c, 0x1, 0xff,
    0xc0, 0x3c, 0x18, 0x0, 0xff, 0xe0, 0x72, 0x60,
    0x7, 0xff, 0x7, 0x64, 0x3, 0x8f, 0xc0, 0x38,

    /* U+5185 "内" */
    0x0, 0xf2, 0x70, 0x7, 0xff, 0x20, 0xfb, 0xba,
    0xc7, 0xbb, 0x7c, 0x38, 0xd5, 0x66, 0xa, 0xac,
    0x42, 0x2, 0x89, 0xbc, 0xd1, 0x38, 0x3, 0xea,
    0x30, 0xf, 0xf8, 0x4c, 0x30, 0x40, 0x3f, 0xa0,
    0xfd, 0xb0, 0x40, 0x3e, 0x87, 0xe0, 0xa6, 0xc1,
    0x0, 0xc7, 0x8d, 0xa4, 0x0, 0xb1, 0xa0, 0xc,
    0x49, 0xe6, 0x1, 0xb6, 0x0, 0x30, 0xc0, 0x80,
    0x70, 0x98, 0x7, 0xfc, 0x26, 0x62, 0x0, 0xff,
    0x1e, 0x61, 0xa8,

    /* U+518D "再" */
    0xf, 0xff, 0xfe, 0xc, 0x80, 0xc, 0xfc, 0x0,
    0x33, 0xee, 0x0, 0x66, 0x78, 0x6b, 0x33, 0x9c,
    0x2, 0x7f, 0xfc, 0x35, 0xff, 0x98, 0x3, 0x8f,
    0x76, 0x8, 0xdd, 0x88, 0x40, 0x39, 0xc8, 0xa1,
    0x22, 0xcc, 0x1, 0xe4, 0xff, 0x86, 0xbf, 0xe4,
    0x0, 0xf1, 0xf7, 0x41, 0x3d, 0xd1, 0x80, 0x79,
    0xc4, 0x71, 0x88, 0xce, 0x1, 0x25, 0xc2, 0x5d,
    0xc3, 0x57, 0x72, 0x45, 0xa3, 0x68, 0x86, 0xed,
    0x32, 0xdd, 0x80, 0xb5, 0x89, 0xa5, 0x19, 0xbf,
    0x25, 0x31, 0x0, 0x7f, 0x8, 0xce, 0x20, 0x1f,
    0xf3, 0xf7, 0x5, 0x0, 0x33, 0xd8, 0x7, 0x37,
    0xfb, 0x48, 0x0,

    /* U+5199 "写" */
    0xef, 0xff, 0xfe, 0x2, 0x85, 0x6c, 0xcb, 0x77,
    0xe1, 0x0, 0x9, 0x67, 0x11, 0x7c, 0x0, 0xc4,
    0x7, 0xe1, 0x1f, 0x7, 0xa9, 0x0, 0xa, 0x7b,
    0xbc, 0xe2, 0x1, 0x18, 0xff, 0xfc, 0xe0, 0x19,
    0x8, 0xbf, 0x8, 0x6, 0xd3, 0xdd, 0xfb, 0xc0,
    0x35, 0x7f, 0xfd, 0xa, 0x0, 0x12, 0x2f, 0xc1,
    0xc4, 0x0, 0xbd, 0xdf, 0xc6, 0x5c, 0x0, 0xaf,
    0xff, 0xc6, 0xa6, 0x1, 0xf8, 0x46, 0x61, 0x50,
    0xf, 0xd3, 0xdc, 0x89, 0x10, 0xf, 0xd1, 0xfe,
    0xe6, 0x0, 0x80,

    /* U+51B2 "冲" */
    0x0, 0xfe, 0x4e, 0x0, 0xf6, 0x40, 0x7, 0xff,
    0xb, 0x9a, 0xc0, 0x91, 0x2c, 0x14, 0x4c, 0x0,
    0x2f, 0x63, 0xbb, 0xce, 0x17, 0x78, 0x80, 0x3,
    0xa6, 0xb, 0xfe, 0xb1, 0xff, 0x80, 0x3f, 0xfb,
    0x34, 0x80, 0x89, 0x60, 0xa2, 0x40, 0x19, 0x15,
    0x80, 0x6e, 0xce, 0x17, 0x70, 0x6, 0x96, 0x21,
    0x6f, 0xf5, 0x8f, 0xfc, 0x20, 0x7, 0x28, 0x8,
    0x90, 0xf, 0xb8, 0x89, 0x12, 0x20, 0x1f, 0xfc,
    0x2, 0xa6, 0x0, 0xff, 0xe1, 0x28, 0x7, 0xff,
    0x8,

    /* U+51B3 "决" */
    0x4, 0x10, 0xe, 0x1f, 0x30, 0xf, 0x6e, 0x8,
    0x7, 0xff, 0x6, 0x5b, 0x41, 0x3f, 0xdc, 0x19,
    0xfe, 0xe0, 0xd, 0x60, 0x49, 0x98, 0xb0, 0x9c,
    0x90, 0xf, 0x61, 0x1, 0x99, 0x41, 0x4d, 0x40,
    0x3f, 0xf8, 0x22, 0x1, 0xff, 0xc1, 0x30, 0x30,
    0xf, 0xc4, 0x1f, 0xf6, 0x87, 0x7e, 0xf, 0xc0,
    0x5, 0x89, 0xbb, 0x30, 0x3, 0x37, 0x69, 0x0,
    0x31, 0xa1, 0x16, 0x62, 0x42, 0x28, 0x40, 0x11,
    0x60, 0x12, 0x22, 0xe2, 0x2, 0x1, 0x9c, 0x18,
    0x0, 0x54, 0xe4, 0xa9, 0xa2, 0x0, 0x18, 0x80,
    0x1, 0x71, 0x20, 0x1, 0x43, 0x88, 0x3, 0x4c,
    0x11, 0x53, 0x40, 0x10, 0xea, 0x5a, 0x82, 0x80,
    0x23, 0x9c, 0x3, 0xd3, 0xaa,

    /* U+51B5 "况" */
    0x6, 0x60, 0x0, 0xbf, 0xff, 0x20, 0x0, 0xe5,
    0xc0, 0x2d, 0xdf, 0x8, 0x4, 0xb7, 0xa, 0x0,
    0x22, 0xf0, 0x7, 0x24, 0x8, 0x7, 0xff, 0x9,
    0xd0, 0x3, 0xff, 0x8c, 0x67, 0xe1, 0x0, 0xe3,
    0x13, 0xc, 0xcf, 0x0, 0x7b, 0xd8, 0x7e, 0x8b,
    0xf0, 0x3f, 0xc8, 0x1, 0x31, 0x38, 0x0, 0x98,
    0x3, 0xf0, 0xc5, 0x80, 0x5a, 0x40, 0x1f, 0xac,
    0x94, 0x2, 0x5c, 0x0, 0xe3, 0x2, 0x5e, 0x0,
    0xa0, 0x54, 0x3, 0xa5, 0x8b, 0x88, 0x1, 0xf,
    0x40, 0x1, 0x2, 0x17, 0x20, 0x10, 0x6, 0x2e,
    0x20, 0x0, 0x89, 0xbc, 0x8, 0x1, 0xb7, 0x46,
    0x1, 0xb7, 0xfd, 0xa0,

    /* U+51B7 "冷" */
    0x0, 0xfe, 0x41, 0x0, 0xf4, 0x88, 0x7, 0x15,
    0xc0, 0x7, 0x8a, 0x80, 0x3b, 0x85, 0xc4, 0x3,
    0xa9, 0x14, 0x2, 0xa1, 0xf6, 0xc1, 0x0, 0xc2,
    0xf2, 0x0, 0x94, 0xf1, 0x87, 0xc1, 0x0, 0xd1,
    0x83, 0x8f, 0xad, 0x41, 0x4d, 0xe8, 0x1, 0xda,
    0x18, 0x68, 0x34, 0x16, 0xf2, 0x1, 0xdb, 0x84,
    0x0, 0xae, 0x0, 0x4e, 0x0, 0x42, 0x82, 0x9f,
    0xf7, 0x5f, 0xfa, 0xc4, 0x2, 0x69, 0x4, 0xdd,
    0xeb, 0xe, 0x0, 0xd5, 0x40, 0x1, 0x17, 0x4b,
    0x28, 0x4, 0x84, 0xc0, 0x14, 0x18, 0x5b, 0x48,
    0x6, 0xf5, 0x10, 0xb, 0xb3, 0xda, 0xc0, 0x31,
    0xa4, 0x80, 0x66, 0xd0, 0x11, 0x0, 0x63, 0xb3,
    0x0, 0xe2, 0xf7, 0xa0, 0xe, 0x40, 0xf, 0xd7,
    0x40, 0x18,

    /* U+51C6 "准" */
    0x0, 0xf8, 0x80, 0x4, 0x1, 0xe8, 0x10, 0x9,
    0x30, 0x13, 0x4, 0x3, 0x92, 0xc0, 0x2e, 0x60,
    0x45, 0x80, 0xe, 0xe5, 0x40, 0x15, 0x39, 0x90,
    0x1c, 0xc9, 0x80, 0x4, 0xd2, 0x1a, 0x19, 0xdc,
    0x41, 0xee, 0x18, 0x5, 0x1e, 0x66, 0x7, 0x78,
    0x7d, 0xdc, 0xa0, 0x10, 0x9e, 0xa8, 0x11, 0x42,
    0x64, 0x40, 0xe, 0x45, 0x80, 0xcc, 0x82, 0x33,
    0xa, 0x1, 0x92, 0xc0, 0x1d, 0xd0, 0xdf, 0x71,
    0x40, 0x21, 0xe1, 0x0, 0x8, 0xe2, 0x11, 0x0,
    0x69, 0x31, 0x0, 0x77, 0x41, 0x3d, 0xc5, 0x0,
    0xb, 0xc8, 0x5, 0xff, 0xd, 0xff, 0x94, 0x0,
    0xc2, 0xa0, 0x1f, 0xfc, 0x1, 0x89, 0x0, 0xdf,
    0xf0, 0xdf, 0xfc, 0x3, 0x8e, 0x1, 0xb7, 0x7f,
    0x0,

    /* U+51F6 "凶" */
    0x0, 0xff, 0x20, 0x7, 0x13, 0x80, 0x72, 0x58,
    0x80, 0x4, 0xc6, 0x60, 0x3, 0x43, 0x89, 0x11,
    0xf8, 0xf1, 0xa4, 0x0, 0xa5, 0x21, 0x70, 0x1,
    0x16, 0x3c, 0x8d, 0xc0, 0x80, 0x7c, 0x58, 0xfc,
    0xac, 0x1, 0xfc, 0x4e, 0x2, 0x1, 0xfe, 0x56,
    0x85, 0x70, 0xf, 0xcb, 0x54, 0x7a, 0x85, 0x0,
    0xf3, 0xd5, 0x14, 0x15, 0xe8, 0x80, 0x34, 0xc5,
    0xa8, 0x5, 0x8, 0x1, 0xd3, 0xa8, 0x1, 0xd6,
    0x40, 0xc, 0x2b, 0x9b, 0xbf, 0xcc, 0x11, 0xc,
    0xcf, 0xf0, 0x0,

    /* U+51FA "出" */
    0x1, 0x10, 0x5, 0xcc, 0x1, 0x9, 0x80, 0x22,
    0x0, 0x1f, 0x9f, 0x40, 0x3f, 0xfc, 0x2d, 0xbb,
    0xc, 0xee, 0xd0, 0x1, 0x55, 0x22, 0x20, 0x48,
    0x8a, 0xe8, 0x9, 0x15, 0x70, 0xea, 0xae, 0x13,
    0x78, 0x0, 0xff, 0x4d, 0x80, 0x7f, 0xf8, 0x37,
    0x70, 0xce, 0xee, 0x30, 0x4a, 0x88, 0xd5, 0x48,
    0x8c, 0x0,

    /* U+51FB "击" */
    0x0, 0xfb, 0x94, 0x3, 0xff, 0x94, 0x3f, 0xfc,
    0x35, 0xff, 0xa0, 0x0, 0x39, 0x9c, 0xd, 0x99,
    0xa8, 0x2, 0x33, 0xe1, 0xc3, 0x3c, 0x40, 0x28,
    0x9e, 0x1c, 0x44, 0xe2, 0x5b, 0xbf, 0x3, 0x5d,
    0xf9, 0x3f, 0xfc, 0x35, 0xff, 0xd2, 0x0, 0xa5,
    0x0, 0xfd, 0x4a, 0x1, 0x39, 0x80, 0x7e, 0x73,
    0x0, 0xff, 0xeb, 0x46, 0x64, 0x35, 0x99, 0x10,
    0x6, 0x88, 0x55, 0x53, 0x2a, 0xa8, 0x2,

    /* U+5206 "分" */
    0x0, 0xff, 0xe4, 0x1f, 0x8, 0x0, 0xf4, 0x3,
    0xfa, 0x14, 0x40, 0x6, 0x10, 0x1, 0xf2, 0x22,
    0x0, 0x34, 0xb9, 0x80, 0x70, 0xd3, 0x18, 0x6,
    0x46, 0xe1, 0x0, 0xda, 0x72, 0x1, 0xe9, 0x1d,
    0x0, 0xe, 0x9d, 0x2a, 0xfc, 0xf4, 0x5a, 0x0,
    0x7a, 0xa4, 0x5d, 0x52, 0x23, 0x56, 0x58, 0xd,
    0x2e, 0xec, 0x1f, 0xbb, 0x43, 0x93, 0x0, 0x79,
    0x8, 0x3, 0x78, 0x80, 0x7e, 0xb5, 0x0, 0xc4,
    0x60, 0x1f, 0x21, 0xd0, 0x6, 0x11, 0x0, 0x78,
    0xea, 0x8, 0x3, 0x37, 0x0, 0x61, 0x7c, 0x77,
    0x0, 0x99, 0x21, 0x28, 0x6, 0xda, 0xb9, 0x0,
    0xb3, 0x6d, 0x4c, 0x3, 0x6e, 0x90, 0x2, 0x1f,
    0xfa, 0x80, 0x30,

    /* U+5217 "列" */
    0xf, 0xff, 0xc4, 0x1, 0x27, 0x6, 0xe9, 0x4b,
    0x77, 0x15, 0x98, 0x6, 0x22, 0x35, 0x91, 0x60,
    0x57, 0x0, 0xe1, 0x3e, 0x66, 0x39, 0x80, 0x7e,
    0x60, 0x4a, 0xa4, 0x58, 0x7, 0xea, 0xa6, 0x64,
    0x58, 0x1, 0xf3, 0x1a, 0x80, 0x4, 0x94, 0x3,
    0xe8, 0xbb, 0x28, 0x32, 0x8, 0x7, 0xde, 0xbd,
    0x53, 0x2e, 0x0, 0xfc, 0x20, 0xb8, 0xc0, 0xa0,
    0x1f, 0xf3, 0x85, 0x0, 0x58, 0x80, 0x1e, 0x3a,
    0x74, 0x0, 0x88, 0x3, 0xcf, 0x8d, 0x0, 0x1c,
    0x22, 0x20, 0x3, 0x55, 0xc0, 0x7, 0xaf, 0xa5,
    0x81, 0xb5, 0x0, 0x3e, 0xaf, 0xf4, 0x0,

    /* U+521A "刚" */
    0xdf, 0xff, 0x88, 0x2, 0xd4, 0xa, 0xee, 0xb7,
    0x80, 0x5, 0xa0, 0x18, 0x4c, 0x45, 0xc4, 0x1,
    0x18, 0x6, 0x2c, 0x11, 0x11, 0x80, 0x7e, 0x29,
    0xb7, 0x40, 0xf, 0xf3, 0xa4, 0x78, 0x7, 0xfc,
    0xc2, 0xa0, 0x1f, 0xf7, 0x81, 0x80, 0x7f, 0xd4,
    0xb2, 0x1, 0xfe, 0x51, 0xa4, 0x10, 0xf, 0xc3,
    0x12, 0xe, 0xa0, 0x2, 0xe0, 0xd, 0xe2, 0xa1,
    0x28, 0x1, 0xfb, 0xb4, 0x3, 0xe1, 0x11, 0x80,
    0x42, 0x3, 0xfe, 0x32, 0xa, 0xe2, 0x5d, 0x40,
    0x0, 0xff, 0xb0, 0x1, 0x7f, 0x82,

    /* U+521B "创" */
    0x0, 0xe1, 0x0, 0xff, 0xe0, 0x97, 0x18, 0x7,
    0x93, 0x80, 0x34, 0x87, 0x88, 0x0, 0x9c, 0x3,
    0xd0, 0xde, 0xba, 0x20, 0xd2, 0x1, 0xcc, 0xfc,
    0x12, 0xda, 0x1, 0xf4, 0xca, 0xcc, 0x1, 0x41,
    0x40, 0x1c, 0x24, 0xd7, 0x99, 0x7c, 0xc0, 0x7,
    0xd, 0x88, 0x44, 0x40, 0x24, 0x1, 0xf9, 0x51,
    0x20, 0x70, 0xf, 0xfe, 0x11, 0x0, 0x7f, 0xc6,
    0xc2, 0x20, 0xf, 0xfa, 0x6a, 0x0, 0xd, 0x20,
    0x1f, 0xab, 0x1a, 0x18, 0x9c, 0x3, 0xbd, 0x80,
    0x21, 0x40, 0x0, 0x88, 0x80, 0x25, 0x1f, 0xfb,
    0x85, 0xc3, 0x7a, 0x58, 0x0, 0x5b, 0xff, 0xb4,
    0x43, 0x3f, 0xd0,

    /* U+521D "初" */
    0x0, 0x8c, 0x3, 0xff, 0x82, 0x7a, 0x40, 0x1,
    0x1f, 0x10, 0x4, 0x6d, 0x40, 0xdf, 0xee, 0xe7,
    0xfb, 0x5c, 0x77, 0x4a, 0xaf, 0x7e, 0xe0, 0xd7,
    0x71, 0x0, 0x66, 0x64, 0x1, 0x0, 0x84, 0x0,
    0xe2, 0x8, 0x9a, 0x40, 0x21, 0x70, 0xf, 0xa4,
    0xd1, 0x80, 0x40, 0x80, 0x2, 0x60, 0x4, 0x61,
    0xe0, 0x1, 0x0, 0x80, 0x71, 0xd8, 0x4, 0xc0,
    0xa4, 0x1, 0x18, 0x9e, 0x38, 0xc9, 0x28, 0x62,
    0x0, 0x42, 0xe7, 0x10, 0x3, 0xa1, 0x5, 0xd0,
    0xc, 0x20, 0xe0, 0x12, 0x21, 0x85, 0x0, 0x2,
    0x6, 0x1, 0xe1, 0x89, 0x0, 0x94, 0x4, 0x3,
    0xda, 0x4e, 0x24, 0x3a, 0x60, 0x1e, 0x31, 0xd0,
    0x6, 0xf3, 0xc0, 0x6, 0xf5, 0x3d, 0x10, 0x1f,
    0xf7, 0x20, 0x0,

    /* U+5220 "删" */
    0x4, 0xff, 0x8d, 0xff, 0xe0, 0x8, 0xb8, 0x0,
    0x7c, 0x40, 0x2b, 0xc0, 0xc, 0x10, 0xc, 0xe2,
    0x20, 0x1, 0x88, 0x0, 0x80, 0x3f, 0xfa, 0xa5,
    0xe8, 0xc7, 0x36, 0xcc, 0x5, 0x0, 0xc2, 0x81,
    0xa0, 0x84, 0x1a, 0x18, 0x1, 0x8e, 0xd2, 0xcf,
    0x65, 0xec, 0x24, 0x3, 0xfc, 0x20, 0x1f, 0xc2,
    0x20, 0xb, 0xfc, 0x1, 0xf8, 0x88, 0x1, 0x10,
    0x80, 0x58, 0x20, 0x17, 0x70, 0x2, 0x75, 0x0,
    0x88, 0x3, 0x3a, 0x0, 0x18, 0x88, 0x1, 0x84,
    0x40, 0x48, 0x7e, 0x26, 0xc5, 0xe8, 0x9, 0xda,
    0xc5, 0x43, 0xfa, 0xd2, 0x7f, 0x60, 0x9f, 0xd0,

    /* U+5229 "利" */
    0x0, 0xf8, 0x40, 0x3f, 0x89, 0x26, 0xfe, 0x80,
    0x3b, 0x94, 0xb7, 0xb5, 0x8f, 0xac, 0x12, 0x40,
    0x31, 0x6e, 0x48, 0xe0, 0x80, 0x5, 0x0, 0x3f,
    0xf8, 0xe7, 0xbb, 0xd, 0xee, 0x90, 0x3, 0xc5,
    0x32, 0x50, 0x79, 0x92, 0x80, 0x78, 0x51, 0x6,
    0x2, 0x88, 0x10, 0xf, 0xc8, 0xc0, 0xd0, 0x1,
    0xfe, 0x98, 0x1a, 0x4a, 0x0, 0xfd, 0x2c, 0xa0,
    0x3a, 0x22, 0x0, 0xf3, 0x32, 0x40, 0x21, 0xb1,
    0x5c, 0x0, 0xc9, 0x64, 0x1, 0xf0, 0x80, 0x62,
    0x40, 0xf, 0xe2, 0x20, 0x7, 0xff, 0x0, 0x77,
    0x46, 0x80, 0x1b, 0x90, 0x3, 0xf, 0xfb, 0x44,

    /* U+522B "别" */
    0x4, 0xff, 0xf0, 0x80, 0x64, 0xe0, 0x1, 0x77,
    0x5a, 0x1, 0x51, 0x0, 0x78, 0x46, 0x30, 0x9,
    0x18, 0x3, 0xff, 0x90, 0x75, 0x55, 0x80, 0x7f,
    0x33, 0x8, 0xc8, 0x8e, 0x20, 0x1f, 0x14, 0x4b,
    0x44, 0x40, 0x1f, 0xab, 0x3c, 0x33, 0x1e, 0x60,
    0x1f, 0x74, 0x30, 0x44, 0x1, 0xc0, 0x3e, 0x44,
    0x7a, 0xa2, 0x5, 0xc0, 0x3f, 0xaf, 0x0, 0x2,
    0x20, 0xc4, 0x0, 0xe4, 0x37, 0x1, 0x3, 0x2,
    0x0, 0xe4, 0xb9, 0x11, 0x20, 0x8, 0x0, 0x88,
    0x60, 0x9, 0x93, 0x27, 0x53, 0x80, 0x59, 0xb1,
    0x21, 0xac, 0x9, 0xfe, 0x80, 0xb, 0xbf, 0xce,

    /* U+5230 "到" */
    0xe, 0xff, 0xf9, 0x0, 0x2d, 0x50, 0xee, 0x48,
    0x76, 0xf7, 0x13, 0x4c, 0x3, 0x86, 0x28, 0x62,
    0x44, 0x3, 0xf4, 0x2a, 0x82, 0xd8, 0x80, 0x3e,
    0x47, 0x1a, 0xcc, 0xe, 0x0, 0x7c, 0xe2, 0x5,
    0x53, 0x80, 0x20, 0x1e, 0x3e, 0xab, 0xc4, 0x3e,
    0x10, 0xf, 0x84, 0x4a, 0x82, 0x30, 0x7, 0xcf,
    0xdc, 0x91, 0xee, 0x80, 0x3e, 0x7f, 0xf5, 0x97,
    0xfc, 0x1, 0xff, 0xc4, 0x51, 0x0, 0xf0, 0xe1,
    0x4e, 0x79, 0xc1, 0x0, 0x6b, 0xee, 0x38, 0x74,
    0x71, 0x81, 0x10, 0xc4, 0x36, 0xbb, 0xfc, 0xe8,
    0x20, 0xc, 0xd2, 0x50,

    /* U+5237 "刷" */
    0x4, 0xff, 0xf8, 0xcc, 0x20, 0x9c, 0x0, 0x2e,
    0xee, 0x0, 0x72, 0x80, 0x70, 0x8f, 0x80, 0x3f,
    0x8d, 0x9b, 0x80, 0x3f, 0xdb, 0xaa, 0x9d, 0x41,
    0x0, 0xf8, 0xee, 0xd0, 0x77, 0x62, 0x0, 0xf0,
    0x86, 0x75, 0x9f, 0x79, 0x80, 0x7c, 0xe5, 0xb2,
    0x18, 0x4e, 0x1, 0xe2, 0x10, 0x22, 0x19, 0x8,
    0x7, 0xde, 0x40, 0x1f, 0xfc, 0x13, 0xe0, 0xf,
    0xb5, 0x0, 0x32, 0xa0, 0x6, 0x93, 0x60, 0xe,
    0x53, 0x2a, 0x10, 0x4, 0x71, 0x1, 0x9c, 0x9,
    0x20, 0x80, 0xe0, 0x22, 0x0, 0x76, 0x4c, 0x80,

    /* U+524D "前" */
    0x0, 0x89, 0x0, 0x3c, 0x86, 0x1, 0xe1, 0xb3,
    0x0, 0xc3, 0x48, 0x1, 0xe3, 0x7f, 0x0, 0xd0,
    0x4e, 0x1, 0x17, 0xfc, 0xe7, 0xff, 0x98, 0xff,
    0xe2, 0x26, 0xef, 0xff, 0x8, 0x80, 0x99, 0xb2,
    0x9, 0x16, 0x3c, 0x30, 0x1, 0x5c, 0xce, 0x80,
    0x5c, 0x0, 0x8, 0x7, 0x6e, 0xd0, 0x1, 0xff,
    0xc0, 0x99, 0xa0, 0x3, 0xff, 0x81, 0x99, 0x10,
    0x7, 0xff, 0x1, 0x56, 0xa0, 0xf, 0xfe, 0x7,
    0x75, 0x0, 0x1f, 0xfc, 0xe, 0xea, 0x0, 0xf,
    0x40, 0x1f, 0xfc, 0x22, 0x61, 0x20, 0xf, 0x93,
    0xe3, 0x40, 0x9, 0xd8, 0x82, 0x0, 0x2f, 0x4,
    0xff, 0x30, 0x1, 0x3f, 0xd6, 0x0,

    /* U+529B "力" */
    0x0, 0xf2, 0xf0, 0x7, 0xff, 0x6a, 0x3f, 0xf5,
    0xf, 0xff, 0xa4, 0x2a, 0xef, 0x20, 0x5d, 0xf0,
    0x88, 0x9, 0x13, 0x12, 0x27, 0x97, 0xc0, 0x3c,
    0x46, 0x1, 0xcc, 0x20, 0x1e, 0x4d, 0x0, 0xe3,
    0x30, 0x7, 0x30, 0x28, 0x7, 0x8, 0x80, 0x30,
    0xc3, 0x80, 0x70, 0x83, 0x0, 0x6b, 0x8, 0x0,
    0xe2, 0x2, 0x0, 0xa5, 0x74, 0x3, 0xca, 0x40,
    0x1, 0xb6, 0xb3, 0x0, 0x8c, 0x8e, 0xd0, 0x1,
    0x6f, 0xa8, 0x1, 0xbb, 0x70, 0x60, 0x1, 0x58,
    0x40, 0x1d, 0xbf, 0xec, 0x10,

    /* U+529F "功" */
    0x0, 0xfe, 0xb7, 0x0, 0xc5, 0x10, 0xa9, 0x85,
    0x0, 0xfe, 0xff, 0x2a, 0xbc, 0x40, 0xe, 0x20,
    0x18, 0x9d, 0xc3, 0xe, 0x5f, 0xe3, 0x9f, 0xfb,
    0x0, 0x3c, 0xf9, 0x80, 0x7c, 0xc2, 0x38, 0x7,
    0x84, 0xcc, 0x36, 0x67, 0x8, 0x7, 0xf0, 0x88,
    0x0, 0x26, 0x1, 0xf8, 0xc0, 0x80, 0x6, 0x20,
    0x18, 0x59, 0xc1, 0xc, 0x2, 0x1f, 0x4, 0x81,
    0xab, 0x10, 0xbb, 0x0, 0x4e, 0x2d, 0x67, 0x3d,
    0xac, 0xa6, 0xc0, 0x11, 0x1b, 0x7d, 0xb0, 0x81,
    0x5b, 0x88, 0x4, 0x2e, 0x1, 0xc7, 0x8b, 0x0,
    0x44, 0x70, 0x20, 0xe, 0xf7, 0xb0, 0x6, 0xea,
    0x24, 0x3, 0xd9, 0x20, 0x17, 0xfc, 0xc0,

    /* U+52A0 "加" */
    0x0, 0xb9, 0x0, 0x3f, 0xf8, 0xe8, 0x9c, 0x40,
    0x66, 0x13, 0x32, 0x18, 0xdd, 0x55, 0x76, 0x2c,
    0xc0, 0x46, 0x5f, 0x0, 0x3f, 0xb8, 0xa0, 0x5f,
    0xe0, 0xcf, 0xa1, 0x0, 0xff, 0x88, 0xc, 0x3,
    0xfc, 0x20, 0x20, 0x1f, 0xfc, 0x2, 0x0, 0xce,
    0x1, 0xfc, 0xc4, 0x0, 0x10, 0xf, 0xf6, 0x38,
    0x3, 0xc4, 0x3, 0xf9, 0xfc, 0x0, 0x26, 0x1,
    0xf8, 0xc5, 0x0, 0x4, 0x20, 0x5, 0x33, 0x38,
    0x2, 0x18, 0xc, 0xcb, 0xa0, 0xb, 0xcc, 0x10,
    0x23, 0x41, 0xe6, 0x15, 0x40, 0xe, 0xff, 0x28,
    0x26, 0x89, 0x7f, 0xac, 0x7, 0xc4, 0x1, 0x52,

    /* U+52A1 "务" */
    0x0, 0xf4, 0x8, 0x7, 0xff, 0x6, 0x90, 0x40,
    0x3f, 0xf8, 0x12, 0xa7, 0xff, 0xe8, 0x0, 0xc3,
    0x4c, 0xfd, 0xdc, 0xc1, 0x20, 0x11, 0xfb, 0xd3,
    0x20, 0x88, 0x2d, 0x34, 0x40, 0x22, 0x9d, 0x5d,
    0x8d, 0xce, 0x3d, 0x20, 0xc, 0x2e, 0x7, 0x60,
    0x46, 0x2, 0x82, 0x1, 0xd, 0x6f, 0xe9, 0x4f,
    0xfa, 0xc6, 0x7b, 0xf4, 0x45, 0x93, 0xdc, 0xa4,
    0xc3, 0x49, 0xdf, 0xde, 0x10, 0x60, 0x54, 0x43,
    0x9b, 0x22, 0x4c, 0xc3, 0x0, 0xa2, 0x38, 0x26,
    0x22, 0x9a, 0x0, 0xd9, 0x97, 0x5, 0xe6, 0x67,
    0x40, 0xf, 0x17, 0xba, 0x0, 0x63, 0xd0, 0xc,
    0x73, 0xb5, 0x0, 0x18, 0x91, 0x0, 0x16, 0x70,
    0xf3, 0x80, 0xf, 0xfd, 0xac, 0x60, 0x16, 0x6c,
    0x8, 0x4, 0x7f, 0xf4, 0x80, 0x40,

    /* U+52A8 "动" */
    0x0, 0x8, 0xf8, 0x0, 0xb8, 0x1, 0xd1, 0xdd,
    0xd0, 0x0, 0x30, 0xf, 0x47, 0xff, 0x48, 0x7,
    0xff, 0x11, 0xea, 0x4e, 0xa9, 0xe6, 0x4, 0x5f,
    0x9, 0x80, 0xc, 0xc0, 0xe3, 0xbb, 0xec, 0x69,
    0x76, 0x99, 0x3, 0x8f, 0xf8, 0x37, 0xfd, 0xc0,
    0x2, 0x10, 0xf, 0x20, 0x91, 0x1c, 0x2, 0x7d,
    0x0, 0x84, 0x1, 0xae, 0x7, 0x4, 0x0, 0x26,
    0x1, 0x3, 0x0, 0x3d, 0x0, 0xa5, 0x82, 0x1,
    0x81, 0x80, 0x82, 0x8a, 0x56, 0xa3, 0x7, 0x20,
    0x0, 0x40, 0x2a, 0xd, 0xcf, 0xf1, 0xaa, 0xb8,
    0x0, 0xc4, 0x0, 0xcf, 0xa6, 0x20, 0xc8, 0x34,
    0x22, 0x73, 0x80, 0xc, 0x3, 0x90, 0xf8, 0xf7,
    0x4d, 0x20, 0x1f, 0x93, 0x88, 0x9f, 0xed, 0x30,

    /* U+52A9 "助" */
    0x4, 0xff, 0xe2, 0x0, 0x72, 0x0, 0x71, 0xf7,
    0x40, 0x1f, 0xfc, 0x1, 0x18, 0x3, 0xfe, 0x12,
    0x28, 0x2f, 0x74, 0x37, 0xbf, 0x0, 0x2, 0xdd,
    0x83, 0x2e, 0xc0, 0xd6, 0x4, 0x0, 0x3f, 0xf8,
    0x1d, 0x9c, 0x21, 0x9c, 0xc0, 0x3f, 0x8c, 0x4,
    0x4, 0x2, 0x3f, 0xf8, 0x2, 0x62, 0x0, 0x18,
    0x80, 0xb, 0x76, 0x0, 0xb1, 0x0, 0x2f, 0x0,
    0x9, 0x14, 0x2, 0xb, 0x80, 0x1, 0x0, 0x85,
    0x1e, 0x83, 0x50, 0x94, 0x0, 0xe2, 0x96, 0x55,
    0xba, 0xcf, 0x98, 0x0, 0x88, 0x8d, 0x3b, 0xd4,
    0xe5, 0xa2, 0xe2, 0x48, 0x2c, 0x4c, 0x40, 0x14,
    0xbe, 0x83, 0x6d, 0xb1, 0x0, 0x7a, 0x2c, 0x41,
    0xff, 0xd2, 0x0,

    /* U+52AA "努" */
    0x0, 0xff, 0xe3, 0xae, 0x80, 0x7f, 0xf0, 0xb9,
    0x40, 0x29, 0xff, 0xe6, 0x3, 0xdf, 0x47, 0xdf,
    0xbb, 0x17, 0x7f, 0x81, 0x40, 0xfc, 0xcd, 0xbe,
    0x46, 0x42, 0x80, 0xa2, 0x60, 0x6, 0x3f, 0x20,
    0x29, 0x9, 0x81, 0x88, 0x0, 0x76, 0xc7, 0xb8,
    0x82, 0xb7, 0x33, 0x0, 0x24, 0xfa, 0x72, 0xf0,
    0x1, 0x30, 0x38, 0x6, 0x38, 0xb6, 0xa9, 0x69,
    0xd4, 0xd0, 0xe7, 0x3, 0xd1, 0xc9, 0x5e, 0x31,
    0xc9, 0x2c, 0xb0, 0x1, 0xf4, 0x10, 0x8d, 0x5c,
    0x42, 0x32, 0x38, 0x1, 0x7b, 0xb8, 0x27, 0xbb,
    0x60, 0x4, 0xbf, 0xf8, 0xd7, 0xff, 0x3b, 0x0,
    0x7d, 0x45, 0x0, 0x18, 0xcc, 0x1, 0x8e, 0x39,
    0xb0, 0x80, 0x40, 0x53, 0x40, 0x2d, 0xd1, 0x56,
    0x10, 0x2, 0x7f, 0x8d, 0x40, 0x2c, 0xea, 0x40,
    0xd, 0x1f, 0xec, 0x0, 0x80,

    /* U+52B1 "励" */
    0x6, 0xff, 0xf8, 0x89, 0xe0, 0x1c, 0x7d, 0xde,
    0x21, 0x10, 0x7, 0x38, 0x8f, 0x80, 0x3f, 0x3c,
    0x47, 0x31, 0xa0, 0x9a, 0x90, 0x0, 0x44, 0xee,
    0x11, 0xb6, 0x3, 0x6a, 0x40, 0xd, 0x30, 0xb3,
    0x27, 0xea, 0x3e, 0x91, 0x0, 0xe5, 0xef, 0x40,
    0x36, 0x1, 0x0, 0x84, 0x39, 0x70, 0x40, 0x1c,
    0x61, 0xe6, 0x2, 0x0, 0x3c, 0x23, 0x70, 0x3e,
    0x0, 0xdc, 0x40, 0xe4, 0x6, 0x20, 0xa8, 0x2,
    0x20, 0x3e, 0x12, 0x50, 0x13, 0x30, 0x18, 0x1f,
    0x83, 0x93, 0x98, 0x80, 0x6, 0x5c, 0x0, 0xc2,
    0x22, 0x5b, 0xa0, 0x42, 0x45, 0x80, 0x13, 0x55,
    0x32, 0x33, 0x36, 0xeb, 0xa8, 0x7b, 0x88, 0x69,
    0x2b, 0x61, 0xbe, 0xf4, 0xa1, 0xdf, 0x60,

    /* U+52BF "势" */
    0x0, 0xb1, 0x40, 0x37, 0x18, 0x7, 0x17, 0xf8,
    0xeb, 0xeb, 0xfc, 0x39, 0xfe, 0x30, 0x1, 0x6e,
    0x86, 0x36, 0xfb, 0x81, 0xbc, 0x2, 0x1, 0x11,
    0x8e, 0x5b, 0x64, 0x81, 0x8, 0x80, 0x24, 0xee,
    0x2, 0xa, 0x43, 0x80, 0x81, 0x88, 0x1, 0x6b,
    0x8e, 0xa0, 0xdc, 0x1, 0xe6, 0x2f, 0x22, 0x25,
    0x51, 0x8, 0x2e, 0x3f, 0xb2, 0xa4, 0x38, 0x81,
    0x7b, 0xa8, 0x6b, 0xc0, 0x43, 0x4a, 0x58, 0x0,
    0x7f, 0x55, 0x19, 0xd1, 0x33, 0xd2, 0x80, 0x16,
    0x67, 0x8, 0xa6, 0x7a, 0x80, 0x27, 0xdd, 0xa8,
    0x7f, 0x77, 0x17, 0x0, 0x79, 0xa2, 0xc0, 0x38,
    0x94, 0x2, 0x15, 0xc9, 0xa5, 0x1, 0x10, 0x30,
    0x18, 0x0, 0xba, 0x13, 0x94, 0x0, 0xdd, 0xf3,
    0x20, 0x8, 0xbb, 0x60, 0x40, 0x27, 0xff, 0x98,
    0x2,

    /* U+5305 "包" */
    0x0, 0xc6, 0x40, 0x1f, 0xfc, 0x2d, 0x50, 0xf,
    0xfe, 0xb, 0x8a, 0x19, 0xf9, 0x8, 0x3, 0x14,
    0x6, 0x67, 0xd7, 0x20, 0x1b, 0xd7, 0xff, 0xf3,
    0x88, 0x0, 0x70, 0x9, 0x13, 0x84, 0x0, 0x20,
    0x12, 0x8f, 0x3d, 0x4c, 0xd6, 0xa0, 0x11, 0x80,
    0x13, 0x48, 0x3f, 0x76, 0x10, 0x8, 0xc4, 0x3,
    0xff, 0x84, 0x3e, 0x1, 0xeb, 0x99, 0x84, 0x2,
    0x61, 0x0, 0xf1, 0x88, 0xce, 0xe4, 0x52, 0x50,
    0xf, 0x44, 0x70, 0xcc, 0x31, 0x80, 0x7f, 0xc5,
    0xba, 0x92, 0xc0, 0x8, 0x41, 0x88, 0xbf, 0x59,
    0x0, 0x69, 0xad, 0xdf, 0xc9, 0x40,

    /* U+5316 "化" */
    0x0, 0xc2, 0x20, 0xf, 0xfe, 0x14, 0x50, 0x3,
    0xd4, 0x3, 0xf8, 0x5b, 0xc0, 0x3f, 0xf8, 0x34,
    0x28, 0x1, 0xf5, 0x28, 0x4, 0xa8, 0xc0, 0x1f,
    0x42, 0xb0, 0x0, 0xac, 0x34, 0x3, 0xcc, 0xf2,
    0x60, 0x58, 0xa2, 0x1, 0xe7, 0x99, 0x30, 0x0,
    0x4a, 0x80, 0x3d, 0x71, 0x6c, 0x1, 0x1e, 0x8,
    0x6, 0x20, 0x1d, 0x40, 0xf, 0xf3, 0xe8, 0x49,
    0x0, 0x7f, 0xae, 0x68, 0xc, 0x3, 0x20, 0x7,
    0xab, 0x94, 0x3, 0x86, 0xc8, 0x3, 0x84, 0x3,
    0xe3, 0x2, 0x0, 0xfc, 0x38, 0x67, 0x59, 0x0,
    0x7f, 0x4b, 0x66, 0x4f, 0x0,

    /* U+5319 "匙" */
    0x3, 0xfd, 0xdd, 0xe6, 0x6e, 0x0, 0xf8, 0x77,
    0x70, 0x80, 0x7f, 0x87, 0x77, 0x8, 0x7, 0xc,
    0x0, 0x43, 0xbb, 0x84, 0x3, 0x3f, 0x18, 0x80,
    0x7, 0x77, 0x8, 0x0, 0x7f, 0x31, 0x62, 0x7,
    0xfb, 0xbb, 0xcc, 0x1, 0x96, 0x60, 0x13, 0xbf,
    0xf0, 0x98, 0x7, 0x77, 0x53, 0x1d, 0xd0, 0x7,
    0xe9, 0x3b, 0xb1, 0x4c, 0xce, 0x1, 0x88, 0xc0,
    0xa, 0x0, 0x2d, 0xd5, 0x0, 0x80, 0x49, 0x0,
    0x20, 0xa0, 0x5b, 0xaa, 0x21, 0xee, 0xa7, 0x41,
    0x6, 0x70, 0x3, 0xf, 0x66, 0xeb, 0x98, 0x3d,
    0xb5, 0x89, 0x48, 0x40, 0x4, 0x66, 0x10, 0x14,
    0x93, 0xe8, 0xec, 0xef, 0xff, 0x50, 0xf8, 0x80,
    0xbd, 0xf7, 0xff, 0xd4,

    /* U+533A "区" */
    0x4f, 0xff, 0xfe, 0x8, 0x0, 0x77, 0x7f, 0xf8,
    0x0, 0x11, 0x17, 0xe4, 0x82, 0x20, 0x6, 0x5a,
    0x0, 0xc3, 0x1e, 0x1, 0xe5, 0x1d, 0x20, 0x5,
    0x2a, 0x80, 0x3e, 0xb4, 0xc3, 0x75, 0xa0, 0xf,
    0xe9, 0x6c, 0x8a, 0x10, 0xf, 0xf6, 0x0, 0x4,
    0x3, 0xfc, 0xb7, 0x13, 0x4c, 0x1, 0xfa, 0x2a,
    0x5d, 0xa6, 0x4c, 0x1, 0xec, 0x7b, 0x60, 0x3,
    0x4c, 0x8c, 0x3, 0xa7, 0x50, 0x3, 0x35, 0x18,
    0x6, 0x27, 0x2, 0x2f, 0x39, 0x10, 0x40, 0x77,
    0x7f, 0xf8, 0xe,

    /* U+5341 "十" */
    0x0, 0xf3, 0x70, 0x7, 0xff, 0xdd, 0x13, 0xda,
    0x28, 0x9e, 0x29, 0xbb, 0xe4, 0xb, 0xbf, 0x26,
    0xff, 0xf4, 0x8f, 0xff, 0x98, 0x3, 0xff, 0xfe,
    0x1, 0xff, 0xc3,

    /* U+5348 "午" */
    0x0, 0x94, 0x80, 0x3f, 0xf8, 0x3, 0x4c, 0x1,
    0xff, 0xc0, 0x60, 0x2, 0x27, 0xe0, 0x8, 0x60,
    0x2a, 0x97, 0x6a, 0xae, 0x20, 0x4, 0x17, 0xf7,
    0x24, 0xbb, 0xb8, 0x81, 0x5a, 0x40, 0x3f, 0xf8,
    0x7, 0x8, 0x1, 0xff, 0xc0, 0x76, 0x11, 0xe2,
    0x11, 0xf0, 0x7f, 0x77, 0x40, 0x77, 0x79, 0xbf,
    0x77, 0x9c, 0x37, 0x7c, 0xc2, 0x45, 0xdc, 0x45,
    0xf0, 0x7, 0xff, 0xc4,

    /* U+5355 "单" */
    0x0, 0xc2, 0x1, 0xe1, 0x0, 0xf1, 0xf1, 0x80,
    0x66, 0xf0, 0xf, 0x1b, 0xf0, 0x6, 0x8b, 0x0,
    0xe7, 0x91, 0x29, 0x9b, 0xc7, 0x24, 0xc0, 0x2a,
    0x3e, 0x8e, 0x65, 0x88, 0x73, 0xb0, 0x6, 0xf7,
    0x78, 0x65, 0xde, 0x0, 0xf5, 0x7f, 0xc3, 0x5f,
    0xf0, 0x80, 0x75, 0x7f, 0xc1, 0x5f, 0xf0, 0x80,
    0x78, 0x46, 0x3, 0x11, 0x80, 0x38, 0x6b, 0xba,
    0x9, 0xee, 0x84, 0x3, 0x67, 0xfe, 0x1a, 0xff,
    0xca, 0xd, 0xff, 0xe1, 0xaf, 0xfe, 0xd7, 0xcc,
    0xf0, 0x3e, 0x67, 0x78, 0x99, 0xf8, 0x74, 0xcf,
    0x88, 0x3, 0xff, 0x86,

    /* U+535C "卜" */
    0x1f, 0x40, 0xf, 0xfe, 0xd9, 0x0, 0x7f, 0x4f,
    0x38, 0x80, 0x7a, 0xe2, 0xba, 0x4, 0x3, 0x9b,
    0x69, 0x7a, 0x0, 0x3c, 0xbb, 0x2a, 0x20, 0x1f,
    0x36, 0x88, 0x7, 0xff, 0x70,

    /* U+5360 "占" */
    0x0, 0xc3, 0xe4, 0x1, 0xff, 0xcd, 0x73, 0x3e,
    0x20, 0xf, 0x56, 0xef, 0x50, 0x7, 0xb7, 0xbb,
    0xa0, 0x3, 0xff, 0x9d, 0x1f, 0xf7, 0x6, 0xff,
    0xe8, 0x0, 0x26, 0xef, 0xe3, 0x0, 0x84, 0x8b,
    0xf3, 0x80, 0x7f, 0xf4, 0x57, 0xff, 0xf2, 0x0,
    0x47, 0xbb, 0xf8, 0x80, 0x11, 0x84, 0x5f, 0xb6,
    0x0,

    /* U+5373 "即" */
    0x4f, 0xfe, 0xb0, 0xef, 0xfc, 0xe0, 0xe, 0xe9,
    0xc0, 0x29, 0xdd, 0x1f, 0x80, 0x8e, 0xf0, 0x8,
    0xc8, 0x8c, 0x0, 0x13, 0x3b, 0x0, 0x3f, 0xdb,
    0xb2, 0x0, 0x7f, 0xf, 0x75, 0x0, 0x1f, 0xc2,
    0x45, 0x78, 0x7, 0xfb, 0x76, 0x70, 0xf, 0xe1,
    0xff, 0x77, 0xd8, 0x7, 0xfd, 0x8a, 0x1, 0xff,
    0xc0, 0xba, 0x0, 0xd3, 0xeb, 0x82, 0x25, 0xa9,
    0x8, 0x0, 0xa3, 0x7d, 0x28, 0x27, 0x3a, 0xd8,
    0x2, 0x12, 0x0, 0x4e, 0xe3, 0xa, 0x78, 0x7,
    0xc0,

    /* U+5374 "却" */
    0x0, 0xdc, 0x80, 0x17, 0x7f, 0xe8, 0x0, 0xff,
    0x56, 0xe8, 0xc0, 0x15, 0xfe, 0x1b, 0xfc, 0x0,
    0x31, 0x11, 0x80, 0x11, 0x98, 0x8, 0xce, 0x0,
    0xfc, 0x46, 0x61, 0x33, 0x10, 0x7, 0xff, 0x29,
    0x3f, 0xe1, 0xbf, 0xf2, 0x0, 0x79, 0x37, 0x4c,
    0x1b, 0xb2, 0x0, 0x7c, 0x44, 0x48, 0x35, 0x20,
    0xf, 0xe4, 0x37, 0x19, 0x30, 0xf, 0xe8, 0x80,
    0x1, 0xfc, 0x2, 0x45, 0x6f, 0xa, 0x3d, 0xd7,
    0xb1, 0x88, 0x0, 0xe1, 0xd8, 0x15, 0x5d, 0xff,
    0x31, 0x0, 0x1f, 0x6c, 0x43, 0xe9, 0x48, 0x1,
    0x26, 0x1, 0xe0,

    /* U+5382 "厂" */
    0x0, 0x13, 0xa2, 0x7f, 0xc0, 0x15, 0x45, 0xdf,
    0xfc, 0x20, 0x12, 0x7f, 0xff, 0xc2, 0x1, 0xff,
    0xe6, 0x10, 0xf, 0xfe, 0x20, 0x80, 0x7f, 0xf0,
    0x88, 0x80, 0x1f, 0xfc, 0x26, 0xf0, 0xf, 0xfe,
    0x11, 0x18, 0x7, 0xff, 0x5, 0x1, 0x0, 0x3f,
    0xf8, 0x3e, 0x80, 0x1f, 0xfc, 0x25, 0x80, 0xf,
    0xfe, 0x17, 0x98, 0x7, 0xff, 0x4,

    /* U+538B "压" */
    0x2, 0xff, 0xff, 0xe0, 0xc0, 0x5, 0xbb, 0xff,
    0xc0, 0x90, 0x8, 0x8b, 0x82, 0xc8, 0xb8, 0x40,
    0x3f, 0x33, 0x80, 0x7f, 0xf3, 0x88, 0xcf, 0x9,
    0x9e, 0x20, 0xe, 0x8c, 0xca, 0x3, 0x33, 0x40,
    0x0, 0x44, 0x15, 0xff, 0x58, 0xff, 0xea, 0x0,
    0x39, 0x80, 0x7e, 0x78, 0x0, 0xc4, 0xc0, 0x1f,
    0x99, 0x64, 0x2, 0xf2, 0x0, 0xfc, 0x3e, 0x82,
    0x0, 0x5f, 0x0, 0xfe, 0x2d, 0x10, 0x23, 0x78,
    0xbb, 0xe1, 0xbb, 0xe4, 0x64, 0x1d, 0xcc, 0xd1,
    0xc, 0xce, 0x74, 0xb0, 0x57, 0x7f, 0xf8, 0xc0,

    /* U+539A "厚" */
    0x0, 0x5f, 0xff, 0xff, 0x1, 0x40, 0x25, 0xdd,
    0xff, 0x94, 0x2, 0x22, 0x7f, 0xfe, 0x92, 0x0,
    0xf1, 0x66, 0xef, 0x72, 0x80, 0x7e, 0xdc, 0xce,
    0xe0, 0xf, 0x78, 0x3, 0x73, 0x3b, 0x80, 0x3f,
    0xe, 0x6e, 0xf7, 0x18, 0x6, 0x71, 0xe, 0xdd,
    0xfc, 0x1, 0x84, 0x87, 0xbb, 0xdf, 0xec, 0x0,
    0xc4, 0xe3, 0xdd, 0x78, 0x93, 0xe6, 0x0, 0x23,
    0x6, 0xcc, 0xde, 0x2, 0x9f, 0x98, 0x60, 0x43,
    0x4e, 0xed, 0x41, 0xdd, 0xce, 0x15, 0x62, 0x45,
    0x94, 0xc, 0x8b, 0x8, 0xcc, 0x1, 0x3f, 0xf2,
    0x0, 0x78, 0x70, 0x40, 0x27, 0xff, 0x58, 0x7,
    0x80,

    /* U+53CC "双" */
    0x2, 0x33, 0xc8, 0x6, 0x7c, 0x82, 0x0, 0xcc,
    0xeb, 0x3c, 0xce, 0xb8, 0x0, 0x77, 0xfd, 0xa0,
    0x6c, 0xff, 0xf1, 0xf8, 0x0, 0x44, 0x0, 0x72,
    0xf, 0x30, 0x8, 0x88, 0x0, 0x8a, 0x0, 0x6b,
    0x82, 0xa8, 0x0, 0x42, 0xa0, 0x9, 0x69, 0x4,
    0xc0, 0x31, 0x30, 0xa4, 0x10, 0xb, 0xd9, 0x86,
    0x80, 0x4, 0x40, 0x2e, 0x80, 0x62, 0x99, 0x1,
    0x0, 0x36, 0x94, 0x9c, 0x3, 0x98, 0x3, 0x9c,
    0xa9, 0xc4, 0x3, 0x94, 0x0, 0xc0, 0x1, 0x0,
    0x48, 0x7, 0xa1, 0xe2, 0x0, 0x3, 0x0, 0x20,
    0x7, 0x48, 0x43, 0x99, 0xd8, 0xd1, 0x46, 0x1,
    0x3b, 0x70, 0x3, 0x57, 0x1a, 0x5d, 0x75, 0x40,
    0xa6, 0xcc, 0x0, 0x93, 0x30, 0x2, 0x9a, 0x88,
    0x9e, 0x80, 0x12, 0x73, 0x0, 0x68, 0xe2,

    /* U+53D1 "发" */
    0x0, 0xf9, 0xd0, 0x0, 0x40, 0x1f, 0x4d, 0x80,
    0x24, 0xc0, 0x1f, 0x0, 0x1e, 0x7d, 0x0, 0x9,
    0x80, 0x3d, 0x98, 0x1, 0x94, 0x18, 0x10, 0x14,
    0x0, 0x5a, 0x80, 0x1a, 0x87, 0xfd, 0x61, 0xdf,
    0xf6, 0x6f, 0x0, 0x55, 0x99, 0x1, 0xe6, 0x7c,
    0x1, 0x29, 0x98, 0x1, 0x6, 0x7e, 0x20, 0xf,
    0x40, 0x5f, 0xff, 0x28, 0x7, 0x89, 0x2, 0xf3,
    0x28, 0x4, 0x0, 0xf7, 0x13, 0x71, 0x9d, 0x6c,
    0x20, 0x1d, 0x7, 0xd2, 0xee, 0x9, 0x28, 0x0,
    0xe7, 0x75, 0x18, 0x74, 0x7b, 0x68, 0x80, 0x6a,
    0x89, 0x50, 0xe, 0x11, 0x0, 0x61, 0x6c, 0x60,
    0x3a, 0xc6, 0xd4, 0xda, 0x40, 0x0, 0xe1, 0x86,
    0x69, 0x6c, 0x95, 0x69, 0xd7, 0x90, 0x6, 0xde,
    0x82, 0x0, 0x8a, 0x7b, 0x48,

    /* U+53D6 "取" */
    0x3f, 0xff, 0x90, 0x3, 0xe3, 0xa0, 0xcc, 0x58,
    0x5d, 0x6e, 0xef, 0x90, 0x3, 0x81, 0x99, 0x41,
    0x68, 0xae, 0x64, 0x40, 0x1c, 0x45, 0x0, 0x11,
    0x6, 0x88, 0x6f, 0x0, 0xd9, 0x90, 0x4, 0x7a,
    0x0, 0x55, 0x0, 0x6e, 0xe8, 0x2, 0xc4, 0x3,
    0x3, 0x0, 0xff, 0x21, 0x85, 0xa0, 0x7, 0x7f,
    0xb8, 0x3, 0x23, 0x33, 0x80, 0x3b, 0xb9, 0xa0,
    0x1b, 0xa4, 0x10, 0x3, 0x84, 0x46, 0xa, 0x40,
    0x80, 0x80, 0x10, 0xa8, 0x4d, 0xf0, 0x53, 0x84,
    0x83, 0x80, 0x45, 0x47, 0xdc, 0xc0, 0xf5, 0x53,
    0xe0, 0xd0, 0x0, 0xf7, 0x1d, 0x48, 0x0, 0xd5,
    0x43, 0xd4, 0xb1, 0x0, 0xfd, 0xb6, 0xa0, 0x3e,
    0x22, 0x0, 0xe1, 0xf1, 0xb4, 0x0, 0x86, 0x80,

    /* U+53EF "可" */
    0x4, 0x4f, 0xfe, 0x10, 0xd, 0x57, 0xfd, 0x76,
    0xa2, 0x1e, 0xef, 0xf8, 0x33, 0x88, 0x3, 0xff,
    0x8c, 0xff, 0xfe, 0x10, 0xf, 0xe1, 0xcc, 0xac,
    0x3, 0xfe, 0x53, 0x39, 0x40, 0x3f, 0xfb, 0xe9,
    0xff, 0x70, 0x7, 0xfc, 0x39, 0x9c, 0x20, 0x1f,
    0x92, 0xcc, 0xf8, 0x3, 0xf8, 0xd4, 0x3, 0x9,
    0x99, 0x40, 0x40, 0x3f, 0xc7, 0x98, 0xa4, 0x20,
    0xf, 0xf1, 0x7f, 0xd6, 0x1, 0x0,

    /* U+53F6 "叶" */
    0x0, 0xfe, 0xf4, 0x0, 0xd3, 0xff, 0x84, 0x3,
    0xf8, 0xd7, 0x74, 0x6, 0x1, 0xfe, 0xd2, 0x20,
    0x7, 0xff, 0x4f, 0x7f, 0xe0, 0xbf, 0xfa, 0x0,
    0x3a, 0xb3, 0x20, 0x7c, 0xca, 0x80, 0x39, 0xcc,
    0xe0, 0xc3, 0x38, 0x80, 0x3f, 0xf8, 0x91, 0xfe,
    0x0, 0xff, 0xe0, 0x2e, 0xec, 0x40, 0x1f, 0xdd,
    0x24, 0x50, 0x7, 0xf9, 0xc, 0x3, 0xff, 0xa0,

    /* U+5408 "合" */
    0x0, 0xfc, 0x60, 0x1f, 0xfc, 0x23, 0xc4, 0x0,
    0xff, 0xe0, 0x1e, 0x7, 0x80, 0x7f, 0xcb, 0x8f,
    0xcf, 0x84, 0x1, 0xfa, 0x6a, 0x60, 0x71, 0x75,
    0x80, 0x39, 0x79, 0xa9, 0x8, 0xab, 0x89, 0xd5,
    0x0, 0x65, 0x31, 0x56, 0xef, 0x45, 0x2d, 0x30,
    0x77, 0x23, 0x7f, 0xfe, 0x58, 0xe6, 0x2, 0x11,
    0x11, 0x7f, 0x0, 0x80, 0x6b, 0xdd, 0xfe, 0x40,
    0xf, 0x37, 0xff, 0xc0, 0x1f, 0xfd, 0xb1, 0x6f,
    0xff, 0x80, 0x3e, 0x13, 0xdd, 0xf8, 0x3, 0xea,
    0xc2, 0x2f, 0xbd, 0x0, 0x0,

    /* U+5409 "吉" */
    0x0, 0xfb, 0x94, 0x3, 0xe2, 0x2f, 0xe, 0x91,
    0x70, 0x9e, 0xef, 0x81, 0xf7, 0x7a, 0xcf, 0xff,
    0xc3, 0x5f, 0xfd, 0x40, 0x1f, 0xfc, 0x42, 0xbb,
    0xe1, 0xab, 0xbd, 0x40, 0x3, 0xcc, 0xe8, 0x86,
    0x67, 0x0, 0x5, 0xdf, 0xfe, 0x60, 0x8, 0xff,
    0xff, 0xc8, 0x1, 0xdb, 0xbf, 0x80, 0x3e, 0x22,
    0xfc, 0x1, 0xff, 0xca, 0x44, 0xfc, 0x1, 0xf4,
    0xcf, 0xe0, 0x8,

    /* U+540E "后" */
    0x0, 0xff, 0xe0, 0x11, 0x0, 0x38, 0x48, 0xd5,
    0xa2, 0xb3, 0xf7, 0x80, 0x37, 0xf6, 0x74, 0xe0,
    0xec, 0xe7, 0xe0, 0x6, 0x65, 0xed, 0xca, 0x97,
    0x53, 0x0, 0xff, 0xe5, 0xaf, 0xff, 0xfc, 0x80,
    0x12, 0x6e, 0xff, 0xc8, 0x0, 0x32, 0x2f, 0xfe,
    0x0, 0x4, 0x22, 0x2c, 0xcf, 0xe3, 0x0, 0x9b,
    0x84, 0xe6, 0x7e, 0x37, 0x0, 0x88, 0x80, 0x5,
    0x5f, 0x80, 0x31, 0x82, 0x0, 0x7f, 0xf0, 0x6d,
    0x0, 0x3f, 0xf8, 0x22, 0xdc, 0x1, 0x77, 0x7c,
    0x1, 0x1a, 0xa8, 0x2, 0xaa, 0xf8, 0x2, 0x2b,
    0x0, 0x1f, 0xa2, 0x7d, 0xe8, 0x0,

    /* U+542C "听" */
    0x0, 0xff, 0xe0, 0x18, 0x7, 0xf8, 0x56, 0xbb,
    0x10, 0x23, 0xfe, 0xe0, 0x3f, 0xe9, 0x2a, 0xf4,
    0x1, 0x3c, 0x90, 0xd, 0xf9, 0x8, 0x1, 0x94,
    0xc8, 0x3, 0xff, 0x8e, 0x89, 0xe1, 0x0, 0xfd,
    0x55, 0x5d, 0xa9, 0x0, 0x3c, 0xe1, 0xdd, 0xd,
    0xf2, 0x80, 0x7f, 0xf2, 0x48, 0x80, 0x1f, 0x9b,
    0xec, 0x1, 0xee, 0x1, 0xf8, 0xb3, 0x1a, 0x9,
    0xa0, 0x1f, 0x6c, 0x99, 0xc4, 0x45, 0x0, 0xf9,
    0x10, 0x1, 0x41, 0x90, 0x7, 0xff, 0x7, 0xc0,
    0x3f, 0x0,

    /* U+542F "启" */
    0x0, 0xf8, 0xc8, 0x3, 0xff, 0x83, 0x5c, 0x1,
    0xf8, 0x50, 0x8a, 0xd3, 0x42, 0x2c, 0x1, 0x35,
    0xee, 0xd6, 0x17, 0xbb, 0x80, 0x31, 0xff, 0xfe,
    0xb0, 0xf, 0xfe, 0x41, 0xff, 0xfe, 0xb0, 0xe,
    0x1d, 0xdf, 0xf0, 0x5, 0xe8, 0x45, 0xfe, 0x0,
    0x88, 0x8f, 0xff, 0xfc, 0x60, 0x6, 0xe0, 0x4d,
    0xdf, 0x81, 0xc0, 0x6, 0xa0, 0x2, 0x2f, 0x80,
    0x25, 0x13, 0x0, 0xff, 0xe0, 0x4b, 0x0, 0x13,
    0xff, 0xe0, 0x1, 0xc, 0x80, 0xb, 0x77, 0xe0,
    0x1, 0x68, 0x83, 0xe9, 0x17, 0xde, 0x80,

    /* U+5440 "呀" */
    0x0, 0xec, 0xff, 0xfc, 0x13, 0xff, 0x74, 0xcf,
    0x81, 0x24, 0xd, 0x72, 0x81, 0x75, 0x59, 0xa1,
    0xf6, 0x0, 0x69, 0xb0, 0x1, 0x4, 0x3, 0xff,
    0x80, 0x40, 0x40, 0x1f, 0xfc, 0x7, 0x3, 0x3c,
    0x26, 0x61, 0x0, 0xe2, 0xc, 0xcc, 0x11, 0x88,
    0x1, 0xcf, 0xff, 0x58, 0x2, 0xfd, 0x40, 0x3f,
    0x1d, 0x50, 0x40, 0x34, 0x7e, 0x0, 0x47, 0xb0,
    0xa0, 0x1c, 0x99, 0x8d, 0x6, 0xcb, 0x60, 0xe,
    0xe8, 0x33, 0xd, 0xc6, 0x28, 0x7, 0x90, 0xc0,
    0x22, 0xf3, 0x22, 0x18, 0x80, 0x7c, 0x52, 0x20,
    0x9b, 0x86, 0x80, 0x1f, 0xe6, 0xff, 0x60, 0x4,

    /* U+5446 "呆" */
    0x0, 0x1f, 0xff, 0xf9, 0x0, 0x3d, 0xdd, 0xf8,
    0x3, 0xf0, 0x8f, 0xe0, 0xf, 0xfe, 0x66, 0xef,
    0xe0, 0xf, 0x1d, 0xcc, 0xc4, 0xf3, 0x35, 0xa8,
    0x7, 0x22, 0x61, 0xc4, 0x4c, 0x20, 0x12, 0x27,
    0x87, 0x11, 0x38, 0x80, 0x66, 0x7a, 0xc1, 0x6e,
    0x67, 0x58, 0xe, 0xee, 0xa1, 0x2, 0x26, 0x6e,
    0xd2, 0x1, 0xd5, 0x4c, 0x1b, 0xaf, 0x60, 0xf,
    0x2f, 0xe, 0x10, 0x1, 0xea, 0x2d, 0x0, 0x9,
    0xd7, 0x16, 0x20, 0x19, 0x3c, 0xef, 0x1, 0x2f,
    0x98, 0x3, 0xe1, 0x8f, 0xe0,

    /* U+544A "告" */
    0x0, 0x96, 0xc0, 0xb, 0xc0, 0x1f, 0xe8, 0x12,
    0x28, 0x48, 0xb0, 0x80, 0x65, 0x25, 0xdd, 0x40,
    0x6e, 0xec, 0x0, 0x8a, 0xeb, 0xfe, 0xa1, 0xff,
    0xda, 0x1, 0x53, 0x28, 0x7, 0xff, 0x4, 0x89,
    0x55, 0xc3, 0x55, 0xe0, 0x6, 0xef, 0xa2, 0x1b,
    0xbe, 0x0, 0x3b, 0xff, 0xf0, 0x80, 0x23, 0xff,
    0xff, 0x18, 0x7, 0xb7, 0x7f, 0x3, 0x80, 0x78,
    0x8b, 0xf0, 0x7, 0xff, 0x33, 0x77, 0xf0, 0x7,
    0xe9, 0x9f, 0xc0, 0x1e, 0x3f, 0x44, 0xfd, 0xe8,
    0x0,

    /* U+547D "命" */
    0x0, 0xf8, 0x88, 0x1, 0xff, 0xc1, 0x1d, 0xd0,
    0x7, 0xff, 0x0, 0xfd, 0xa, 0x40, 0x3f, 0xcf,
    0x93, 0x78, 0xba, 0x60, 0x1e, 0x5d, 0x99, 0x29,
    0x1f, 0x3e, 0x51, 0x80, 0x13, 0xe2, 0xe2, 0x77,
    0x72, 0xe8, 0xe6, 0x1, 0x2f, 0x59, 0x9f, 0xfe,
    0x2b, 0xee, 0x0, 0x17, 0xff, 0x58, 0x47, 0xfe,
    0xb2, 0x0, 0xdd, 0xc9, 0x70, 0x2, 0xee, 0x98,
    0x40, 0x38, 0x44, 0x60, 0x18, 0x89, 0xc0, 0x1f,
    0xfc, 0xa6, 0x66, 0x0, 0x7f, 0xf0, 0x77, 0x44,
    0x80, 0x12, 0x7c, 0x60, 0x7, 0x5d, 0xd0, 0x1,
    0x27, 0x7b, 0x80, 0x43, 0xe0, 0x1f, 0x84, 0x3,
    0x0,

    /* U+54CD "响" */
    0x0, 0xfe, 0x75, 0x0, 0x84, 0x8a, 0x0, 0xc3,
    0x0, 0x1a, 0x37, 0x63, 0x0, 0x9c, 0x54, 0x3,
    0x47, 0x90, 0x1f, 0xfa, 0x47, 0xff, 0x0, 0x78,
    0x7b, 0xbb, 0x40, 0x3f, 0x8, 0xf1, 0x0, 0x7f,
    0x7f, 0x73, 0x0, 0x3f, 0xc5, 0xdc, 0x20, 0xf,
    0xfe, 0x9c, 0x71, 0x0, 0x62, 0x33, 0x0, 0x64,
    0xab, 0x30, 0xd, 0x32, 0x70, 0x6, 0x7a, 0x20,
    0x3, 0x3d, 0x52, 0x40, 0xa, 0x80, 0x1e, 0x80,
    0x0, 0x90, 0x80, 0x78, 0xc0, 0x33, 0xeb, 0x80,

    /* U+54E6 "哦" */
    0x1, 0x0, 0xe2, 0x7c, 0x5d, 0x26, 0x0, 0xbb,
    0xfd, 0xd7, 0xdb, 0x7e, 0xc0, 0x54, 0xc0, 0x17,
    0xf0, 0x7e, 0xf, 0x98, 0x5, 0xd6, 0x1, 0xe4,
    0x20, 0xc, 0x60, 0x5a, 0x1, 0xc3, 0xdc, 0x1c,
    0xec, 0x1e, 0xe8, 0x80, 0x30, 0xee, 0x82, 0x76,
    0xc3, 0x76, 0x20, 0xe, 0x33, 0xa, 0x9a, 0x1,
    0xd5, 0x80, 0x7e, 0x14, 0x83, 0x2, 0x6a, 0x0,
    0xe1, 0x9d, 0x8, 0x11, 0x17, 0x29, 0x0, 0x5f,
    0xc0, 0x8, 0xc, 0x92, 0x3, 0xb0, 0xd, 0xff,
    0x4a, 0x88, 0x4, 0x40, 0x22, 0x0, 0x28, 0x7,
    0xeb, 0x12, 0x8, 0x30, 0xa0, 0x8, 0x46, 0x7c,
    0xf, 0x36, 0x51, 0x0, 0xec, 0xe3, 0x54, 0xb1,
    0xa9, 0x2, 0x0, 0xed, 0xfc, 0x18, 0x0, 0x27,
    0xe0, 0x0,

    /* U+5531 "唱" */
    0x13, 0x22, 0x8, 0x7f, 0xfc, 0x93, 0x9b, 0xac,
    0x0, 0x6f, 0xfe, 0x10, 0x0, 0xdb, 0x80, 0x42,
    0x3c, 0x1, 0x3a, 0x68, 0x5, 0xd9, 0x98, 0x40,
    0x3f, 0x7e, 0xee, 0x10, 0xf, 0xdf, 0xbb, 0x84,
    0x3, 0xef, 0xdd, 0xef, 0x40, 0xe, 0x6f, 0xff,
    0xb4, 0x14, 0x88, 0x0, 0x4e, 0xee, 0x90, 0x1,
    0xec, 0x0, 0x7e, 0x10, 0x2, 0x77, 0x30, 0x13,
    0xbb, 0xa0, 0xf3, 0x84, 0x60, 0x5f, 0xfe, 0xa3,
    0x45, 0x0, 0xc8, 0x67, 0xd8, 0x60, 0x1e, 0x1e,
    0xee, 0x60, 0xf, 0x37, 0xee, 0xf7, 0xf0,

    /* U+5566 "啦" */
    0x0, 0xff, 0xe4, 0x62, 0x0, 0x5e, 0x20, 0x17,
    0xdd, 0xa0, 0x3, 0xc8, 0xe0, 0x1b, 0xb1, 0x8,
    0xa1, 0x66, 0xf, 0xb2, 0x80, 0x14, 0xcb, 0x46,
    0x63, 0xbc, 0xc3, 0xc8, 0x3, 0x2f, 0x9d, 0xcd,
    0xd4, 0xc8, 0x54, 0x3, 0xf9, 0x2c, 0x0, 0xe2,
    0x1, 0xf1, 0x19, 0xc0, 0x20, 0x60, 0x19, 0xd4,
    0xe6, 0xd9, 0x80, 0x42, 0x1, 0x8, 0x8e, 0x2,
    0x60, 0x88, 0xc, 0xa0, 0x17, 0x52, 0x69, 0x90,
    0x4, 0x3a, 0x60, 0x17, 0xfa, 0xc0, 0x38, 0x8a,
    0xd0, 0x3, 0x80, 0x7e, 0x10, 0x77, 0x0, 0x20,
    0x2, 0x10, 0x0, 0x8b, 0x84, 0xcc, 0x20, 0x1d,
    0xc2, 0xb1, 0xdb, 0xa1, 0xee, 0x8,

    /* U+5582 "喂" */
    0x5b, 0x88, 0x9, 0x7c, 0xcb, 0xea, 0x6b, 0x43,
    0xd1, 0xdc, 0x60, 0x33, 0x20, 0xb9, 0xe0, 0x9,
    0x74, 0x40, 0x3c, 0x60, 0x20, 0x16, 0x90, 0x4,
    0x3b, 0xa0, 0xdd, 0x58, 0x7, 0xe1, 0xdd, 0x7,
    0x6d, 0x0, 0x7e, 0x1c, 0xc0, 0x66, 0x24, 0x3,
    0xe2, 0xde, 0xe6, 0xff, 0x7f, 0x80, 0x39, 0xa6,
    0x21, 0x77, 0xe3, 0xe, 0x10, 0x0, 0xaa, 0x85,
    0x8c, 0x46, 0x0, 0x37, 0xb, 0x42, 0xc4, 0x1c,
    0xa2, 0xc8, 0xc1, 0xff, 0xc4, 0x1, 0xa5, 0xef,
    0x7c, 0x3f, 0x0, 0x3e, 0x18, 0x4f, 0x50, 0x54,
    0x0, 0xcf, 0x91, 0x4e, 0xba, 0x40, 0x1e, 0x12,
    0x41, 0xe0, 0xa4, 0xd4, 0x0, 0xe1, 0xcf, 0x94,
    0x0, 0x46, 0xa0,

    /* U+559C "喜" */
    0x0, 0x8, 0xf5, 0xd0, 0x8f, 0x0, 0x53, 0x99,
    0xc8, 0xb9, 0x9d, 0x40, 0x9, 0xe8, 0x8c, 0x0,
    0x88, 0xd3, 0x40, 0x13, 0xee, 0xe7, 0x76, 0xee,
    0x20, 0xc, 0x84, 0xab, 0xf8, 0xd8, 0x3, 0x9e,
    0x37, 0x7d, 0x2a, 0x1, 0xf4, 0xdd, 0xfa, 0x0,
    0x3e, 0xc4, 0x79, 0x9c, 0xad, 0x80, 0x11, 0x55,
    0x2d, 0xe, 0x22, 0x91, 0x14, 0x55, 0x8, 0xff,
    0xe9, 0xaf, 0xfb, 0xab, 0xbf, 0xe3, 0x15, 0x48,
    0x8f, 0xf3, 0xa8, 0x80, 0x45, 0x99, 0xf8, 0x84,
    0x3, 0xe1, 0x1f, 0x80, 0x3f, 0x7e, 0xef, 0xb8,
    0x3, 0xc3, 0xfd, 0xbb, 0xee, 0xf3, 0x0, 0x0,

    /* U+56DB "四" */
    0x12, 0x2f, 0xfe, 0x0, 0xc6, 0xef, 0xff, 0x2,
    0x41, 0x7f, 0xd2, 0x7f, 0xe0, 0xdf, 0xf2, 0x0,
    0x70, 0xb8, 0x7, 0xff, 0x3, 0xc4, 0x3, 0xff,
    0x80, 0x44, 0x0, 0xff, 0xe0, 0x3e, 0x80, 0x7f,
    0xc8, 0x48, 0x0, 0x16, 0x11, 0x0, 0x62, 0xa8,
    0x10, 0x3, 0x5f, 0x71, 0xc0, 0x2e, 0x97, 0x0,
    0xa3, 0xfe, 0x70, 0xb, 0x1c, 0x3, 0xfe, 0x5d,
    0xdf, 0xf2, 0x0, 0x6, 0x23, 0xfc, 0x0, 0xcb,
    0x55, 0xff, 0x5d, 0x80,

    /* U+56DE "回" */
    0xbf, 0xff, 0xfe, 0x4, 0x2, 0xe6, 0x7f, 0x8c,
    0x0, 0x46, 0x7f, 0xe7, 0x0, 0xe1, 0x1f, 0x0,
    0x7c, 0x5d, 0xde, 0x10, 0xf, 0xdf, 0xf7, 0x0,
    0x7f, 0xf6, 0x88, 0xb0, 0x7, 0xfb, 0x76, 0xc0,
    0xf, 0xc5, 0xff, 0xe1, 0x0, 0xff, 0xe3, 0x3f,
    0xff, 0xf9, 0x0, 0x9, 0x99, 0xfe, 0x10,

    /* U+56FE "图" */
    0xaf, 0xff, 0xfe, 0x4, 0x3, 0xf7, 0x57, 0x6e,
    0xee, 0x40, 0x8, 0x44, 0x14, 0x2, 0x3c, 0x1,
    0xc3, 0xc3, 0x5d, 0xcf, 0xf0, 0x7, 0x1f, 0x83,
    0x77, 0x28, 0xb4, 0x3, 0x96, 0x3c, 0xf7, 0x53,
    0xe4, 0x1, 0xcc, 0xc3, 0x31, 0x11, 0x98, 0x1,
    0xe9, 0xed, 0x1e, 0xfd, 0x8f, 0x90, 0xd, 0x9b,
    0xc3, 0x90, 0xb9, 0xd6, 0x1, 0x94, 0xc2, 0x73,
    0xbc, 0x84, 0x80, 0x38, 0xfb, 0x68, 0x60, 0x80,
    0x3e, 0x3e, 0xcf, 0xf4, 0x7a, 0x0, 0x64, 0x4c,
    0xa1, 0x91, 0x40, 0x88, 0x0, 0x1c, 0xcf, 0xd1,
    0x32, 0x0, 0x0,

    /* U+571F "土" */
    0x0, 0xfb, 0x98, 0x3, 0xff, 0xd0, 0x26, 0x7c,
    0x3e, 0x67, 0xc0, 0x4, 0xcc, 0xe0, 0x6c, 0xcd,
    0xa0, 0x5, 0xff, 0xe1, 0x9f, 0xfd, 0xc0, 0x1f,
    0xff, 0xf0, 0x4c, 0xcf, 0xc, 0xe6, 0x75, 0xb5,
    0x57, 0xa6, 0x55, 0x5d, 0xa0,

    /* U+5728 "在" */
    0x0, 0xf2, 0x8, 0x7, 0xff, 0x4, 0x6d, 0x40,
    0x3f, 0xf8, 0x2e, 0x28, 0x1, 0xfd, 0xff, 0xa4,
    0x7f, 0xff, 0x0, 0x37, 0x30, 0xe1, 0x79, 0x9f,
    0x80, 0x4, 0x66, 0x57, 0x43, 0x32, 0xf9, 0x9e,
    0x0, 0xd4, 0x72, 0x1, 0xff, 0xc0, 0x55, 0x38,
    0x80, 0x7f, 0xc9, 0x41, 0xa1, 0xff, 0x49, 0xff,
    0xcc, 0x5, 0x70, 0x20, 0xd, 0xd9, 0x83, 0x76,
    0x70, 0x2b, 0x70, 0x8, 0x8a, 0xf3, 0x22, 0x84,
    0x0, 0x80, 0x1f, 0xfd, 0xb1, 0x0, 0xff, 0xab,
    0xfe, 0x83, 0xff, 0xc0,

    /* U+58F0 "声" */
    0x1, 0x1f, 0x7b, 0x88, 0xf0, 0xf, 0x77, 0x82,
    0x3b, 0xba, 0x87, 0xff, 0xc5, 0x5f, 0xfd, 0x40,
    0x33, 0x3c, 0x55, 0x33, 0xa0, 0x0, 0x3d, 0xdd,
    0x10, 0xee, 0xe0, 0x9, 0x8d, 0x13, 0xfc, 0x1,
    0x4d, 0xf7, 0x59, 0x8e, 0xeb, 0x78, 0x3, 0x36,
    0xec, 0x55, 0xbb, 0x48, 0x6, 0x10, 0xf, 0xfe,
    0x11, 0x35, 0xdc, 0x55, 0x77, 0x40, 0x6, 0x56,
    0xee, 0xaa, 0x9d, 0xd1, 0x80, 0x48, 0x30, 0xab,
    0xfb, 0x74, 0x0, 0x86, 0x10, 0xf, 0xc2, 0x20,
    0x72, 0x80, 0xf, 0xfe, 0x3, 0xf8, 0x80, 0x7f,
    0xf0, 0x0,

    /* U+58F3 "壳" */
    0x0, 0xfb, 0xd8, 0x3, 0xe4, 0xff, 0xf0, 0x4f,
    0xff, 0x60, 0x27, 0xff, 0x82, 0x7f, 0xfb, 0x0,
    0x27, 0x7e, 0xd, 0x77, 0xc8, 0x1, 0xbf, 0xf9,
    0xcf, 0xff, 0x0, 0x61, 0x99, 0xff, 0x94, 0x2,
    0xfe, 0xef, 0xfe, 0x2, 0x0, 0x59, 0xff, 0xfe,
    0x10, 0xf, 0x2f, 0xff, 0x88, 0x3, 0xb0, 0xc0,
    0x43, 0xbb, 0x0, 0x87, 0xa0, 0x0, 0x80, 0x4,
    0x41, 0x1c, 0x1, 0x8, 0x7, 0xa9, 0x40, 0x3f,
    0x40, 0x0, 0x5b, 0x82, 0x0, 0x39, 0xc4, 0xdc,
    0x1f, 0xaa, 0x30, 0x3, 0x96, 0xfb, 0x18, 0x1f,
    0xb1, 0x80, 0x3d, 0x5f, 0xf4, 0x80,

    /* U+5904 "处" */
    0x0, 0xff, 0xe3, 0xbd, 0x0, 0x61, 0xf3, 0x0,
    0xfb, 0xc, 0x3, 0xff, 0x84, 0x8d, 0xff, 0x10,
    0x7, 0xf1, 0x5, 0xed, 0x1, 0x0, 0x2c, 0x3,
    0xd2, 0x8, 0x40, 0x20, 0x13, 0xb8, 0x3, 0x90,
    0x2, 0xd5, 0x0, 0xa6, 0x10, 0x2, 0x51, 0x11,
    0x82, 0xe8, 0x4, 0xb3, 0x44, 0x0, 0x89, 0x6a,
    0x22, 0x20, 0x6, 0x65, 0x90, 0x6, 0x3d, 0x34,
    0xa1, 0x0, 0x74, 0xf0, 0x0, 0x40, 0x8d, 0x3c,
    0x3, 0xc4, 0xa0, 0x1c, 0x40, 0x60, 0x1f, 0xfc,
    0x9, 0x19, 0x89, 0x11, 0x18, 0x80, 0x70, 0xd3,
    0x5b, 0x62, 0x75, 0x51, 0xd0, 0xcc, 0x22, 0xf4,
    0xc4, 0x3, 0xda, 0xb, 0xbb, 0x30, 0x43, 0x5c,
    0x60, 0x19, 0x6b, 0x7b, 0xfe, 0x30,

    /* U+590D "复" */
    0x0, 0xc8, 0x40, 0x1f, 0xfc, 0x12, 0xb1, 0x0,
    0xff, 0xe0, 0xe0, 0x67, 0xff, 0xea, 0x0, 0xb0,
    0xbb, 0xbf, 0xd4, 0x0, 0xb0, 0xaf, 0xff, 0xe6,
    0x0, 0xa7, 0x0, 0xfb, 0xbe, 0x5f, 0x0, 0x88,
    0x0, 0x5b, 0xbf, 0x20, 0x7, 0xc5, 0xbb, 0xf2,
    0x0, 0x78, 0xcd, 0xfe, 0xee, 0xe5, 0xf0, 0xe,
    0x5c, 0x1b, 0xee, 0xf3, 0x80, 0x71, 0xe8, 0xd7,
    0x76, 0xff, 0x8, 0x6, 0x7c, 0x42, 0xde, 0xea,
    0x6, 0x84, 0x3, 0x76, 0x5c, 0xed, 0x46, 0x5e,
    0xa8, 0x7, 0x49, 0x9c, 0x4a, 0xe6, 0x8c, 0x40,
    0x10, 0xe7, 0x7e, 0xea, 0xbb, 0xf3, 0xb9, 0x9f,
    0xe4, 0x18, 0xcf, 0xea, 0x61, 0x3, 0x7b, 0xef,
    0xd4,

    /* U+5916 "外" */
    0x0, 0xff, 0xe3, 0xbd, 0x80, 0x63, 0xf0, 0xf,
    0xd9, 0x80, 0xf, 0xfe, 0x12, 0x47, 0xfc, 0x80,
    0x1f, 0xce, 0x5b, 0xab, 0x6, 0x0, 0xfe, 0x98,
    0x22, 0x0, 0x8, 0x0, 0xe0, 0x1d, 0x6, 0x80,
    0xd, 0x40, 0xa, 0xb0, 0x40, 0x4, 0xf1, 0xce,
    0xf, 0xa0, 0x16, 0x3e, 0x10, 0x17, 0x2e, 0x4f,
    0x8b, 0x80, 0x43, 0x6d, 0x84, 0x2, 0x7, 0xe0,
    0xc2, 0x1, 0xd7, 0x24, 0x1, 0x98, 0x20, 0x3,
    0xe7, 0x0, 0xc9, 0x12, 0x20, 0x1f, 0xf2, 0xdb,
    0x30, 0x3, 0xfc, 0x35, 0x47, 0x90, 0xf, 0xf8,
    0x42, 0xe0, 0x3, 0xff, 0x80,

    /* U+591A "多" */
    0x0, 0xf2, 0x88, 0x7, 0xfd, 0x56, 0x1, 0x8,
    0x7, 0x86, 0xd4, 0x7b, 0xfd, 0xce, 0x1, 0x97,
    0xc3, 0xbf, 0xe7, 0x17, 0x0, 0xb2, 0xe0, 0xcc,
    0x0, 0x86, 0xc0, 0xd, 0xfc, 0xdd, 0xb1, 0x6b,
    0x84, 0x1, 0x8c, 0x0, 0xa2, 0xe7, 0x16, 0x1,
    0xc6, 0xf9, 0x86, 0xed, 0xa0, 0x33, 0x85, 0xf3,
    0x15, 0xd0, 0xf4, 0xf, 0xba, 0xcd, 0x7f, 0xb6,
    0x2b, 0xb6, 0x7f, 0x73, 0x42, 0x0, 0x7, 0x78,
    0x74, 0x1, 0x1e, 0x42, 0x0, 0x1c, 0xfa, 0x7,
    0x19, 0xf1, 0xdc, 0x1, 0x24, 0x8, 0x32, 0xcc,
    0x5c, 0x0, 0x71, 0x2d, 0x72, 0x47, 0xa0, 0x4,
    0xfb, 0xfb, 0x7, 0x5c, 0xe0, 0x1c, 0x97, 0x9f,
    0xb2, 0x80, 0x1f, 0x0,

    /* U+591C "夜" */
    0x0, 0xfa, 0x48, 0x3, 0xff, 0x87, 0x20, 0x1f,
    0xbb, 0xbc, 0xc9, 0xdd, 0xe1, 0xa, 0xa9, 0x1e,
    0xae, 0x8e, 0xab, 0x84, 0x11, 0xa, 0xad, 0x44,
    0x6b, 0x22, 0x70, 0x6, 0x82, 0x40, 0x27, 0x4e,
    0xeb, 0xdc, 0x2, 0x46, 0xb0, 0x7, 0x25, 0xe6,
    0x40, 0x60, 0x2, 0xa0, 0x50, 0x93, 0xaf, 0xb2,
    0x61, 0x40, 0x2c, 0x40, 0x4, 0x39, 0x35, 0x92,
    0xcc, 0x80, 0x2, 0x94, 0x0, 0x1c, 0xf9, 0x2b,
    0x20, 0x70, 0x1, 0xd0, 0x5, 0x24, 0x49, 0xf7,
    0x8e, 0x0, 0xff, 0x9c, 0xa2, 0x4c, 0x3, 0xfc,
    0x54, 0x5, 0xa, 0x1, 0xf8, 0xe7, 0x43, 0xb6,
    0x2f, 0x18, 0x3, 0xd2, 0x79, 0x42, 0xd, 0xe9,
    0x4, 0x1, 0x79, 0xd5, 0xc, 0x3, 0xc, 0x71,
    0x0,

    /* U+5927 "大" */
    0x0, 0xfa, 0xa8, 0x1, 0xff, 0xd2, 0x13, 0x0,
    0xff, 0xe1, 0x3f, 0x0, 0x7e, 0xff, 0xf1, 0xc7,
    0xff, 0x84, 0x2e, 0xfa, 0x40, 0x13, 0x77, 0xc2,
    0x8, 0x9c, 0x60, 0x42, 0x89, 0xc0, 0x1f, 0x7a,
    0xd4, 0x80, 0x7f, 0xc4, 0xbc, 0xe2, 0xe0, 0x1f,
    0xe9, 0x34, 0x8, 0x81, 0x0, 0x7e, 0x74, 0xe0,
    0x3, 0x9f, 0x88, 0x7, 0xa2, 0x14, 0x40, 0x16,
    0x9e, 0x88, 0x4, 0x78, 0xf4, 0xa0, 0x18, 0x70,
    0x7d, 0x80, 0x79, 0xb5, 0x40, 0x3c, 0x58, 0xf6,
    0x3, 0xb4, 0x40, 0x1f, 0x86, 0x74, 0x0,

    /* U+5929 "天" */
    0x1, 0x33, 0xff, 0xe0, 0x8, 0x1, 0xf3, 0x3f,
    0xf8, 0xa, 0x0, 0x6f, 0xfe, 0x37, 0xff, 0xe4,
    0x0, 0xff, 0xe6, 0xf8, 0x7, 0xe3, 0x44, 0xe3,
    0xd4, 0x4f, 0x0, 0x36, 0xef, 0x81, 0x6e, 0xfc,
    0x0, 0xef, 0xfd, 0x60, 0xd, 0xff, 0xe0, 0xf,
    0xb9, 0x11, 0x60, 0x1f, 0xf2, 0x2f, 0xcb, 0x20,
    0x7, 0xf1, 0x52, 0xa1, 0x3d, 0x10, 0x7, 0xc9,
    0x8b, 0x40, 0x8, 0x4c, 0x30, 0xc, 0x55, 0x6f,
    0x60, 0x1a, 0x9f, 0x24, 0x80, 0x75, 0xb2, 0x40,
    0x3d, 0x36, 0xba, 0x43, 0xd8, 0x60, 0x1f, 0x93,
    0x38, 0x80,

    /* U+592A "太" */
    0x0, 0xfa, 0xa8, 0x1, 0xff, 0xc3, 0x30, 0xf,
    0xfe, 0x10, 0x88, 0x3, 0xf1, 0x9f, 0x90, 0x8c,
    0xfc, 0x0, 0xcc, 0xf0, 0x2e, 0x67, 0x84, 0x3f,
    0xfb, 0x40, 0x17, 0xff, 0xc2, 0x1, 0xe7, 0x5,
    0xe0, 0xf, 0xfe, 0x7, 0xa4, 0xa8, 0x80, 0x7f,
    0x85, 0x78, 0xcd, 0x0, 0x1f, 0xeb, 0x25, 0x8,
    0x63, 0x0, 0xfc, 0xca, 0x2, 0x8, 0xba, 0x20,
    0x1e, 0x69, 0x86, 0xf2, 0xa, 0x3c, 0x10, 0x8,
    0xae, 0x64, 0xf6, 0xb8, 0x21, 0x81, 0xea, 0x3,
    0xaf, 0x8c, 0x0, 0xb2, 0x70, 0x1c, 0x4a, 0x31,
    0xec, 0x30, 0xd, 0x8c, 0x0, 0x1a, 0xe3,

    /* U+5931 "失" */
    0x0, 0x96, 0x80, 0x17, 0x0, 0x1f, 0xee, 0x30,
    0xf, 0xfe, 0x9, 0x23, 0x6e, 0x91, 0xf7, 0x75,
    0x80, 0x68, 0xa, 0x88, 0x0, 0xc4, 0x6f, 0x0,
    0x95, 0x58, 0xab, 0x23, 0x2a, 0xe4, 0x0, 0xb2,
    0xc, 0x3, 0xff, 0x83, 0x48, 0x67, 0x90, 0x8c,
    0xfc, 0x5, 0x99, 0xe0, 0x5c, 0xcf, 0x11, 0x3f,
    0xfa, 0xc0, 0x13, 0xff, 0xc4, 0x1, 0xe8, 0x58,
    0xb1, 0x0, 0xff, 0x49, 0xc3, 0x85, 0x0, 0x7f,
    0x53, 0x59, 0x7, 0xad, 0x88, 0x6, 0x17, 0xe7,
    0xc4, 0x0, 0x16, 0x37, 0xb8, 0x80, 0xfd, 0x4e,
    0x98, 0x6, 0x2d, 0x8a, 0xe3, 0x1c, 0xd7, 0x0,
    0xfc, 0xdb, 0xa3,

    /* U+5934 "头" */
    0x0, 0x8c, 0x80, 0x28, 0xb0, 0xf, 0xe4, 0xcc,
    0x20, 0x0, 0x40, 0x3f, 0x9f, 0x92, 0xc8, 0x40,
    0x3f, 0x9c, 0x82, 0x38, 0x80, 0xc0, 0x3e, 0x1e,
    0xda, 0x21, 0x3, 0x10, 0xf, 0x86, 0x78, 0x24,
    0x0, 0x3e, 0x1, 0xf0, 0x88, 0x2e, 0x44, 0x48,
    0x2, 0x3c, 0x3, 0xdd, 0xb7, 0xb8, 0x11, 0xdd,
    0xc4, 0x3f, 0xfe, 0x81, 0xff, 0xf1, 0x0, 0x7d,
    0x32, 0x40, 0xf, 0xfe, 0x5, 0x1a, 0xce, 0xa0,
    0x7, 0xe2, 0xb7, 0xf2, 0xdb, 0xab, 0x20, 0xc,
    0x73, 0xa3, 0x84, 0x0, 0x6f, 0x1d, 0x50, 0x6,
    0x69, 0xe5, 0x8, 0x6, 0x1a, 0x9e, 0x0, 0x6f,
    0x51, 0x80, 0x7e, 0x6b, 0x0,

    /* U+5938 "夸" */
    0x0, 0xf0, 0x88, 0x3, 0xff, 0x85, 0x14, 0x1,
    0xfc, 0x67, 0x95, 0xb0, 0xcf, 0xe0, 0x7, 0x75,
    0xb4, 0x15, 0xd9, 0x8e, 0xec, 0x0, 0xdd, 0x90,
    0xbf, 0x75, 0xe5, 0x7b, 0xb0, 0x4, 0x36, 0xfe,
    0x23, 0xba, 0xe0, 0x3, 0x3f, 0x8c, 0xe7, 0xfe,
    0xd9, 0x2c, 0x50, 0x1c, 0xaa, 0x27, 0x77, 0x92,
    0xa2, 0x50, 0x6e, 0xdf, 0xff, 0xea, 0xc4, 0x0,
    0x7f, 0x95, 0x5f, 0xff, 0x70, 0x7, 0x93, 0x0,
    0x38, 0x40, 0x3e, 0x31, 0x9f, 0xfe, 0xe8, 0x0,
    0xf1, 0xff, 0xfc, 0x38, 0x1, 0xfe, 0x10, 0x3,
    0x2, 0x0, 0x7f, 0xb3, 0xfd, 0x36, 0x1, 0xff,
    0x6f, 0xfc, 0xa0, 0x18,

    /* U+5956 "奖" */
    0x0, 0xff, 0xe2, 0x90, 0x84, 0x50, 0x5, 0xce,
    0x23, 0x0, 0x4b, 0xa0, 0x18, 0x70, 0x63, 0xba,
    0xf0, 0x3, 0x8b, 0x0, 0x13, 0xdf, 0xbf, 0xe5,
    0x60, 0xb, 0x9d, 0x1, 0xe3, 0x34, 0x41, 0x92,
    0x0, 0x27, 0xd3, 0x3, 0x67, 0x5d, 0x79, 0xa1,
    0x1, 0xca, 0xa3, 0x0, 0x6c, 0x38, 0xc4, 0x0,
    0xd, 0xf3, 0x8, 0x3d, 0xfc, 0x4f, 0x98, 0x6,
    0x70, 0x7, 0x91, 0x8c, 0xeb, 0x0, 0x78, 0x8a,
    0x5a, 0x65, 0xc2, 0x2f, 0x0, 0x33, 0x3b, 0x41,
    0x73, 0x3c, 0x0, 0xee, 0xe8, 0x11, 0x5f, 0x77,
    0x0, 0x79, 0x22, 0xea, 0x8a, 0x1, 0xf8, 0xea,
    0xe5, 0x52, 0xa9, 0x68, 0x1, 0xd, 0x76, 0x9e,
    0xb0, 0x1, 0x78, 0xeb, 0xf4, 0x45, 0xfb, 0xd2,
    0x40, 0x18, 0x63, 0xb6, 0x44,

    /* U+5973 "女" */
    0x0, 0xf1, 0x20, 0x7, 0xff, 0xa, 0xe0, 0x3,
    0xff, 0x84, 0xf6, 0x1, 0xff, 0xc1, 0x41, 0x50,
    0xf, 0xe6, 0x6d, 0x60, 0x8c, 0xdf, 0x0, 0x22,
    0x29, 0x0, 0x44, 0x53, 0x28, 0x88, 0x43, 0xba,
    0x81, 0xfe, 0xea, 0xb, 0xba, 0x10, 0xd, 0x2c,
    0x1, 0xad, 0x0, 0x3e, 0x61, 0x90, 0x8, 0xcd,
    0x40, 0x1f, 0x48, 0x28, 0x5, 0x6, 0x60, 0xf,
    0xb1, 0xaf, 0x9d, 0xc9, 0xe0, 0x1f, 0x8e, 0x7e,
    0x62, 0x0, 0x40, 0x1f, 0xe2, 0xc0, 0x11, 0x73,
    0x80, 0x78, 0xdf, 0x35, 0xf3, 0xb9, 0x10, 0xe6,
    0x0, 0xbb, 0x25, 0x73, 0x6, 0x0, 0x7e, 0x49,
    0x70, 0x6, 0xf7, 0x24, 0xc0, 0x38, 0x6a, 0xdc,
    0x0,

    /* U+597D "好" */
    0x0, 0xff, 0xe3, 0x1f, 0x80, 0x62, 0x2e, 0x30,
    0xc, 0xc4, 0x1, 0x36, 0xef, 0x65, 0x80, 0xb,
    0x84, 0x8c, 0x5b, 0xff, 0x38, 0xc8, 0x2e, 0xa1,
    0xee, 0x60, 0x3, 0x3b, 0xb4, 0x81, 0x7c, 0x33,
    0xdd, 0x80, 0x24, 0x8d, 0x30, 0x8, 0xc4, 0xc0,
    0xc8, 0x2, 0x11, 0x10, 0x6, 0x45, 0x0, 0x2f,
    0xee, 0xd4, 0x3b, 0xb3, 0x4, 0x8, 0x18, 0xbc,
    0xcc, 0xc1, 0x33, 0x20, 0x22, 0xcc, 0x8c, 0x51,
    0x2c, 0x14, 0x48, 0x82, 0xf1, 0x96, 0x80, 0x3f,
    0xf8, 0x6, 0x60, 0x82, 0x0, 0xff, 0xa0, 0xf5,
    0x7c, 0x3, 0xf8, 0x69, 0xf0, 0xaf, 0x80, 0x44,
    0x60, 0x1c, 0x43, 0xa6, 0x0, 0x30, 0x9e, 0x96,
    0x0, 0xc7, 0x64, 0x1, 0xd1, 0xfe, 0x80, 0xc,

    /* U+59A8 "妨" */
    0x0, 0xff, 0x8, 0x7, 0xc9, 0xc0, 0x1c, 0x5c,
    0x40, 0x1e, 0x22, 0x0, 0x71, 0x1d, 0x0, 0x71,
    0x68, 0x11, 0x9a, 0x66, 0x72, 0x99, 0x84, 0xb5,
    0xf, 0x71, 0x84, 0x98, 0xc8, 0x46, 0x2, 0xf0,
    0xce, 0x5, 0x88, 0x4, 0x47, 0x8, 0x10, 0x19,
    0x80, 0x3f, 0xf8, 0x8, 0x60, 0x86, 0x0, 0x70,
    0xff, 0xce, 0x0, 0x95, 0xf, 0x40, 0x0, 0x86,
    0xec, 0x22, 0x0, 0x99, 0x1f, 0x0, 0x1a, 0x84,
    0x51, 0x98, 0x1, 0xf7, 0x61, 0x40, 0x2, 0x60,
    0x4, 0x62, 0x1, 0x20, 0x2, 0x80, 0x8d, 0x40,
    0x21, 0x70, 0xa, 0xb, 0x84, 0x52, 0xa4, 0x0,
    0x20, 0x20, 0x4, 0x3f, 0x8d, 0xb2, 0xd8, 0x91,
    0x14, 0x44, 0x4, 0xb8, 0x40, 0x35, 0xa2, 0x1b,
    0xa9, 0x80, 0x1, 0x69, 0x80, 0x7, 0x4c, 0x7,
    0xfd, 0xcc, 0x0,

    /* U+59CB "始" */
    0x0, 0xa, 0x80, 0x79, 0x40, 0x3e, 0x58, 0x0,
    0xe6, 0xb0, 0xf, 0x89, 0x80, 0x3a, 0xe4, 0x3,
    0xc5, 0xa2, 0x46, 0x0, 0x63, 0x70, 0xd3, 0x0,
    0x26, 0xa2, 0xee, 0x10, 0xc5, 0x80, 0x2f, 0x80,
    0x9, 0xe1, 0xbe, 0x5, 0x68, 0xa0, 0x28, 0x52,
    0x0, 0x31, 0x22, 0xb, 0xaa, 0x77, 0xf6, 0x83,
    0x8, 0x2a, 0x3, 0x92, 0xc5, 0xee, 0xbb, 0xfc,
    0xa4, 0x17, 0xa1, 0x88, 0x4c, 0xe2, 0x6, 0x44,
    0xb3, 0x2, 0x82, 0x7c, 0x8, 0xdd, 0xf3, 0x0,
    0x3d, 0xf4, 0x50, 0x0, 0xff, 0xf9, 0x40, 0x34,
    0x0, 0x14, 0x3, 0xff, 0x81, 0x5, 0x34, 0x80,
    0x1f, 0xe8, 0x7f, 0x68, 0x60, 0x44, 0xe5, 0x0,
    0xa, 0x69, 0x3, 0x90, 0x1c, 0x46, 0x0, 0x87,
    0x8, 0x3, 0x4f, 0xe6, 0x6f, 0x70,

    /* U+5B50 "子" */
    0x0, 0xff, 0xe2, 0x37, 0xff, 0xfb, 0x0, 0x27,
    0xcc, 0xfc, 0xa1, 0x0, 0x10, 0x99, 0xfd, 0x4b,
    0x68, 0x1, 0xfc, 0x58, 0x9a, 0x80, 0x1f, 0xc9,
    0xab, 0xa4, 0x1, 0xfe, 0x10, 0x90, 0xf, 0x19,
    0xfb, 0x0, 0xcf, 0xc3, 0xb9, 0x9c, 0xc1, 0x99,
    0xe6, 0xef, 0xfe, 0xa1, 0xff, 0xf3, 0x80, 0x7f,
    0xf9, 0x4, 0x89, 0xa0, 0x1f, 0xf2, 0x6e, 0x99,
    0x80, 0x1f, 0xe5, 0xff, 0x74, 0x0, 0x7c,

    /* U+5B57 "字" */
    0x0, 0xf1, 0x48, 0x7, 0xff, 0x4, 0xdd, 0xc0,
    0x1f, 0x77, 0xfe, 0xe1, 0x8f, 0xfe, 0x40, 0x4,
    0xe6, 0x7f, 0x80, 0x40, 0x4, 0x67, 0xfe, 0x10,
    0x5, 0xaa, 0xbf, 0xff, 0x5, 0xa0, 0x28, 0xae,
    0xef, 0x30, 0x58, 0x28, 0x80, 0x62, 0x28, 0x78,
    0xb9, 0x0, 0x3f, 0xd8, 0xd6, 0x20, 0x18, 0xbf,
    0xfc, 0xb, 0xff, 0xd2, 0x59, 0x9e, 0x7, 0xcc,
    0xe8, 0x3, 0x3f, 0xe, 0x99, 0xf0, 0x80, 0x7f,
    0xf1, 0xc4, 0x88, 0x20, 0x1f, 0xf1, 0x6e, 0x89,
    0x0, 0x3f, 0xc7, 0xfe, 0xd1, 0x0, 0xf0,

    /* U+5B58 "存" */
    0x0, 0xf1, 0x0, 0x7f, 0xf0, 0x87, 0x4c, 0x3,
    0xf8, 0xcf, 0x58, 0x0, 0xcf, 0xe0, 0x6, 0x66,
    0x50, 0xcc, 0xfc, 0x0, 0xff, 0xa8, 0x3b, 0xff,
    0xf0, 0x7, 0x44, 0x4, 0xcf, 0xe0, 0xe, 0xb3,
    0x74, 0xdd, 0xec, 0xc0, 0x80, 0x4a, 0x92, 0x9,
    0xdd, 0x9c, 0xb4, 0x40, 0x9, 0x40, 0x80, 0x18,
    0x7c, 0xf0, 0x80, 0x9, 0x70, 0x0, 0x12, 0x29,
    0x2, 0x4c, 0x88, 0x9, 0x6e, 0x0, 0x8d, 0xda,
    0x83, 0x37, 0x64, 0x4, 0x0, 0xa7, 0xfe, 0xc0,
    0xff, 0xc8, 0x1, 0xff, 0xcb, 0x11, 0x38, 0x7,
    0xff, 0x6, 0x3a, 0xd4, 0x3, 0xf7, 0x98, 0x2,
    0x7f, 0xd4, 0x1, 0xc0,

    /* U+5B66 "学" */
    0x0, 0x9, 0x80, 0xe, 0x0, 0x32, 0x10, 0x4,
    0xba, 0x40, 0x4c, 0x80, 0x2, 0xb7, 0x0, 0x91,
    0x16, 0x2, 0xdc, 0x0, 0xf7, 0x50, 0x7, 0x7a,
    0xb7, 0xf9, 0xd7, 0xfc, 0x4f, 0xfa, 0x0, 0xad,
    0xdf, 0xf4, 0x80, 0x4c, 0x45, 0xfe, 0x30, 0x6,
    0x9c, 0xff, 0xfe, 0x24, 0xe0, 0x30, 0x9f, 0xfd,
    0xa8, 0x38, 0x42, 0x60, 0x1f, 0x66, 0x9f, 0x18,
    0x6, 0x33, 0xf9, 0xec, 0xcf, 0x12, 0xe6, 0x78,
    0x1f, 0x33, 0xb9, 0x7f, 0xfc, 0x37, 0xff, 0xd8,
    0x1, 0xff, 0xc7, 0x11, 0xc0, 0x1f, 0xf4, 0x77,
    0xd, 0x40, 0x3f, 0xd3, 0xfe, 0xc1, 0x0, 0xf0,

    /* U+5B75 "孵" */
    0x0, 0x88, 0x40, 0x3f, 0x84, 0x0, 0xd8, 0xc0,
    0x1, 0x25, 0x7a, 0xcf, 0xb0, 0xfc, 0xc3, 0xf7,
    0x55, 0x81, 0xfe, 0xe8, 0x1, 0xaa, 0x8, 0x73,
    0x69, 0xbc, 0x1b, 0x58, 0x4, 0x66, 0x0, 0xc4,
    0xa2, 0x57, 0x40, 0x9, 0x0, 0xac, 0x1, 0x27,
    0x0, 0xa6, 0x0, 0x30, 0x8, 0x4c, 0x2e, 0xd3,
    0xec, 0x60, 0x2, 0x70, 0x6, 0xa0, 0x5f, 0xf9,
    0xc, 0xc0, 0x9, 0x3, 0x7, 0x70, 0x9, 0x42,
    0xe0, 0x4, 0x26, 0x20, 0x1e, 0x5f, 0x0, 0x8,
    0xb8, 0x3, 0xa7, 0xb8, 0x19, 0xda, 0x0, 0xa4,
    0x0, 0x43, 0xff, 0xc1, 0x7f, 0x83, 0xfd, 0xa0,
    0x9, 0xe3, 0x11, 0x9c, 0x44, 0x8, 0xec, 0x0,
    0x10, 0x0, 0x8e, 0x0, 0xa3, 0xc0, 0x3c, 0xfe,
    0x64, 0x1, 0x61, 0x0, 0x38, 0x2, 0x6e, 0xc0,
    0x8,

    /* U+5B83 "它" */
    0x0, 0xf2, 0x80, 0x7f, 0xf0, 0x6d, 0x80, 0x3c,
    0x46, 0x7c, 0x90, 0x67, 0xc3, 0xf9, 0x9c, 0xa3,
    0x99, 0xc8, 0x15, 0xff, 0xfe, 0x10, 0x8, 0xd8,
    0x3, 0xfd, 0x8a, 0xab, 0x0, 0xf0, 0x87, 0xa8,
    0x80, 0x7c, 0xdb, 0xe2, 0x20, 0xf, 0x2d, 0x7d,
    0xd7, 0x88, 0x7, 0x17, 0xc1, 0x6e, 0x9c, 0x40,
    0x3e, 0xed, 0x82, 0x0, 0xfe, 0x21, 0x0, 0xf0,
    0xb0, 0x7, 0xff, 0x0, 0xa4, 0x2, 0x32, 0x42,
    0x2e, 0x39, 0x30, 0x9, 0x55, 0x7b, 0xbd, 0x8f,
    0xe0,

    /* U+5B88 "守" */
    0x0, 0xf8, 0x80, 0x3f, 0xf8, 0x78, 0xc0, 0x1f,
    0x91, 0x3c, 0x52, 0x89, 0xc2, 0x0, 0xaa, 0x4c,
    0xe2, 0x19, 0x9d, 0x68, 0x1, 0x5e, 0xee, 0xee,
    0x7d, 0x6e, 0x84, 0x2, 0x31, 0x0, 0xf3, 0x48,
    0x0, 0xc4, 0x1, 0xce, 0x67, 0xec, 0x13, 0x37,
    0x38, 0xe, 0x67, 0xe7, 0xc, 0xcc, 0x3, 0xfe,
    0xef, 0xfe, 0xb1, 0xff, 0xc0, 0x10, 0xfb, 0x0,
    0x7f, 0xf0, 0x46, 0xa5, 0x0, 0x3f, 0xf8, 0x29,
    0x14, 0x20, 0x1f, 0xfc, 0x17, 0x91, 0x0, 0xff,
    0xe1, 0x38, 0x91, 0xc, 0x3, 0xff, 0x80, 0x7b,
    0xa9, 0x60, 0xf, 0xf8, 0xbf, 0xdd, 0x0, 0x1c,

    /* U+5B8C "完" */
    0x0, 0xf1, 0xd0, 0x7, 0xff, 0x8, 0x95, 0x40,
    0x1f, 0xaf, 0x77, 0x60, 0x56, 0xef, 0x20, 0x1,
    0x55, 0x11, 0xaa, 0x91, 0x18, 0x84, 0x2, 0xc5,
    0x5f, 0xf0, 0x80, 0x48, 0xf3, 0xff, 0xf8, 0x51,
    0x80, 0x14, 0x71, 0xbb, 0xf8, 0x68, 0xc0, 0x30,
    0x91, 0x7e, 0x0, 0xc3, 0x77, 0xfb, 0x2e, 0xf8,
    0x45, 0xbb, 0x62, 0x1e, 0xe1, 0x96, 0xee, 0x10,
    0x66, 0x90, 0x21, 0x9c, 0x29, 0x9b, 0x0, 0x72,
    0x90, 0x7, 0xff, 0xa, 0xe8, 0x3, 0xe2, 0xe3,
    0x0, 0x26, 0x8b, 0x80, 0x66, 0x11, 0x20, 0x8d,
    0xd3, 0x58, 0x1, 0x96, 0xbb, 0x92, 0x84, 0x39,
    0xae, 0x1, 0xd5, 0xff, 0xac, 0x0,

    /* U+5B9A "定" */
    0x0, 0xfa, 0x48, 0x3, 0xff, 0x82, 0x50, 0x1,
    0xf6, 0x6e, 0xf2, 0x2e, 0xef, 0x20, 0x15, 0x4c,
    0xeb, 0xb4, 0xce, 0x21, 0x0, 0x1a, 0x27, 0xf8,
    0x40, 0xe, 0xcb, 0x11, 0xf9, 0x5d, 0x82, 0x48,
    0xc8, 0xa7, 0x71, 0x16, 0x93, 0x0, 0x9e, 0xaa,
    0x56, 0xaa, 0x9c, 0x3, 0xa2, 0xc0, 0x3f, 0xf8,
    0x2a, 0x60, 0x13, 0x7f, 0xe5, 0x0, 0x84, 0xd4,
    0x2, 0x3c, 0xcc, 0x80, 0x13, 0x81, 0x10, 0x0,
    0xa6, 0x78, 0x40, 0x28, 0x8b, 0xc, 0x3, 0xfa,
    0x8d, 0xdc, 0xd8, 0xac, 0x86, 0x7c, 0xa9, 0xe0,
    0x8, 0xc6, 0x2a, 0xcc, 0xd2, 0xbe, 0x40, 0x11,
    0xce, 0xf7, 0xfe, 0xa0,

    /* U+5B9C "宜" */
    0x0, 0xf1, 0x48, 0x7, 0xff, 0x4, 0x9d, 0x80,
    0x3e, 0xbc, 0xce, 0x18, 0xcc, 0xe3, 0x5, 0x49,
    0x9d, 0x57, 0x33, 0x8d, 0xc0, 0x18, 0xab, 0xfe,
    0x10, 0x3, 0x31, 0x3f, 0xfe, 0x80, 0x66, 0x4,
    0x10, 0xf, 0x77, 0x20, 0x2, 0x8, 0x3, 0x84,
    0x7c, 0x1, 0xf8, 0x7f, 0xf9, 0x48, 0x3, 0xe1,
    0xff, 0xe4, 0x20, 0xf, 0x84, 0x7c, 0xe0, 0x1f,
    0xdd, 0xdc, 0x62, 0x1, 0xf0, 0xff, 0xf2, 0x88,
    0x7, 0x84, 0x40, 0x1c, 0x22, 0x0, 0x97, 0xfd,
    0x41, 0xff, 0xc8, 0xdf, 0xea,

    /* U+5BA0 "宠" */
    0x0, 0xf9, 0xd0, 0x3, 0xff, 0x85, 0xf2, 0x1,
    0xf9, 0x3f, 0xf9, 0xcb, 0xff, 0xb8, 0x2, 0x1d,
    0xda, 0x73, 0x73, 0x76, 0x90, 0xe, 0x22, 0xa4,
    0xa, 0x7d, 0xc8, 0xc0, 0x24, 0xf0, 0x1, 0x1,
    0x5, 0x45, 0xa2, 0xf8, 0x0, 0xa2, 0x65, 0xe1,
    0x13, 0x2c, 0x7d, 0x98, 0x0, 0xbb, 0xa2, 0xe,
    0x56, 0xee, 0xe0, 0x1, 0x3b, 0xc8, 0xee, 0x81,
    0x77, 0x12, 0x38, 0x7, 0xa, 0x50, 0x6, 0x7a,
    0x0, 0xfa, 0x4c, 0x80, 0x3, 0x53, 0x86, 0x1,
    0xc4, 0xf0, 0x0, 0xd0, 0x7, 0x98, 0x7, 0x16,
    0x2a, 0x2e, 0x30, 0x50, 0x80, 0x24, 0x81, 0xb1,
    0x69, 0xee, 0xe0, 0x11, 0xce, 0x21, 0x93, 0x60,
    0xfc, 0xe8, 0x7d, 0xd8, 0x8c, 0x29, 0xc0, 0x3d,
    0x9f, 0xfb, 0x0,

    /* U+5BB9 "容" */
    0x0, 0xf9, 0x84, 0x3, 0xff, 0x83, 0x72, 0x1,
    0xf6, 0xff, 0xf1, 0x3f, 0xff, 0x20, 0x1c, 0xee,
    0xff, 0x84, 0x40, 0x64, 0x45, 0xf2, 0x29, 0x64,
    0x8, 0xc4, 0x35, 0x22, 0x7c, 0x15, 0x4e, 0x78,
    0xba, 0x80, 0x7a, 0xb8, 0x47, 0x54, 0x8, 0xaa,
    0x38, 0x1, 0xd7, 0x49, 0x32, 0x52, 0xc5, 0x30,
    0x2, 0x48, 0x8, 0xba, 0x6b, 0x1f, 0x33, 0x38,
    0x4, 0x7a, 0xf6, 0x82, 0x2b, 0x9c, 0xb2, 0x3,
    0xcc, 0x10, 0x5f, 0x76, 0x80, 0x4d, 0x92, 0x5d,
    0x57, 0xff, 0xf0, 0x5e, 0x50, 0xc9, 0x0, 0x7f,
    0x8c, 0xc0, 0x18, 0x84, 0x7c, 0x1, 0xf9, 0x7b,
    0xbc, 0x1, 0xf5, 0x7f, 0xfe, 0x40, 0x0,

    /* U+5BC6 "密" */
    0x0, 0xfa, 0x0, 0x3f, 0xc2, 0x3c, 0xec, 0x23,
    0xc0, 0x17, 0x77, 0x82, 0x7b, 0xba, 0x80, 0x2b,
    0xff, 0x6b, 0x77, 0xfb, 0xbf, 0xcc, 0x1, 0xfb,
    0xbd, 0x3, 0x60, 0x3, 0xbc, 0x9c, 0xb1, 0xf4,
    0xb5, 0xaa, 0x21, 0x40, 0x3, 0x94, 0x0, 0xae,
    0x6a, 0x82, 0x5a, 0x0, 0x1c, 0x83, 0x61, 0xe4,
    0xc7, 0xc, 0xb7, 0xb0, 0x1b, 0xc, 0xb0, 0x17,
    0x8b, 0xd3, 0x1b, 0xe0, 0x4a, 0x86, 0xce, 0xcf,
    0xfb, 0xb0, 0x0, 0xa0, 0x97, 0xd6, 0x62, 0x74,
    0x8, 0x60, 0x62, 0x1, 0x24, 0x50, 0x7, 0xee,
    0x70, 0xf, 0xfe, 0x4a, 0xcc, 0xc3, 0x53, 0x31,
    0x0, 0x76, 0xb0, 0x8c, 0xec, 0x23, 0x0, 0x60,

    /* U+5C04 "射" */
    0x0, 0xff, 0xe3, 0x8f, 0x90, 0x7, 0xb5, 0x0,
    0x21, 0xde, 0xf, 0xf2, 0x0, 0x7f, 0x8b, 0xb9,
    0x82, 0x1, 0xff, 0xc0, 0x33, 0x80, 0xea, 0xb1,
    0x5d, 0x0, 0x6e, 0xe8, 0x40, 0x3c, 0x20, 0x1d,
    0x99, 0x11, 0xd5, 0x62, 0xaa, 0x0, 0x6e, 0xe8,
    0x81, 0xe0, 0x3, 0xfb, 0xba, 0x20, 0x66, 0x10,
    0x7, 0x1f, 0x7, 0x73, 0xc8, 0x5, 0xa4, 0x3,
    0x8f, 0x31, 0xa8, 0x1, 0xa5, 0xc0, 0x3c, 0x66,
    0xb7, 0xe2, 0x0, 0xe, 0x0, 0x78, 0xb1, 0x30,
    0x40, 0x3f, 0xc7, 0xa9, 0x82, 0x1, 0xc2, 0x20,
    0xc, 0x7d, 0x1, 0x9e, 0xa, 0x3, 0xdc, 0x15,
    0x0, 0x84, 0x1, 0x9f, 0xa2, 0x3, 0xfe, 0xc1,
    0x0, 0x0,

    /* U+5C06 "将" */
    0x0, 0xff, 0xe3, 0x9f, 0x0, 0x69, 0xd1, 0x0,
    0xff, 0x86, 0x98, 0xbb, 0xfd, 0x60, 0xd, 0x50,
    0x9, 0xfc, 0xff, 0xeb, 0x8, 0x0, 0x75, 0x58,
    0x5, 0xe3, 0x83, 0x15, 0x66, 0x0, 0x3a, 0x20,
    0x3, 0x8c, 0x17, 0x26, 0x20, 0x6, 0x59, 0x0,
    0x2c, 0xf1, 0x56, 0x49, 0x80, 0x73, 0x88, 0x7f,
    0x66, 0x14, 0x15, 0xc0, 0x30, 0xd8, 0x2b, 0xd7,
    0xee, 0xc3, 0x7a, 0x40, 0x58, 0x42, 0x93, 0x13,
    0x38, 0x1e, 0x48, 0x71, 0x78, 0x5, 0x6c, 0x91,
    0x21, 0xc4, 0x1, 0xa8, 0x0, 0x86, 0xa4, 0xc0,
    0x3e, 0x40, 0xe, 0x47, 0xa0, 0xf, 0xfe, 0x14,
    0x48, 0x8c, 0x1, 0xff, 0xc0, 0x2e, 0xe1, 0x28,
    0x7, 0x1f, 0x0, 0x62, 0xff, 0x68, 0x80, 0x0,

    /* U+5C0F "小" */
    0x0, 0xf9, 0xb8, 0x3, 0xff, 0xbc, 0x64, 0x1,
    0xe1, 0x40, 0xf, 0x7d, 0x80, 0x78, 0xac, 0xc0,
    0x30, 0x9e, 0x80, 0x78, 0xd7, 0xc0, 0x33, 0x82,
    0x0, 0x7d, 0x6, 0x80, 0x15, 0xb0, 0x7, 0xe2,
    0x58, 0x0, 0x21, 0x58, 0x7, 0xf4, 0x99, 0x82,
    0x54, 0x80, 0x3f, 0x8c, 0xa8, 0x2e, 0xc0, 0x1f,
    0xf5, 0x78, 0x30, 0x80, 0x7f, 0xce, 0xc0, 0x18,
    0x4c, 0xdc, 0x1, 0xff, 0xc0, 0x3c, 0xc3, 0x48,
    0x7, 0xfc, 0x5f, 0xee, 0x70, 0xf, 0x80,

    /* U+5C1A "尚" */
    0x5, 0x20, 0xb, 0x94, 0x2, 0x37, 0x0, 0x6f,
    0x80, 0x7e, 0xfe, 0x0, 0x40, 0xc0, 0x7, 0xa0,
    0x24, 0x2, 0xe0, 0xf, 0x9, 0x68, 0x5, 0x9c,
    0x99, 0x81, 0xac, 0xd6, 0xdf, 0x21, 0x3b, 0xaa,
    0xa6, 0x55, 0x58, 0x4, 0x0, 0xac, 0xdf, 0xc0,
    0x1c, 0x3f, 0xfe, 0x0, 0xfe, 0xff, 0xb4, 0x3,
    0xff, 0x98, 0x89, 0x80, 0x3f, 0xd1, 0x15, 0x20,
    0x7, 0xe3, 0xcc, 0xd4, 0x66, 0x1, 0x0, 0x87,
    0x0, 0x32, 0xe6, 0xa1, 0x0,

    /* U+5C31 "就" */
    0x0, 0xff, 0xe3, 0x9f, 0x0, 0x72, 0xe8, 0x10,
    0x4, 0x88, 0x71, 0xa4, 0x40, 0x4, 0x27, 0xe2,
    0x3, 0x33, 0xb, 0xcc, 0x88, 0x2, 0x3b, 0xa0,
    0x1d, 0xdb, 0xb7, 0x63, 0x36, 0x11, 0xaf, 0x8,
    0x27, 0xff, 0x43, 0x6b, 0xe, 0xea, 0xd0, 0x0,
    0x7f, 0xf2, 0x83, 0xf3, 0xbb, 0xba, 0x50, 0x0,
    0x99, 0xc2, 0x1, 0x11, 0xd0, 0x6, 0x71, 0xfc,
    0xd7, 0xe0, 0x2, 0x1b, 0x0, 0x63, 0xfc, 0x1d,
    0x96, 0x1, 0x16, 0x80, 0x7b, 0x4, 0x1, 0x6,
    0x8, 0x60, 0x1e, 0x44, 0x8, 0x2, 0xe4, 0x26,
    0x80, 0x3d, 0x1c, 0x1, 0x3e, 0xa1, 0x30, 0x4,
    0x72, 0xa, 0xa0, 0x8, 0x5a, 0xa8, 0x1, 0x9c,
    0xc2, 0x4b, 0xcc, 0x82, 0xe5, 0x1, 0xb, 0xab,
    0xc0, 0x5, 0xfa, 0x21, 0x4e, 0x0, 0x1e, 0xe9,
    0x40,

    /* U+5C42 "层" */
    0x0, 0x6f, 0xff, 0xfc, 0x60, 0x1a, 0x3f, 0xff,
    0x80, 0x3c, 0x20, 0x1f, 0xfc, 0x39, 0xff, 0xfe,
    0x0, 0xf4, 0x77, 0x7f, 0x8c, 0x3, 0x10, 0x99,
    0xff, 0x0, 0x78, 0x77, 0x7f, 0x80, 0x31, 0x8,
    0xbf, 0xff, 0x80, 0x3d, 0x99, 0x7f, 0x66, 0x78,
    0x40, 0x81, 0x62, 0x14, 0xb, 0x10, 0x99, 0x44,
    0x4, 0x10, 0x85, 0x11, 0xa9, 0x68, 0x8e, 0xc4,
    0x40, 0x3, 0x10, 0x0, 0xeb, 0x40, 0x14, 0xb2,
    0x0, 0x5, 0x74, 0x1e, 0x16, 0x2a, 0xf3, 0xc2,
    0xc0, 0x4, 0x88, 0xe, 0x33, 0x76, 0x74, 0x7e,
    0x92, 0x81, 0xd8, 0x2, 0x72, 0x1d, 0x95, 0x8,
    0x9a, 0xa0,

    /* U+5C4F "屏" */
    0x0, 0x67, 0xff, 0xfc, 0xa0, 0x1a, 0x3f, 0xff,
    0x80, 0x3c, 0x20, 0x1f, 0xfc, 0x39, 0xff, 0xfe,
    0x0, 0xf4, 0x77, 0x13, 0x3b, 0xaa, 0x4e, 0x50,
    0xc, 0x23, 0x1a, 0x8, 0xd1, 0xa2, 0x1, 0x84,
    0x2f, 0xde, 0x3f, 0xe2, 0x9f, 0xb0, 0xc, 0x77,
    0xd4, 0x1d, 0xcd, 0xc, 0xeb, 0x0, 0x89, 0x80,
    0x47, 0x8c, 0x4, 0x40, 0x10, 0x80, 0xa2, 0x34,
    0x51, 0x20, 0x44, 0x80, 0xa, 0x21, 0x10, 0x60,
    0x88, 0x82, 0x22, 0x20, 0xc5, 0x2c, 0xe1, 0xac,
    0xc8, 0x33, 0x22, 0x7, 0xe0, 0x4c, 0x45, 0x0,
    0xfc, 0x66, 0x51, 0x98, 0xa0, 0xf, 0xe3, 0xc0,
    0x1d, 0x60, 0xc, 0x3e, 0x40, 0x10,

    /* U+5C5E "属" */
    0x0, 0x5f, 0xff, 0xfc, 0xa0, 0x14, 0x7f, 0xff,
    0x10, 0x6, 0xe2, 0x2f, 0xe0, 0xe, 0x6f, 0xff,
    0xe0, 0x10, 0xa, 0x3e, 0xea, 0x88, 0x4c, 0x21,
    0x28, 0x1, 0x8c, 0x8, 0x9c, 0x13, 0x9a, 0x80,
    0x13, 0x89, 0xdc, 0xca, 0x3, 0xb3, 0x20, 0x8,
    0x4c, 0xf, 0x31, 0xa3, 0x98, 0xf2, 0x0, 0x89,
    0x80, 0xf3, 0x1a, 0x39, 0x8f, 0x20, 0x0, 0x81,
    0x13, 0x73, 0x20, 0xcc, 0xb4, 0x0, 0x84, 0x3b,
    0xbb, 0x3, 0x76, 0xeb, 0xc, 0x40, 0x4, 0xee,
    0xc3, 0xad, 0x8e, 0x22, 0x6a, 0x0, 0xb7, 0xb4,
    0x71, 0x68, 0x0, 0x6c, 0x60, 0x16, 0xf7, 0xfb,
    0x39, 0x97, 0x0,

    /* U+5D2D "崭" */
    0x6, 0xd0, 0xd, 0x50, 0x1, 0xf, 0x90, 0x4,
    0x71, 0x19, 0x5e, 0x23, 0x0, 0x64, 0x90, 0x4f,
    0xf3, 0xbb, 0xfe, 0xe8, 0x30, 0x1, 0x3f, 0x83,
    0xba, 0x20, 0xea, 0x5d, 0x44, 0x3, 0xdc, 0x83,
    0xee, 0x93, 0xfb, 0xfb, 0x86, 0x3, 0x8c, 0x1b,
    0x99, 0x28, 0x65, 0x39, 0x80, 0x44, 0xd6, 0x34,
    0x44, 0x0, 0xfe, 0xa2, 0x64, 0x72, 0x20, 0x2,
    0xa9, 0x95, 0x40, 0x0, 0x97, 0xc0, 0x7f, 0x90,
    0x37, 0x46, 0x1a, 0x0, 0xbe, 0xda, 0x3d, 0xd3,
    0x13, 0xb8, 0x65, 0xc0, 0x8, 0xcf, 0x67, 0x9d,
    0xc, 0x1, 0xe1, 0xff, 0x94, 0x3b, 0x85, 0x80,
    0x1e, 0x1b, 0x98, 0xe3, 0x20, 0x75, 0x0, 0xff,
    0x8, 0x1, 0x1c, 0x80, 0x3f, 0xc9, 0x80, 0x92,
    0x1, 0x71, 0x80, 0x0,

    /* U+5DE5 "工" */
    0x5, 0x99, 0xff, 0xe0, 0x8, 0x7, 0xcc, 0xc0,
    0xf, 0x96, 0x67, 0x86, 0x67, 0xc2, 0x1, 0xff,
    0xff, 0x0, 0xff, 0xf0, 0xb7, 0xff, 0x86, 0x7f,
    0xfc, 0xf9, 0x9f, 0xfc, 0x20,

    /* U+5DE8 "巨" */
    0x5f, 0xff, 0xf9, 0x80, 0x77, 0x7f, 0xce, 0x0,
    0x22, 0xff, 0x8, 0x7, 0xff, 0x8, 0x7f, 0xff,
    0x90, 0x2, 0xdd, 0xfc, 0x22, 0x0, 0x9, 0x17,
    0xe0, 0xf, 0xfe, 0x28, 0xaa, 0xfe, 0x10, 0xd,
    0x11, 0xf8, 0x84, 0x0, 0x3b, 0xbf, 0xc8, 0x1,
    0xff, 0xc3, 0x14, 0x4f, 0xf1, 0x88, 0x4c, 0xff,
    0xc0,

    /* U+5DF1 "己" */
    0xcf, 0xff, 0xf2, 0x0, 0x3b, 0x33, 0xf8, 0x3,
    0x11, 0x9f, 0xf0, 0x7, 0xff, 0x50, 0x54, 0xcf,
    0xf0, 0x6, 0x9a, 0xcc, 0xfc, 0x1, 0xc9, 0xff,
    0xf8, 0x3, 0xff, 0x85, 0xe8, 0x1, 0xff, 0xd0,
    0xd2, 0x0, 0xff, 0x88, 0x81, 0xea, 0x84, 0x5f,
    0x1c, 0x89, 0x32, 0x56, 0xef, 0xd8, 0xfa, 0x0,

    /* U+5DF2 "已" */
    0x8f, 0xff, 0xf9, 0x0, 0x13, 0x99, 0xfe, 0x0,
    0xc2, 0x67, 0xfe, 0x0, 0xe7, 0x60, 0xf, 0xfe,
    0xe, 0xf8, 0x7, 0xff, 0x45, 0xbf, 0xff, 0x0,
    0x79, 0x37, 0x7f, 0x3, 0x80, 0x62, 0x2f, 0xef,
    0x30, 0xf, 0xfe, 0x19, 0x80, 0x7f, 0xf0, 0xb0,
    0xc0, 0x3f, 0xf8, 0x6, 0x4, 0x4, 0x88, 0x33,
    0xf9, 0x3c, 0xc4, 0x25, 0xab, 0x33, 0xeb, 0xe,
    0x0,

    /* U+5E01 "币" */
    0x0, 0x8, 0x88, 0xd1, 0x5a, 0x26, 0xf5, 0x97,
    0xfb, 0x9b, 0xab, 0xad, 0x11, 0x6c, 0xba, 0xff,
    0xee, 0xa1, 0xb9, 0x86, 0x41, 0x0, 0xff, 0xe1,
    0x8a, 0xae, 0xf1, 0x55, 0xa0, 0xc0, 0xf, 0x51,
    0x12, 0x84, 0x44, 0xf0, 0x1, 0x16, 0xed, 0x43,
    0xbb, 0x38, 0x7, 0xff, 0xb0, 0x40, 0x3f, 0xd5,
    0xef, 0xa0, 0x5, 0x50, 0x7, 0xaf, 0x35, 0xc0,
    0x7, 0x0, 0x1e, 0x13, 0x20, 0x0,

    /* U+5E26 "带" */
    0x0, 0xb9, 0x0, 0x1c, 0xa0, 0xe, 0x40, 0x3,
    0x66, 0x6, 0xf3, 0x3, 0x59, 0x81, 0xbc, 0xa4,
    0x88, 0x3, 0x44, 0x1, 0xa2, 0x0, 0xd1, 0xc4,
    0x88, 0x2d, 0x44, 0x1e, 0xa2, 0x7, 0x51, 0x0,
    0x1, 0xc5, 0x11, 0x6a, 0x88, 0xbd, 0x44, 0x1,
    0xdd, 0xff, 0xc1, 0x60, 0x5, 0xff, 0xe1, 0xaf,
    0xfc, 0x40, 0x18, 0x8b, 0x9, 0x16, 0x10, 0xa,
    0x87, 0x77, 0x4, 0x6e, 0xdf, 0xce, 0x8, 0x25,
    0xff, 0xd, 0x7f, 0xa8, 0xc, 0x40, 0x3f, 0xf9,
    0xa2, 0x60, 0x1e, 0x10, 0xe, 0x1e, 0x86, 0x0,
    0xc9, 0x80, 0x1c, 0x3f, 0xd0, 0x0,

    /* U+5E38 "常" */
    0x2, 0xb2, 0x0, 0x72, 0x0, 0x1a, 0x40, 0x22,
    0x39, 0x0, 0xe1, 0xbb, 0x0, 0x33, 0xdd, 0x3f,
    0xc3, 0x7f, 0xc5, 0xbe, 0x83, 0x3d, 0xdf, 0xe1,
    0x0, 0x19, 0x7f, 0xfe, 0x10, 0x5, 0xb8, 0x3,
    0xbb, 0xb0, 0x45, 0xc, 0xc2, 0x1, 0x44, 0xf0,
    0x1, 0x88, 0x0, 0x2b, 0xdc, 0xba, 0xec, 0x51,
    0x0, 0xc5, 0x55, 0xc, 0xd5, 0x42, 0x1, 0x67,
    0xfe, 0x18, 0xff, 0xbb, 0x0, 0x27, 0xff, 0x86,
    0x3f, 0xe3, 0x0, 0xfc, 0x62, 0x1, 0x38, 0x7,
    0xfc, 0x66, 0x77, 0x0, 0x17, 0x80, 0x3d, 0x3c,
    0xfc, 0x0,

    /* U+5E73 "平" */
    0x8, 0xff, 0xff, 0xe0, 0x8, 0x79, 0x17, 0x0,
    0x8, 0xb8, 0x41, 0xf7, 0xb7, 0x61, 0x9d, 0xd6,
    0x4e, 0x80, 0x47, 0x82, 0x1, 0xe9, 0x90, 0x6,
    0x33, 0x48, 0x7, 0x9a, 0xc0, 0x3a, 0x58, 0x3,
    0x98, 0x18, 0x3, 0x91, 0x0, 0x1d, 0xd6, 0x1,
    0x12, 0xa9, 0x3d, 0x54, 0x3a, 0xba, 0xa, 0xb3,
    0xc4, 0x78, 0x12, 0x23, 0xcb, 0xbb, 0xe1, 0x9d,
    0xdf, 0x0, 0x7f, 0xfc, 0x0,

    /* U+5E74 "年" */
    0x0, 0xc6, 0x80, 0x1f, 0xfc, 0x2f, 0xd0, 0xf,
    0xfe, 0x9, 0x9d, 0x11, 0xf9, 0xc0, 0x37, 0x0,
    0x8, 0x8e, 0xe2, 0x2d, 0xc0, 0x14, 0x9f, 0xd5,
    0x52, 0x55, 0x5a, 0x40, 0x10, 0xda, 0x1, 0xff,
    0xc1, 0xdb, 0x6f, 0xfd, 0x25, 0xff, 0xa0, 0x0,
    0xa8, 0x65, 0x99, 0x30, 0x66, 0x69, 0x0, 0xf1,
    0x9d, 0xe4, 0x67, 0x84, 0x3, 0xff, 0x8d, 0x33,
    0x14, 0xce, 0x29, 0x9e, 0x60, 0x11, 0x3b, 0x84,
    0x70, 0x8, 0xf0, 0x2, 0x23, 0xf1, 0x44, 0x73,
    0x0, 0x7f, 0xf5, 0x0,

    /* U+5E78 "幸" */
    0x0, 0xfb, 0x94, 0x3, 0xfa, 0xff, 0xf0, 0xd7,
    0xfe, 0x50, 0xd, 0x5b, 0xb8, 0x23, 0x77, 0x28,
    0x6, 0x12, 0x2c, 0x24, 0x5c, 0x1, 0x2e, 0xef,
    0x86, 0xb7, 0x7c, 0x9, 0xdc, 0x83, 0x9e, 0xcc,
    0x75, 0xf, 0x74, 0x2, 0x66, 0x50, 0x33, 0xeb,
    0x43, 0x38, 0x0, 0x2e, 0xe2, 0xc7, 0x7a, 0x8c,
    0x1d, 0x40, 0x37, 0x71, 0x4b, 0xa2, 0xcd, 0x47,
    0x88, 0x2, 0x19, 0x9e, 0x19, 0x95, 0x4c, 0x9c,
    0x2, 0x44, 0xf0, 0xfa, 0x27, 0x10, 0x2, 0x23,
    0xc0, 0xb1, 0x1c, 0xa0, 0xc, 0xcf, 0xd, 0x66,
    0x73, 0x80, 0x7f, 0xf1, 0x40,

    /* U+5E7C "幼" */
    0x0, 0x87, 0x44, 0x3, 0x5b, 0x0, 0x79, 0x80,
    0x40, 0x33, 0x80, 0x7d, 0x56, 0x1, 0xff, 0xc0,
    0x53, 0x60, 0x64, 0xee, 0x1c, 0xf7, 0xc8, 0x2,
    0x24, 0x6, 0x43, 0x74, 0xd, 0xa8, 0x61, 0x25,
    0xb5, 0xc6, 0x86, 0x62, 0xd3, 0x30, 0x1, 0x84,
    0x8c, 0x3c, 0x2, 0x37, 0x0, 0xdd, 0xc8, 0x56,
    0x30, 0x8, 0x44, 0x0, 0x30, 0x10, 0x62, 0xb9,
    0x0, 0x18, 0x10, 0x7, 0xc, 0x51, 0x3a, 0x2,
    0x98, 0x0, 0x40, 0x2d, 0x64, 0x4, 0x80, 0xab,
    0x0, 0x84, 0x30, 0xcb, 0x7d, 0x4d, 0xd, 0x80,
    0x5, 0xe0, 0x46, 0x51, 0xbe, 0xb6, 0xe2, 0x32,
    0x90, 0x76, 0x42, 0x90, 0x32, 0x40, 0x7f, 0x1a,
    0x0, 0x7d, 0xb6, 0x0, 0xef, 0xd1,

    /* U+5E94 "应" */
    0x0, 0xf8, 0x4c, 0x3, 0xff, 0x84, 0x98, 0x20,
    0x1f, 0x90, 0xcf, 0x30, 0x41, 0x9e, 0x20, 0x1,
    0x5e, 0x67, 0x3, 0x66, 0x6d, 0x0, 0xdd, 0xff,
    0xff, 0x0, 0x7e, 0x3a, 0x0, 0x8b, 0x44, 0x3,
    0xad, 0x80, 0x94, 0x80, 0x8, 0x62, 0x1, 0x87,
    0x68, 0x4, 0xd0, 0x1, 0xac, 0x1, 0x8, 0x1,
    0xcc, 0x81, 0x30, 0x5, 0x28, 0x2, 0x70, 0x0,
    0xa5, 0x6, 0x20, 0x32, 0x10, 0x4, 0x24, 0x0,
    0xd5, 0x5, 0x90, 0x9f, 0x0, 0xda, 0xc0, 0x7,
    0x90, 0x17, 0x62, 0x40, 0xc, 0x78, 0x0, 0x14,
    0x0, 0xc, 0x78, 0x6, 0x14, 0x45, 0x6e, 0xf7,
    0xf, 0x6e, 0xc4, 0xa6, 0x69, 0x88, 0xea, 0xa4,
    0x46, 0x24, 0xc0, 0x35, 0x5f, 0xf8, 0x0,

    /* U+5EA7 "座" */
    0x0, 0xfd, 0x6, 0x1, 0xff, 0xc2, 0x1f, 0x0,
    0xf8, 0xff, 0xfc, 0xc7, 0xff, 0xcc, 0x1, 0x6e,
    0xf6, 0x56, 0xef, 0x38, 0x4, 0x44, 0x69, 0x27,
    0xb2, 0x24, 0x89, 0x8, 0x7, 0x61, 0x0, 0x61,
    0x42, 0x0, 0xf9, 0xd8, 0x3, 0x48, 0x10, 0x7,
    0x9c, 0x97, 0x0, 0x4, 0xf1, 0xaa, 0x0, 0x71,
    0x48, 0xea, 0x63, 0xe, 0x87, 0xdb, 0x30, 0x13,
    0x4c, 0x30, 0xa3, 0xd, 0x70, 0x3c, 0x30, 0x36,
    0xa, 0xdd, 0xac, 0x73, 0x76, 0x40, 0x7, 0x90,
    0x5f, 0x75, 0x1, 0xdd, 0x9c, 0x0, 0xbe, 0x4,
    0x67, 0x84, 0xcf, 0x8, 0x9, 0xa0, 0x7, 0xff,
    0x5, 0xcc, 0xaf, 0xff, 0x58, 0xff, 0xf3, 0xb6,
    0x85, 0xff, 0xff, 0xce,

    /* U+5EB7 "康" */
    0x0, 0xf9, 0x18, 0x3, 0xf8, 0x47, 0xd2, 0x82,
    0x3c, 0x0, 0x1e, 0xee, 0xa0, 0xbe, 0xee, 0x0,
    0xdf, 0xfc, 0x35, 0xff, 0xc0, 0x1d, 0x99, 0x86,
    0xb3, 0x29, 0x0, 0xf6, 0x66, 0xa, 0xcc, 0x52,
    0x80, 0x75, 0xee, 0xe0, 0xad, 0xd4, 0x9f, 0xa8,
    0x18, 0x5e, 0xee, 0xa, 0xdd, 0x48, 0xea, 0x80,
    0x43, 0x77, 0x82, 0xae, 0xd4, 0x44, 0x0, 0x8,
    0x80, 0x62, 0x20, 0x28, 0x87, 0xa0, 0x4, 0xc4,
    0x27, 0xc0, 0x60, 0x40, 0xe, 0x21, 0x0, 0x6a,
    0x84, 0xc5, 0x60, 0x36, 0x62, 0x68, 0x40, 0x9,
    0xe7, 0x36, 0x7e, 0x39, 0x81, 0xf4, 0x0, 0x11,
    0xa7, 0xf, 0xd1, 0x80, 0x9f, 0x65, 0x70, 0x89,
    0x8b, 0x61, 0x7f, 0xc6, 0xa0, 0x7, 0xec, 0x13,
    0x90, 0x9, 0x3f, 0xda, 0x20, 0x18, 0x80,

    /* U+5EFA "建" */
    0xf, 0xfc, 0x1, 0xb8, 0xc0, 0x3d, 0xdc, 0xb0,
    0x7, 0x7f, 0x87, 0x3f, 0xe0, 0x8, 0x45, 0xce,
    0x1d, 0xfe, 0x1c, 0xfe, 0x0, 0xe3, 0x59, 0xef,
    0xf8, 0x73, 0xf8, 0x3c, 0x40, 0x1c, 0xe1, 0xdf,
    0xf0, 0xe7, 0xf0, 0x78, 0x84, 0x93, 0xf0, 0xff,
    0xc3, 0x9f, 0xc0, 0x1b, 0x3b, 0xc4, 0x5f, 0xf0,
    0x5f, 0xfc, 0x1, 0x8c, 0x88, 0x37, 0x70, 0x5d,
    0xe2, 0x0, 0x15, 0xba, 0x8c, 0xcc, 0x13, 0x38,
    0x80, 0xc, 0xf3, 0xa2, 0x1, 0x8c, 0x2, 0x10,
    0x0, 0xa1, 0xa5, 0xff, 0xc1, 0x5f, 0xf5, 0x80,
    0x42, 0x15, 0x7b, 0xb0, 0xe6, 0xed, 0x40, 0x5,
    0x56, 0x8f, 0x4a, 0x9b, 0x8, 0xf0, 0x15, 0x59,
    0x5e, 0x4, 0xeb, 0xef, 0x75, 0xe2, 0x5a, 0xa0,
    0x3, 0x9c, 0xef, 0xfe, 0xe1,

    /* U+5F00 "开" */
    0x9, 0xff, 0xff, 0xe0, 0x70, 0x3, 0xcc, 0xc0,
    0x3, 0x3c, 0x0, 0x33, 0x28, 0x1, 0xb3, 0x16,
    0x39, 0x9a, 0x4b, 0x31, 0x60, 0x1f, 0xfe, 0x52,
    0xee, 0xac, 0x7b, 0xb4, 0x97, 0x74, 0xc5, 0x55,
    0x28, 0x55, 0x65, 0xa, 0xa9, 0xc1, 0x12, 0x35,
    0x44, 0xd8, 0x48, 0x90, 0x80, 0x67, 0xc0, 0xf,
    0xfe, 0xb, 0xb, 0x80, 0x7f, 0xf0, 0xa, 0x5c,
    0x40, 0x3f, 0xe4, 0xc4, 0x80, 0xf, 0xfe, 0x7,
    0x3d, 0x80, 0x7f, 0xf0, 0x6a, 0x40, 0x3e, 0x6d,
    0x0, 0xc0,

    /* U+5F20 "张" */
    0x8f, 0xfb, 0x0, 0xfc, 0x3, 0x52, 0x84, 0x77,
    0x20, 0x3, 0xe5, 0x44, 0x0, 0x4, 0x60, 0xf,
    0x1d, 0x58, 0x80, 0x14, 0xf8, 0x3, 0x8f, 0x61,
    0x40, 0x5, 0x58, 0xee, 0x0, 0x8b, 0x25, 0xc0,
    0x21, 0x2f, 0xf5, 0x8b, 0x0, 0x2d, 0x48, 0xa0,
    0x61, 0x0, 0xba, 0x83, 0x6f, 0x77, 0x29, 0x89,
    0xa1, 0xf5, 0x87, 0x48, 0x77, 0x4a, 0x25, 0xd7,
    0xe2, 0xe0, 0x2c, 0x6, 0x22, 0x7, 0xfd, 0x87,
    0x0, 0xe5, 0xb0, 0xf, 0x78, 0x80, 0x74, 0xb1,
    0x80, 0x71, 0x10, 0x3, 0x20, 0x37, 0x8, 0x4,
    0x2f, 0xc0, 0xa1, 0xd4, 0xf2, 0x3a, 0x49, 0xfc,
    0x2e, 0x12, 0x15, 0xc8, 0x1a, 0xc6, 0x9f, 0xec,
    0x10, 0xff, 0x20, 0x4, 0x34, 0x20,

    /* U+5F53 "当" */
    0x3, 0x0, 0xdc, 0xc0, 0x11, 0x98, 0x75, 0xc0,
    0x3f, 0x75, 0x8d, 0x41, 0x0, 0x79, 0x8e, 0x1,
    0x16, 0x0, 0x38, 0x62, 0xc0, 0x28, 0x80, 0x7,
    0xa1, 0x40, 0x19, 0xdc, 0xcc, 0xc, 0xe6, 0xd6,
    0x40, 0x55, 0x74, 0xca, 0xaa, 0x3, 0x6, 0x6f,
    0xf2, 0x80, 0x4, 0xcf, 0xf8, 0x80, 0x13, 0x99,
    0xfc, 0x80, 0x8, 0xff, 0xfe, 0x60, 0xf, 0xfe,
    0x12, 0x6e, 0xff, 0x98, 0x1a, 0xef, 0xfc, 0x0,

    /* U+5F55 "录" */
    0x0, 0xff, 0xe2, 0x8f, 0xff, 0xfb, 0x80, 0x30,
    0xf7, 0x7f, 0x38, 0x7, 0x84, 0x7f, 0xb8, 0xc0,
    0x3a, 0x7f, 0xff, 0x48, 0x80, 0x74, 0x6e, 0xfe,
    0x57, 0x0, 0xcc, 0xe8, 0x9f, 0x95, 0x19, 0x40,
    0x77, 0x7d, 0x32, 0xdd, 0x11, 0x37, 0x0, 0x6c,
    0xb6, 0xee, 0x0, 0x5d, 0xb5, 0xba, 0x40, 0x2a,
    0xbc, 0x10, 0x10, 0x32, 0xd0, 0x40, 0xc, 0x7a,
    0xaa, 0x41, 0x4c, 0xdb, 0xb0, 0x80, 0x70, 0xf4,
    0xc8, 0x36, 0x0, 0x80, 0x39, 0x6f, 0xb2, 0x74,
    0x81, 0xe6, 0xe8, 0x80, 0x2f, 0x3e, 0xb4, 0x0,
    0x18, 0x36, 0x86, 0xd0, 0x2, 0xa0, 0x45, 0xfe,
    0x7, 0x0, 0x15, 0x75, 0x80, 0x70, 0xff, 0xb4,
    0x80, 0x30, 0x88, 0x0,

    /* U+5F71 "影" */
    0x0, 0xff, 0xe0, 0x88, 0x4, 0x9f, 0xbb, 0xdc,
    0x1, 0x1f, 0x20, 0x4, 0x5b, 0xba, 0x40, 0x22,
    0xd7, 0x40, 0x8, 0xb3, 0x34, 0x80, 0x13, 0x1e,
    0x0, 0x31, 0x6e, 0xe8, 0x3, 0xb9, 0x90, 0x6,
    0x76, 0xad, 0xca, 0xe4, 0x3d, 0x70, 0x35, 0x0,
    0x2e, 0xe8, 0xb, 0x75, 0x86, 0x40, 0x7a, 0x40,
    0x1, 0x1a, 0xe0, 0x46, 0x0, 0x3e, 0x43, 0x80,
    0x16, 0x67, 0xda, 0x1b, 0x58, 0xc0, 0x18, 0x7b,
    0xb4, 0x31, 0xde, 0x98, 0x7, 0x99, 0xb6, 0x0,
    0x18, 0x0, 0x7c, 0x40, 0x6c, 0x35, 0x22, 0x52,
    0x1, 0x16, 0xc9, 0x0, 0x1d, 0x24, 0x99, 0x8e,
    0x0, 0x5d, 0x67, 0x0, 0x53, 0x18, 0x0, 0x6f,
    0x8a, 0xea, 0x90, 0x1, 0x44, 0x2e, 0x90, 0x17,
    0xac, 0x79, 0x40, 0x31, 0x85, 0xfc, 0x80, 0xa,
    0x68, 0x40, 0x30,

    /* U+5F7C "彼" */
    0x0, 0xff, 0xe3, 0xcd, 0x0, 0x63, 0xe0, 0xf,
    0x9d, 0xd0, 0x2, 0x33, 0x88, 0xe0, 0xa, 0xa7,
    0x8, 0x7b, 0xab, 0xe, 0xeb, 0xc0, 0x2f, 0xb,
    0x0, 0x6f, 0xd8, 0x7f, 0x99, 0x80, 0xa, 0x19,
    0x20, 0x1, 0x83, 0x88, 0x1, 0x34, 0x2, 0x74,
    0x80, 0xf, 0xd0, 0x80, 0x5, 0x80, 0x10, 0x7,
    0x7e, 0xf, 0xfa, 0x88, 0xe, 0x98, 0x3, 0x32,
    0x77, 0x52, 0x44, 0x3, 0xba, 0x0, 0x10, 0xc2,
    0x18, 0x8a, 0xec, 0x1, 0x20, 0x4, 0xc4, 0x31,
    0xe1, 0x2, 0xc0, 0x1f, 0x6a, 0x83, 0xb7, 0xbf,
    0x0, 0x7e, 0x5c, 0x1, 0x70, 0x0, 0x80, 0x7c,
    0xa6, 0xf1, 0xef, 0xcf, 0x94, 0x80, 0x1c, 0x36,
    0xa7, 0x56, 0x31, 0xc5, 0x0,

    /* U+5F85 "待" */
    0x0, 0xff, 0xe3, 0xae, 0x80, 0x64, 0xe0, 0xf,
    0x92, 0xa4, 0x4, 0x8a, 0x12, 0x28, 0x40, 0xf,
    0x76, 0x40, 0xdd, 0xa4, 0x37, 0x68, 0x1, 0xbd,
    0x48, 0x1c, 0xff, 0x58, 0xff, 0xd2, 0x3, 0x84,
    0xea, 0x64, 0x51, 0x89, 0x16, 0x10, 0x2, 0x44,
    0x5f, 0xf4, 0x6, 0x6e, 0x7a, 0x2, 0x58, 0x25,
    0x6e, 0xdf, 0xee, 0xc, 0xd5, 0x4b, 0x60, 0x0,
    0x91, 0x71, 0x83, 0x10, 0x2c, 0x48, 0x2, 0x77,
    0x7b, 0x2, 0xf5, 0x5, 0xc0, 0x28, 0xe8, 0xff,
    0xc1, 0xbe, 0x80, 0x1e, 0x1c, 0xa0, 0xf, 0xfe,
    0x15, 0x22, 0x80, 0x7f, 0xf0, 0x47, 0x10, 0x48,
    0x3, 0xff, 0x80, 0x44, 0xed, 0x42, 0x0, 0xef,
    0x10, 0xc, 0x7f, 0xeb, 0x0, 0x80,

    /* U+5F88 "很" */
    0x0, 0x89, 0xc0, 0x3f, 0xf8, 0x5d, 0xa1, 0x3f,
    0xfe, 0xc0, 0x8, 0x70, 0x28, 0x0, 0xdf, 0xfa,
    0x40, 0x21, 0xc7, 0xc0, 0xf, 0xfe, 0x0, 0xdd,
    0x87, 0x88, 0x1b, 0xff, 0x48, 0x6, 0x60, 0xd4,
    0x20, 0x6e, 0xed, 0x0, 0x1d, 0x47, 0x0, 0x10,
    0x8f, 0x0, 0x69, 0x50, 0x30, 0x3, 0x7f, 0xe9,
    0x0, 0x95, 0xe8, 0x3, 0x2f, 0x1c, 0xf7, 0x3c,
    0x0, 0xb8, 0x80, 0x18, 0xc6, 0xb4, 0x57, 0x54,
    0x0, 0x40, 0x1f, 0x32, 0xed, 0x51, 0x40, 0x3f,
    0xe8, 0x2c, 0x40, 0xf, 0xf8, 0x51, 0x1e, 0x40,
    0x1f, 0x99, 0x9d, 0xc7, 0xb7, 0xd8, 0x0, 0xfc,
    0xd5, 0xea, 0x15, 0x22, 0x1, 0xf, 0x88, 0x7c,
    0xa0, 0x6, 0x69, 0x0,

    /* U+5F97 "得" */
    0x0, 0xc8, 0x1, 0xff, 0xc2, 0xb8, 0x4, 0xfe,
    0xee, 0xf4, 0x0, 0xad, 0xb4, 0x0, 0x3d, 0xdc,
    0x20, 0x2, 0xd7, 0xc1, 0x0, 0xf, 0x77, 0x8,
    0x0, 0xab, 0x3, 0x48, 0x7, 0xbb, 0x84, 0x2,
    0x70, 0xd6, 0x20, 0x1c, 0xce, 0x10, 0xd, 0x27,
    0x20, 0x9b, 0xdd, 0xda, 0x80, 0x8, 0x60, 0x23,
    0x9b, 0xbf, 0xa4, 0x19, 0xe0, 0x0, 0x3d, 0xdc,
    0x6d, 0xdc, 0x4, 0xb5, 0x0, 0x13, 0x37, 0x78,
    0x33, 0x0, 0x90, 0x2, 0xbe, 0xee, 0xa0, 0xee,
    0x28, 0x7, 0x5f, 0xb6, 0xff, 0xac, 0x7f, 0xca,
    0x1, 0xf6, 0x60, 0x80, 0x3f, 0xf8, 0x2b, 0xc,
    0x2, 0x1, 0xff, 0xc0, 0x67, 0xfa, 0x70, 0xe,
    0x2f, 0x0, 0xe3, 0xff, 0x48, 0x4,

    /* U+5FC3 "心" */
    0x0, 0xe2, 0xa1, 0x0, 0xff, 0xe0, 0x98, 0xf9,
    0x80, 0x7f, 0xf0, 0x6, 0xdb, 0x14, 0x3, 0xff,
    0x83, 0x13, 0x48, 0x1, 0xfc, 0x9c, 0x0, 0x6b,
    0x40, 0xf, 0xa4, 0x80, 0x40, 0x24, 0x0, 0x63,
    0x80, 0x66, 0x0, 0xfe, 0xa9, 0x0, 0x8c, 0x8,
    0x3, 0xf3, 0xa, 0x0, 0x10, 0xc0, 0x3f, 0xcb,
    0xc0, 0xc, 0x50, 0xf, 0xc6, 0x1e, 0xa0, 0x4,
    0xd0, 0xf, 0xde, 0xc8, 0x6, 0x2c, 0x80, 0x1f,
    0x88, 0x83, 0xa6, 0x32, 0x0, 0x70, 0x32, 0x29,
    0x5, 0x40, 0x80, 0x38, 0xd3, 0x37, 0x6b, 0x71,
    0x0, 0x80,

    /* U+5FC5 "必" */
    0x0, 0xe4, 0x10, 0xf, 0xfe, 0x17, 0x7a, 0x80,
    0x64, 0x40, 0x7, 0xd5, 0x15, 0x20, 0x14, 0xe8,
    0x7, 0xe6, 0xc7, 0x90, 0x73, 0x80, 0xf, 0xd,
    0x89, 0xfc, 0x14, 0x58, 0x80, 0x67, 0x30, 0x43,
    0x1, 0x17, 0xaa, 0x80, 0x3a, 0x5c, 0x3, 0xa8,
    0x2b, 0x58, 0x2, 0x31, 0x40, 0xd, 0x29, 0xe1,
    0x70, 0x20, 0xb, 0x40, 0xd, 0xd, 0x84, 0xc,
    0x72, 0x0, 0x6e, 0x0, 0xb9, 0xb0, 0x80, 0x28,
    0x71, 0x42, 0x50, 0x20, 0x3c, 0x30, 0x0, 0x82,
    0x8b, 0xa6, 0x3, 0x60, 0x61, 0x0, 0x4f, 0x41,
    0xac, 0x9, 0x91, 0x0, 0x10, 0xd, 0xc0, 0x3,
    0x3, 0xb5, 0xf7, 0x5, 0x33, 0xcb, 0xa0, 0x11,
    0xfc, 0x88, 0x34, 0x66, 0x61, 0x60, 0x8,

    /* U+5FCC "忌" */
    0x0, 0x67, 0xff, 0xf8, 0xc0, 0x36, 0x77, 0x7f,
    0x0, 0x7c, 0x23, 0xfc, 0x1, 0xe5, 0xff, 0xfe,
    0x0, 0xfd, 0xbb, 0xfc, 0x60, 0x1c, 0x45, 0xfe,
    0x97, 0x0, 0x84, 0x8c, 0x47, 0xe3, 0x71, 0x0,
    0x91, 0x77, 0xbb, 0xed, 0x46, 0x0, 0xd5, 0xdf,
    0x8f, 0xff, 0xba, 0x80, 0x33, 0x9c, 0x21, 0xa5,
    0x0, 0x58, 0xa0, 0x1a, 0x41, 0x8, 0x35, 0x1c,
    0x1, 0x36, 0x1, 0x29, 0x98, 0x2, 0x1a, 0x10,
    0x96, 0x36, 0x0, 0x45, 0x3, 0xf8, 0x89, 0x5c,
    0x9d, 0xd5, 0x60, 0xa, 0x70, 0xd7, 0xee, 0xda,
    0xa8, 0xdc, 0x0,

    /* U+5FE7 "忧" */
    0x0, 0x1f, 0x80, 0x65, 0xd0, 0x47, 0x0, 0xff,
    0xe0, 0x8, 0x2d, 0xc8, 0x4, 0xae, 0x14, 0x20,
    0x3, 0x0, 0xe, 0x18, 0x80, 0x20, 0x0, 0x6d,
    0xba, 0x93, 0xdd, 0x9f, 0x8, 0xd, 0xc2, 0xa9,
    0x32, 0x31, 0x99, 0xe2, 0x28, 0x0, 0x70, 0x88,
    0x56, 0x44, 0xe0, 0x44, 0x0, 0x4a, 0x0, 0x5e,
    0xa8, 0x0, 0xcd, 0x0, 0x1e, 0x32, 0x0, 0xff,
    0xe0, 0x98, 0x20, 0x7, 0xff, 0x6, 0xd0, 0x3,
    0xff, 0x84, 0xde, 0x1, 0xc8, 0x1, 0xf4, 0x92,
    0x0, 0x75, 0x90, 0x7, 0x3b, 0xb8, 0x2, 0x11,
    0x18, 0x10, 0x6, 0x1b, 0xd2, 0x0, 0x7b, 0x76,
    0x30, 0x0,

    /* U+6001 "态" */
    0x0, 0xfa, 0xa4, 0x3, 0xf1, 0x17, 0x94, 0xc8,
    0xbc, 0x3, 0xbb, 0xe0, 0x5d, 0xdf, 0x10, 0xff,
    0xf5, 0xa, 0x2f, 0xff, 0x10, 0x7, 0xa1, 0xa5,
    0x54, 0x1, 0xfe, 0xa0, 0x92, 0x9a, 0x40, 0xf,
    0x8f, 0x1d, 0xd8, 0x6d, 0x17, 0x22, 0x1, 0x3e,
    0x61, 0x36, 0xa9, 0x8c, 0xf6, 0x9d, 0x62, 0x1f,
    0x5d, 0x0, 0x3f, 0x6c, 0x9, 0xb7, 0xa2, 0x10,
    0x2b, 0xc, 0x27, 0xe0, 0x15, 0x8b, 0x0, 0x52,
    0x7, 0xc1, 0x6f, 0x40, 0xe, 0xb0, 0x9, 0x1,
    0x0, 0x36, 0xf8, 0x40, 0x83, 0x0, 0x21, 0x80,
    0x48, 0x44, 0x8, 0x4a, 0x33, 0x40, 0xb, 0x90,
    0xf4, 0xee, 0xda, 0x2a, 0xaa, 0x0,

    /* U+6015 "怕" */
    0x0, 0xbc, 0x80, 0x3b, 0x4c, 0x3, 0xff, 0x80,
    0x64, 0x60, 0x1f, 0x21, 0xa, 0xab, 0x81, 0x56,
    0x30, 0xa5, 0x1, 0x82, 0xa8, 0x20, 0x88, 0x5c,
    0x83, 0x30, 0x15, 0x1c, 0x37, 0xfd, 0xba, 0x70,
    0x1, 0x18, 0x2, 0x9c, 0x3, 0xf1, 0xb8, 0x4,
    0x80, 0x1f, 0xc7, 0x20, 0x1e, 0xff, 0xe6, 0x0,
    0xfe, 0xdd, 0xe3, 0x0, 0xfe, 0x22, 0xe5, 0x0,
    0xff, 0xed, 0xff, 0xf3, 0x0, 0x7f, 0x66, 0x71,
    0x0,

    /* U+6062 "恢" */
    0x0, 0xff, 0xe3, 0x35, 0x80, 0x43, 0xe0, 0x1f,
    0xfc, 0x22, 0x0, 0xfe, 0x31, 0x7a, 0x8f, 0xc0,
    0xff, 0xf0, 0x2, 0x39, 0xdb, 0x39, 0x93, 0xb9,
    0x5b, 0xdc, 0x0, 0x2f, 0x5, 0xe0, 0x9e, 0x8,
    0xa0, 0x4, 0x40, 0x20, 0x20, 0xb6, 0x8, 0x88,
    0x13, 0x32, 0x40, 0x2b, 0x80, 0x8, 0xc8, 0x4d,
    0x80, 0x45, 0x9e, 0x9, 0x20, 0x1a, 0x94, 0xc8,
    0xc4, 0x15, 0x40, 0x1f, 0x37, 0x55, 0x14, 0x4c,
    0x48, 0x3, 0xce, 0x49, 0xd, 0xa0, 0x3a, 0x1,
    0xe3, 0x8f, 0x1, 0x25, 0x68, 0x10, 0xf, 0xc,
    0x98, 0x3, 0x9e, 0x51, 0x40, 0x3c, 0x4c, 0x9,
    0xaf, 0x1, 0xb4, 0xe0, 0x1f, 0xc, 0xd5, 0x80,
    0xf, 0x30, 0x1, 0x35, 0x80, 0x7, 0x5c, 0x3,
    0x1d, 0x80,

    /* U+606F "息" */
    0x0, 0xf9, 0x54, 0x1, 0xff, 0xc2, 0xb3, 0x0,
    0xff, 0x77, 0xfc, 0x33, 0xff, 0x70, 0x7, 0xd9,
    0xff, 0xeb, 0x0, 0xfd, 0x9d, 0xde, 0xb0, 0xf,
    0xd9, 0xdd, 0xeb, 0x0, 0xfd, 0xf7, 0x7e, 0x80,
    0xf, 0xd3, 0x11, 0xea, 0x0, 0xfc, 0x24, 0x5e,
    0x30, 0xf, 0x8a, 0xbf, 0xfd, 0x64, 0x1, 0xec,
    0xfe, 0xe1, 0xdf, 0x75, 0x84, 0x1, 0xb8, 0xb1,
    0x83, 0xa9, 0x40, 0xf, 0x80, 0x13, 0x19, 0x0,
    0x47, 0x40, 0x8, 0x42, 0x80, 0x18, 0x80, 0xf,
    0x8, 0x91, 0x4, 0xe1, 0xc, 0x3, 0x6a, 0x16,
    0xdd, 0xdb, 0x50, 0xd3, 0x80,

    /* U+607C "恼" */
    0x0, 0xff, 0xe2, 0xbd, 0x0, 0x62, 0xd1, 0x0,
    0xff, 0xe0, 0x13, 0xd8, 0x7, 0x18, 0xc, 0xd7,
    0xfc, 0xaa, 0xff, 0xc1, 0xc0, 0x29, 0x1b, 0xbd,
    0x57, 0xba, 0x0, 0xc8, 0xbe, 0x40, 0x44, 0x91,
    0x5a, 0x26, 0x0, 0x59, 0x92, 0x61, 0x14, 0xbc,
    0x2d, 0xa0, 0x2, 0x60, 0x48, 0xc9, 0x70, 0x9,
    0x18, 0x3, 0xcc, 0xa9, 0x60, 0x1f, 0xfc, 0x7,
    0x8, 0x0, 0xff, 0xa4, 0x79, 0x14, 0x3, 0xfa,
    0x1f, 0xc6, 0xfc, 0x3, 0xfa, 0xb0, 0x81, 0x68,
    0x3, 0xfb, 0x75, 0xff, 0x98, 0x3, 0xc5, 0x99,
    0xf2, 0x0,

    /* U+60C5 "情" */
    0x0, 0x62, 0x0, 0x77, 0x20, 0x7, 0xf7, 0x76,
    0x1b, 0xee, 0x9c, 0x4, 0x3d, 0x3b, 0xb0, 0x5f,
    0x74, 0xe3, 0xa0, 0x7f, 0x1b, 0xb0, 0x5e, 0xec,
    0x2a, 0xe1, 0x87, 0x93, 0x30, 0x3c, 0xcc, 0xa4,
    0x60, 0xd, 0xee, 0xca, 0x5d, 0xd6, 0xe6, 0x80,
    0x16, 0xa6, 0x7e, 0x89, 0xb5, 0x0, 0x8f, 0x3f,
    0xfb, 0x3c, 0x4, 0x3, 0xd9, 0x9d, 0x40, 0x1f,
    0xdb, 0xbd, 0x40, 0x1f, 0x87, 0x77, 0xac, 0x3,
    0xf0, 0xf7, 0x75, 0x98, 0x7, 0xc3, 0xdd, 0xbe,
    0x8c, 0x3, 0xfe, 0x4e, 0xba, 0x0,

    /* U+60F3 "想" */
    0x0, 0x8f, 0xc0, 0x2e, 0xff, 0xe3, 0x0, 0x19,
    0x94, 0xc, 0xc2, 0x19, 0xff, 0x8, 0x0, 0xb3,
    0x12, 0x19, 0x89, 0x0, 0xfc, 0x5b, 0xa0, 0x6,
    0xea, 0x43, 0x3f, 0xe1, 0x0, 0x88, 0x2, 0xe0,
    0x10, 0xcf, 0xf8, 0x40, 0x37, 0xb0, 0x56, 0xa8,
    0x6f, 0x74, 0x20, 0x15, 0xb5, 0x3, 0x53, 0x86,
    0xf7, 0x42, 0x0, 0x26, 0xa0, 0x9, 0x48, 0x3,
    0xf1, 0x68, 0x8c, 0x1, 0x1e, 0x7f, 0xc2, 0x1,
    0x8c, 0xbc, 0x87, 0xb9, 0xff, 0x4e, 0x18, 0x5,
    0x84, 0xd2, 0x37, 0x86, 0x0, 0xee, 0x0, 0x4e,
    0x64, 0x1, 0x2d, 0x11, 0xcc, 0x1b, 0x0, 0xcc,
    0x80, 0xe, 0x22, 0x40, 0x42, 0x8, 0xa0, 0x1b,
    0x50, 0x42, 0xee, 0xd3, 0xc0, 0xd8, 0x0,

    /* U+610F "意" */
    0x0, 0xf8, 0xc4, 0x3, 0xff, 0x83, 0x3a, 0x1,
    0xf0, 0xf7, 0x5f, 0xca, 0x7f, 0xee, 0xe8, 0x40,
    0x7b, 0x92, 0x9d, 0xff, 0x23, 0xf7, 0x4, 0x1e,
    0x65, 0x89, 0x33, 0x52, 0x1c, 0xca, 0x0, 0xf3,
    0x1d, 0x59, 0x97, 0xd7, 0xe6, 0x34, 0x11, 0x62,
    0x3f, 0xad, 0x54, 0x1, 0x17, 0xee, 0xfb, 0xc4,
    0x40, 0x1d, 0xf9, 0x9e, 0xf0, 0xf, 0xbf, 0x33,
    0xde, 0x1, 0xe3, 0xfd, 0xd7, 0xee, 0xde, 0x42,
    0x1, 0x14, 0x64, 0x79, 0x26, 0xed, 0x42, 0x1,
    0x4e, 0x95, 0x16, 0x83, 0x99, 0x6, 0x0, 0x19,
    0x60, 0x3, 0x4b, 0xd5, 0x1d, 0xa4, 0x1, 0xa2,
    0x65, 0xff, 0x9e, 0xc2, 0xac,

    /* U+611F "感" */
    0x0, 0xff, 0xe6, 0xf, 0x8b, 0x5a, 0x0, 0x6f,
    0xff, 0x70, 0x74, 0xa5, 0xf9, 0x0, 0x87, 0x7f,
    0xf0, 0x57, 0xfb, 0xbc, 0x80, 0x24, 0xdd, 0xcc,
    0x84, 0x7, 0xc0, 0x1c, 0xb9, 0x99, 0x8f, 0x42,
    0x58, 0x2, 0x30, 0x1f, 0xcc, 0x79, 0xe2, 0xa9,
    0x20, 0x2, 0x73, 0x30, 0x6e, 0x88, 0x10, 0x2a,
    0xc4, 0x80, 0x1a, 0xa0, 0x3, 0x30, 0x0, 0x80,
    0xa, 0x1c, 0x80, 0xda, 0x6b, 0x10, 0x7b, 0xd7,
    0x4c, 0x53, 0x52, 0x54, 0x1b, 0xb4, 0xfd, 0xd4,
    0x5a, 0x4c, 0x9, 0x5a, 0x86, 0x18, 0x53, 0x28,
    0x3, 0xe5, 0xc0, 0x7, 0x42, 0x4e, 0x59, 0x64,
    0x10, 0x54, 0x40, 0xe, 0x81, 0x1, 0x2, 0xe2,
    0x37, 0x46, 0xe0, 0x1a, 0x70, 0x6a, 0xff, 0xd8,
    0xc3, 0x1a, 0x0,

    /* U+613F "愿" */
    0x1, 0xff, 0xff, 0xe0, 0x50, 0x6, 0xff, 0xe2,
    0xdf, 0xfd, 0x40, 0x1c, 0x79, 0x8e, 0x2e, 0xcc,
    0xac, 0x3, 0xcc, 0x19, 0xdf, 0x99, 0x7a, 0x80,
    0x7c, 0x79, 0x9e, 0xf0, 0xf, 0xc5, 0xff, 0xea,
    0x0, 0xc6, 0x0, 0x74, 0xaa, 0x67, 0x55, 0x3d,
    0x80, 0x30, 0x81, 0x90, 0x49, 0x4c, 0x94, 0x20,
    0x2, 0x63, 0x36, 0xc, 0x18, 0x5, 0x81, 0xa4,
    0x0, 0x16, 0x2b, 0xa0, 0x84, 0x50, 0x4, 0xc1,
    0x80, 0x34, 0x84, 0x69, 0xb4, 0x50, 0x1, 0xe0,
    0x80, 0xf, 0xd2, 0x81, 0x43, 0xa8, 0xc4, 0x44,
    0xa0, 0x28, 0x88, 0xa1, 0x30, 0x3e, 0x36, 0x99,
    0x81, 0x4c, 0xa5, 0xc1, 0x7f, 0xf4, 0x71, 0x60,
    0x26, 0x82, 0x80, 0x2f, 0xff, 0x94, 0x2,

    /* U+6162 "慢" */
    0x0, 0x1f, 0x0, 0x13, 0xb3, 0x3b, 0xcc, 0x3,
    0xf2, 0x66, 0x70, 0x6, 0x10, 0x2, 0x98, 0x25,
    0x57, 0x0, 0x6a, 0x60, 0x3a, 0x2, 0xcc, 0xe0,
    0xc, 0xc2, 0x8, 0x85, 0x93, 0x3e, 0xa2, 0x0,
    0x9c, 0xb, 0xb9, 0x35, 0x13, 0x51, 0x3c, 0x6,
    0xe0, 0x10, 0x8b, 0xf, 0xf0, 0x73, 0x40, 0x7,
    0x40, 0x18, 0x6c, 0xa6, 0xc6, 0xa8, 0x1, 0xf1,
    0x64, 0x6c, 0x43, 0x22, 0x1a, 0x1, 0xe6, 0xcc,
    0xfc, 0xa0, 0x1e, 0x6f, 0x54, 0xef, 0xe4, 0x37,
    0x0, 0xfd, 0x47, 0xdb, 0xc7, 0x80, 0x1f, 0x8d,
    0x8c, 0x8, 0x9, 0x48, 0x3, 0xd7, 0xdf, 0xdf,
    0xee, 0xcf, 0xc4, 0x0, 0x1f, 0x5, 0xec, 0xa8,
    0x0, 0x5a, 0xb9, 0x0,

    /* U+6210 "成" */
    0x0, 0xfc, 0x3e, 0x55, 0x24, 0x1, 0xff, 0xc1,
    0xac, 0xf3, 0x0, 0xaf, 0xff, 0xb8, 0x37, 0xe8,
    0xb1, 0x40, 0xe, 0x99, 0x9c, 0x11, 0x99, 0x90,
    0x2, 0xc3, 0x3e, 0x12, 0x33, 0x11, 0x88, 0x5,
    0x86, 0x65, 0x20, 0x22, 0x0, 0xf1, 0x80, 0x42,
    0x9b, 0xaa, 0xa0, 0x37, 0x3, 0x11, 0x80, 0x69,
    0xee, 0x28, 0x3, 0x54, 0x26, 0xc0, 0x3f, 0xbc,
    0xc, 0xd2, 0x6c, 0x1, 0x88, 0x80, 0x1, 0x0,
    0x20, 0x37, 0x0, 0x62, 0x6, 0x22, 0x29, 0x1,
    0x80, 0xc, 0x1c, 0xc1, 0xc4, 0xbf, 0x49, 0x11,
    0x84, 0x4, 0x1a, 0xa1, 0x2e, 0x1b, 0xf9, 0x16,
    0xfa, 0x9e, 0xa8, 0xa2, 0x2b, 0x0, 0x89, 0x2e,
    0x2, 0xde, 0x94, 0xc7, 0x48, 0x2, 0x2d, 0x40,
    0xa, 0xbe, 0xc0,

    /* U+6216 "或" */
    0x0, 0xfc, 0x5e, 0x31, 0x46, 0x1, 0xfe, 0x30,
    0x38, 0xef, 0x30, 0x6, 0xff, 0xfb, 0x83, 0x7e,
    0xcf, 0x40, 0x1d, 0x99, 0xf0, 0x46, 0x65, 0xa0,
    0x3, 0x22, 0xe3, 0x30, 0x91, 0x99, 0xcc, 0x2,
    0xee, 0xe5, 0x2, 0x20, 0x25, 0x88, 0x6, 0xdf,
    0xf1, 0x0, 0x1b, 0x83, 0xd4, 0x40, 0x3f, 0xc4,
    0xa6, 0x92, 0x1, 0xce, 0x66, 0x0, 0xb0, 0xf9,
    0x8c, 0x3, 0x14, 0x77, 0x0, 0x41, 0x40, 0xa4,
    0x3, 0xb7, 0x77, 0x80, 0x18, 0x8, 0x0, 0xc2,
    0x8, 0xd3, 0x9f, 0xf4, 0x41, 0x88, 0x81, 0x4a,
    0x1f, 0x9d, 0xfe, 0xe6, 0x66, 0x49, 0xfa, 0x9a,
    0x85, 0xd3, 0x98, 0x5b, 0xf1, 0x86, 0xb5, 0x30,
    0x80,

    /* U+6237 "户" */
    0x0, 0xf9, 0x8, 0x3, 0xff, 0x81, 0xd0, 0x1,
    0xff, 0xc0, 0xe5, 0x0, 0xf9, 0x3f, 0xf5, 0x87,
    0xfe, 0x70, 0xd, 0xbb, 0xf9, 0x3c, 0x3, 0x11,
    0x7e, 0x0, 0xff, 0xe3, 0x8, 0x6e, 0xfe, 0x40,
    0x8, 0xc2, 0x67, 0xf0, 0x6, 0xe4, 0x4f, 0xec,
    0xa0, 0x1, 0x10, 0x3, 0xf1, 0x90, 0x1, 0x70,
    0x3, 0xfe, 0x40, 0x50, 0xf, 0xfa, 0x18, 0x3,
    0xfe, 0x21, 0x80, 0xf, 0xf8, 0xb4, 0x40, 0x3f,
    0xe0,

    /* U+624B "手" */
    0x0, 0xff, 0x90, 0x40, 0x21, 0x23, 0x45, 0x79,
    0xbd, 0xfa, 0x60, 0xa, 0xb3, 0x67, 0xa5, 0xb6,
    0x7b, 0x8e, 0x1, 0x5f, 0x73, 0x6e, 0x9, 0x90,
    0x40, 0x3f, 0xf9, 0x1b, 0xff, 0xa4, 0xbf, 0xfa,
    0x0, 0x1f, 0x99, 0x98, 0x33, 0x3a, 0x40, 0x4,
    0x67, 0xbc, 0x8c, 0xf8, 0x40, 0x8b, 0xdc, 0x45,
    0xf0, 0xee, 0xf9, 0xc3, 0x77, 0xcd, 0xff, 0xe9,
    0x1f, 0xff, 0x38, 0x7, 0xc6, 0x1, 0xff, 0xcd,
    0x22, 0xb8, 0x3, 0xfe, 0xad, 0xd3, 0x58, 0x7,
    0xfa, 0x3f, 0xdc, 0xc0, 0x1f, 0x0,

    /* U+6253 "打" */
    0x0, 0xb9, 0x0, 0x2, 0x3f, 0x80, 0x3e, 0x7e,
    0xef, 0xc6, 0x26, 0x61, 0x33, 0x2e, 0xee, 0x8,
    0xdd, 0x1a, 0x66, 0x2, 0x31, 0x48, 0xb0, 0x91,
    0x40, 0xbf, 0xe1, 0xbf, 0x70, 0xf, 0xfe, 0x88,
    0xb2, 0x0, 0x7f, 0x92, 0x6, 0xa8, 0x20, 0x1f,
    0xcb, 0x66, 0x15, 0x8a, 0x1, 0xfc, 0xbf, 0x62,
    0x20, 0xf, 0xff, 0x0, 0x90, 0x80, 0x63, 0x38,
    0x40, 0x3a, 0xf4, 0xd4, 0x2, 0x8c, 0xc1, 0xa0,
    0x6, 0xaf, 0xc1, 0x0, 0xaf, 0xfd, 0x82, 0x1,
    0x0,

    /* U+6263 "扣" */
    0x0, 0xbc, 0xc0, 0x3f, 0xf8, 0x85, 0x99, 0xf2,
    0xa, 0x20, 0x2d, 0x4, 0xe2, 0x38, 0x85, 0x66,
    0x40, 0xf2, 0xc0, 0x89, 0xc0, 0x4, 0xdd, 0x6,
    0x6b, 0x80, 0x7f, 0xf4, 0x44, 0x3, 0xfc, 0x61,
    0x9e, 0xa0, 0x1f, 0x93, 0xf4, 0x1b, 0x90, 0x3,
    0xf2, 0xe7, 0x5, 0x8, 0x7, 0xf0, 0x98, 0x7,
    0xff, 0x27, 0xff, 0x84, 0x0, 0x44, 0x0, 0xec,
    0xce, 0x0, 0xa3, 0x4c, 0xc0, 0x11, 0x9f, 0x43,
    0x0,

    /* U+6267 "执" */
    0x0, 0xff, 0xe3, 0x1f, 0x80, 0x6c, 0x60, 0xf,
    0xfe, 0x13, 0x80, 0x7e, 0x17, 0x1, 0x0, 0x9c,
    0x3, 0xe3, 0xeb, 0xe, 0xcf, 0xf1, 0xcf, 0xfc,
    0x60, 0x3, 0xfb, 0xf, 0xce, 0xe1, 0x47, 0x70,
    0x3, 0xce, 0x1, 0x8, 0x80, 0xc4, 0x40, 0x1f,
    0x8d, 0x24, 0xcc, 0xe0, 0x10, 0x80, 0x49, 0xe1,
    0xa7, 0xf8, 0x20, 0x1f, 0x2d, 0x0, 0x39, 0xda,
    0x83, 0x20, 0x3, 0x97, 0xbc, 0x3, 0x7b, 0x62,
    0xc0, 0x7, 0xf8, 0x96, 0x8f, 0x60, 0x4, 0x3,
    0xf7, 0x21, 0x80, 0x44, 0xf6, 0x40, 0x4c, 0x3,
    0x65, 0x40, 0x19, 0xf5, 0x4c, 0x3a, 0x98, 0x9f,
    0x4, 0x3, 0x4b, 0xa0, 0x86, 0x7c, 0x9e, 0x10,
    0x7, 0x1f, 0x50, 0x0,

    /* U+626B "扫" */
    0x0, 0xb9, 0x0, 0x3f, 0xf8, 0x87, 0x55, 0xf1,
    0x81, 0x10, 0x48, 0x81, 0x99, 0xe7, 0x54, 0xdd,
    0x4, 0xeb, 0x37, 0xc2, 0x9, 0xfe, 0x1b, 0xf5,
    0x0, 0xff, 0xe7, 0x8a, 0x97, 0xff, 0x8c, 0x5,
    0x64, 0x6a, 0x1b, 0x2e, 0xf8, 0x0, 0xb6, 0x61,
    0x3a, 0x86, 0x89, 0xc6, 0x9, 0xd4, 0x24, 0x1,
    0xff, 0xd4, 0x11, 0xf8, 0x0, 0x23, 0x0, 0x1f,
    0xbb, 0xc4, 0x0, 0xbe, 0x35, 0x7, 0xee, 0xf1,
    0x0, 0x2b, 0xf0, 0x40, 0x2, 0x3e, 0xd6,

    /* U+627E "找" */
    0x0, 0xbc, 0xc0, 0x26, 0xb0, 0x72, 0x0, 0xff,
    0x8d, 0x80, 0x18, 0x60, 0x11, 0x10, 0x18, 0x80,
    0x2, 0x60, 0xf1, 0x40, 0x4, 0xdd, 0x5, 0x69,
    0x0, 0x89, 0x5b, 0x8e, 0xc1, 0x3f, 0xc1, 0x9f,
    0x7f, 0x41, 0x7a, 0x3b, 0xa0, 0xf, 0xa3, 0xbc,
    0x36, 0xe5, 0x18, 0x3, 0x9d, 0x40, 0x40, 0x94,
    0xf, 0x4, 0x0, 0x90, 0x17, 0x26, 0x0, 0x7f,
    0xe, 0x81, 0x4, 0xa2, 0xb, 0xc2, 0x0, 0x62,
    0x50, 0xb8, 0x1, 0x3a, 0x81, 0xc0, 0x32, 0x12,
    0xf0, 0x7, 0xff, 0x2, 0x1, 0x8, 0x18, 0xc0,
    0x3e, 0x2c, 0x77, 0x21, 0x6, 0x28, 0x8, 0x80,
    0x42, 0x75, 0xb6, 0xf, 0xd9, 0x10, 0x15, 0xc6,
    0x41, 0x59, 0x40, 0xd, 0x79, 0x52, 0xb, 0xfc,
    0x0, 0x19, 0x80, 0x21, 0xaf, 0xb0,

    /* U+628A "把" */
    0x0, 0x27, 0x80, 0x23, 0xff, 0xea, 0x0, 0xfe,
    0x33, 0x1, 0x18, 0x80, 0x44, 0x60, 0x42, 0x9,
    0x98, 0xc, 0xc3, 0x80, 0xb, 0x60, 0x36, 0x40,
    0x3f, 0xc5, 0xf6, 0x1f, 0x0, 0x1f, 0xfd, 0x21,
    0x40, 0x46, 0x60, 0x33, 0x40, 0x11, 0xc0, 0x77,
    0x0, 0x15, 0x43, 0xba, 0x0, 0x93, 0xc, 0x3a,
    0x81, 0x33, 0x3a, 0x8, 0x13, 0xec, 0x4, 0x3,
    0xf3, 0xc0, 0x7, 0xff, 0xd, 0x4, 0x3, 0xff,
    0x85, 0xe, 0x2, 0x42, 0x0, 0xe5, 0x32, 0x2c,
    0x66, 0x50, 0xb9, 0x70, 0x3, 0x96, 0x6e, 0xec,
    0x63,

    /* U+6295 "投" */
    0x0, 0xf, 0x88, 0x1, 0x7f, 0xf4, 0x80, 0x7f,
    0xc3, 0xdc, 0x50, 0xc, 0x2c, 0xc0, 0x66, 0x1,
    0xa8, 0x88, 0xc0, 0x31, 0x6d, 0x85, 0x68, 0xe9,
    0x0, 0x4, 0x3, 0x1d, 0xe8, 0x65, 0xca, 0x58,
    0x3, 0x9f, 0x30, 0x1, 0xe3, 0x7a, 0x20, 0x3,
    0x6c, 0x40, 0x3, 0xc7, 0x6e, 0x45, 0x85, 0xd0,
    0x0, 0x2e, 0x1d, 0x76, 0xdd, 0xf6, 0x0, 0x13,
    0xa0, 0x26, 0xf0, 0x7b, 0xfe, 0x36, 0x0, 0x26,
    0xf8, 0x38, 0x1b, 0xd0, 0x2, 0xa, 0x40, 0x22,
    0x0, 0xe9, 0x7b, 0xa7, 0xd0, 0xf, 0xfa, 0x51,
    0x5c, 0xc0, 0x30, 0x90, 0x0, 0x9f, 0x29, 0xa1,
    0xf5, 0xc8, 0x1, 0x98, 0x41, 0xcb, 0xb7, 0x4b,
    0xf5, 0x5e, 0x8, 0x6f, 0xd8, 0x76, 0x38, 0x80,
    0x5, 0xf3, 0x84,

    /* U+6298 "折" */
    0x0, 0xff, 0xe0, 0x88, 0x80, 0x37, 0x18, 0x0,
    0x4d, 0x1e, 0x77, 0xac, 0x3, 0xf7, 0x64, 0x6f,
    0x46, 0xd0, 0x0, 0x88, 0x2a, 0x42, 0xcc, 0xca,
    0x75, 0x20, 0x1, 0x6e, 0x82, 0x75, 0xc0, 0x3f,
    0x8b, 0xfc, 0x39, 0xec, 0x4, 0x5f, 0x8, 0x7,
    0xe4, 0xdd, 0xf4, 0x0, 0x66, 0x53, 0x6, 0xff,
    0x51, 0x7f, 0xa4, 0x12, 0x6, 0xa5, 0xcc, 0x40,
    0x3e, 0x4a, 0x20, 0xbc, 0x41, 0xf0, 0xf, 0x93,
    0xa8, 0x5c, 0x0, 0xa4, 0x1, 0xff, 0xc1, 0x21,
    0x40, 0xf, 0xfe, 0xd, 0x18, 0x80, 0x7e, 0x11,
    0x80, 0x5a, 0x80, 0x3f, 0xa3, 0x8c, 0x88, 0xac,
    0x1, 0xfd, 0x3f, 0x82, 0x76, 0x1, 0x97, 0x40,
    0x20,

    /* U+629A "抚" */
    0x0, 0x1f, 0x0, 0x1b, 0xff, 0xe5, 0x0, 0xfc,
    0x22, 0x0, 0x8, 0xe0, 0x1, 0x28, 0x91, 0x1b,
    0xb8, 0x91, 0xdd, 0x20, 0x1e, 0xc8, 0x6f, 0x80,
    0x4e, 0x20, 0x1c, 0x7f, 0x83, 0xfa, 0x1, 0x9,
    0x80, 0x7f, 0x8b, 0x76, 0x2a, 0xdd, 0xc8, 0x1,
    0x85, 0x26, 0x56, 0x6, 0x53, 0x32, 0x81, 0x48,
    0xf5, 0x22, 0x8, 0x6d, 0x13, 0xa, 0x6a, 0x87,
    0x60, 0x3, 0x50, 0x3, 0xc9, 0xb8, 0x22, 0x0,
    0x9f, 0x80, 0x3e, 0x20, 0xe, 0x83, 0x40, 0xf,
    0xfe, 0x1, 0xbf, 0x0, 0x71, 0xb0, 0xb, 0x0,
    0x13, 0x20, 0xc0, 0x5c, 0x44, 0x9a, 0x1b, 0x4c,
    0x55, 0x2e, 0x0, 0x42, 0xee, 0x4f, 0x6, 0x7c,
    0x17, 0x30, 0x4, 0x5d, 0xfe, 0xe5,

    /* U+62A5 "报" */
    0x0, 0xbc, 0xc0, 0xff, 0xfe, 0x50, 0xf, 0xee,
    0xee, 0x1, 0x0, 0x8, 0x81, 0x84, 0x0, 0x23,
    0xc0, 0xe0, 0x9d, 0xc0, 0xae, 0x70, 0x0, 0x99,
    0x28, 0x18, 0x26, 0xe8, 0x27, 0x5c, 0x2, 0xfe,
    0x98, 0x0, 0x88, 0x80, 0xa4, 0x0, 0x32, 0xff,
    0x8c, 0x40, 0x3c, 0x20, 0xc, 0xc6, 0xed, 0x74,
    0x0, 0x15, 0xc, 0xe6, 0xb, 0x2e, 0xe8, 0xb4,
    0x17, 0xa0, 0x1f, 0xd8, 0x10, 0x18, 0x10, 0x98,
    0x17, 0xb4, 0x2c, 0x3, 0x4c, 0x8a, 0x5c, 0x2,
    0x10, 0xf, 0x91, 0xb4, 0xe0, 0x3, 0xff, 0x80,
    0x20, 0x24, 0x1, 0x9, 0x0, 0x70, 0xdb, 0x5a,
    0xeb, 0x0, 0xf6, 0x99, 0x80, 0x28, 0x1f, 0x4a,
    0x9a, 0x11, 0x7f, 0xb0, 0x0, 0x7f, 0x34, 0x20,
    0x6, 0xc1,

    /* U+62B1 "抱" */
    0x0, 0xff, 0xe3, 0x17, 0x80, 0x49, 0xa0, 0x1f,
    0xfc, 0x28, 0x62, 0x2c, 0x62, 0x1, 0xf1, 0x99,
    0x37, 0x76, 0x50, 0x1e, 0x60, 0x36, 0x39, 0xff,
    0xf9, 0xc4, 0xf, 0x30, 0x1a, 0x24, 0xff, 0xf6,
    0x80, 0xc, 0x3, 0xd3, 0x5, 0xba, 0xb3, 0x1,
    0x0, 0xf2, 0x20, 0x44, 0x44, 0x70, 0x1, 0x88,
    0xb, 0x70, 0x59, 0x81, 0xaa, 0x90, 0x0, 0x3e,
    0xf, 0x6c, 0x1e, 0xe0, 0x9, 0x95, 0xa8, 0x31,
    0x3, 0x6c, 0x0, 0x63, 0xcc, 0x8b, 0x89, 0x0,
    0x3f, 0xf8, 0x11, 0xbc, 0x60, 0x1f, 0xfc, 0x1,
    0x31, 0xf4, 0x2, 0x60, 0x8, 0xc8, 0x82, 0x38,
    0xc9, 0x43, 0xad, 0x40, 0x8, 0x5b, 0xdd, 0xb1,
    0xc4,

    /* U+62C5 "担" */
    0x0, 0xbc, 0x80, 0x4, 0x5f, 0x0, 0x7e, 0x4d,
    0xdf, 0x80, 0x22, 0x20, 0x39, 0x0, 0xff, 0xeb,
    0x0, 0x93, 0x74, 0x15, 0xa2, 0x1, 0xfc, 0x9f,
    0xe0, 0xdf, 0x10, 0xf, 0xfe, 0x20, 0xff, 0xeb,
    0x0, 0xf9, 0x94, 0x7, 0xbb, 0x50, 0x4, 0x2b,
    0x21, 0x7c, 0x0, 0x11, 0xe0, 0x9, 0x64, 0x43,
    0x2c, 0x3, 0xfc, 0x99, 0x0, 0x20, 0x1, 0xee,
    0xd4, 0x1, 0xfc, 0x99, 0xbb, 0xd8, 0x1, 0xfc,
    0x67, 0xf0, 0x4, 0x22, 0x0, 0x12, 0x27, 0xf0,
    0x2, 0xb8, 0xca, 0xa6, 0x7f, 0x84,

    /* U+62E8 "拨" */
    0x0, 0x27, 0x0, 0x4a, 0x25, 0xc0, 0x82, 0x1,
    0xf8, 0x68, 0xdc, 0xc0, 0x70, 0x80, 0xb, 0xa2,
    0xa5, 0x2a, 0x5a, 0xe0, 0xb2, 0x0, 0x1e, 0x60,
    0xe4, 0x75, 0xd7, 0x5d, 0xd4, 0xf8, 0x8a, 0xec,
    0x36, 0xd3, 0x92, 0x15, 0xdd, 0x84, 0x3, 0xcc,
    0x67, 0x29, 0x9e, 0x0, 0xe1, 0x20, 0x4, 0x1f,
    0xfe, 0x30, 0x1, 0xc0, 0xf2, 0x82, 0x84, 0xf7,
    0x24, 0xc, 0xf, 0xc, 0x3d, 0xc2, 0xe, 0x84,
    0x57, 0x0, 0x3, 0xfb, 0x10, 0x5, 0xe, 0x3c,
    0x40, 0x1c, 0x3, 0xe9, 0x4e, 0xa, 0x77, 0x78,
    0x7, 0xc4, 0x98, 0x43, 0x60, 0xb, 0x0, 0xc4,
    0x60, 0x5a, 0x6f, 0xc3, 0xda, 0x9a, 0xa0, 0x8,
    0x83, 0x0, 0x1a, 0xee, 0x12, 0xd5, 0x81, 0xa,
    0xf8, 0x0, 0x3e, 0x20, 0x6, 0x8d, 0x10,

    /* U+62E9 "择" */
    0x0, 0xff, 0xe3, 0x17, 0x80, 0x2b, 0xff, 0xe5,
    0x0, 0xfa, 0xa0, 0xbb, 0xa8, 0x15, 0x0, 0x13,
    0x81, 0x10, 0x1c, 0x64, 0x56, 0x74, 0x0, 0x9b,
    0x41, 0xbe, 0x0, 0xd5, 0xfb, 0xd3, 0x0, 0x27,
    0xe8, 0x7e, 0x80, 0xc, 0x3, 0xff, 0x82, 0xb5,
    0xab, 0xef, 0x96, 0xa2, 0x1, 0x89, 0xa7, 0x7a,
    0x21, 0x3c, 0x70, 0x40, 0x92, 0x1b, 0xf8, 0xa6,
    0x67, 0x53, 0xad, 0x34, 0xb6, 0xf, 0x95, 0xdd,
    0x60, 0x5e, 0xe8, 0x81, 0x3f, 0xc0, 0x12, 0xff,
    0xb8, 0x37, 0xfc, 0x40, 0x1f, 0x19, 0xc8, 0xe,
    0x67, 0x8, 0x7, 0xf, 0x75, 0x41, 0x5d, 0xd2,
    0x80, 0xb0, 0x0, 0x77, 0x6e, 0xd, 0xdc, 0x81,
    0x56, 0xa0, 0x1f, 0xfc, 0x1b, 0xfa, 0x0, 0xe1,
    0xe2, 0x0, 0xc0,

    /* U+6301 "持" */
    0x0, 0xff, 0xe3, 0x1f, 0x0, 0x7b, 0x8c, 0x3,
    0xfc, 0x26, 0x70, 0xa1, 0x98, 0x80, 0x4, 0xc2,
    0x42, 0xbf, 0xf0, 0x47, 0xfa, 0x81, 0x36, 0x83,
    0x61, 0x33, 0x21, 0xcc, 0xa0, 0x13, 0xf0, 0x7e,
    0x4c, 0xf0, 0xa1, 0x9c, 0x20, 0x1c, 0x3d, 0xd8,
    0x23, 0x31, 0xca, 0x1, 0x84, 0xf7, 0x77, 0xf8,
    0xab, 0x50, 0x6, 0x87, 0xac, 0x8b, 0xed, 0x20,
    0x5e, 0x60, 0xc9, 0xdd, 0xf0, 0x3e, 0xa2, 0x37,
    0x4, 0xc3, 0xee, 0xdf, 0xf1, 0x57, 0xa0, 0x90,
    0x7, 0xa8, 0x80, 0x3f, 0xf8, 0x28, 0xd2, 0x1,
    0xf1, 0x30, 0x7, 0x44, 0x91, 0x0, 0x3b, 0xa9,
    0x80, 0x38, 0xbf, 0x41, 0xc0, 0x2c, 0xf8, 0x0,
    0xf6, 0xfe, 0x90, 0x0,

    /* U+6309 "按" */
    0x0, 0xff, 0xe3, 0x17, 0x80, 0x71, 0xf8, 0x80,
    0x7f, 0x88, 0xcc, 0x0, 0x83, 0x38, 0x40, 0x9c,
    0x8, 0x7f, 0xbf, 0xc0, 0x9f, 0xec, 0x45, 0xda,
    0xd, 0xb0, 0x8c, 0xaa, 0x6e, 0x60, 0x81, 0x7f,
    0x43, 0xe9, 0xd8, 0x20, 0x3, 0x23, 0x0, 0x7a,
    0x5, 0xc5, 0x88, 0xab, 0x20, 0xe, 0x1d, 0xd4,
    0x6, 0x6e, 0xe9, 0x0, 0x8, 0x4e, 0x7e, 0x6,
    0xff, 0x95, 0x5f, 0x9, 0x98, 0xe, 0xf0, 0xd4,
    0x20, 0x2, 0x78, 0x1, 0xaa, 0xc1, 0xc8, 0x44,
    0x90, 0xe, 0xa, 0x0, 0x26, 0x60, 0x4, 0x3f,
    0x89, 0xf1, 0x60, 0x1f, 0xf1, 0xd0, 0x2, 0x4c,
    0x2, 0x16, 0x0, 0x8d, 0xfa, 0xed, 0xeb, 0x92,
    0x0, 0xcb, 0x50, 0x7, 0x6d, 0xea, 0x4, 0xe2,
    0x90, 0x6f, 0xd0, 0x3, 0x69, 0x40, 0x31, 0xe1,
    0x0,

    /* U+6362 "换" */
    0x0, 0xff, 0xe3, 0x27, 0x0, 0x69, 0xb0, 0xf,
    0xfe, 0x9, 0x32, 0x7f, 0xce, 0x1, 0x19, 0x84,
    0xc4, 0x5e, 0xff, 0xea, 0x16, 0x0, 0xe, 0xc0,
    0x6b, 0x79, 0x73, 0x55, 0x1d, 0xc0, 0x1, 0xeb,
    0x1e, 0x74, 0xf, 0xc5, 0x30, 0x92, 0x0, 0xfa,
    0x46, 0x6c, 0x32, 0x40, 0x3e, 0x13, 0x0, 0x8c,
    0x3, 0xe2, 0xf1, 0xe9, 0x0, 0x84, 0x3, 0xc7,
    0xa8, 0x1b, 0x3e, 0x35, 0x81, 0x54, 0x9, 0x23,
    0xeb, 0x12, 0x1a, 0x9c, 0x0, 0x1e, 0x4e, 0x98,
    0x8, 0x4, 0x4c, 0xce, 0x28, 0x46, 0x68, 0x40,
    0x3e, 0x86, 0xf7, 0x76, 0x8, 0x4, 0x44, 0x0,
    0x1e, 0x2e, 0x10, 0x52, 0xfb, 0x0, 0x2e, 0x58,
    0xba, 0xf4, 0x80, 0x29, 0xba, 0x20, 0x9f, 0x82,
    0xd7, 0x0, 0xf2, 0xe1, 0x0,

    /* U+63A5 "接" */
    0x0, 0x1f, 0x0, 0x71, 0xe0, 0x7, 0xfc, 0x71,
    0xb, 0x3f, 0x88, 0x88, 0x9, 0x44, 0x84, 0x5e,
    0x5d, 0x32, 0x12, 0xe3, 0x1d, 0x90, 0xd6, 0x27,
    0x71, 0x33, 0xb, 0x58, 0x45, 0xf8, 0x3e, 0xe0,
    0x8, 0xc0, 0x56, 0x70, 0xf, 0xdf, 0xea, 0x7f,
    0xa2, 0xff, 0x50, 0x7, 0xf, 0xfc, 0xf1, 0xff,
    0xa8, 0x6, 0x87, 0xdc, 0x44, 0x4e, 0x62, 0x3c,
    0x7c, 0xc1, 0x8b, 0xdc, 0xd0, 0xbe, 0xed, 0xa7,
    0xb8, 0x26, 0x6f, 0xb1, 0xef, 0xf2, 0xab, 0xf0,
    0x8, 0x3, 0xac, 0x5c, 0x51, 0x64, 0x3, 0xfb,
    0xeb, 0x7a, 0xd0, 0xc0, 0x21, 0x60, 0x8, 0xd7,
    0x14, 0x4d, 0x75, 0x40, 0x17, 0x4c, 0x9, 0xbc,
    0x3b, 0xd9, 0xd7, 0x4, 0x15, 0xf0, 0x9, 0xd7,
    0x6, 0x1, 0x36, 0x90,

    /* U+63A8 "推" */
    0x0, 0x27, 0x0, 0x45, 0xa0, 0xd0, 0x1, 0xff,
    0x53, 0x3, 0xb8, 0xc0, 0x31, 0x10, 0x48, 0x41,
    0xc1, 0xd8, 0xe9, 0xd8, 0x13, 0x64, 0x36, 0xe4,
    0x7, 0x6c, 0xcd, 0xbe, 0x9, 0xf6, 0x3f, 0xc,
    0x15, 0x4f, 0xa, 0xa4, 0x80, 0x7b, 0x8c, 0x8,
    0x8c, 0x4, 0x41, 0x0, 0xf3, 0xf8, 0x66, 0x28,
    0x33, 0x14, 0x1, 0x68, 0xf0, 0x88, 0x3b, 0x98,
    0x1d, 0xcb, 0x4, 0xf6, 0xd, 0xa0, 0x0, 0x89,
    0x80, 0x46, 0x4, 0xdb, 0x13, 0x0, 0xbb, 0x94,
    0x1d, 0xca, 0x0, 0x10, 0x7, 0xbf, 0xd8, 0x1f,
    0xeb, 0x0, 0xff, 0xe3, 0x11, 0x0, 0x3b, 0xfd,
    0x81, 0xff, 0x20, 0x64, 0xb0, 0x6, 0xdd, 0xf9,
    0x3, 0xbe, 0x0, 0x5, 0xe4, 0x5f, 0x0,

    /* U+63CF "描" */
    0x0, 0x1f, 0x0, 0x6e, 0x40, 0x7, 0x88, 0x7,
    0xff, 0x1c, 0x98, 0x49, 0x7f, 0xc3, 0x7f, 0xe0,
    0xef, 0x32, 0xda, 0xd, 0xcf, 0xf0, 0xdf, 0xf8,
    0x3b, 0xcc, 0xbf, 0x7, 0xe4, 0x3, 0xff, 0x88,
    0x27, 0x4e, 0x66, 0xb2, 0x20, 0x7, 0x9, 0x3e,
    0x4f, 0x66, 0x27, 0x60, 0x0, 0x52, 0x3c, 0xa0,
    0x9b, 0xa1, 0xcd, 0x60, 0x1, 0xea, 0x7, 0x38,
    0x7, 0xf8, 0xfb, 0x44, 0x40, 0x4, 0xff, 0xe,
    0x7b, 0x80, 0x42, 0x1, 0xc7, 0xdc, 0xb, 0xe5,
    0x0, 0xfe, 0x71, 0x19, 0xc4, 0x80, 0x21, 0x70,
    0xc, 0x97, 0x61, 0xdb, 0x70, 0xb, 0x6d, 0xc0,
    0x37, 0x72, 0xaf, 0x84, 0x2, 0xcf, 0x90, 0x3,
    0x7a, 0xaf, 0x75, 0x0,

    /* U+63D0 "提" */
    0x0, 0x1f, 0x0, 0xb, 0xfb, 0xbb, 0xcc, 0x3,
    0xf0, 0xf7, 0x70, 0x80, 0x4b, 0x62, 0xa6, 0x3,
    0xbb, 0xc2, 0x0, 0x2e, 0x70, 0xeb, 0x1, 0xdd,
    0xe1, 0x0, 0x15, 0xe0, 0xdc, 0x0, 0xee, 0xf0,
    0x80, 0x7e, 0x2e, 0xcc, 0xee, 0x30, 0xe, 0x13,
    0x89, 0x9f, 0xa0, 0x41, 0x20, 0x7a, 0xc0, 0x22,
    0x70, 0xe, 0x3a, 0x70, 0xf8, 0x82, 0x4c, 0x4,
    0x46, 0x13, 0xef, 0x10, 0x1, 0x18, 0x80, 0x37,
    0x64, 0x0, 0xf9, 0x0, 0xc0, 0x1f, 0xf2, 0x0,
    0x7d, 0x6b, 0xe0, 0x2, 0x28, 0x2, 0x17, 0x0,
    0x38, 0x52, 0xe0, 0x18, 0x8c, 0x0, 0xdb, 0x61,
    0xaf, 0x9, 0xb1, 0xde, 0xe9, 0x83, 0x3e, 0x7,
    0x48, 0x0, 0xbd, 0xcf, 0xf9, 0x80,

    /* U+63E1 "握" */
    0x0, 0x2e, 0x0, 0x3f, 0xff, 0x70, 0x7, 0xc7,
    0x3f, 0xfd, 0x60, 0x11, 0x10, 0xc8, 0x45, 0xe6,
    0x7e, 0x0, 0xe, 0xc0, 0x6c, 0x93, 0x7f, 0xf5,
    0xa8, 0xf, 0xd1, 0xfc, 0x1d, 0x66, 0x7a, 0xc0,
    0x3f, 0x57, 0xff, 0xb8, 0x3, 0xe1, 0xaf, 0x55,
    0x7d, 0x53, 0x80, 0x2c, 0x3e, 0x83, 0x17, 0x6a,
    0x6, 0xa4, 0x3, 0xf6, 0xa, 0x81, 0x8, 0x3f,
    0xf8, 0x2c, 0xf, 0x68, 0xd0, 0x81, 0x3b, 0xf0,
    0x73, 0xfc, 0x0, 0x20, 0x9, 0xcd, 0x7b, 0xf0,
    0x7f, 0xdc, 0x1, 0xef, 0x45, 0xff, 0x60, 0xff,
    0xb8, 0x0, 0x46, 0x2, 0xb4, 0x1, 0xfe, 0xf8,
    0xb6, 0x57, 0xff, 0xb0, 0x7f, 0xec, 0xd, 0xe7,
    0x75, 0x2f, 0xff, 0xec,

    /* U+6469 "摩" */
    0x0, 0xfc, 0xa0, 0x1f, 0xfc, 0x21, 0xa7, 0x0,
    0xf9, 0x3f, 0xbb, 0x78, 0x47, 0x77, 0x20, 0x0,
    0xbb, 0xa3, 0xef, 0xf7, 0x62, 0xf7, 0x10, 0x2,
    0x4d, 0xe2, 0xdd, 0x36, 0xe9, 0x37, 0x46, 0x1,
    0x26, 0xa8, 0x26, 0x37, 0x80, 0x1f, 0x4c, 0x0,
    0x25, 0x9c, 0x3b, 0x6b, 0xf4, 0x5b, 0x62, 0x2,
    0xd, 0xa, 0x69, 0x43, 0x88, 0xcf, 0xc0, 0x19,
    0x2, 0x16, 0x6e, 0xdb, 0xa0, 0x55, 0x8, 0x1b,
    0x83, 0x65, 0xd6, 0x86, 0x62, 0xd4, 0x2, 0xe2,
    0xe, 0x9e, 0xe4, 0x86, 0xee, 0x80, 0x1, 0x70,
    0x66, 0xed, 0x63, 0xbb, 0xa0, 0x0, 0xe7, 0x5b,
    0xba, 0xc7, 0x77, 0x90, 0xc9, 0x2b, 0x77, 0x58,
    0xee, 0xf2, 0x3, 0x80, 0x6a, 0xea, 0x70, 0xf,
    0x1c, 0x0, 0x6a, 0xee, 0x48, 0x7, 0x80,

    /* U+6478 "摸" */
    0x0, 0x17, 0x0, 0x6f, 0x20, 0x6c, 0x0, 0xe1,
    0x0, 0x2e, 0xe8, 0x37, 0x52, 0x7b, 0xa1, 0x2,
    0x61, 0x24, 0xcc, 0x6, 0x62, 0xb, 0x30, 0x21,
    0xb4, 0x1b, 0xf, 0xb, 0x51, 0xcf, 0x0, 0x17,
    0xe0, 0xfc, 0xe8, 0x76, 0xed, 0xcc, 0x40, 0x1f,
    0x92, 0x23, 0x80, 0x3e, 0x24, 0x5, 0xdd, 0xe0,
    0xc, 0x52, 0x3a, 0x60, 0x73, 0x3c, 0x1, 0xe,
    0xa8, 0x73, 0xfe, 0xf1, 0xb7, 0x72, 0x48, 0x7,
    0x30, 0x22, 0x5, 0x77, 0x2, 0x3b, 0xc0, 0x11,
    0x80, 0x55, 0xdd, 0x22, 0xf7, 0x61, 0x0, 0xea,
    0xff, 0x31, 0x49, 0x6f, 0xf8, 0x40, 0x5c, 0x2,
    0x4c, 0x4f, 0x6a, 0xc7, 0x20, 0x6, 0xdb, 0x6,
    0x4d, 0xe9, 0x3, 0xee, 0x60, 0x43, 0x3e, 0x3,
    0x35, 0xc0, 0x31, 0xdf, 0x8,

    /* U+64AD "播" */
    0x0, 0xf8, 0x48, 0xd5, 0xe7, 0xc, 0x2, 0x3e,
    0x0, 0x6e, 0x77, 0x2b, 0xf2, 0xc, 0x3, 0xed,
    0x1d, 0xf0, 0x87, 0xa0, 0x9, 0x2c, 0x50, 0xc1,
    0xd8, 0x2, 0xa6, 0x0, 0x1d, 0xb8, 0x5c, 0x8e,
    0xf8, 0x80, 0xbd, 0x8, 0x1f, 0x50, 0x77, 0xf4,
    0xbe, 0x7, 0x6, 0xf2, 0x0, 0xb0, 0x89, 0x7f,
    0xcc, 0x60, 0x8f, 0xfe, 0x40, 0xc, 0x66, 0xb,
    0x2e, 0xb, 0x3a, 0x0, 0x8f, 0xc7, 0x7f, 0x4e,
    0xc0, 0x42, 0xcb, 0x91, 0x1a, 0x0, 0xe8, 0xa6,
    0xed, 0x1e, 0xe3, 0x31, 0x11, 0xde, 0x20, 0x82,
    0x9d, 0xa3, 0xdc, 0x4f, 0x0, 0xfc, 0xbb, 0xa1,
    0xdd, 0x28, 0x7, 0xf2, 0x6e, 0x87, 0x74, 0x80,
    0x10, 0xb8, 0x6, 0x49, 0x90, 0xcc, 0x90, 0x2,
    0xdb, 0x70, 0x8, 0x73, 0xab, 0x30, 0x20, 0x16,
    0x7c, 0x80, 0x1b, 0xd5, 0x7b, 0x9c, 0x0,

    /* U+64CD "操" */
    0x0, 0x1f, 0x0, 0x4d, 0xfd, 0xd7, 0x98, 0x7,
    0xf9, 0x7b, 0xa1, 0x0, 0xcd, 0x22, 0xc4, 0x0,
    0x66, 0xc0, 0x1d, 0xa8, 0x1a, 0xc0, 0xa9, 0xdd,
    0x31, 0x0, 0x57, 0xa3, 0x69, 0x9e, 0x88, 0xa4,
    0x46, 0xd0, 0x7, 0xc7, 0xba, 0x30, 0x7d, 0xf7,
    0x0, 0xe4, 0x20, 0x11, 0x0, 0x42, 0x20, 0x9,
    0x38, 0x65, 0x83, 0x74, 0x0, 0x4d, 0xc0, 0xa,
    0x44, 0x35, 0x3f, 0x75, 0xd9, 0xfb, 0xda, 0x0,
    0xdf, 0x10, 0x8f, 0xfb, 0x87, 0xff, 0x18, 0x7,
    0x47, 0x72, 0x40, 0x2b, 0xee, 0x18, 0x7, 0xd1,
    0x76, 0xb, 0xa7, 0x10, 0x9, 0x80, 0x63, 0xcf,
    0x14, 0x13, 0x6f, 0x8, 0x1a, 0x9c, 0x43, 0x68,
    0x40, 0x23, 0xda, 0x20,

    /* U+64E6 "擦" */
    0x0, 0xff, 0xe3, 0x26, 0x0, 0x73, 0x58, 0x7,
    0xf8, 0xbf, 0xe9, 0x4f, 0xfc, 0x0, 0x3c, 0x33,
    0x8, 0xa7, 0x3f, 0x75, 0xfe, 0x0, 0xf, 0x38,
    0x70, 0x54, 0xf7, 0xc6, 0xeb, 0xdc, 0x7, 0x6c,
    0xf4, 0xf9, 0xf4, 0xa0, 0xb0, 0xe8, 0x3, 0xcc,
    0x7d, 0xee, 0x57, 0xca, 0x40, 0x1c, 0x6f, 0xfa,
    0x16, 0xc, 0x1e, 0x1, 0x1c, 0x9e, 0x91, 0x10,
    0xbb, 0xfd, 0x56, 0xa0, 0x3a, 0x61, 0xcb, 0x1d,
    0xbf, 0xf2, 0xff, 0x8, 0xba, 0x8c, 0x18, 0x3b,
    0xff, 0xb7, 0xc4, 0x3, 0xd9, 0x3f, 0xa3, 0xf5,
    0xc8, 0x1, 0xf3, 0x50, 0x6, 0x2d, 0x0, 0xc2,
    0x0, 0x48, 0xe0, 0xc, 0xed, 0x20, 0x8, 0xa4,
    0x6, 0xc2, 0xdd, 0x38, 0x2, 0xa8, 0x0,

    /* U+652F "支" */
    0x0, 0xfb, 0x98, 0x3, 0xff, 0x99, 0xff, 0xe1,
    0x9f, 0xfe, 0x80, 0x6, 0xe6, 0x70, 0x36, 0x67,
    0x48, 0x0, 0x8c, 0xf8, 0x7c, 0xcf, 0x84, 0x0,
    0x51, 0x1c, 0x31, 0x1a, 0x80, 0x38, 0x9d, 0x88,
    0x8a, 0x84, 0x47, 0x50, 0xc, 0x55, 0x7, 0x55,
    0xd6, 0x30, 0x1, 0xe7, 0x1a, 0x0, 0xda, 0xae,
    0x1, 0xf6, 0xbd, 0x0, 0xe0, 0x50, 0x7, 0xe1,
    0xf7, 0xfe, 0x7c, 0x10, 0xf, 0xc2, 0x86, 0x1,
    0x28, 0x7, 0xa, 0xce, 0x75, 0xc7, 0xe9, 0x57,
    0x53, 0xa0, 0x2d, 0x15, 0x6e, 0x98, 0xa, 0x7e,
    0xce, 0xfc, 0x13, 0xed, 0x88, 0x3, 0xcb, 0x39,
    0x60,

    /* U+6536 "收" */
    0x0, 0xfc, 0x22, 0x0, 0xfe, 0xd5, 0x0, 0x6c,
    0x80, 0x71, 0x38, 0x7, 0x8f, 0x0, 0x39, 0xa4,
    0x3, 0x90, 0x1c, 0x8b, 0x8, 0x7, 0xde, 0x19,
    0xbb, 0x98, 0x3, 0xc2, 0x85, 0xfe, 0xe0, 0xd7,
    0x0, 0xf5, 0x81, 0x80, 0x14, 0x48, 0x3, 0xd8,
    0xb6, 0x68, 0x1a, 0x80, 0x1f, 0x65, 0xa5, 0x70,
    0x3f, 0x80, 0x71, 0x10, 0x10, 0x19, 0x64, 0x14,
    0x0, 0x43, 0x9a, 0x1, 0x85, 0xda, 0x0, 0x29,
    0xa, 0xf2, 0x0, 0xc6, 0x1c, 0x1, 0x7f, 0x98,
    0x3, 0xa9, 0xad, 0xdc, 0x1, 0xf9, 0x35, 0xf1,
    0x32, 0x2c, 0x80, 0x3d, 0xcb, 0xa2, 0x7, 0xc2,
    0x0,

    /* U+653E "放" */
    0x0, 0xc2, 0x1, 0x84, 0x40, 0x1f, 0x9e, 0x80,
    0x33, 0x58, 0x7, 0xe6, 0x42, 0x0, 0xb3, 0x0,
    0x1c, 0x55, 0x52, 0x45, 0x40, 0x20, 0x19, 0xe0,
    0x6, 0xa2, 0x33, 0x75, 0xca, 0x11, 0xb9, 0x8d,
    0x22, 0x3c, 0x1b, 0xbc, 0xd0, 0x1d, 0xcb, 0x2e,
    0x20, 0x8, 0xf7, 0x5e, 0xa4, 0x4, 0x6, 0xe0,
    0x1e, 0x99, 0x7, 0x3a, 0x20, 0x2f, 0x0, 0x30,
    0xa2, 0x41, 0x10, 0xdd, 0x9, 0xb8, 0x6, 0xf1,
    0x0, 0x88, 0x1d, 0x2d, 0x4, 0x3, 0x11, 0x0,
    0x38, 0x51, 0x7c, 0x3, 0x93, 0x40, 0x40, 0x40,
    0xc, 0x1, 0xe4, 0x15, 0x2, 0x0, 0xa4, 0xda,
    0x88, 0x2, 0x97, 0x11, 0x21, 0x12, 0xd3, 0x25,
    0x31, 0x41, 0x6, 0x13, 0xa2, 0xf8, 0x70, 0x82,
    0xa6, 0x5, 0x30, 0x17, 0xfc, 0xd9, 0x42, 0x1,
    0x3e, 0x88,

    /* U+6548 "效" */
    0x0, 0xff, 0x10, 0x7, 0xe8, 0xb0, 0xe, 0xf5,
    0x0, 0xfa, 0x14, 0xc0, 0x21, 0x24, 0x0, 0xc3,
    0xdd, 0xe, 0xf7, 0x9, 0x41, 0x15, 0x61, 0x16,
    0xdd, 0xb2, 0xaf, 0x4b, 0x82, 0x21, 0x54, 0x20,
    0x39, 0x23, 0x1b, 0x20, 0x5b, 0xdd, 0x6, 0x18,
    0x29, 0x38, 0x2a, 0x42, 0x80, 0x44, 0x6, 0x3,
    0x76, 0x0, 0x3e, 0x9c, 0x6, 0x2, 0x18, 0x5,
    0x3b, 0x61, 0x27, 0x4f, 0x6c, 0x19, 0x60, 0x1,
    0x78, 0x7f, 0x4, 0xa, 0x40, 0x55, 0x80, 0x3b,
    0x40, 0x40, 0x34, 0xd2, 0x10, 0x7, 0x48, 0x1,
    0x80, 0x23, 0x3, 0x0, 0xe5, 0x7d, 0xa9, 0x20,
    0x2a, 0x16, 0x20, 0x9, 0xea, 0xc9, 0x5c, 0xf,
    0x1f, 0x93, 0x8, 0xa, 0xb1, 0x0, 0x11, 0x59,
    0x32, 0xa, 0x4d, 0x22, 0x69, 0x80, 0x6b, 0xd7,
    0x0, 0xab, 0x8,

    /* U+6570 "数" */
    0x2, 0x50, 0xe3, 0x18, 0x0, 0x60, 0x7, 0x8e,
    0xc0, 0x28, 0x10, 0x32, 0x0, 0xe1, 0x57, 0x51,
    0x42, 0xd2, 0x53, 0x22, 0xc0, 0x7e, 0x56, 0x10,
    0x1e, 0xf0, 0x5b, 0xb8, 0x89, 0x72, 0x0, 0x21,
    0x95, 0x17, 0xfd, 0x1f, 0x20, 0x6c, 0xb1, 0xef,
    0xe6, 0x2, 0x7, 0x20, 0x0, 0xd6, 0xab, 0x12,
    0xe4, 0x4a, 0x6, 0x20, 0x0, 0x70, 0xa4, 0x80,
    0x45, 0x6c, 0x66, 0x4c, 0x0, 0xaf, 0x99, 0x7b,
    0xa5, 0x5, 0xe3, 0x40, 0xa, 0xdd, 0x7f, 0xcd,
    0x20, 0x9, 0x27, 0x0, 0xe7, 0x63, 0x54, 0x60,
    0x2, 0x81, 0x0, 0x77, 0xd6, 0x54, 0x0, 0xa,
    0xa5, 0x18, 0x3, 0x26, 0x93, 0x59, 0xa6, 0x4b,
    0x5c, 0xb0, 0xf, 0x4e, 0xea, 0x79, 0x2e, 0x1c,
    0x12, 0xa4, 0xc7, 0xf5, 0x80, 0x26, 0xe6, 0x0,
    0x97, 0x8c,

    /* U+6574 "整" */
    0x0, 0xff, 0x10, 0x7, 0xf, 0x73, 0xfd, 0xdd,
    0x10, 0xea, 0x99, 0xc0, 0x3d, 0xcc, 0x1e, 0xe8,
    0xb4, 0x2b, 0x32, 0x30, 0xac, 0xc0, 0xe6, 0x28,
    0x8c, 0xae, 0x42, 0xcc, 0x1f, 0xb0, 0x73, 0xdb,
    0xd4, 0x13, 0xd9, 0x0, 0x2f, 0xc1, 0xce, 0xf,
    0xa4, 0xe7, 0x80, 0xb, 0x78, 0x0, 0xd7, 0x84,
    0x18, 0x20, 0x20, 0x13, 0xf4, 0x8d, 0xfc, 0x15,
    0x5d, 0x97, 0x50, 0x13, 0x71, 0x14, 0x66, 0x2f,
    0x79, 0x2e, 0x20, 0x29, 0x1f, 0x8b, 0xdc, 0xf6,
    0x9e, 0xea, 0xfc, 0x40, 0xbf, 0xf9, 0x17, 0xff,
    0x8c, 0x2, 0x18, 0x31, 0x11, 0x31, 0x16, 0x10,
    0xe, 0x71, 0x0, 0x8e, 0x23, 0x10, 0x7, 0xf9,
    0xae, 0xf1, 0x0, 0x27, 0xfc, 0x39, 0xfe, 0x66,
    0x7f, 0xf9, 0x0,

    /* U+6599 "料" */
    0x0, 0xff, 0xe3, 0xf1, 0x80, 0x7d, 0xe4, 0x0,
    0x3c, 0x0, 0x96, 0xc2, 0x9c, 0x3, 0xc6, 0x42,
    0x0, 0xfe, 0xb, 0xcb, 0x0, 0xf2, 0x20, 0x1d,
    0xca, 0x3, 0x7a, 0x1, 0xe9, 0x71, 0x14, 0x80,
    0x80, 0x18, 0x3, 0x9f, 0x34, 0x2a, 0xf6, 0x74,
    0xc0, 0x3c, 0xfd, 0x0, 0xbd, 0xb1, 0xd, 0x40,
    0xf, 0xd, 0x82, 0x90, 0x1, 0x71, 0x0, 0x3c,
    0x80, 0x31, 0xa2, 0x0, 0x20, 0x20, 0x9b, 0x10,
    0x89, 0x4, 0x76, 0x7a, 0xdf, 0xc0, 0x6, 0x8b,
    0xa, 0x80, 0x25, 0xfb, 0x67, 0xb8, 0x12, 0xc0,
    0x7c, 0x1, 0xd2, 0xe8, 0x20, 0x1c, 0xa6, 0x1,
    0xff, 0xd2,

    /* U+65B0 "新" */
    0x0, 0x8d, 0x40, 0x3f, 0x8, 0x7, 0xd, 0x8,
    0x4, 0x4b, 0x3b, 0xc6, 0x0, 0xff, 0x68, 0x77,
    0xf8, 0xf7, 0xfb, 0x9e, 0x60, 0xe, 0x4d, 0xed,
    0x3e, 0x10, 0xa7, 0x30, 0xc, 0x22, 0x51, 0x47,
    0x10, 0xf, 0xe3, 0x2e, 0x39, 0x33, 0x8, 0x11,
    0x70, 0x1f, 0x2a, 0x60, 0x2f, 0x28, 0x6e, 0xf0,
    0x9e, 0xec, 0x1d, 0xba, 0x40, 0xff, 0x15, 0x78,
    0x81, 0x9c, 0x8, 0x66, 0x11, 0x0, 0x78, 0xbb,
    0xa0, 0xae, 0xe3, 0x0, 0x7c, 0x5b, 0x5a, 0x1b,
    0x7a, 0x4, 0x1, 0xf2, 0xd8, 0x0, 0xed, 0x35,
    0x40, 0x3c, 0x37, 0xe0, 0x14, 0xf9, 0xe0, 0x7,
    0x86, 0xcc, 0x2, 0x48, 0x44, 0x0, 0x7c, 0xa7,
    0xe6, 0x20, 0xce, 0x20, 0x1e,

    /* U+65B9 "方" */
    0x0, 0xf9, 0x8, 0x3, 0xff, 0x83, 0xd2, 0x1,
    0xff, 0xc1, 0x94, 0x20, 0xf, 0x4d, 0x57, 0x49,
    0x45, 0x57, 0x7, 0x11, 0x4a, 0xa2, 0x52, 0x2e,
    0xd0, 0x78, 0x89, 0x55, 0x11, 0xf3, 0x80, 0x70,
    0x98, 0x7, 0xff, 0x5, 0x99, 0xff, 0xe5, 0x0,
    0xf1, 0x46, 0x67, 0x0, 0x80, 0x72, 0x83, 0x19,
    0xf0, 0x38, 0x7, 0x7a, 0x8, 0x6, 0x10, 0x20,
    0xc, 0x4b, 0xe0, 0x1c, 0xa0, 0x20, 0x10, 0xfa,
    0x20, 0x3, 0x8c, 0x80, 0x22, 0xc0, 0xb0, 0x0,
    0x90, 0x95, 0xa0, 0x5, 0xef, 0xa0, 0x1b, 0x7b,
    0x42, 0x0, 0x2d, 0xa0, 0xc, 0x3f, 0xf6, 0x8,
    0x0,

    /* U+65C5 "旅" */
    0x0, 0x84, 0x3, 0x88, 0x3, 0xfb, 0x58, 0x2,
    0x3c, 0x0, 0xfe, 0xaa, 0x0, 0x52, 0xa2, 0x3c,
    0x3, 0x32, 0xc6, 0x99, 0x12, 0xa7, 0x77, 0x8,
    0xb, 0x29, 0x8, 0xa5, 0xbf, 0xed, 0x7d, 0x11,
    0x44, 0x16, 0x21, 0x4f, 0x8d, 0x5f, 0xe0, 0x10,
    0xc, 0xb9, 0xeb, 0x95, 0xa4, 0x3b, 0x6, 0x1,
    0x8a, 0x4b, 0xc0, 0x62, 0x2, 0xf, 0x80, 0x17,
    0xaa, 0x90, 0x3, 0x8b, 0x2b, 0x80, 0x22, 0xf0,
    0x7, 0x80, 0x71, 0xe1, 0x0, 0x4c, 0x40, 0x62,
    0x1, 0xa0, 0x84, 0x3, 0x1b, 0x80, 0x80, 0x72,
    0x9a, 0x0, 0x4c, 0x44, 0x7, 0x30, 0x3, 0xac,
    0x34, 0x80, 0x57, 0x60, 0x12, 0x61, 0x15, 0xc6,
    0xc0, 0x58, 0x20, 0xb4, 0xf1, 0x19, 0x5, 0x6a,
    0x87, 0x88, 0x26, 0x4, 0xfe, 0x1, 0xfa, 0x80,
    0x45, 0x40,

    /* U+65E0 "无" */
    0x2, 0xff, 0xff, 0xe0, 0x20, 0x4, 0x45, 0xc0,
    0x2, 0x2e, 0x70, 0x1, 0x6e, 0xf0, 0xde, 0xef,
    0x18, 0x7, 0xe1, 0x70, 0xf, 0xfe, 0x8, 0x80,
    0x80, 0x7c, 0x35, 0x5d, 0x81, 0x15, 0x5e, 0x20,
    0x22, 0xf0, 0x2b, 0x91, 0x71, 0x8c, 0x47, 0x2b,
    0x15, 0xc4, 0x70, 0x80, 0x79, 0x74, 0x3, 0xff,
    0x83, 0x4, 0x80, 0x1f, 0xfc, 0x3, 0x79, 0x0,
    0xf9, 0xc4, 0x2, 0x3d, 0x74, 0x0, 0xfa, 0x54,
    0x1, 0x18, 0xd0, 0x0, 0x1f, 0x22, 0x90, 0x54,
    0x79, 0x6e, 0x0, 0x2a, 0x7d, 0xda, 0xd8, 0x45,
    0xba, 0x40, 0xc, 0xdd, 0xff, 0xa4, 0x0,

    /* U+65E5 "日" */
    0x4, 0x4f, 0xf0, 0x9d, 0xdf, 0xf9, 0x40, 0x1f,
    0xff, 0x80, 0x3f, 0xfb, 0x9f, 0xff, 0x80, 0x36,
    0x67, 0xe0, 0xc, 0x67, 0xf8, 0x3, 0xff, 0xa0,
    0x45, 0xf8, 0x3, 0x6e, 0xfe, 0x0, 0xdd, 0xdf,
    0x80, 0x7, 0xc2, 0x3f, 0xbd, 0x0,

    /* U+65E9 "早" */
    0x5, 0xff, 0xff, 0x70, 0x6, 0x2e, 0xef, 0xd4,
    0x1, 0xe1, 0x1f, 0xc0, 0x1e, 0x2f, 0xff, 0xd4,
    0x1, 0xc5, 0xdd, 0xfa, 0x80, 0x3c, 0x67, 0xfc,
    0x1, 0xc5, 0xbb, 0xfa, 0x40, 0x32, 0xff, 0xea,
    0x1f, 0xfd, 0xc0, 0x1f, 0xfc, 0x5c, 0xee, 0xea,
    0x1e, 0xef, 0x4f, 0xd5, 0x73, 0x5, 0x57, 0xac,
    0xd1, 0x3b, 0x5, 0x13, 0xc4, 0x1, 0xff, 0xd2,

    /* U+65F6 "时" */
    0x0, 0xff, 0xb9, 0x40, 0x11, 0xfd, 0xd2, 0x80,
    0x7f, 0xa, 0xff, 0x94, 0xcf, 0xc3, 0x86, 0x20,
    0x62, 0x20, 0x1c, 0xce, 0x6, 0xc5, 0x0, 0xe1,
    0xff, 0xe1, 0xaf, 0x40, 0x44, 0x94, 0x5, 0x40,
    0x3f, 0x14, 0x40, 0x40, 0xe9, 0x0, 0x3e, 0x6c,
    0xc2, 0x1, 0x4d, 0x8, 0x7, 0xff, 0x1, 0x96,
    0xc0, 0x3f, 0xf8, 0x33, 0xc0, 0x1e, 0x6f, 0xf2,
    0x0, 0x44, 0x80, 0x1e, 0x4d, 0xd9, 0x80, 0x3f,
    0xb6, 0x8, 0xa0, 0x8, 0x88, 0x62, 0x1, 0x21,
    0x80, 0x7b, 0xf7, 0xd, 0x0, 0x3f, 0xdb, 0xfe,
    0xc1, 0x0, 0x0,

    /* U+660E "明" */
    0xaf, 0xfd, 0x21, 0x7f, 0xfd, 0x60, 0xdd, 0xc6,
    0x0, 0x9b, 0x76, 0x60, 0x7, 0x8, 0xc0, 0x17,
    0x11, 0x5c, 0x1, 0xff, 0xc4, 0xe2, 0x28, 0x2,
    0x8d, 0xda, 0x0, 0xd, 0xba, 0x50, 0x8, 0xae,
    0xe2, 0x0, 0x47, 0xf9, 0xc0, 0xf, 0x6c, 0xd5,
    0x0, 0x7e, 0x13, 0x0, 0xf7, 0x80, 0x71, 0x57,
    0x75, 0x0, 0x7, 0xff, 0x38, 0x18, 0x6e, 0x64,
    0xc0, 0x6, 0xee, 0xa6, 0x90, 0x8b, 0x70, 0x66,
    0x88, 0xc4, 0xde, 0x1, 0xe6, 0x40, 0x0, 0xfa,
    0xa0, 0x0, 0x89, 0xe0, 0x1d, 0xd, 0x40, 0x14,
    0x6b, 0xf0, 0x6, 0x9b, 0x0, 0xd5, 0xfe, 0x50,

    /* U+661F "星" */
    0x4, 0xff, 0xff, 0x28, 0x6, 0x1f, 0xff, 0xc2,
    0x1, 0xc2, 0x67, 0xf8, 0x40, 0x3d, 0x11, 0xf8,
    0x3, 0xc3, 0x77, 0xf8, 0x40, 0x33, 0x8f, 0xff,
    0xe1, 0x10, 0x4, 0x76, 0xdf, 0xed, 0x8f, 0xfc,
    0x80, 0x1a, 0xcc, 0xeb, 0x83, 0x3e, 0x0, 0xa8,
    0x1b, 0xfc, 0xc1, 0xff, 0xc6, 0x12, 0xdf, 0x99,
    0x50, 0xe6, 0x71, 0x84, 0x66, 0x3b, 0xaa, 0x1e,
    0xec, 0x60, 0x1, 0xc, 0xee, 0xa4, 0x3b, 0xb1,
    0x80, 0x7e, 0x31, 0x0, 0xfa, 0xff, 0xfa, 0x87,
    0xff, 0xc8,

    /* U+662F "是" */
    0x0, 0x1f, 0xf7, 0x7e, 0xf4, 0x0, 0xe1, 0xee,
    0xfc, 0x20, 0x1e, 0x1c, 0xcf, 0xc2, 0x1, 0xe1,
    0xdd, 0xfc, 0x20, 0x1f, 0x11, 0x7e, 0x0, 0xf0,
    0xac, 0x47, 0xe5, 0x70, 0x9, 0x53, 0x77, 0xfc,
    0xac, 0x21, 0xfb, 0xbd, 0x32, 0xdd, 0xf1, 0x85,
    0x5c, 0x95, 0xda, 0x86, 0xef, 0xc4, 0x1, 0x2a,
    0x80, 0x21, 0x44, 0xe0, 0xe, 0x83, 0x0, 0xd1,
    0x1c, 0x40, 0x12, 0x81, 0x48, 0x0, 0x73, 0x38,
    0x80, 0x5, 0x73, 0x89, 0xb2, 0x24, 0x5e, 0x11,
    0x63, 0x30, 0x76, 0xc0, 0x1b, 0xbe, 0x51, 0xc8,
    0x0, 0x9b, 0x3f, 0xfe, 0x40,

    /* U+663C "昼" */
    0x0, 0x2f, 0xff, 0xfa, 0x40, 0x31, 0x97, 0x77,
    0xe5, 0x0, 0xf0, 0x8f, 0xf1, 0x80, 0x70, 0x9f,
    0xff, 0xe6, 0x0, 0xed, 0x5e, 0xee, 0xd0, 0x9e,
    0x80, 0xc, 0x9e, 0x23, 0xc5, 0x70, 0xa2, 0x1,
    0x30, 0x6f, 0xf7, 0x75, 0xd, 0xb8, 0x0, 0xa6,
    0x40, 0xdd, 0xde, 0x27, 0xbd, 0x3, 0x77, 0x3,
    0x77, 0x78, 0xb3, 0x20, 0x18, 0x0, 0x37, 0x77,
    0x88, 0x0, 0x20, 0x1c, 0xf7, 0x7e, 0x20, 0xf,
    0xa7, 0x62, 0x3d, 0x8a, 0x1, 0x88, 0x86, 0x23,
    0xf8, 0xc8, 0x40, 0x19, 0xbb, 0xff, 0xc0, 0x90,

    /* U+663E "显" */
    0x0, 0x27, 0xff, 0xf9, 0x0, 0x38, 0x7f, 0xff,
    0x8, 0x7, 0xff, 0x28, 0x7b, 0xbf, 0x8, 0x7,
    0x87, 0xbb, 0xf0, 0x80, 0x78, 0x4c, 0xff, 0x8,
    0x7, 0x32, 0x44, 0x7e, 0x47, 0x0, 0xc5, 0x76,
    0x92, 0xbb, 0x14, 0xdd, 0x8c, 0x3, 0x5a, 0x0,
    0xb8, 0x1, 0xc4, 0x13, 0x40, 0x37, 0x50, 0x7,
    0xc3, 0x50, 0x1, 0x94, 0xa0, 0x3, 0xd4, 0xea,
    0x1, 0xdd, 0x60, 0x1e, 0xf9, 0x0, 0x8a, 0xa9,
    0x13, 0xc3, 0x54, 0x1e, 0xe5, 0x54, 0x46, 0x45,
    0x95, 0xc8, 0x8e, 0xa4, 0x58, 0x0,

    /* U+6676 "晶" */
    0x0, 0x27, 0xff, 0xe4, 0x0, 0xe1, 0xff, 0xf0,
    0x80, 0x7c, 0x45, 0xe0, 0xf, 0x87, 0xff, 0xc2,
    0x1, 0xe1, 0xdd, 0xf0, 0x80, 0x78, 0x77, 0x7c,
    0x20, 0x1c, 0x9d, 0x99, 0xee, 0x40, 0x4, 0x7f,
    0xbb, 0xa5, 0x57, 0x75, 0xfe, 0x90, 0x5e, 0xe8,
    0x44, 0x5, 0xdd, 0x31, 0x81, 0x88, 0xc0, 0x18,
    0x46, 0x0, 0x9b, 0xfe, 0x10, 0x1, 0x7f, 0xcc,
    0x0, 0x6f, 0xf8, 0x40, 0x5, 0xff, 0x30, 0x0,
    0x8b, 0x8, 0x0, 0x8b, 0x80, 0x9, 0x99, 0x0,
    0x6c, 0xc9, 0x2, 0x3f, 0xba, 0xf5, 0x4e, 0xed,
    0xf4,

    /* U+6697 "暗" */
    0x0, 0xfc, 0x30, 0x1, 0xc9, 0x6e, 0xe3, 0x0,
    0x85, 0x90, 0x3, 0x6a, 0x6d, 0x23, 0x66, 0x43,
    0x79, 0x8a, 0x0, 0x45, 0x20, 0x25, 0x3c, 0x5d,
    0x91, 0xa4, 0x3, 0xc4, 0xe8, 0xa8, 0x82, 0x21,
    0x80, 0x7c, 0x26, 0x80, 0x5, 0x90, 0xa, 0x25,
    0x83, 0xbc, 0xeb, 0xfc, 0x1d, 0xea, 0x3, 0xc0,
    0xc, 0xdd, 0xfc, 0xa1, 0x2e, 0xc0, 0x53, 0xff,
    0xe6, 0x0, 0xf9, 0xa3, 0xff, 0x0, 0x80, 0x7c,
    0x64, 0x23, 0x8c, 0x2, 0x8f, 0x60, 0x0, 0xc7,
    0xfe, 0x10, 0x9, 0xb7, 0x4c, 0x5, 0x79, 0x98,
    0xc0, 0x15, 0x42, 0x20, 0x81, 0x9f, 0xc0, 0x3,
    0x30, 0x6, 0x18, 0xff, 0xc0, 0x1f, 0xdf, 0xec,
    0xcd, 0xea, 0x0,

    /* U+66F4 "更" */
    0xb, 0xff, 0xff, 0xe0, 0x90, 0x62, 0xaf, 0x0,
    0x15, 0x7c, 0x60, 0xf5, 0x5e, 0xa, 0xaf, 0x8,
    0x1, 0x3f, 0xf5, 0x7, 0xff, 0x18, 0x6, 0x2f,
    0xfa, 0x83, 0xff, 0x0, 0x78, 0xb3, 0x2a, 0xc,
    0xcc, 0x1, 0xe1, 0xff, 0x9c, 0x3f, 0xf0, 0x7,
    0x8c, 0xf6, 0x89, 0x9e, 0x0, 0xf1, 0x7f, 0xd4,
    0x3f, 0xf8, 0x3, 0x92, 0x1f, 0xfc, 0x6b, 0xff,
    0xc6, 0x1, 0x95, 0x9d, 0xe, 0x40, 0x3f, 0xc5,
    0xb1, 0x68, 0x60, 0x1f, 0x85, 0x27, 0x44, 0xd7,
    0xae, 0x19, 0xc, 0xc2, 0x15, 0x43, 0xae, 0xce,
    0xdc, 0x2a, 0x9c, 0xc3, 0x85, 0xf5, 0x20, 0x4,
    0x6f, 0x59, 0xbf, 0xe6,

    /* U+66FF "替" */
    0x0, 0x87, 0xc0, 0x38, 0xfc, 0x3, 0xa3, 0xf8,
    0x3f, 0xc5, 0x1f, 0x81, 0xfe, 0x80, 0x4, 0x7f,
    0x7, 0xf8, 0xa3, 0xf0, 0x3f, 0xd0, 0x0, 0xee,
    0x83, 0xb8, 0xd9, 0xd8, 0x1f, 0xdc, 0x0, 0x7f,
    0x94, 0x2f, 0xdb, 0x7c, 0xc1, 0x7f, 0xc0, 0x1,
    0x4, 0x3a, 0x40, 0x17, 0x3b, 0x45, 0x10, 0x0,
    0xea, 0x65, 0x59, 0x54, 0xda, 0x5d, 0x98, 0x7,
    0xd7, 0x90, 0x6d, 0x99, 0x20, 0x83, 0x56, 0x43,
    0xf3, 0x71, 0x9, 0x80, 0xa8, 0x85, 0xae, 0x90,
    0x8, 0x3, 0xb3, 0x3d, 0xe0, 0x1f, 0xb7, 0xff,
    0xd8, 0x1, 0xfb, 0x7f, 0xfd, 0x80, 0x1f, 0x98,
    0x8b, 0xcc, 0x1, 0xfa, 0xf3, 0x3d, 0x40, 0x1f,
    0x77, 0xf7, 0x7b, 0xfc, 0x1, 0x0,

    /* U+6700 "最" */
    0x0, 0x1f, 0xee, 0xfe, 0xf4, 0x0, 0xf6, 0xef,
    0xe0, 0xf, 0xd9, 0x9f, 0x80, 0x3f, 0x66, 0x7e,
    0x0, 0xf0, 0x96, 0xef, 0xe2, 0x70, 0x9, 0x1a,
    0x67, 0xfc, 0xe8, 0x5, 0xf7, 0x6f, 0xf5, 0xdb,
    0xff, 0xe2, 0x25, 0xa4, 0xdd, 0x96, 0x2e, 0xab,
    0xac, 0x80, 0x29, 0xee, 0x28, 0x6f, 0x77, 0x40,
    0x6, 0x9e, 0xe2, 0x86, 0x8e, 0x7f, 0xd, 0x0,
    0x69, 0xee, 0x28, 0x2, 0xfc, 0x6a, 0x48, 0x3,
    0x4f, 0x70, 0xf0, 0x55, 0x5c, 0xe, 0x0, 0x2a,
    0x49, 0xfe, 0x34, 0x55, 0x21, 0x2b, 0x88, 0x17,
    0x67, 0x7f, 0x2c, 0x7e, 0xe6, 0xff, 0xb4, 0x40,

    /* U+6708 "月" */
    0x0, 0xaf, 0xff, 0xf9, 0x0, 0x32, 0x6e, 0xfc,
    0x1, 0xe3, 0x22, 0xf8, 0x3, 0xff, 0x90, 0xff,
    0xff, 0x0, 0x79, 0x73, 0x3e, 0x0, 0xe7, 0xd3,
    0x3f, 0x80, 0x38, 0x44, 0x1, 0xff, 0xc0, 0x29,
    0xff, 0xf8, 0x3, 0x18, 0x66, 0x7e, 0x0, 0xd4,
    0x86, 0x7f, 0x80, 0x22, 0x6e, 0x0, 0xff, 0xb9,
    0x14, 0x3, 0x9, 0x99, 0x1, 0xcc, 0x68, 0x3,
    0x8b, 0x31, 0x68, 0x66, 0xd1, 0x0, 0xe3, 0xff,
    0xac, 0x0,

    /* U+6709 "有" */
    0x0, 0xf1, 0x0, 0x7f, 0xf0, 0xf5, 0x0, 0x3f,
    0x88, 0xb4, 0x3, 0x91, 0x7c, 0x0, 0xdd, 0xce,
    0x19, 0xbb, 0xf0, 0x3, 0xfe, 0xa0, 0xef, 0xff,
    0xc0, 0x1d, 0x4c, 0x64, 0x5c, 0x60, 0x1e, 0xb0,
    0x6c, 0xce, 0xdc, 0x20, 0xd, 0xa, 0x17, 0xdd,
    0xde, 0x1, 0xd4, 0xd8, 0x17, 0xbb, 0xdc, 0x1,
    0x84, 0x58, 0x43, 0x3f, 0xfd, 0xa0, 0x18, 0x6c,
    0x80, 0x4, 0x5e, 0x30, 0xf, 0xc3, 0x7f, 0xfe,
    0x0, 0xfc, 0x35, 0xdd, 0xe0, 0xf, 0xe1, 0x1c,
    0x6, 0x40, 0x1f, 0xfc, 0x16, 0xdd, 0x21, 0x0,
    0x0,

    /* U+671F "期" */
    0x0, 0x78, 0x80, 0x3c, 0x87, 0xff, 0xa4, 0x8,
    0x8, 0xa0, 0x60, 0x6, 0xf7, 0x18, 0x17, 0x43,
    0x37, 0x41, 0x68, 0x6, 0x23, 0x2, 0xf8, 0x77,
    0xf8, 0x35, 0x0, 0xc4, 0x60, 0xd, 0xdf, 0xe0,
    0xd, 0xbd, 0xc6, 0x0, 0xdd, 0xfe, 0x0, 0xdf,
    0xf3, 0x80, 0x63, 0x11, 0x0, 0x7f, 0xf0, 0x37,
    0xfc, 0x0, 0x30, 0xc, 0x20, 0x1b, 0xba, 0x0,
    0xdd, 0xd3, 0x3, 0x58, 0x55, 0xd8, 0x3a, 0x8b,
    0xba, 0x70, 0x5d, 0x7c, 0xd3, 0x9a, 0x6, 0x0,
    0xe3, 0x65, 0x16, 0x3f, 0x62, 0xc0, 0xf, 0x50,
    0xb0, 0x53, 0xaa, 0x20, 0x4, 0x60, 0x47, 0xd0,
    0x0, 0xeb, 0x29, 0x84, 0x73, 0xea, 0x68, 0x80,
    0x46, 0x6b, 0x0, 0x4f, 0xf2, 0x0,

    /* U+672A "未" */
    0x0, 0xfb, 0x98, 0x3, 0xff, 0x98, 0x3f, 0xfc,
    0x33, 0xff, 0xac, 0x2, 0x1c, 0xce, 0x5, 0xcc,
    0xd2, 0x1, 0x8c, 0xf8, 0x70, 0xcf, 0x10, 0x7,
    0xff, 0x18, 0xff, 0xfc, 0x33, 0xff, 0xda, 0x7,
    0x99, 0xc0, 0x13, 0x66, 0x6e, 0x0, 0x19, 0xe9,
    0x31, 0x56, 0x3, 0x3c, 0x1, 0xd4, 0xfa, 0x19,
    0x38, 0x80, 0x1e, 0x2c, 0x7c, 0x10, 0x3, 0x4d,
    0xb8, 0x6, 0x7d, 0x6d, 0x10, 0xc, 0xd9, 0x38,
    0x80, 0xb3, 0x54, 0x0, 0xf8, 0xfd, 0x60, 0x17,
    0x94, 0x3, 0xf8, 0x67, 0x0,

    /* U+672C "本" */
    0x0, 0xfb, 0x58, 0x3, 0xff, 0x98, 0x23, 0xe3,
    0x11, 0xf0, 0x0, 0xbb, 0xbc, 0x31, 0xdd, 0xd8,
    0x5, 0xbb, 0x94, 0x40, 0xc3, 0x37, 0x70, 0x0,
    0x8a, 0x35, 0xa2, 0xa3, 0xb2, 0x28, 0x40, 0x3a,
    0x11, 0x0, 0x8, 0x72, 0x0, 0xf9, 0x5a, 0x40,
    0x24, 0x5e, 0x0, 0xf1, 0x55, 0x8, 0x3, 0x58,
    0xd0, 0x6, 0x2c, 0x65, 0x0, 0xe1, 0xf5, 0xa0,
    0x2, 0x6a, 0x7, 0xfc, 0x53, 0xfe, 0xda, 0x4d,
    0x4, 0x9a, 0xbb, 0xc0, 0xb7, 0x72, 0xfc, 0x80,
    0x18, 0x9, 0x12, 0x2c, 0x44, 0x80, 0x50, 0x3,
    0xff, 0x8a,

    /* U+673A "机" */
    0x0, 0x93, 0x80, 0x2b, 0xff, 0xd0, 0x1, 0xff,
    0x36, 0xe8, 0xc0, 0x3c, 0x20, 0x1d, 0xc4, 0x46,
    0x0, 0xdf, 0xea, 0x1f, 0xf2, 0x0, 0x7f, 0x6e,
    0x80, 0x1b, 0xa4, 0x0, 0xfe, 0x22, 0x0, 0x8,
    0x80, 0x1f, 0xf2, 0x0, 0x2c, 0x0, 0xe2, 0x1,
    0xfb, 0xd8, 0x45, 0x60, 0x26, 0x1, 0xf2, 0x36,
    0x85, 0x31, 0x11, 0xc0, 0x3e, 0x98, 0x0, 0xb4,
    0x0, 0x40, 0x1e, 0x26, 0x50, 0xc, 0xa6, 0x1,
    0xea, 0x2b, 0x0, 0xea, 0xa0, 0x7, 0xb, 0x80,
    0x79, 0xc1, 0x80, 0x23, 0x25, 0x10, 0xf, 0x5f,
    0x0, 0x6c, 0x5b, 0xb0, 0x4, 0x9c, 0x18, 0x60,
    0x19, 0x7f, 0xce,

    /* U+6765 "来" */
    0x0, 0xfb, 0x58, 0x3, 0xf1, 0x22, 0x71, 0x6a,
    0x27, 0x8, 0x1, 0x66, 0x78, 0x12, 0x67, 0x88,
    0x0, 0xf8, 0xf9, 0xba, 0x29, 0xdd, 0x4b, 0xe9,
    0x80, 0x42, 0x28, 0x0, 0xf7, 0x98, 0x7, 0xbd,
    0x84, 0x3, 0x22, 0xc0, 0x4, 0x26, 0x67, 0x55,
    0x19, 0x79, 0x99, 0x88, 0xc8, 0x17, 0x32, 0x5b,
    0xc0, 0x6c, 0x87, 0xcc, 0x78, 0x27, 0xfe, 0xc1,
    0x0, 0x27, 0xfe, 0xd0, 0xe, 0x4d, 0xb2, 0x90,
    0xb0, 0xf, 0xcd, 0x74, 0xa0, 0xb, 0xc, 0x20,
    0xc, 0x57, 0x18, 0x80, 0x1a, 0xd3, 0x5c, 0x0,
    0xba, 0x5e, 0x60, 0x1e, 0x8b, 0xad, 0x5, 0xd9,
    0x10, 0xf, 0xc9, 0xbe, 0x0,

    /* U+677E "松" */
    0x0, 0xb9, 0x0, 0x24, 0x50, 0x56, 0x0, 0xff,
    0xbf, 0x40, 0x16, 0x1, 0xe1, 0x0, 0x85, 0x2c,
    0x14, 0x90, 0x0, 0xdf, 0xe0, 0xbf, 0x46, 0x23,
    0x0, 0x37, 0x80, 0x1b, 0xb0, 0x23, 0x96, 0x6c,
    0x44, 0x16, 0x8a, 0x0, 0x14, 0x8, 0x18, 0x36,
    0x7f, 0x2, 0x7b, 0x0, 0xac, 0x6, 0x3f, 0x83,
    0x5c, 0x1, 0x16, 0x0, 0x30, 0x1b, 0x75, 0x31,
    0x4d, 0x0, 0x94, 0x1, 0x34, 0x3, 0x46, 0xc,
    0x28, 0x8, 0x1, 0x22, 0x18, 0x0, 0xa0, 0xa,
    0x90, 0x1b, 0x20, 0xa, 0x40, 0x39, 0x9, 0x80,
    0x5e, 0x40, 0x8, 0xe0, 0x1d, 0xc, 0x66, 0x50,
    0x43, 0x0, 0xfa, 0xd, 0xb7, 0x52, 0x41, 0x20,
    0x1f, 0x6b, 0xef, 0xf6, 0x56, 0x78, 0x0,

    /* U+6781 "极" */
    0x0, 0xb8, 0x83, 0xbf, 0xfc, 0x20, 0x1f, 0x9c,
    0xc0, 0xd0, 0x0, 0x20, 0x11, 0x10, 0x5c, 0xa7,
    0x43, 0x2d, 0xd8, 0x2, 0x1d, 0xd0, 0x56, 0x1,
    0x80, 0x49, 0x80, 0x10, 0xfe, 0x4, 0x70, 0x8,
    0x4, 0x6e, 0x1, 0xc8, 0x10, 0x20, 0x80, 0x4,
    0xd, 0xfa, 0x0, 0xa8, 0x1a, 0xc0, 0x26, 0x4f,
    0xf1, 0xe8, 0x1, 0x18, 0x6c, 0xc3, 0x4a, 0xc0,
    0x2, 0x6a, 0x0, 0x8f, 0x0, 0x48, 0x3c, 0x82,
    0x84, 0xa1, 0x3, 0xa, 0x0, 0x44, 0x44, 0x8b,
    0x47, 0x80, 0x2, 0x48, 0x6, 0xa4, 0x5, 0x55,
    0xb1, 0x80, 0x9, 0x0, 0x21, 0x7f, 0x1, 0x70,
    0x51, 0x0, 0xfa, 0x91, 0x2f, 0x7e, 0x7f, 0x70,
    0xe, 0x67, 0xa1, 0x89, 0xb1, 0xb8, 0xb1, 0x0,
    0xb9, 0x30, 0x45, 0x8e, 0x1, 0x36, 0x8,

    /* U+679C "果" */
    0x0, 0x2f, 0xff, 0xfb, 0x80, 0x3c, 0xcd, 0x0,
    0x19, 0xa4, 0x0, 0xf0, 0xcc, 0xd4, 0x33, 0x36,
    0x80, 0x78, 0x7f, 0xea, 0x1f, 0xfa, 0x40, 0x3c,
    0x3f, 0xf5, 0xf, 0xfd, 0x20, 0x1f, 0x11, 0x61,
    0x22, 0x84, 0x3, 0x84, 0x33, 0x28, 0xc, 0xca,
    0x4c, 0x3, 0x27, 0x76, 0xa1, 0xee, 0xda, 0x1,
    0x5f, 0xff, 0x50, 0xff, 0xf9, 0x2, 0xb7, 0x71,
    0x0, 0x4f, 0xbb, 0x90, 0x4, 0x88, 0x1e, 0xd2,
    0x3a, 0xb0, 0x64, 0x40, 0x8, 0x67, 0x2e, 0xc6,
    0x5, 0xa1, 0xee, 0x1, 0x57, 0x1e, 0x30, 0x7,
    0x56, 0xdf, 0xa8, 0x4f, 0x51, 0x0, 0x7c, 0x79,
    0x85,

    /* U+67D4 "柔" */
    0x0, 0xff, 0xe3, 0x4f, 0xff, 0xf4, 0x80, 0x74,
    0xff, 0xaf, 0xbf, 0xd2, 0x2d, 0x20, 0x1f, 0xe,
    0xe7, 0xfa, 0xb6, 0x40, 0x39, 0xa2, 0x12, 0x28,
    0x80, 0x39, 0x88, 0x62, 0x0, 0x5f, 0xf2, 0x32,
    0x3, 0xef, 0x99, 0x9c, 0x0, 0xce, 0xda, 0x57,
    0x7, 0xe, 0xaa, 0xa3, 0x0, 0x24, 0xf1, 0xe2,
    0xfb, 0x80, 0x16, 0xd4, 0x2, 0xe0, 0xd9, 0x4c,
    0x7c, 0x0, 0x3a, 0x80, 0x6b, 0x83, 0x17, 0xc1,
    0x1, 0x1f, 0x2, 0x77, 0x78, 0x63, 0xbb, 0xb0,
    0x13, 0xff, 0x29, 0x9, 0x8d, 0xff, 0xda, 0x1,
    0x9b, 0x83, 0x4e, 0xa9, 0x36, 0x60, 0x11, 0x47,
    0x5d, 0x50, 0x2, 0x4d, 0xcd, 0xd3, 0x81, 0x8d,
    0x6a, 0x0, 0x79, 0xfa, 0x0, 0x0,

    /* U+67F3 "柳" */
    0x0, 0xff, 0xe3, 0x17, 0x0, 0x67, 0xd1, 0x0,
    0xff, 0xaf, 0xb9, 0x83, 0x37, 0x6f, 0x0, 0x84,
    0x40, 0x4, 0xc9, 0x80, 0x4d, 0x80, 0xb, 0xb0,
    0x3d, 0xc4, 0x5, 0x80, 0xa, 0x60, 0x17, 0xb8,
    0x73, 0x80, 0x7f, 0xc2, 0x40, 0xc0, 0x1f, 0xfc,
    0x14, 0xa, 0x20, 0x8, 0x40, 0x3e, 0x11, 0xa1,
    0x40, 0x3f, 0xe6, 0x50, 0x57, 0x0, 0x10, 0x7,
    0xe9, 0xe0, 0x0, 0x8b, 0xf0, 0x3, 0xe1, 0x76,
    0x0, 0x18, 0x4a, 0xc0, 0x2, 0xb8, 0x40, 0x64,
    0x2, 0x2f, 0x74, 0x60, 0x6, 0xe7, 0x0, 0x7c,
    0x7b, 0x40, 0x13, 0x90, 0x7, 0xe8, 0xa4, 0x0,
    0xf8,

    /* U+6821 "校" */
    0x0, 0xff, 0xe3, 0xf1, 0x0, 0x69, 0x90, 0x7,
    0xff, 0xa, 0x1c, 0x80, 0x3e, 0x11, 0x5, 0x7f,
    0xb8, 0x77, 0xfe, 0x10, 0xff, 0x6, 0x7d, 0x7d,
    0x77, 0xed, 0x7f, 0x84, 0x3a, 0x82, 0xb8, 0xa,
    0x8c, 0x1, 0x6a, 0x1, 0xe, 0x84, 0x8, 0xbe,
    0x48, 0xb, 0x69, 0x0, 0x25, 0x3, 0x4d, 0x6e,
    0x0, 0xc, 0xc4, 0x80, 0xd, 0x86, 0xe7, 0xa9,
    0xc8, 0x19, 0x8f, 0x80, 0x9, 0xe0, 0x79, 0x21,
    0x79, 0xa, 0xa0, 0x8, 0x1a, 0x28, 0x1, 0x0,
    0x10, 0xbe, 0x2c, 0x1, 0x3c, 0x80, 0x7c, 0x80,
    0x80, 0x19, 0x1c, 0x3, 0xd0, 0xac, 0xf0, 0x1,
    0xfc, 0x9a, 0xbb, 0x38, 0xbc, 0xe0, 0x1e, 0x19,
    0xad, 0x20, 0x3d, 0x9c, 0x0, 0xdc, 0x43, 0xae,
    0x1, 0xcf, 0x60,

    /* U+6848 "案" */
    0x0, 0xf8, 0xc0, 0x3f, 0xc2, 0x3d, 0xd0, 0x23,
    0xc0, 0x15, 0xf7, 0x71, 0x3f, 0x77, 0x68, 0x5,
    0x3f, 0xf3, 0xcf, 0xff, 0x50, 0x4, 0xb7, 0x98,
    0xf7, 0xbc, 0xcb, 0xf2, 0x8, 0x1, 0xbd, 0xea,
    0x17, 0xdf, 0xe2, 0xf, 0xec, 0x0, 0x19, 0xb9,
    0x98, 0x40, 0x30, 0x5c, 0x67, 0x0, 0x6d, 0xc1,
    0x9c, 0xd4, 0x54, 0x10, 0xd, 0x39, 0xb8, 0xad,
    0x1b, 0xaf, 0xee, 0x62, 0x0, 0x2b, 0xf3, 0xf6,
    0x76, 0xc9, 0xaf, 0xe1, 0x0, 0xb7, 0x5f, 0xdc,
    0xf5, 0x6f, 0xee, 0xab, 0x88, 0x99, 0x9a, 0xc0,
    0x35, 0xe6, 0x62, 0x2, 0x20, 0x44, 0x2d, 0x5a,
    0xe2, 0x44, 0x88, 0x2, 0xf9, 0x8d, 0xd2, 0x0,
    0x13, 0x73, 0x71, 0xc8, 0x76, 0x79, 0xc0, 0x3c,
    0xfd, 0x3a, 0x60,

    /* U+6863 "档" */
    0x0, 0xb8, 0xc0, 0x30, 0xf8, 0x80, 0x7f, 0x3c,
    0x80, 0x75, 0x48, 0x4, 0x20, 0x5, 0x61, 0x0,
    0x85, 0x6d, 0x3f, 0xc1, 0x9e, 0x2b, 0x20, 0x13,
    0x29, 0x26, 0xd0, 0x4e, 0x9c, 0xe0, 0x5, 0xf0,
    0x0, 0x2d, 0x9, 0x26, 0xbc, 0xb0, 0xb0, 0xa5,
    0x0, 0x28, 0x13, 0x88, 0xc6, 0xc6, 0x2b, 0xe0,
    0x62, 0x28, 0x83, 0x4c, 0xf9, 0x40, 0x13, 0x40,
    0xd6, 0x4, 0x5f, 0x1, 0x23, 0x0, 0x12, 0x77,
    0x7c, 0xa0, 0x8c, 0x1, 0xa3, 0xff, 0xce, 0xd,
    0x0, 0x1f, 0xfc, 0x61, 0xff, 0xf9, 0xc0, 0x3c,
    0x3b, 0xbf, 0x28, 0x0,

    /* U+6A59 "橙" */
    0x0, 0xff, 0x84, 0x3, 0xc3, 0xe0, 0xe, 0xff,
    0x63, 0x5a, 0xd8, 0x7, 0xef, 0xf2, 0x53, 0xad,
    0x48, 0x4, 0xf2, 0xe, 0xbe, 0xe8, 0xe2, 0xac,
    0x9a, 0x3, 0x6e, 0x16, 0x7b, 0xc, 0x21, 0xd,
    0x3e, 0x3, 0x8e, 0x18, 0xd4, 0x2f, 0xfe, 0xd5,
    0x10, 0xc, 0x81, 0x14, 0xf9, 0xdf, 0xf5, 0x36,
    0x10, 0x0, 0xc1, 0xb2, 0xb3, 0xbb, 0x86, 0x88,
    0x15, 0x1, 0xb1, 0x83, 0xbb, 0x31, 0xa0, 0x2,
    0x78, 0x26, 0x0, 0x3f, 0xca, 0x28, 0x2, 0x40,
    0xe, 0xec, 0xc6, 0x0, 0x18, 0x0, 0xc5, 0x73,
    0xdc, 0xd5, 0x90, 0x2, 0x28, 0x7, 0x34, 0x0,
    0x24, 0x80, 0x3f, 0xc6, 0x44, 0x35, 0xb0, 0xf,
    0xdd, 0xfe, 0x2d, 0xc0, 0xdf, 0xf0, 0x80,

    /* U+6B21 "次" */
    0x0, 0xf9, 0xcc, 0x3, 0xf2, 0x8, 0x6, 0x87,
    0x0, 0xfd, 0xdc, 0x60, 0x2, 0x2, 0x0, 0x7e,
    0xaa, 0x43, 0x87, 0x87, 0xff, 0xa8, 0x2, 0x5c,
    0x61, 0x46, 0xbb, 0xe1, 0x30, 0xc, 0x42, 0xc3,
    0x29, 0x24, 0x88, 0x1a, 0x0, 0xe1, 0x89, 0x0,
    0x10, 0x83, 0x11, 0x80, 0x7a, 0x5c, 0x2, 0xc0,
    0x4, 0x0, 0x73, 0xd3, 0x0, 0xc, 0x18, 0x19,
    0x40, 0x31, 0x47, 0x0, 0x48, 0x4, 0x20, 0x1e,
    0xe4, 0x50, 0xa, 0x5d, 0x60, 0x3, 0xa0, 0xe8,
    0x2, 0x90, 0x98, 0x63, 0x0, 0x85, 0xe4, 0x40,
    0x12, 0xd4, 0x24, 0xfa, 0x60, 0x1, 0xc6, 0x2,
    0xc7, 0xb4, 0x0, 0x43, 0xe4, 0x8, 0x18, 0x3,
    0x9f, 0x10, 0x3, 0x4d, 0x18, 0x80, 0x6c, 0xb2,
    0x0, 0xf2, 0xd8, 0x0,

    /* U+6B22 "欢" */
    0x0, 0xfc, 0x48, 0x1, 0xff, 0xc2, 0x5f, 0x0,
    0xf1, 0x4c, 0xec, 0x60, 0xd3, 0x0, 0xfb, 0xbb,
    0x1e, 0x2, 0xbf, 0xff, 0x9, 0x23, 0xbc, 0x9a,
    0x61, 0xdd, 0xa4, 0x84, 0x35, 0x40, 0xa, 0x72,
    0xa3, 0xe6, 0x3e, 0xa0, 0xa, 0xa1, 0x18, 0xaa,
    0x48, 0x8, 0x83, 0xa8, 0x0, 0x8d, 0xd6, 0x83,
    0xc6, 0x0, 0x60, 0x72, 0x0, 0xa4, 0x9f, 0xc0,
    0x22, 0x2, 0x0, 0xf9, 0x41, 0x80, 0x27, 0xb,
    0x0, 0xf0, 0xa8, 0x48, 0x5, 0xcc, 0x64, 0x1,
    0xd4, 0xba, 0x86, 0x8, 0x88, 0x58, 0x0, 0xd4,
    0xd4, 0x50, 0x22, 0xa8, 0x18, 0x55, 0x0, 0x15,
    0xf0, 0x41, 0xc3, 0x11, 0xc0, 0xa6, 0x98, 0x17,
    0x44, 0x0, 0x38, 0x94, 0x1, 0x34, 0xc9, 0x0,
    0x38, 0x7e, 0x40, 0x39, 0xb9, 0x0,

    /* U+6B47 "歇" */
    0x0, 0xff, 0x31, 0x80, 0x70, 0xfe, 0xee, 0xf1,
    0xb, 0x0, 0xf8, 0x77, 0x70, 0x4, 0x46, 0x1,
    0xe1, 0xcc, 0xc0, 0x4, 0xf, 0xfc, 0xc0, 0x1,
    0xdd, 0xc0, 0xd, 0x6e, 0xe8, 0x48, 0x0, 0x3f,
    0x99, 0x1, 0xb5, 0xf9, 0x18, 0xa0, 0xc, 0x9e,
    0xed, 0xee, 0x84, 0x0, 0x54, 0x0, 0xa4, 0xae,
    0xef, 0x3b, 0x1, 0xa7, 0xa0, 0x4, 0x15, 0xef,
    0x79, 0xf8, 0x4, 0x40, 0x20, 0x6e, 0x88, 0xb0,
    0x45, 0x10, 0x20, 0x60, 0x8, 0xed, 0xd0, 0xe4,
    0xcd, 0xe0, 0x86, 0x44, 0x0, 0x94, 0x33, 0xf9,
    0xc4, 0x41, 0xb6, 0xb4, 0x1, 0x85, 0x73, 0xcd,
    0x88, 0xd1, 0xa1, 0xc8, 0x0, 0x3d, 0x99, 0x31,
    0x3f, 0x38, 0x93, 0xf8, 0x80, 0x4, 0x6d, 0xe4,
    0x1, 0x80, 0x4, 0x39, 0x0, 0x76, 0x7d, 0x9e,
    0x0, 0x6a, 0x30,

    /* U+6B4C "歌" */
    0x0, 0xff, 0x51, 0x0, 0x63, 0xff, 0xfb, 0x5,
    0x4c, 0x3, 0x1e, 0x67, 0x48, 0xf2, 0x88, 0x80,
    0x38, 0xbf, 0xea, 0x55, 0x16, 0xf, 0xfe, 0x60,
    0x30, 0xef, 0x40, 0x9, 0x67, 0x76, 0x13, 0x0,
    0x88, 0x80, 0x11, 0x1b, 0x50, 0x90, 0xa0, 0x18,
    0xee, 0x30, 0x2, 0x24, 0x11, 0x90, 0x84, 0x45,
    0xdd, 0x42, 0x23, 0x18, 0xc, 0x9a, 0x1, 0x7f,
    0xfa, 0x82, 0x80, 0x2c, 0x25, 0x4, 0xcc, 0xef,
    0x2c, 0x12, 0x6, 0x0, 0xcb, 0xfb, 0xae, 0x0,
    0xc8, 0x45, 0x0, 0x64, 0xdc, 0x0, 0xea, 0xb6,
    0xb0, 0xc, 0x9d, 0xe0, 0x19, 0x89, 0xad, 0x90,
    0x0, 0xcf, 0xdd, 0x0, 0x9c, 0xd0, 0x14, 0xd9,
    0x81, 0xc0, 0x2, 0x71, 0x7e, 0x50, 0x0, 0xcf,
    0x40, 0x1d, 0x3d, 0x38, 0xc0, 0x1a, 0x24,

    /* U+6B62 "止" */
    0x0, 0xf8, 0xfc, 0x3, 0xff, 0xb7, 0x84, 0x1,
    0xff, 0xc1, 0x31, 0x0, 0xc2, 0x3c, 0x1, 0xfe,
    0xee, 0xe4, 0x0, 0xfe, 0xdd, 0xe4, 0x0, 0xfe,
    0x22, 0xe0, 0xf, 0xff, 0x89, 0x5d, 0x83, 0x6e,
    0xda, 0x17, 0x7d, 0x47, 0x98, 0x89, 0xcc, 0x4c,
    0x66, 0x76, 0x80,

    /* U+6B63 "正" */
    0x2, 0x44, 0xff, 0xe0, 0x10, 0x2, 0xab, 0xd7,
    0x6a, 0xae, 0xb0, 0x4, 0x77, 0x75, 0x87, 0x77,
    0x48, 0x7, 0xff, 0x20, 0xc0, 0x3f, 0xf8, 0x78,
    0x60, 0x1f, 0xfc, 0x8f, 0xfe, 0x0, 0xff, 0xb3,
    0x38, 0x3, 0xfe, 0x33, 0xe0, 0xf, 0xff, 0x30,
    0xcc, 0x83, 0xa6, 0x60, 0x99, 0xf0, 0x80, 0x4c,
    0x80, 0x4, 0x60, 0xf, 0x80,

    /* U+6B64 "此" */
    0x0, 0xc7, 0xe0, 0x17, 0x28, 0x7, 0xff, 0x6f,
    0x88, 0x3, 0xf9, 0x88, 0x2, 0x11, 0x0, 0x11,
    0x2, 0x0, 0x1b, 0x94, 0x0, 0xfa, 0xa8, 0xa3,
    0x3c, 0x1a, 0xc0, 0x1f, 0x77, 0x10, 0xf, 0x2c,
    0x80, 0x3f, 0xe1, 0xa3, 0x0, 0xff, 0xf3, 0x51,
    0x80, 0x7c, 0x62, 0x1, 0xce, 0xe0, 0x20, 0x9e,
    0xf, 0xc5, 0x3d, 0x33, 0x21, 0x31, 0xe8, 0x32,
    0x4e, 0x7a, 0x53, 0x66, 0x29, 0x88, 0xf7, 0xf2,
    0x58, 0xc0, 0xf, 0xdf, 0xee, 0x90,

    /* U+6B65 "步" */
    0x0, 0x88, 0x40, 0xe, 0xe0, 0xf, 0xef, 0x40,
    0xa, 0x3f, 0xf4, 0x0, 0x7f, 0x36, 0xee, 0x90,
    0xf, 0xee, 0x22, 0xc2, 0x5, 0x54, 0x2a, 0xaa,
    0x21, 0x55, 0xd2, 0x6, 0x66, 0x61, 0x98, 0x8,
    0xcf, 0x80, 0xa6, 0x61, 0xa9, 0x18, 0x99, 0xb6,
    0xe4, 0x2, 0x76, 0x20, 0xe, 0x2b, 0x40, 0x9,
    0xa3, 0x44, 0x3, 0xf, 0x23, 0x0, 0x1a, 0x68,
    0xc0, 0x30, 0xe8, 0xd0, 0x4, 0x96, 0xa0, 0x13,
    0xe7, 0x86, 0x8, 0x4, 0x48, 0x1, 0x32, 0x34,
    0xe0, 0x80, 0x61, 0x47, 0xcf, 0x85, 0xe7, 0x0,
    0xe2, 0xeb, 0xb2, 0x67, 0x40, 0x80, 0x78, 0xbb,
    0xf2, 0xc, 0x3, 0xf8,

    /* U+6BB5 "段" */
    0x0, 0xe6, 0x50, 0xf, 0xf9, 0xab, 0xec, 0xc1,
    0xff, 0xf0, 0x80, 0x45, 0x3b, 0xb3, 0x0, 0x13,
    0xfc, 0x1, 0xf3, 0x90, 0x6, 0x20, 0xf, 0xe7,
    0x79, 0x3, 0x44, 0x3, 0xfb, 0x32, 0x21, 0x5b,
    0x0, 0x8c, 0x3, 0xae, 0xe6, 0xa4, 0x30, 0x2,
    0xe7, 0x18, 0x4, 0x45, 0xe, 0x48, 0x8d, 0x7f,
    0xc6, 0x1, 0x66, 0x53, 0xfb, 0xdd, 0xc2, 0x1,
    0xbb, 0xa8, 0x81, 0xdf, 0xfa, 0xc, 0x40, 0x3c,
    0x68, 0x11, 0x20, 0x33, 0x0, 0x4, 0xe0, 0xef,
    0xed, 0x4, 0x7a, 0xa2, 0xa0, 0x1, 0xd8, 0x33,
    0xf6, 0x40, 0x10, 0xa9, 0x20, 0x11, 0xc0, 0x10,
    0x4, 0x31, 0x8a, 0xac, 0x71, 0x0, 0xf9, 0xf8,
    0xf6, 0xaa, 0xce, 0x10, 0x2f, 0x0, 0x9f, 0xac,
    0xc0, 0x9, 0x7e, 0x20,

    /* U+6BCF "每" */
    0x0, 0xce, 0x40, 0x1f, 0xfc, 0x13, 0x80, 0xf,
    0xfe, 0x16, 0x6, 0xff, 0xfe, 0xc0, 0x9, 0x83,
    0x37, 0x7f, 0xc0, 0x3, 0x99, 0x0, 0x7f, 0x10,
    0x80, 0xeb, 0x76, 0x6e, 0xfe, 0x30, 0x0, 0xdc,
    0x93, 0xfc, 0xa6, 0xff, 0xc0, 0x20, 0x12, 0x83,
    0x70, 0x36, 0x61, 0x40, 0x23, 0x0, 0xa, 0xa8,
    0xfd, 0x10, 0x6d, 0xe8, 0xc0, 0xea, 0x25, 0x32,
    0x7, 0xf9, 0xf3, 0x1f, 0x80, 0xa9, 0x53, 0xcf,
    0xe, 0xb7, 0x74, 0x5d, 0xb4, 0x33, 0x8, 0x0,
    0x52, 0x0, 0x57, 0xf2, 0x3, 0x88, 0x7, 0x79,
    0x7f, 0xd8, 0x57, 0xf6, 0x3f, 0x60, 0x14, 0x6e,
    0xfe, 0x34, 0xda, 0x0, 0x84, 0x8b, 0x8f, 0x30,
    0x52, 0x42, 0x1, 0xfc, 0x3d, 0xd1, 0x0, 0x40,

    /* U+6BD4 "比" */
    0xb, 0x60, 0xc, 0xbc, 0x1, 0xf3, 0x88, 0x7,
    0xff, 0x68, 0x72, 0x80, 0x2b, 0x44, 0x84, 0x2,
    0x3c, 0x29, 0x0, 0x8e, 0xaa, 0x70, 0x17, 0xc4,
    0xf3, 0x0, 0xa3, 0xba, 0x60, 0x5, 0x5c, 0x88,
    0x7, 0xfd, 0xa8, 0x1, 0xff, 0xc0, 0x10, 0xf,
    0xfe, 0x3c, 0x0, 0x7f, 0xf0, 0x9c, 0x80, 0x32,
    0x4a, 0x88, 0x6, 0x10, 0x30, 0x38, 0xfb, 0x36,
    0x1, 0x32, 0x23, 0x8, 0x8c, 0xe, 0xbe, 0x8d,
    0xf, 0x37, 0x51, 0x60, 0x7d, 0x8a, 0x1, 0xb3,
    0xff, 0x28, 0x0,

    /* U+6BDB "毛" */
    0x0, 0xff, 0x88, 0x3, 0xfc, 0x6d, 0x7f, 0xe1,
    0x0, 0x85, 0x1a, 0x73, 0xf3, 0x4f, 0x34, 0x40,
    0xf, 0xd3, 0xa2, 0x0, 0xfb, 0x83, 0x0, 0xcf,
    0xfb, 0x71, 0x44, 0x1, 0xc4, 0x1, 0xf7, 0x13,
    0xcd, 0xf7, 0xe8, 0x0, 0xab, 0x3b, 0xdc, 0x30,
    0x76, 0xb7, 0xc0, 0x22, 0xaa, 0x74, 0x95, 0xc3,
    0x21, 0x0, 0x45, 0xc, 0x82, 0x1, 0x84, 0xd5,
    0xe4, 0x2, 0x24, 0x68, 0x2c, 0xfe, 0xc8, 0xc0,
    0x1b, 0xfd, 0xaa, 0x8, 0x4e, 0x77, 0xed, 0xc8,
    0xce, 0xff, 0x64, 0x92, 0x98, 0x80, 0x46, 0x4,
    0x40, 0x8, 0xc0, 0x3e, 0x98, 0x0, 0xe1, 0x24,
    0x33, 0xc8, 0x8d, 0x0, 0xe4, 0x45, 0xe6, 0x6b,
    0x55, 0x0,

    /* U+6C34 "水" */
    0x0, 0xf9, 0xb8, 0x3, 0xff, 0xb0, 0x40, 0x11,
    0xa2, 0x4a, 0x20, 0x20, 0x13, 0x68, 0x80, 0x3a,
    0xee, 0xa6, 0x0, 0x30, 0x24, 0xd0, 0x80, 0x37,
    0xfd, 0xc0, 0x80, 0xb, 0x4b, 0xa5, 0x0, 0xf3,
    0x9, 0x80, 0x8a, 0xe9, 0x40, 0x3e, 0x96, 0x0,
    0xb8, 0x4, 0x3, 0xe7, 0x19, 0x0, 0x8a, 0x68,
    0xc0, 0x38, 0xa2, 0x44, 0x3, 0x33, 0xe9, 0x80,
    0x45, 0x8a, 0xc0, 0x1e, 0x97, 0xc6, 0x1, 0xc5,
    0xa0, 0xf, 0xd3, 0x12, 0xe3, 0x96, 0x0, 0x44,
    0x78, 0x7, 0x3f, 0x38, 0x10, 0x5, 0xd6, 0xf2,
    0x1, 0xc2, 0x0,

    /* U+6C42 "求" */
    0x0, 0xfb, 0x58, 0x2a, 0x48, 0x3, 0xff, 0x83,
    0x5f, 0x86, 0x0, 0x2f, 0xff, 0x14, 0xff, 0xa4,
    0x73, 0x0, 0x59, 0x9e, 0x0, 0x66, 0x77, 0x0,
    0xa, 0x48, 0xce, 0x0, 0x19, 0xcb, 0x4, 0x0,
    0x13, 0xc1, 0x0, 0x10, 0x20, 0x24, 0xf0, 0x6,
    0x97, 0xd0, 0x8, 0xe5, 0x2e, 0x54, 0x3, 0xa9,
    0x40, 0x4a, 0x8a, 0xe9, 0x80, 0x3e, 0x96, 0xf0,
    0x6, 0x0, 0x80, 0x7c, 0x9b, 0x74, 0x40, 0x71,
    0x66, 0x1, 0x8e, 0xed, 0x5a, 0x80, 0x13, 0xb6,
    0x28, 0x1, 0x30, 0x75, 0xc0, 0x3d, 0x31, 0x56,
    0x9, 0x94, 0x44, 0x33, 0xc0, 0x13, 0xef, 0x0,
    0xc, 0x0, 0xb9, 0x82, 0x40, 0xc, 0x4a, 0x1,
    0xcf, 0xfe, 0xc1, 0x0, 0xf8,

    /* U+6C47 "汇" */
    0x0, 0x30, 0x7, 0xff, 0x8, 0x6b, 0x49, 0x7f,
    0xff, 0x84, 0x7, 0x17, 0xc0, 0x73, 0x3f, 0x8,
    0x5, 0x18, 0x0, 0x33, 0xfc, 0x1, 0xc2, 0x1,
    0xff, 0xc0, 0xd9, 0x10, 0xf, 0xfe, 0xf, 0xaf,
    0x90, 0x7, 0xff, 0x0, 0xb2, 0x8, 0x3, 0xff,
    0x84, 0xc0, 0x1f, 0xfc, 0x34, 0x90, 0xf, 0xfe,
    0x14, 0x88, 0x7, 0xff, 0x5, 0x8a, 0x40, 0x3f,
    0xf8, 0x31, 0x1, 0x0, 0xff, 0xe0, 0x40, 0x38,
    0x0, 0x7f, 0xff, 0x30, 0x5d, 0x0, 0x12, 0xef,
    0xf9, 0xc0,

    /* U+6C9B "沛" */
    0x1, 0xa3, 0x0, 0xe4, 0xe0, 0xf, 0xe, 0x75,
    0x80, 0x8c, 0x42, 0x3c, 0x1, 0x36, 0xc6, 0x77,
    0x52, 0x1d, 0xda, 0x40, 0x31, 0xef, 0x75, 0x21,
    0xdd, 0xa4, 0x25, 0x40, 0x2, 0x38, 0x84, 0x78,
    0x1, 0x97, 0x82, 0x7f, 0xf5, 0x8f, 0xfd, 0x20,
    0x5, 0xeb, 0x17, 0xc, 0xc3, 0x86, 0x60, 0xc0,
    0x39, 0xc0, 0x2, 0x66, 0xc1, 0x33, 0x28, 0x7,
    0xc, 0x0, 0x7f, 0xf0, 0xa4, 0x80, 0x3f, 0xf8,
    0x24, 0xf0, 0x1, 0xff, 0xc1, 0x86, 0x20, 0xf,
    0xbd, 0xbc, 0x0, 0x8b, 0x0, 0x98, 0x1, 0xdd,
    0xec, 0x0, 0x6a, 0x10, 0x1, 0x0, 0x70, 0x80,
    0x40,

    /* U+6C9F "沟" */
    0x0, 0x8, 0x6, 0x41, 0x0, 0xf9, 0x79, 0xc0,
    0x2b, 0x50, 0xf, 0x97, 0x2b, 0x1, 0x45, 0x0,
    0x3f, 0x1e, 0xc0, 0x58, 0xff, 0xfa, 0x80, 0x32,
    0x20, 0x73, 0xbb, 0x94, 0x6, 0xcc, 0x1, 0x2e,
    0x76, 0x62, 0x31, 0x80, 0xe6, 0x25, 0x82, 0x9,
    0x4c, 0x3, 0x18, 0x3f, 0x63, 0x60, 0x2a, 0x3,
    0x80, 0x78, 0x54, 0x4, 0x2b, 0xc6, 0x4c, 0xc,
    0x40, 0x22, 0xb0, 0x40, 0x42, 0x24, 0x80, 0x80,
    0x69, 0x20, 0xb2, 0xff, 0x2, 0x83, 0xf8, 0x1,
    0x11, 0x0, 0x99, 0xfb, 0x8e, 0x23, 0x0, 0x25,
    0xc4, 0x2c, 0xc0, 0x28, 0x12, 0x20, 0x48, 0x40,
    0x7, 0x8c, 0x94, 0x14, 0x36, 0x40, 0x3e, 0xdd,
    0x53, 0x88, 0x22, 0x0, 0x3e, 0xef, 0xf4, 0x0,

    /* U+6CA1 "没" */
    0x2, 0x0, 0xff, 0xe1, 0xc7, 0x28, 0x0, 0x7f,
    0xf9, 0x80, 0x35, 0x45, 0xa8, 0x5, 0xbd, 0xc1,
    0x0, 0xf3, 0x7a, 0x81, 0x1, 0x8, 0x88, 0x3,
    0xe1, 0x0, 0x59, 0x80, 0x7e, 0x8c, 0x30, 0x3,
    0x3d, 0x0, 0x4b, 0x3f, 0xa1, 0x2f, 0x90, 0xf2,
    0xcc, 0x0, 0xa7, 0x31, 0xc0, 0x37, 0x3a, 0xf3,
    0x64, 0x5c, 0x4, 0x60, 0x13, 0x28, 0x5e, 0xef,
    0xb2, 0xc0, 0x39, 0x43, 0x4a, 0x7f, 0xed, 0x9,
    0x0, 0xc3, 0x46, 0x13, 0x4, 0x0, 0xe5, 0x30,
    0xd, 0x26, 0x60, 0x46, 0xc3, 0xc0, 0xa0, 0xc,
    0x4f, 0xe0, 0x14, 0x6, 0x1e, 0x80, 0x74, 0xa1,
    0x80, 0x17, 0x44, 0x83, 0x58, 0x2, 0x15, 0x90,
    0xaf, 0x8a, 0xed, 0xe4, 0x8f, 0xa0, 0x1e, 0x20,
    0x9d, 0xd3, 0x88, 0xc, 0x76, 0x48, 0x0,

    /* U+6CB9 "油" */
    0x3, 0xb4, 0x0, 0xe4, 0xe0, 0xe, 0x3d, 0xac,
    0x10, 0xf, 0xf9, 0xba, 0x44, 0x7f, 0x80, 0x39,
    0x4b, 0xba, 0xa0, 0xee, 0xa4, 0x29, 0x0, 0x37,
    0x72, 0x83, 0xb8, 0xa0, 0x2, 0xba, 0x10, 0x0,
    0x8f, 0x8c, 0x1, 0x1a, 0x20, 0x1f, 0xfc, 0x12,
    0xb1, 0x0, 0x2a, 0xb4, 0x55, 0x4e, 0x1, 0xfa,
    0x20, 0xc1, 0x10, 0x10, 0xd, 0xe, 0x0, 0xdd,
    0x58, 0xee, 0x98, 0x2, 0x17, 0x30, 0xf, 0xfe,
    0x5, 0x22, 0x0, 0x3f, 0xe5, 0x49, 0x0, 0xb7,
    0x56, 0x3b, 0xa6, 0x0, 0xa0, 0x80, 0x29, 0x95,
    0xda, 0x64, 0x20, 0x5, 0x70, 0x1, 0x72, 0x27,
    0xba, 0x40,

    /* U+6CD5 "法" */
    0x1, 0xb7, 0x10, 0xc, 0x9c, 0x1, 0xe1, 0x9f,
    0xf1, 0x0, 0x7f, 0xf0, 0xa, 0x38, 0xab, 0xb9,
    0x63, 0xdd, 0x38, 0x7, 0xd1, 0xba, 0x70, 0xdd,
    0x98, 0x1, 0xb2, 0x20, 0x2, 0x33, 0x60, 0x99,
    0xc2, 0x0, 0xf2, 0xe3, 0x0, 0xff, 0xe0, 0x15,
    0xd1, 0xa5, 0xde, 0x1b, 0xbc, 0x20, 0x12, 0x83,
    0x6e, 0xc0, 0xd, 0xdc, 0x20, 0x1a, 0x8d, 0x98,
    0x61, 0xcc, 0xd8, 0x3, 0x32, 0x8, 0x2, 0x20,
    0x29, 0x40, 0x1e, 0x88, 0x0, 0x1c, 0x1c, 0x11,
    0xd8, 0x3, 0x41, 0xb0, 0x14, 0x70, 0x11, 0xa4,
    0x88, 0x0, 0xde, 0x40, 0x1a, 0x1b, 0xfb, 0xc4,
    0x16, 0x0, 0x76, 0x40, 0x2, 0xce, 0xf7, 0xed,
    0xea, 0x0, 0x12, 0x40, 0x2a, 0x63, 0x10, 0x8,
    0xb8, 0x0,

    /* U+6CE2 "波" */
    0x3, 0xb4, 0x0, 0xe4, 0xe0, 0xf, 0x1e, 0xd4,
    0x81, 0x91, 0x42, 0x45, 0x80, 0x26, 0xeb, 0x5c,
    0xdd, 0x48, 0x6e, 0xe3, 0x0, 0xc4, 0x5, 0xfe,
    0xb1, 0xff, 0x51, 0x18, 0xda, 0x0, 0x7f, 0xa6,
    0x80, 0x4e, 0xe8, 0x0, 0x20, 0x1e, 0x87, 0x0,
    0x46, 0x90, 0x0, 0xff, 0xd6, 0x3f, 0xeb, 0x10,
    0x8, 0xa0, 0xc, 0x95, 0x5d, 0xd3, 0x90, 0x80,
    0x64, 0x11, 0x3d, 0xa0, 0x8, 0x96, 0xc0, 0x3a,
    0x93, 0x88, 0x5e, 0x81, 0xc1, 0x80, 0x33, 0x2,
    0xab, 0x82, 0x5f, 0x63, 0x80, 0x3a, 0xe4, 0x4d,
    0xc0, 0x8, 0x40, 0x60, 0x19, 0x8d, 0xd8, 0xc4,
    0xad, 0xe0, 0xb5, 0x40, 0x2a, 0x91, 0x99, 0x56,
    0x8f, 0x3e, 0xad, 0x71, 0x86, 0x38, 0xea, 0xce,
    0xd0, 0x80, 0x23, 0xec, 0xc0,

    /* U+6CE8 "注" */
    0x0, 0x8, 0x7, 0x94, 0x3, 0xe2, 0xea, 0x20,
    0xd, 0x32, 0x0, 0xf1, 0x70, 0x69, 0x0, 0x5e,
    0xc2, 0x1, 0xe1, 0xad, 0x16, 0x69, 0x4d, 0x9b,
    0x0, 0x71, 0x2d, 0x55, 0x27, 0x75, 0x50, 0x85,
    0x30, 0x1, 0xb3, 0x2a, 0x1c, 0xcc, 0x21, 0xd7,
    0xa4, 0x1, 0xff, 0xc0, 0x4d, 0xb2, 0x0, 0xff,
    0xe1, 0x30, 0x3, 0x37, 0x54, 0x3b, 0xb3, 0x80,
    0x76, 0x4, 0x4c, 0x98, 0x26, 0x65, 0x0, 0xce,
    0x0, 0x44, 0xb0, 0x51, 0x22, 0x0, 0x86, 0x60,
    0x3, 0xff, 0x83, 0x4, 0x80, 0x1f, 0xfc, 0x2,
    0x68, 0x9, 0x9d, 0x63, 0x33, 0x90, 0x15, 0x10,
    0xc, 0xd8, 0x41, 0x9b, 0x60, 0x3d, 0x0, 0x3f,
    0xff, 0xd0,

    /* U+6D41 "流" */
    0x0, 0xfe, 0x40, 0xf, 0x9b, 0x50, 0x3, 0xa5,
    0x80, 0x3c, 0xd5, 0x6c, 0x8a, 0xb0, 0xca, 0xae,
    0x0, 0x9e, 0xd7, 0xe6, 0x54, 0x63, 0x33, 0x84,
    0x2, 0x43, 0xbc, 0x91, 0xee, 0x43, 0xe6, 0x4,
    0x54, 0x80, 0x11, 0xd5, 0x4, 0x11, 0xe8, 0x0,
    0x39, 0x54, 0x8, 0xc0, 0x8d, 0xef, 0x35, 0x70,
    0x3, 0x76, 0x7, 0xbd, 0x47, 0x67, 0xfb, 0x70,
    0x3, 0x30, 0x38, 0x92, 0x43, 0x7, 0x5, 0x80,
    0x63, 0x90, 0xc, 0xe0, 0x1, 0x10, 0x7, 0x40,
    0x81, 0x80, 0x7f, 0xc8, 0x89, 0x7, 0x20, 0xf,
    0xf4, 0xb8, 0x99, 0x20, 0x7, 0x9d, 0x2, 0xe,
    0x7, 0x98, 0x40, 0x30, 0x87, 0x88, 0xd, 0x83,
    0xc, 0x80, 0x25, 0x81, 0x31, 0x90, 0x25, 0x41,
    0xf0, 0x2, 0x52, 0xa, 0xfe, 0x10,

    /* U+6D6A "浪" */
    0x0, 0x8, 0x7, 0xd, 0x0, 0x7c, 0x9c, 0xa0,
    0x18, 0x59, 0xc0, 0x3c, 0x97, 0x67, 0x5f, 0xee,
    0x1c, 0x77, 0x2c, 0x3, 0x26, 0x31, 0x8e, 0x63,
    0x75, 0x92, 0xe0, 0x1c, 0x42, 0x4, 0x5e, 0x10,
    0x8, 0x68, 0xc0, 0x23, 0xff, 0xe9, 0x0, 0x87,
    0x72, 0x40, 0x5, 0xdd, 0xd0, 0x1, 0x9f, 0x44,
    0x2, 0x11, 0xf0, 0x7, 0x14, 0x0, 0xb, 0xff,
    0xa4, 0x3, 0xce, 0x40, 0x7f, 0xe5, 0x7f, 0xf4,
    0x80, 0x61, 0x86, 0x0, 0xdc, 0xc3, 0x36, 0x40,
    0x14, 0x9a, 0x0, 0x64, 0x5e, 0x3f, 0x20, 0x0,
    0xbc, 0x80, 0x71, 0x50, 0x10, 0x80, 0x50, 0x6a,
    0x2, 0x73, 0xde, 0x38, 0xd6, 0x60, 0xe, 0x80,
    0x4, 0x0, 0x2b, 0x40, 0xfc, 0x78, 0x0, 0xe8,
    0x0, 0xdf, 0x94, 0x0, 0x86, 0xb4, 0x0,

    /* U+6D88 "消" */
    0x2, 0xa3, 0x0, 0x28, 0x0, 0xfc, 0x0, 0x2c,
    0x0, 0x2d, 0xc8, 0x9, 0x80, 0xe, 0x8d, 0x0,
    0x9f, 0x74, 0x1c, 0xe4, 0x1, 0x23, 0xd0, 0x6,
    0x25, 0x2, 0x93, 0x0, 0x9e, 0x84, 0x1, 0x8c,
    0x1, 0x54, 0x7e, 0x7, 0x6d, 0xb0, 0x2, 0x2f,
    0x4, 0x19, 0x95, 0x76, 0xaa, 0x8, 0x80, 0x9,
    0xa8, 0x20, 0xf, 0x44, 0xe5, 0x0, 0xe8, 0x0,
    0xa3, 0xff, 0x90, 0x3, 0x89, 0x80, 0x13, 0xff,
    0xc8, 0x1, 0xd1, 0xe0, 0x1, 0x1f, 0x38, 0x6,
    0x35, 0xb0, 0x18, 0xee, 0xe3, 0x0, 0xd0, 0xa4,
    0x3, 0x3f, 0xfc, 0x80, 0x12, 0xa4, 0x0, 0x7c,
    0x22, 0x0, 0xe7, 0x20, 0xf, 0xb7, 0x95, 0x0,
    0xb, 0x0, 0x16, 0x30, 0x5, 0x9f, 0xc6, 0x0,

    /* U+6D8C "涌" */
    0x0, 0x10, 0x7, 0xff, 0x5, 0x76, 0x45, 0x7f,
    0xff, 0x10, 0x2e, 0x26, 0x2f, 0xfb, 0xbf, 0xd8,
    0x30, 0x40, 0x3, 0xde, 0x0, 0x2f, 0xc4, 0x32,
    0x1c, 0x3, 0x8c, 0x0, 0xb8, 0x4e, 0x8c, 0x0,
    0x19, 0x20, 0x1, 0x44, 0x28, 0x91, 0x19, 0xaa,
    0x22, 0xda, 0x17, 0x60, 0x2, 0xa3, 0xa1, 0x60,
    0x47, 0x10, 0x81, 0x44, 0x24, 0xa2, 0xc, 0x1,
    0xc, 0x0, 0xf, 0xfd, 0x65, 0xfe, 0x60, 0xc,
    0xac, 0x5, 0xdc, 0xa1, 0xee, 0x28, 0x6, 0xb0,
    0xe, 0x31, 0x0, 0x8, 0x4, 0xe6, 0xc0, 0x5d,
    0xc9, 0xe, 0xe2, 0x0, 0x6, 0x20, 0x0, 0x3f,
    0xf5, 0x97, 0xf9, 0x80, 0x16, 0x6a, 0x1, 0xfc,
    0x60, 0xf, 0xe0, 0xf, 0x84, 0x39, 0x70, 0x14,
    0x80, 0xb, 0x80, 0x4, 0xc0, 0xef, 0x50,

    /* U+6DA8 "涨" */
    0x0, 0xff, 0xe2, 0xcc, 0x7, 0x7f, 0xb8, 0x31,
    0x40, 0xf, 0x40, 0x8, 0x5a, 0xfe, 0xe1, 0x0,
    0x61, 0x99, 0x0, 0x7, 0x38, 0x46, 0x0, 0xe8,
    0x43, 0x0, 0x85, 0x4, 0xc8, 0x3, 0x2b, 0xd8,
    0x0, 0x5c, 0x1, 0x39, 0xa2, 0x0, 0x2a, 0xa0,
    0x80, 0x57, 0x40, 0x31, 0xfa, 0x44, 0xa, 0x62,
    0x20, 0xe, 0x31, 0x90, 0x80, 0xe8, 0xc5, 0x6e,
    0xcc, 0x0, 0xc3, 0x5f, 0x44, 0x79, 0x54, 0x37,
    0xf9, 0x80, 0x4, 0x0, 0x68, 0xa0, 0x10, 0x44,
    0x0, 0x77, 0x27, 0x7e, 0x18, 0x4, 0x67, 0x0,
    0x42, 0x68, 0x0, 0x26, 0x0, 0xcd, 0x20, 0x13,
    0xa0, 0x4, 0xc6, 0x1, 0xad, 0x4c, 0x1, 0x5a,
    0x2, 0x2d, 0xe0, 0x3a, 0xe5, 0x8e, 0x10, 0x67,
    0xb, 0xe4, 0x64, 0x8, 0xe6, 0x75, 0x0, 0x50,
    0x85, 0x7e, 0x8a, 0x7b, 0x80, 0x50, 0x20,

    /* U+6DE1 "淡" */
    0x1, 0x81, 0x0, 0xe6, 0xc0, 0xf, 0x8b, 0x98,
    0x16, 0x80, 0x5c, 0x1, 0x88, 0x0, 0x1a, 0xa6,
    0x7, 0x68, 0x71, 0x3, 0xa, 0x0, 0x65, 0xa4,
    0x57, 0x6, 0x21, 0x8e, 0x0, 0x8c, 0x2, 0x4f,
    0x3, 0x4, 0xda, 0x30, 0x0, 0xf6, 0xa0, 0x0,
    0x53, 0x5f, 0xd2, 0xe4, 0x0, 0x3a, 0xb4, 0xd,
    0xb5, 0x14, 0x71, 0xab, 0xa0, 0x14, 0x70, 0x2c,
    0x73, 0x54, 0x81, 0x67, 0x0, 0x62, 0x3, 0x28,
    0x2, 0x0, 0xad, 0x0, 0x34, 0xc8, 0x2b, 0x41,
    0x54, 0x8, 0xac, 0x1, 0x1a, 0x5b, 0x2, 0x80,
    0x47, 0x56, 0x20, 0x14, 0x29, 0x2f, 0x4, 0xb,
    0x7e, 0xa8, 0x4, 0x88, 0x90, 0x33, 0x3b, 0xaa,
    0x46, 0x4, 0x2, 0xf5, 0x33, 0x4f, 0x55, 0xa0,
    0x60, 0x75, 0x18, 0x5d, 0x80, 0x82, 0xb5, 0x0,
    0x3, 0x78, 0x44,

    /* U+6DF1 "深" */
    0x5, 0x40, 0xf, 0xfe, 0x9, 0xd5, 0x8f, 0x7f,
    0xfe, 0x50, 0x6f, 0x10, 0x6, 0x77, 0x78, 0x80,
    0x21, 0xa1, 0x21, 0x48, 0x14, 0xb1, 0x71, 0x0,
    0xec, 0xb, 0xd0, 0x56, 0x9a, 0x45, 0xe7, 0x0,
    0x1e, 0x32, 0x0, 0x35, 0xdc, 0xb, 0x54, 0x90,
    0xf7, 0x80, 0x93, 0x1d, 0xa0, 0x2, 0x6d, 0x86,
    0x48, 0x1, 0xdc, 0x7, 0xa0, 0x18, 0x83, 0xff,
    0xd, 0xff, 0xca, 0x1, 0x60, 0x6e, 0xc0, 0x14,
    0xee, 0x94, 0x0, 0xc0, 0x2, 0x25, 0xa8, 0xb5,
    0x91, 0x0, 0x28, 0x80, 0x2, 0x12, 0xc3, 0x5e,
    0xc0, 0x27, 0x34, 0x9, 0x6f, 0x10, 0x5, 0x35,
    0x88, 0xa6, 0x2, 0x57, 0x8, 0x3, 0x63, 0xb0,
    0xca, 0x84, 0xe1, 0x0, 0x70, 0xe3, 0x80,

    /* U+6E05 "清" */
    0x5, 0x70, 0xf, 0x72, 0x0, 0x79, 0xef, 0x8f,
    0xbb, 0xd, 0xf7, 0x4e, 0x0, 0x2c, 0x83, 0xee,
    0xc1, 0x7d, 0xd3, 0x80, 0x66, 0x8, 0xdd, 0x82,
    0xf7, 0x61, 0x2, 0x92, 0x2, 0xc9, 0x98, 0x1e,
    0x66, 0x50, 0x1, 0x6b, 0x27, 0x76, 0x52, 0xee,
    0xc0, 0x57, 0x26, 0xd5, 0x33, 0xf4, 0x50, 0x4,
    0xca, 0x7, 0x9f, 0xfd, 0x9e, 0x1, 0xca, 0x0,
    0x1d, 0xde, 0xa0, 0xe, 0x2a, 0x30, 0x1c, 0xce,
    0xa0, 0xe, 0xb4, 0x30, 0x1d, 0xde, 0xa0, 0xc,
    0x4d, 0x0, 0x1, 0xee, 0xea, 0x0, 0xd2, 0x86,
    0x0, 0x1e, 0xed, 0xf2, 0x1, 0xb2, 0x40, 0x3e,
    0x4e, 0x8a, 0x0, 0x0,

    /* U+6E20 "渠" */
    0x0, 0x28, 0x80, 0x7f, 0xf0, 0xb7, 0xe4, 0xbf,
    0xff, 0x40, 0x0, 0xa3, 0xb4, 0x1, 0xff, 0xf4,
    0x0, 0xfe, 0x22, 0x0, 0x1b, 0xbe, 0xc0, 0x0,
    0xec, 0x10, 0x80, 0x37, 0x7a, 0x48, 0x3, 0x21,
    0x60, 0x3, 0x33, 0xa4, 0x3, 0x8e, 0xb8, 0x1,
    0xbb, 0xd9, 0xe0, 0x11, 0x6c, 0x98, 0x1, 0x9b,
    0xe7, 0x0, 0x43, 0xb8, 0xd, 0xe2, 0xff, 0xfc,
    0x0, 0x88, 0x8, 0x82, 0x45, 0x26, 0x7c, 0x3,
    0xbd, 0xdc, 0x2f, 0xdd, 0xe1, 0x17, 0xfe, 0x72,
    0x13, 0x1a, 0xff, 0xc2, 0x1, 0x2e, 0x96, 0x15,
    0xec, 0x62, 0x0, 0x42, 0xfb, 0x13, 0x42, 0x0,
    0x3d, 0xba, 0xd8, 0x11, 0x74, 0xea, 0x0, 0x79,
    0xfa, 0x3c, 0x40,

    /* U+6E29 "温" */
    0x0, 0x28, 0x80, 0x7f, 0xf0, 0xa3, 0x9c, 0x33,
    0xff, 0xd8, 0x1, 0xb6, 0x20, 0x41, 0x7f, 0xfa,
    0xc0, 0x3c, 0xfc, 0x40, 0x1f, 0xfc, 0x21, 0x0,
    0x5f, 0xfe, 0xb0, 0xd, 0x4c, 0x1, 0xaf, 0xff,
    0x58, 0x6, 0xea, 0xe3, 0x0, 0x56, 0xee, 0xa0,
    0xc, 0x99, 0x66, 0x1d, 0x9f, 0xfb, 0x38, 0x3,
    0x94, 0x0, 0x67, 0xf8, 0x3, 0x85, 0x97, 0xbb,
    0xf2, 0x0, 0x69, 0xa0, 0x3f, 0x1e, 0xe0, 0xf9,
    0x0, 0x61, 0x78, 0x0, 0xff, 0xe0, 0xc2, 0x20,
    0x3, 0xff, 0x80, 0x6d, 0x0, 0x1, 0x0, 0xf8,
    0x40, 0x8, 0xa7, 0x74, 0x5e, 0x3d, 0xc1, 0xf2,
    0xa6, 0x7, 0xa0, 0xbf, 0xff, 0xf3, 0x0,

    /* U+6EE1 "满" */
    0x5, 0x70, 0x0, 0x8b, 0x58, 0x45, 0xac, 0x22,
    0x0, 0x3d, 0xec, 0xf7, 0xa, 0x7b, 0x85, 0x3d,
    0xc1, 0x2, 0xc8, 0x9f, 0xf1, 0xd7, 0xf8, 0xeb,
    0xfc, 0x20, 0x12, 0x9b, 0x31, 0x9, 0x98, 0x84,
    0xcc, 0x12, 0x70, 0x3, 0x66, 0xe, 0x33, 0xf,
    0xb9, 0x80, 0x5, 0xf1, 0xad, 0x52, 0x46, 0xac,
    0x6a, 0xa1, 0x2c, 0x81, 0xe, 0xfd, 0x1f, 0xe1,
    0xff, 0x50, 0x4, 0xc4, 0x0, 0xa9, 0x2e, 0xa2,
    0xe7, 0x10, 0xd, 0x20, 0x6, 0x12, 0x13, 0x21,
    0xe0, 0xc, 0xae, 0x1, 0x60, 0x46, 0x4, 0x0,
    0x74, 0x48, 0x1, 0x55, 0xde, 0x9c, 0xdc, 0x1,
    0x31, 0xb8, 0x3, 0x28, 0x72, 0x47, 0x38, 0x2,
    0x89, 0x0, 0xa5, 0x2, 0x9c, 0x8, 0x3, 0x4b,
    0x80, 0x78, 0x40, 0xb6, 0xf4, 0x0,

    /* U+706B "火" */
    0x0, 0xfa, 0xe4, 0x3, 0xff, 0xa4, 0xe2, 0x1,
    0xfe, 0xb4, 0x0, 0xfd, 0x68, 0x1, 0xa, 0x30,
    0x0, 0xbc, 0x2, 0x44, 0x28, 0x5, 0x24, 0x40,
    0x0, 0x90, 0x5, 0xc, 0x20, 0x1, 0x6b, 0x0,
    0x8, 0x78, 0x1, 0xe, 0x0, 0x27, 0x26, 0x0,
    0x20, 0x38, 0x3, 0x60, 0x40, 0x26, 0xc0, 0xb,
    0x90, 0x8c, 0x25, 0xc0, 0x3f, 0x12, 0x7b, 0xf8,
    0x7, 0xfd, 0xc8, 0x89, 0x28, 0x0, 0xfe, 0xb2,
    0xa0, 0x1d, 0x78, 0x0, 0xf1, 0xea, 0xe0, 0x80,
    0xe, 0xdf, 0x50, 0x2, 0xbc, 0x7f, 0x20, 0xc,
    0x9c, 0xf7, 0xc2, 0x1f, 0xb4, 0x20, 0x1e, 0x1a,
    0xea, 0x10,

    /* U+7070 "灰" */
    0x0, 0xc2, 0x40, 0x1f, 0xfc, 0x27, 0xf0, 0xf,
    0xf8, 0xce, 0xd2, 0x33, 0xfc, 0x40, 0xe, 0xdd,
    0x20, 0x6e, 0xfe, 0xb0, 0x6, 0xf7, 0xe, 0x3b,
    0xad, 0xce, 0xea, 0x40, 0x38, 0x88, 0x1, 0x7a,
    0x0, 0x7e, 0x11, 0x39, 0x8, 0x9, 0x81, 0x18,
    0x7, 0x20, 0x95, 0xc8, 0x10, 0x85, 0xc8, 0x7,
    0x7a, 0x2, 0x58, 0x83, 0x13, 0x40, 0x6, 0x15,
    0xe4, 0x33, 0x28, 0x22, 0x1c, 0x80, 0x34, 0x8a,
    0x23, 0x3, 0x42, 0x1a, 0x0, 0x31, 0x3d, 0x80,
    0x8, 0x5a, 0xd6, 0x40, 0x30, 0xe2, 0x28, 0x5,
    0xa8, 0x8a, 0x76, 0x0, 0x85, 0xe8, 0x0, 0x58,
    0x34, 0x3, 0xb3, 0x0, 0x14, 0x88, 0x3e, 0xb6,
    0x8, 0x0, 0xf1, 0xac, 0x3, 0x9b, 0x28, 0x40,
    0x31, 0xf4, 0x80,

    /* U+7075 "灵" */
    0x0, 0x6f, 0xff, 0xf9, 0x80, 0x36, 0x77, 0x7f,
    0x18, 0x7, 0x8, 0x7, 0xf0, 0x80, 0x70, 0xee,
    0xff, 0x10, 0x7, 0xe, 0x67, 0xf2, 0x0, 0x76,
    0xff, 0xff, 0x20, 0x7, 0x6f, 0x76, 0x98, 0xee,
    0xcc, 0x1, 0xd2, 0x2, 0x2d, 0xf1, 0x19, 0x10,
    0x1, 0x8d, 0xc4, 0x0, 0x84, 0x1, 0x41, 0x0,
    0x6f, 0x70, 0x1, 0x82, 0x0, 0x1c, 0x58, 0x3,
    0x24, 0x0, 0x21, 0xa, 0x40, 0x7c, 0x3, 0xa0,
    0x1, 0x2b, 0x3a, 0x94, 0xe6, 0x1, 0xc2, 0xda,
    0x9a, 0x43, 0x83, 0xd0, 0x60, 0x1, 0xde, 0xab,
    0xd3, 0x0, 0xd, 0xd8, 0xb3, 0xc8, 0x7b, 0x98,
    0xc0, 0x1e, 0x4a, 0xfd, 0x20,

    /* U+70B9 "点" */
    0x0, 0xfa, 0xdc, 0x3, 0xff, 0x84, 0xb1, 0xff,
    0xce, 0x1, 0xf8, 0x97, 0x33, 0x98, 0x3, 0xf3,
    0xe9, 0x9f, 0x8, 0x4, 0x53, 0x39, 0x22, 0x67,
    0x10, 0x6, 0x16, 0x11, 0x9d, 0xc2, 0x33, 0x30,
    0x3, 0x86, 0x23, 0xf0, 0x80, 0x7f, 0xf2, 0x87,
    0x33, 0xf0, 0x80, 0x71, 0x54, 0xcf, 0xea, 0x50,
    0xc, 0x7a, 0xa8, 0xca, 0x80, 0xaa, 0xc2, 0x0,
    0xd0, 0x40, 0x9c, 0x3, 0x46, 0x1f, 0xa2, 0x0,
    0x45, 0x80, 0x62, 0x0, 0x35, 0x3, 0x14, 0x0,
    0x22, 0x48, 0x8, 0x82, 0x1a, 0x60, 0xf, 0x20,
    0x6, 0x30, 0x0, 0x74, 0x41, 0x28, 0x0, 0x76,
    0x0,

    /* U+70BC "炼" */
    0x0, 0xfe, 0x10, 0xf, 0xc3, 0xe0, 0x18, 0xb8,
    0x3, 0xff, 0x81, 0x98, 0xd0, 0xcc, 0xe1, 0x1,
    0x0, 0x9e, 0x64, 0x5, 0x33, 0xc2, 0x10, 0x80,
    0x9a, 0xaa, 0xe, 0x55, 0xe0, 0x1, 0x30, 0x67,
    0x6f, 0x86, 0x7a, 0x0, 0x72, 0x90, 0x12, 0x61,
    0xae, 0x80, 0x78, 0x90, 0xc2, 0x80, 0x7, 0x4,
    0x20, 0x1c, 0x54, 0x22, 0x0, 0x60, 0x6f, 0x8d,
    0xff, 0xa4, 0x2, 0x71, 0x0, 0x5d, 0xb7, 0x41,
    0x3b, 0xa8, 0x0, 0x8c, 0x18, 0x1b, 0x10, 0x84,
    0x9e, 0x84, 0x2, 0xc7, 0x82, 0x17, 0x40, 0x9,
    0x1c, 0xc0, 0x4, 0x93, 0x24, 0xa7, 0x20, 0x8,
    0x5f, 0x80, 0x12, 0xc2, 0xe4, 0xf0, 0x22, 0x0,
    0xa0, 0xcc, 0x2f, 0x0, 0x4, 0xc0, 0xde, 0x35,
    0x0, 0x71, 0x8e, 0x8, 0x7, 0x67, 0xe8, 0x80,
    0x60,

    /* U+70E6 "烦" */
    0x0, 0xa9, 0xc1, 0x7f, 0xff, 0x8, 0x7, 0x97,
    0xba, 0x28, 0xee, 0x84, 0x4, 0x80, 0x8, 0xc2,
    0x31, 0x30, 0x8c, 0x0, 0x5b, 0x0, 0x68, 0x4f,
    0xf8, 0x3b, 0xfc, 0xc0, 0x3, 0xe0, 0x2, 0x39,
    0xbf, 0x76, 0x40, 0xb, 0x4c, 0x3d, 0x4, 0x3c,
    0x6e, 0x44, 0x3, 0x32, 0xf, 0x48, 0x7, 0xfd,
    0x80, 0xe6, 0x1, 0xff, 0xc2, 0x33, 0x0, 0x70,
    0xf8, 0x7, 0x84, 0x20, 0x40, 0x33, 0x10, 0x7,
    0x9c, 0xe7, 0x43, 0xcc, 0x88, 0x21, 0xaa, 0x1,
    0x45, 0x38, 0x2a, 0x93, 0x97, 0x74, 0xa6, 0x0,
    0x93, 0x60, 0xc5, 0x4d, 0x7a, 0x9b, 0xc6, 0x1,
    0x5f, 0x0, 0xa6, 0xae, 0xc0, 0x6, 0xc8, 0x11,
    0x61, 0x0, 0x53, 0xcc, 0x1, 0x8f, 0x84,

    /* U+70ED "热" */
    0x0, 0xff, 0xe3, 0xae, 0x0, 0x6b, 0x60, 0xf,
    0x9, 0x69, 0x90, 0x8c, 0xc2, 0x22, 0x0, 0xd7,
    0xae, 0x1b, 0x7f, 0xc5, 0x1d, 0xac, 0x1, 0x57,
    0xd1, 0xfd, 0x77, 0x95, 0xfa, 0x0, 0x7e, 0x24,
    0x0, 0x1b, 0x80, 0x78, 0x5a, 0x8f, 0x37, 0x28,
    0x4c, 0x3, 0xdf, 0x44, 0x1d, 0x3a, 0xa0, 0x80,
    0x1e, 0xec, 0x83, 0x0, 0x9, 0x24, 0xc1, 0x8,
    0x8c, 0x3, 0xeb, 0xb, 0xdb, 0xed, 0x58, 0x0,
    0x75, 0x20, 0x48, 0x60, 0x0, 0xd9, 0x2f, 0x40,
    0x19, 0x50, 0x11, 0x62, 0x20, 0x2, 0xd6, 0xb0,
    0x2, 0xa4, 0xf, 0xc0, 0x18, 0xc0, 0x74, 0x1,
    0x1b, 0xf0, 0x10, 0x88, 0x2a, 0x80, 0xeb, 0xc0,
    0xf, 0x82, 0x1, 0x11, 0x82, 0x80, 0x54, 0x48,
    0x18, 0xe0, 0x17, 0x10, 0x16, 0x0, 0x7, 0x90,

    /* U+70F9 "烹" */
    0x0, 0xf9, 0xd8, 0x3, 0xf3, 0x3b, 0xf5, 0x4b,
    0xbf, 0x30, 0x0, 0x7f, 0xf9, 0x5f, 0xff, 0x84,
    0x0, 0xf1, 0xc6, 0x7f, 0x82, 0x1c, 0x3, 0x79,
    0x55, 0x78, 0xcc, 0x1, 0xf2, 0x5d, 0xf9, 0x0,
    0x3e, 0x8e, 0x99, 0xf7, 0xc8, 0x6, 0x2e, 0xfd,
    0xdf, 0xb3, 0x5c, 0x2, 0x2e, 0xee, 0xf8, 0x73,
    0x4a, 0x70, 0xf, 0xe8, 0x9d, 0xd5, 0xa8, 0x7,
    0xf8, 0x55, 0x0, 0x3f, 0xc9, 0xfc, 0xbe, 0x1,
    0xfc, 0xf2, 0x97, 0x1a, 0x96, 0x21, 0x32, 0x0,
    0x8a, 0x34, 0x6, 0xc0, 0x5d, 0x82, 0x1d, 0x80,
    0x1c, 0xc8, 0xc, 0x40, 0xb, 0xb0, 0xd, 0xc0,
    0x3, 0x64, 0x0, 0x7c, 0x0, 0x7c, 0x0, 0x2f,
    0x0,

    /* U+7136 "然" */
    0x0, 0xc6, 0x1, 0xff, 0xc2, 0x3c, 0x10, 0xc,
    0x7c, 0x92, 0x1, 0xdc, 0x19, 0xbe, 0x60, 0x12,
    0x2c, 0x0, 0x48, 0x5b, 0xae, 0x1, 0x7, 0x10,
    0xef, 0x0, 0xc, 0xc7, 0x3d, 0x9f, 0xfa, 0xc3,
    0xf6, 0x10, 0x35, 0xdd, 0xb8, 0xf5, 0x9c, 0xe1,
    0x9d, 0xc4, 0x25, 0xca, 0x3, 0x16, 0x11, 0x10,
    0x28, 0x88, 0xa, 0x5b, 0x79, 0xf4, 0x0, 0x4a,
    0xd6, 0x1, 0xe2, 0x9, 0x30, 0x7, 0x24, 0x83,
    0x80, 0x43, 0x35, 0x2c, 0x3, 0x83, 0x41, 0x30,
    0xa0, 0xa, 0x5c, 0x60, 0x4e, 0x7c, 0x10, 0x4a,
    0xa1, 0x85, 0xe9, 0x80, 0x13, 0x2c, 0x40, 0x27,
    0xe3, 0x0, 0x5c, 0x82, 0xd1, 0x86, 0xa8, 0x36,
    0x0, 0x48, 0x88, 0x1, 0x70, 0x2, 0xf0, 0x32,
    0xd0, 0xd, 0x58, 0x83, 0x90, 0x2, 0xd0, 0x1,
    0x48, 0x81, 0xc5, 0x0, 0x1f, 0x80, 0xf, 0xc0,
    0x3, 0xa8,

    /* U+7167 "照" */
    0x0, 0xff, 0xe2, 0xc7, 0xfe, 0x6f, 0xff, 0xa8,
    0x2, 0x5e, 0xe0, 0x27, 0xf8, 0x67, 0xfc, 0xc6,
    0x1, 0x84, 0x40, 0x12, 0x83, 0x0, 0xc, 0x40,
    0x21, 0x18, 0x0, 0xd5, 0x0, 0xee, 0x5c, 0x0,
    0x93, 0xb8, 0x17, 0x56, 0xc0, 0x21, 0x48, 0x1,
    0x2f, 0xf8, 0x2d, 0xbe, 0xed, 0xb9, 0xc4, 0x1,
    0xf9, 0x33, 0xff, 0x23, 0x0, 0x7f, 0x22, 0x70,
    0x80, 0x65, 0xbb, 0x0, 0x4e, 0x1, 0xfe, 0xcc,
    0x41, 0x1d, 0xff, 0xe1, 0x70, 0x4, 0xda, 0x3b,
    0x83, 0x7f, 0x7f, 0xd7, 0x86, 0x0, 0x1f, 0xa0,
    0x88, 0x0, 0xe9, 0x6, 0x70, 0x4, 0x88, 0x80,
    0xd2, 0x1, 0x35, 0x8, 0x8, 0x1, 0xa8, 0x10,
    0x16, 0x0, 0x5d, 0x80, 0x12, 0xe2, 0x2c, 0x70,
    0x2, 0x68, 0x1, 0xf0, 0x0, 0x9a, 0x20,

    /* U+71AC "熬" */
    0x0, 0xff, 0xe2, 0x89, 0x13, 0xd4, 0x88, 0x3,
    0xe4, 0x1, 0xcd, 0xdc, 0xa, 0xee, 0x3, 0x99,
    0x0, 0x73, 0x7f, 0x82, 0x7f, 0x82, 0x4f, 0xb9,
    0xfe, 0x30, 0x5f, 0xf0, 0x4f, 0xd4, 0x5, 0xe6,
    0x85, 0x98, 0x2, 0x20, 0x11, 0xe, 0x74, 0x22,
    0x31, 0x20, 0xf, 0x72, 0xc3, 0x7b, 0x31, 0x16,
    0x11, 0x40, 0x1, 0xaa, 0x4, 0x4c, 0xac, 0xcc,
    0xfc, 0x6e, 0x1, 0x8c, 0x2e, 0x32, 0x40, 0x4,
    0x2c, 0x1, 0xde, 0xd9, 0x69, 0xc3, 0xe, 0xf8,
    0x2, 0xc7, 0x99, 0x6a, 0xab, 0xcf, 0x63, 0x2b,
    0x84, 0x3a, 0x82, 0x77, 0x8f, 0xec, 0x80, 0xf3,
    0x44, 0xa, 0xe8, 0x1a, 0x0, 0x1c, 0x21, 0x5a,
    0x60, 0x4, 0x58, 0x3, 0x40, 0x12, 0x70, 0xb2,
    0x70, 0x4, 0xc1, 0x3, 0x0, 0x57, 0xc0, 0x35,
    0x22, 0x1a, 0xe0, 0x3, 0xc0, 0x3, 0xc0, 0x1,
    0x38, 0x40,

    /* U+7231 "爱" */
    0x0, 0xe1, 0x11, 0x22, 0xb4, 0x50, 0x80, 0x17,
    0xff, 0xd1, 0xfe, 0x1f, 0x0, 0x97, 0xe6, 0xfb,
    0x83, 0x95, 0x28, 0x22, 0x0, 0xee, 0x0, 0x3a,
    0x1, 0x82, 0x0, 0x48, 0x80, 0x54, 0x43, 0xc2,
    0x63, 0xa2, 0x4, 0x2a, 0x34, 0x7f, 0xc0, 0xf,
    0x21, 0xfa, 0x50, 0x7, 0x5f, 0x6e, 0x65, 0x7b,
    0x76, 0x20, 0x5, 0xcf, 0x72, 0x63, 0xbb, 0xd4,
    0xa0, 0xb5, 0x98, 0xb, 0xcc, 0xf3, 0x8, 0x0,
    0x49, 0x1, 0x80, 0x30, 0x90, 0x7, 0xac, 0x37,
    0x33, 0x98, 0x3, 0x98, 0xe0, 0xf3, 0xb8, 0xc6,
    0xc0, 0x18, 0xe6, 0xde, 0xb2, 0xb0, 0xf0, 0x3,
    0x2e, 0xba, 0x88, 0x1, 0x4c, 0x54, 0x40, 0x9,
    0x53, 0x19, 0xdb, 0x7f, 0xa5, 0x3d, 0xc2, 0x4d,
    0x70, 0xef, 0xb5, 0x2, 0x8c, 0xfc, 0x20,

    /* U+725B "牛" */
    0x0, 0x89, 0xc0, 0xb, 0xc0, 0x1f, 0xeb, 0xc0,
    0xf, 0xfe, 0x13, 0xa, 0x23, 0xc5, 0x13, 0x84,
    0x2, 0x70, 0x4a, 0xa2, 0x85, 0x57, 0x20, 0x0,
    0x66, 0x5d, 0xd5, 0xf, 0x77, 0x28, 0x2, 0x89,
    0x80, 0x3f, 0xf8, 0x31, 0xc0, 0x1f, 0xfc, 0x27,
    0x64, 0x4d, 0xe2, 0x89, 0xe1, 0xa, 0xaf, 0x28,
    0x55, 0x79, 0x43, 0xbb, 0xd4, 0x3d, 0xde, 0x40,
    0xf, 0xff, 0xa0,

    /* U+7269 "物" */
    0x0, 0xff, 0xe3, 0x9, 0xf0, 0x4, 0xd4, 0x1,
    0xf2, 0xd0, 0x7, 0x6e, 0x80, 0x3e, 0x27, 0x51,
    0x21, 0x12, 0x5e, 0xd6, 0x57, 0xa0, 0x51, 0xc8,
    0x6c, 0xc0, 0xd1, 0x61, 0xb0, 0x8, 0x3, 0x70,
    0x7e, 0xdb, 0xc, 0xcc, 0x3c, 0x40, 0x46, 0x40,
    0x17, 0x39, 0x75, 0x10, 0x11, 0x89, 0x78, 0x6,
    0x98, 0x35, 0x65, 0x40, 0x17, 0x1, 0x15, 0xf,
    0x78, 0x7c, 0x5, 0x70, 0x0, 0x87, 0x39, 0x83,
    0x2d, 0xc5, 0x8c, 0xc8, 0x20, 0x22, 0xae, 0xc1,
    0x25, 0x8e, 0x8, 0x90, 0x20, 0x9, 0x84, 0x2,
    0x7b, 0x35, 0x53, 0x83, 0x10, 0x7, 0xc4, 0x85,
    0x76, 0x0, 0x6b, 0x80, 0x7e, 0x2f, 0x75, 0x22,
    0x2e, 0x80, 0x7e, 0x74, 0x90, 0xdd, 0xb, 0x80,
    0x63, 0xe0, 0x2, 0xc8, 0x3, 0xfd, 0x80, 0x0,

    /* U+7280 "犀" */
    0x0, 0x5f, 0xff, 0xfc, 0x80, 0x19, 0xff, 0xff,
    0x84, 0x3, 0x95, 0x9b, 0xf8, 0x40, 0x38, 0xb6,
    0xb7, 0x7e, 0x27, 0x0, 0xd1, 0x42, 0x77, 0xb,
    0x74, 0xe, 0x60, 0x1c, 0x38, 0xa, 0xe2, 0x11,
    0xd4, 0x1, 0x9c, 0x4e, 0x57, 0xc0, 0x8, 0xf2,
    0xa0, 0x18, 0x43, 0xc3, 0xe9, 0x65, 0x3a, 0xae,
    0x0, 0x22, 0x26, 0x15, 0x2, 0xc0, 0x1, 0xba,
    0x0, 0x2, 0xa, 0xca, 0xff, 0x63, 0xff, 0x90,
    0x0, 0x82, 0x7b, 0xdf, 0xeb, 0x1f, 0xfc, 0x80,
    0xc, 0x45, 0x4e, 0xff, 0x58, 0xff, 0xf0, 0x89,
    0xb9, 0xfb, 0xb5, 0x7, 0x77, 0x9, 0x22, 0x0,
    0x47, 0xfe, 0x0,

    /* U+72B6 "状" */
    0x0, 0xff, 0xe4, 0x79, 0x0, 0x4b, 0xa0, 0xa4,
    0x1, 0x8, 0x7, 0xf8, 0xfc, 0x40, 0x1e, 0xa0,
    0x1f, 0xcc, 0x96, 0x0, 0xda, 0x40, 0xf, 0xe9,
    0xb0, 0x1, 0xb9, 0x80, 0xff, 0xd4, 0x5f, 0xf7,
    0x30, 0x2, 0x1c, 0x6, 0xee, 0x40, 0xab, 0xb9,
    0xc0, 0x21, 0x0, 0x22, 0x44, 0x0, 0x44, 0x84,
    0x0, 0x3e, 0x1, 0xc8, 0x3e, 0x1, 0xc7, 0xee,
    0x1, 0x88, 0x94, 0xa2, 0x1, 0x1e, 0x34, 0x80,
    0x6a, 0x24, 0x44, 0x80, 0x47, 0x50, 0x1, 0x89,
    0xe0, 0x21, 0xc8, 0x2, 0x50, 0xe, 0xf3, 0x50,
    0x36, 0xf1, 0x0, 0xf0, 0xe1, 0xe8, 0x5, 0x23,
    0x86, 0x1, 0xca, 0x18, 0x20, 0x1b, 0x1d, 0x80,

    /* U+72D7 "狗" */
    0x1, 0x0, 0x8, 0x4, 0xa0, 0x1f, 0x64, 0x6,
    0x40, 0x1d, 0x0, 0x7d, 0x8d, 0xe1, 0x1, 0x2a,
    0x23, 0xc0, 0x1, 0x40, 0x90, 0x15, 0x57, 0x77,
    0x58, 0x3a, 0x81, 0x84, 0x27, 0xff, 0x38, 0x14,
    0xdc, 0xda, 0x34, 0x80, 0x77, 0x89, 0x72, 0x11,
    0x93, 0xef, 0xfd, 0xc1, 0xe0, 0x1b, 0xc1, 0xe4,
    0x3b, 0x98, 0x0, 0x13, 0x0, 0x3a, 0x81, 0x80,
    0x4, 0x60, 0xe, 0x68, 0xd0, 0xf, 0xe3, 0x11,
    0x45, 0x98, 0x6, 0xee, 0x60, 0x0, 0x7c, 0x79,
    0x4, 0xc, 0x1, 0x99, 0x81, 0x84, 0x2, 0x20,
    0x11, 0x51, 0x16, 0x2, 0x20, 0x11, 0x25, 0x0,
    0xa, 0x0, 0x22, 0x28, 0x28, 0x4e, 0xa4, 0x0,
    0x72, 0xed, 0x38, 0x85, 0xff, 0x18, 0x7, 0x3f,
    0xfa, 0x0,

    /* U+72EE "狮" */
    0x0, 0x88, 0x80, 0x1f, 0xe1, 0xc1, 0x9a, 0x0,
    0x73, 0x7f, 0xf6, 0x8a, 0xf2, 0xc1, 0x0, 0xa,
    0x20, 0x9, 0x16, 0x14, 0xe, 0x18, 0x20, 0xce,
    0xe2, 0xf7, 0x62, 0xd0, 0x20, 0xe, 0x78, 0x28,
    0x85, 0xd9, 0x35, 0x0, 0x3a, 0x40, 0x21, 0x48,
    0xa2, 0x3, 0x0, 0x8c, 0x24, 0xa2, 0x2, 0x20,
    0x50, 0x70, 0x0, 0x80, 0x7e, 0x1b, 0x1, 0x0,
    0x84, 0x3, 0xc3, 0xae, 0x80, 0x5, 0x10, 0xf,
    0xa5, 0xe5, 0xc3, 0x9, 0x40, 0x3e, 0x9b, 0x1,
    0x11, 0x6e, 0x80, 0x3e, 0x10, 0x1, 0xb1, 0xab,
    0x0, 0x63, 0xf7, 0x1, 0x51, 0xd, 0xb0, 0x6,
    0x8, 0x1f, 0x48, 0x75, 0x42, 0x32, 0x80, 0x8,
    0x3, 0xdf, 0xe7, 0x68, 0x0, 0xed, 0x40, 0x0,

    /* U+732A "猪" */
    0x0, 0xff, 0xe2, 0xc2, 0x85, 0xa0, 0x5, 0xc8,
    0x0, 0x29, 0x0, 0x5d, 0xb5, 0x92, 0x77, 0x43,
    0x7b, 0x52, 0x1, 0x18, 0x17, 0x85, 0xf7, 0x2,
    0x38, 0x1a, 0x40, 0x6c, 0x0, 0x80, 0x46, 0x61,
    0x37, 0x5e, 0x0, 0x13, 0xe4, 0x62, 0xe6, 0x43,
    0x76, 0xf, 0xc4, 0x3c, 0x2f, 0x57, 0x88, 0x98,
    0x16, 0xe2, 0xa, 0x1, 0x38, 0x12, 0x23, 0x1a,
    0xa8, 0x89, 0x8, 0x2, 0x4, 0x4, 0xfd, 0xc2,
    0xbf, 0xe4, 0x0, 0x33, 0xe8, 0x5e, 0x8, 0xbb,
    0xb1, 0x8, 0x24, 0xd9, 0x7, 0x65, 0x0, 0x8e,
    0x30, 0x2, 0x62, 0x18, 0x21, 0x80, 0xff, 0xe1,
    0x0, 0x8c, 0x4, 0x40, 0x11, 0x7f, 0xe2, 0x0,
    0x88, 0x92, 0xa0, 0x11, 0x17, 0x80, 0x2a, 0xd7,
    0x80, 0xd, 0xff, 0x80, 0x20,

    /* U+7334 "猴" */
    0x0, 0x8, 0x10, 0x1, 0x18, 0x3, 0xf3, 0x68,
    0xf9, 0x7, 0x7d, 0xff, 0xe0, 0x9, 0x9f, 0x9c,
    0x85, 0x6a, 0xff, 0xd8, 0x20, 0x18, 0xc2, 0xc2,
    0x40, 0xc0, 0x27, 0x20, 0x9, 0x9c, 0x10, 0x9c,
    0x23, 0xba, 0xb3, 0xe4, 0xa, 0xb7, 0xde, 0x12,
    0x89, 0x8f, 0xee, 0x7a, 0x6, 0x20, 0x23, 0xd8,
    0x2, 0xc8, 0x47, 0x0, 0x67, 0x3b, 0x10, 0x13,
    0xbf, 0xfa, 0xc0, 0x26, 0x3, 0x0, 0xa6, 0x3c,
    0x73, 0xec, 0x0, 0x71, 0x22, 0x1, 0x63, 0x80,
    0x7d, 0x16, 0x42, 0x1, 0x77, 0xf8, 0x73, 0xfc,
    0x61, 0x6a, 0x2e, 0x1, 0x57, 0x58, 0x1f, 0x70,
    0xc0, 0x23, 0x20, 0xc, 0x3a, 0xe0, 0xa2, 0x1,
    0xe, 0x70, 0x6, 0x65, 0x8e, 0xa3, 0x0, 0x1f,
    0x3b, 0x0, 0x4f, 0xf8, 0x5, 0xbe, 0x40, 0x7f,
    0xa2, 0x9, 0xaf, 0x20, 0x11, 0xe1, 0x0,

    /* U+73B0 "现" */
    0x2f, 0xfe, 0x4f, 0xff, 0x84, 0xc, 0xe0, 0x13,
    0x70, 0xee, 0xda, 0x1, 0xe, 0x60, 0x33, 0x4,
    0x0, 0x15, 0x13, 0x0, 0xff, 0xe0, 0x15, 0x80,
    0x7f, 0xf2, 0xb7, 0xc3, 0x74, 0x1, 0xff, 0x7e,
    0x85, 0x78, 0x6, 0x10, 0xf, 0x11, 0x1, 0xc8,
    0x2, 0x63, 0x0, 0xff, 0x85, 0xc4, 0x80, 0xc5,
    0xc4, 0x3, 0xc4, 0x30, 0x14, 0x12, 0x10, 0x1,
    0x88, 0x37, 0x48, 0x6, 0x65, 0x0, 0xa0, 0x89,
    0xba, 0x28, 0xd5, 0x1d, 0x8f, 0x0, 0x90, 0x4e,
    0xb7, 0x4e, 0x44, 0xc4, 0x71, 0x10, 0x0, 0x88,
    0x2e, 0x40, 0x5, 0xd5, 0xa0, 0x55, 0x77, 0x10,
    0x40, 0x39, 0x72, 0x0, 0x7, 0xdd, 0x50, 0x0,

    /* U+73ED "班" */
    0x4, 0x4c, 0x40, 0x3, 0xd5, 0x5e, 0x11, 0x4d,
    0xda, 0x68, 0x3, 0x4c, 0xaa, 0xe4, 0x87, 0x6c,
    0xf6, 0x0, 0x36, 0x60, 0x33, 0x6, 0x1, 0xec,
    0x20, 0xf, 0xfe, 0x10, 0x80, 0x7f, 0xf0, 0xcc,
    0xc0, 0x1f, 0xdb, 0x67, 0xca, 0x22, 0x0, 0x1a,
    0x2, 0x20, 0x1, 0xee, 0x1a, 0x4, 0xe, 0x35,
    0x21, 0x32, 0x0, 0x16, 0x19, 0x9a, 0xc0, 0x5e,
    0x74, 0x37, 0x40, 0x1e, 0x36, 0xc, 0x30, 0xf,
    0xf0, 0x98, 0x1, 0xf0, 0x3, 0xc2, 0xf2, 0x7f,
    0x61, 0x6, 0x80, 0x1f, 0x6d, 0xef, 0x43, 0xba,
    0x67, 0x7, 0x4a, 0x8d, 0x31, 0x2, 0x56, 0x20,
    0x8c, 0xe8, 0x22, 0x0, 0xe4, 0xd3, 0x8, 0x8f,
    0x20,

    /* U+7403 "球" */
    0x2f, 0xfd, 0x80, 0x1b, 0x92, 0x68, 0x80, 0xa5,
    0x42, 0x60, 0x3, 0xd2, 0x42, 0x0, 0x69, 0x16,
    0x4b, 0xee, 0x86, 0xf9, 0xb5, 0x80, 0x3d, 0x1b,
    0xb0, 0x36, 0xec, 0xe0, 0x1f, 0x29, 0x98, 0xc,
    0xc5, 0x22, 0x1f, 0x83, 0xee, 0x50, 0x60, 0x7,
    0xa, 0x0, 0xb6, 0x43, 0x58, 0x67, 0xc0, 0x4,
    0xed, 0x40, 0x2, 0x51, 0x21, 0x7, 0xb2, 0x0,
    0x47, 0x80, 0x7f, 0x93, 0x0, 0xd0, 0x80, 0x3e,
    0x30, 0x4d, 0xb1, 0x95, 0x40, 0x8, 0x68, 0x7f,
    0x9e, 0xe9, 0x40, 0x6e, 0x88, 0xf, 0x91, 0xf3,
    0xa2, 0xd0, 0x2, 0x56, 0xc4, 0x3d, 0xd4, 0x19,
    0xb5, 0x8, 0x82, 0xe1, 0x12, 0xe0, 0x40, 0x18,
    0x83, 0x74, 0x86, 0x0, 0x73,

    /* U+7406 "理" */
    0x3f, 0xfd, 0x87, 0xff, 0xf7, 0x0, 0x98, 0x0,
    0xd4, 0x6, 0xa8, 0xf, 0x50, 0x0, 0x2c, 0xc0,
    0xe4, 0x80, 0x15, 0x43, 0x4a, 0x80, 0x1f, 0xc3,
    0xba, 0x1d, 0xd7, 0x0, 0x7f, 0xf, 0xf8, 0x2f,
    0xe0, 0x2, 0xfc, 0x1f, 0x80, 0x1, 0x10, 0x58,
    0x98, 0x2, 0xd9, 0xd, 0x90, 0x1c, 0xc0, 0xee,
    0x70, 0x4, 0x4a, 0x24, 0x27, 0x71, 0x0, 0x78,
    0x9d, 0x0, 0xfc, 0x89, 0x6, 0x22, 0xc, 0x3,
    0xc7, 0x1b, 0xb0, 0x5e, 0xec, 0x1, 0x50, 0xff,
    0xab, 0xba, 0x8, 0xee, 0x81, 0x3d, 0xdb, 0x30,
    0x46, 0x70, 0x19, 0xe0, 0x5b, 0xe9, 0x36, 0x88,
    0xc1, 0x11, 0x90, 0x50, 0x2, 0xe1, 0x1c, 0xca,
    0x23, 0x80,

    /* U+74F6 "瓶" */
    0x0, 0x30, 0x80, 0xc8, 0x7, 0xfd, 0x8e, 0xe,
    0xaa, 0xff, 0xf9, 0x40, 0x1d, 0x41, 0xb2, 0xcc,
    0x2, 0x66, 0xce, 0x2, 0xf6, 0x88, 0x62, 0x91,
    0xe9, 0x9c, 0x41, 0x79, 0x14, 0x18, 0xc0, 0x2e,
    0x22, 0x20, 0xa, 0xac, 0xf8, 0xad, 0xc0, 0x17,
    0xdc, 0xd0, 0xf, 0xf0, 0x87, 0xfc, 0x1, 0xe7,
    0x0, 0xc6, 0xa, 0x1, 0xef, 0xb4, 0xf2, 0xbd,
    0x11, 0x6a, 0x80, 0x76, 0xb9, 0xe8, 0x4e, 0x39,
    0xdf, 0x80, 0x71, 0x7a, 0x11, 0x42, 0x26, 0x37,
    0x0, 0xf6, 0xe8, 0x3, 0x18, 0x84, 0x80, 0x4,
    0x2, 0x44, 0x0, 0x6e, 0x30, 0x40, 0x1, 0xc0,
    0x2a, 0x84, 0x3, 0x2b, 0x57, 0x18, 0xf, 0x84,
    0xc0, 0x6, 0x52, 0x26, 0x60, 0xcd, 0x86, 0x18,
    0x60, 0xd, 0x45, 0xfd, 0x62, 0xc, 0xf4,

    /* U+751F "生" */
    0x0, 0xd, 0x88, 0x37, 0x0, 0x7f, 0x3b, 0x8,
    0x7, 0xff, 0x2, 0x18, 0xcd, 0xe2, 0x67, 0xc4,
    0x0, 0x51, 0x4c, 0xc3, 0x6, 0x67, 0x58, 0xd,
    0xc7, 0xfd, 0x23, 0xff, 0xd2, 0x16, 0x4e, 0x1,
    0xff, 0xc0, 0xad, 0x0, 0xff, 0xe1, 0xee, 0xe9,
    0x1d, 0xde, 0x0, 0x86, 0x67, 0x28, 0x4c, 0xf0,
    0x6, 0x44, 0xd8, 0x28, 0x9c, 0x1, 0xff, 0xd4,
    0x89, 0x9f, 0xc, 0xcf, 0x8c, 0x3, 0xcc, 0xc0,
    0xf, 0x80,

    /* U+7528 "用" */
    0x0, 0x13, 0xaa, 0xff, 0x38, 0x5, 0x51, 0x1a,
    0xa9, 0x11, 0xc6, 0x1, 0x2e, 0xed, 0x43, 0xbb,
    0x80, 0x3f, 0xf9, 0xb, 0xbb, 0x50, 0xee, 0xe0,
    0xe, 0x18, 0x89, 0x42, 0x23, 0x0, 0x73, 0xaa,
    0xde, 0x2a, 0xb8, 0x3, 0x8, 0x7, 0xff, 0x8,
    0xdb, 0xfe, 0xa1, 0xff, 0xc0, 0x19, 0x9f, 0x32,
    0x70, 0xcc, 0xc0, 0x18, 0xec, 0xce, 0xd1, 0x33,
    0xc0, 0x12, 0x89, 0x80, 0x7f, 0xf0, 0x25, 0x80,
    0x3e, 0x11, 0x10, 0x9, 0x8c, 0x80, 0x61, 0x0,
    0x4f, 0x6a, 0x11, 0xe8, 0x80, 0x64, 0xe0, 0x8f,
    0xf5, 0x80,

    /* U+7535 "电" */
    0x0, 0xe5, 0xe0, 0xf, 0x84, 0x8b, 0x84, 0x8b,
    0x80, 0x19, 0xbb, 0xa0, 0x37, 0x78, 0xc0, 0x5f,
    0xba, 0x90, 0xee, 0xc0, 0x1b, 0xc4, 0x63, 0x11,
    0xe0, 0x8, 0xa3, 0x76, 0xa1, 0xdd, 0xc0, 0x11,
    0x24, 0xcc, 0xc1, 0x33, 0x80, 0x36, 0x22, 0x58,
    0x28, 0x98, 0x3, 0x61, 0x9d, 0xa2, 0x67, 0x80,
    0x32, 0x66, 0x4e, 0x19, 0x98, 0x2, 0x78, 0xff,
    0xa8, 0x7f, 0xf9, 0x92, 0xdc, 0x3, 0xfd, 0xbe,
    0x1, 0xc2, 0x25, 0x33, 0x91, 0x70, 0x3, 0x91,
    0x15, 0x99, 0x58, 0xb0,

    /* U+754C "界" */
    0x0, 0x27, 0xbb, 0xdf, 0xe7, 0x7b, 0x60, 0x3,
    0x85, 0xde, 0x85, 0x77, 0x98, 0x3, 0xff, 0x94,
    0x3f, 0xf4, 0x2f, 0xfc, 0x80, 0x1e, 0x1f, 0xfa,
    0x17, 0xfe, 0x40, 0xf, 0xc, 0x42, 0xa1, 0x6a,
    0x20, 0xc0, 0x1c, 0xb1, 0xe6, 0xaa, 0x85, 0x7f,
    0xab, 0x0, 0xc2, 0xfe, 0x95, 0x47, 0xe2, 0xc5,
    0x30, 0x8, 0x5f, 0x91, 0x44, 0x0, 0x28, 0x1b,
    0x48, 0x0, 0xab, 0xb6, 0x39, 0x0, 0x4f, 0xda,
    0x72, 0x21, 0x78, 0xa0, 0x44, 0x0, 0xe2, 0x9d,
    0x10, 0xc, 0xe2, 0x80, 0x1f, 0xfc, 0x8, 0x85,
    0x80, 0x7f, 0xf0, 0x21, 0x6d, 0x40, 0x3f, 0xf8,
    0x11, 0xa8, 0x1, 0xdc, 0xa0, 0x18,

    /* U+767D "白" */
    0x0, 0xe7, 0x30, 0xf, 0xe2, 0x87, 0x0, 0xfe,
    0xa2, 0x40, 0xe, 0x9f, 0xf9, 0xcb, 0xff, 0xa8,
    0x12, 0xef, 0xf2, 0x0, 0x9, 0x13, 0xf1, 0x0,
    0x7f, 0xf3, 0x49, 0xbf, 0xff, 0x30, 0x91, 0xee,
    0xfe, 0x31, 0x5, 0x22, 0xfc, 0xa0, 0x1f, 0xfc,
    0x22, 0x11, 0xfc, 0x60, 0x4, 0xee, 0xfc, 0xa0,
    0x4, 0xee, 0xfc, 0x81, 0x36, 0x23, 0xfa, 0xe8,

    /* U+767E "百" */
    0xff, 0xff, 0xe1, 0x6e, 0xf8, 0x17, 0x77, 0xc4,
    0x5e, 0xe, 0x22, 0xf0, 0x7, 0x18, 0x28, 0x7,
    0xc5, 0xff, 0x60, 0x77, 0xfe, 0x60, 0xd, 0xbd,
    0xdf, 0x10, 0x7, 0x10, 0x8f, 0xc0, 0x1f, 0xfc,
    0x8f, 0xff, 0xc4, 0x1, 0xd9, 0xbb, 0xf0, 0x7,
    0x8c, 0x8b, 0xf0, 0x7, 0xff, 0x1f, 0xff, 0xf1,
    0x0, 0x76, 0x6e, 0xfc, 0x1, 0x0,

    /* U+7684 "的" */
    0x0, 0xb, 0x88, 0x4, 0xa6, 0x1, 0xe4, 0x91,
    0x0, 0xa5, 0x80, 0x3d, 0x8e, 0x1, 0x9, 0xa0,
    0x6, 0x9f, 0x66, 0x7f, 0x85, 0xc3, 0xbf, 0xeb,
    0x6, 0xee, 0x80, 0x15, 0x1d, 0xd3, 0x8, 0x8,
    0xe0, 0x72, 0x71, 0x1c, 0x60, 0x1e, 0xc9, 0x0,
    0xf8, 0xcf, 0x5, 0xaf, 0x10, 0x0, 0x44, 0x9,
    0xdd, 0x0, 0x9, 0xb8, 0x0, 0x7e, 0xf, 0xbb,
    0x0, 0x50, 0x30, 0x2, 0x20, 0xf, 0xe9, 0x50,
    0x73, 0x0, 0xfe, 0x4d, 0x2, 0x10, 0x34, 0x48,
    0x3, 0xe1, 0x60, 0x49, 0x98, 0x80, 0x21, 0x13,
    0x9, 0x3, 0xee, 0xe1, 0x3, 0xee, 0x4c, 0x4,
    0xc0, 0x7, 0x8f, 0xfe, 0x60,

    /* U+76D8 "盘" */
    0x0, 0xf8, 0x88, 0x1, 0xff, 0x8, 0x3, 0xa8,
    0x2, 0x10, 0xf, 0x4f, 0x7f, 0x8d, 0xff, 0xee,
    0x40, 0xf, 0x17, 0xea, 0x67, 0xfc, 0x20, 0x1f,
    0x8, 0x14, 0x79, 0x0, 0x78, 0xbf, 0xcc, 0x7f,
    0xec, 0x3d, 0xff, 0xd, 0xfa, 0x17, 0x70, 0x53,
    0xb2, 0x3b, 0xb0, 0x4f, 0x20, 0xa, 0x8f, 0x88,
    0xae, 0xc2, 0x38, 0x84, 0x0, 0x54, 0x68, 0x5,
    0x86, 0x69, 0x90, 0xb8, 0x4, 0xcb, 0xc0, 0x1a,
    0x4f, 0xc6, 0x8c, 0x2, 0x4f, 0xde, 0xe7, 0xf7,
    0x3e, 0x1a, 0xa8, 0x1, 0xc5, 0xdc, 0xf, 0xe1,
    0xde, 0x80, 0xf, 0xfe, 0x51, 0x80, 0x46, 0x2,
    0x1, 0x8, 0x0, 0x7e, 0xc7, 0xfc, 0x1b, 0xe1,
    0x9f, 0x9, 0xe8,

    /* U+770B "看" */
    0x0, 0xfc, 0x24, 0x8b, 0xa, 0x1, 0xb7, 0xb9,
    0xff, 0x67, 0x7e, 0x78, 0x80, 0x6d, 0xee, 0x7a,
    0xab, 0x72, 0xe5, 0xd0, 0x3, 0x5e, 0xec, 0xaa,
    0xdd, 0xf0, 0x80, 0x53, 0xfe, 0xa0, 0xcf, 0xff,
    0x8, 0x0, 0xc4, 0x68, 0x30, 0x11, 0xf1, 0x80,
    0x3f, 0xec, 0x2, 0xff, 0xfc, 0x0, 0xcc, 0x81,
    0xbf, 0x77, 0xd9, 0x80, 0xd, 0x40, 0xf9, 0x9e,
    0xe7, 0x0, 0xd2, 0x81, 0x7b, 0xbe, 0x30, 0x8,
    0x71, 0xf4, 0x6b, 0x33, 0xc6, 0x1, 0x9b, 0xcc,
    0xd3, 0xbb, 0xe3, 0x0, 0x86, 0x84, 0xe, 0x77,
    0x7c, 0x60, 0x1f, 0x1c, 0xee, 0xf8, 0xc0, 0x3e,
    0x29, 0xff, 0xf1, 0x80, 0x40,

    /* U+7740 "着" */
    0x0, 0xd0, 0x60, 0x18, 0xa0, 0x3, 0xef, 0xd1,
    0x0, 0xb8, 0x40, 0x31, 0x6e, 0xa8, 0x73, 0xf7,
    0x8d, 0x37, 0x46, 0x5, 0xff, 0x6a, 0x87, 0xe6,
    0xff, 0xc6, 0x0, 0x79, 0x99, 0xc2, 0x67, 0x9c,
    0x2, 0x48, 0x86, 0x85, 0x44, 0x72, 0x0, 0x2a,
    0x91, 0x9, 0xe, 0x88, 0xea, 0xa0, 0x77, 0xf8,
    0x42, 0xbf, 0xfe, 0xe0, 0x44, 0x32, 0x84, 0xc4,
    0x78, 0x50, 0x0, 0x3e, 0xf, 0xdd, 0xe1, 0x20,
    0x1, 0x60, 0x9b, 0xff, 0xf8, 0x80, 0x7, 0xad,
    0x8e, 0xed, 0xdf, 0x18, 0x0, 0xe6, 0xc1, 0xdd,
    0x99, 0xe3, 0x0, 0x98, 0x0, 0xf1, 0x99, 0xe3,
    0x0, 0xf3, 0xc7, 0x77, 0x8c, 0x3, 0xd9, 0xfd,
    0xde, 0xf7, 0x0,

    /* U+7761 "睡" */
    0x0, 0xf8, 0x49, 0x1a, 0x28, 0x1, 0x3f, 0xf2,
    0xab, 0xfb, 0x2e, 0xc8, 0x4, 0x0, 0x7e, 0x40,
    0x5f, 0xf7, 0xf, 0x65, 0x10, 0x3, 0x84, 0x40,
    0x1f, 0xfc, 0x1, 0x18, 0xef, 0x72, 0xc7, 0x2f,
    0xac, 0x42, 0x39, 0xf, 0x9, 0xf0, 0x10, 0x87,
    0x0, 0x13, 0xea, 0xe, 0x70, 0xe3, 0x16, 0x2e,
    0x20, 0x1b, 0x68, 0xf6, 0x87, 0x78, 0x69, 0x42,
    0x7d, 0x7f, 0x1, 0x30, 0x11, 0x1, 0x8c, 0x11,
    0xc8, 0x4c, 0x72, 0xc3, 0x34, 0x2c, 0x60, 0x23,
    0x1b, 0x1c, 0xb0, 0xcd, 0xb, 0x0, 0x30, 0xc4,
    0x30, 0xc3, 0x1, 0x8, 0xf0, 0x41, 0x79, 0x8a,
    0xb2, 0xa8, 0x3b, 0x59, 0x42, 0x13, 0xba, 0x40,
    0xf, 0xf5, 0xb8, 0x4, 0xdf, 0xf0, 0xe7, 0xfa,
    0x40,

    /* U+77E5 "知" */
    0x0, 0x19, 0x80, 0x3f, 0xf8, 0x3e, 0x80, 0x1f,
    0xfc, 0x13, 0xf4, 0x48, 0xd3, 0xff, 0xa0, 0x14,
    0x16, 0xed, 0x32, 0x1, 0xee, 0x90, 0x1, 0x31,
    0xa1, 0x9b, 0x40, 0x1, 0x18, 0x0, 0x64, 0xc0,
    0x1f, 0xfc, 0x3, 0xf1, 0x0, 0xff, 0xe0, 0x27,
    0x7f, 0x83, 0x3f, 0xc6, 0x1, 0xe4, 0xdd, 0x50,
    0x5e, 0xe8, 0xc0, 0x3e, 0x22, 0x0, 0x4, 0x88,
    0x1, 0xfe, 0xc0, 0xa4, 0x0, 0xff, 0xb, 0x4d,
    0x5a, 0x0, 0x7f, 0x50, 0xb2, 0xc5, 0x0, 0xe6,
    0x48, 0x0, 0xa4, 0xa0, 0x3, 0xe8, 0x2, 0x66,
    0x0, 0x12, 0xc2, 0x0, 0x46, 0x2, 0xab, 0x5d,
    0x8b, 0x5c, 0x3, 0x93, 0x80, 0x24, 0x30,

    /* U+77ED "短" */
    0x0, 0x39, 0x80, 0x7f, 0xf0, 0xa5, 0xc0, 0x2a,
    0xff, 0xfa, 0x40, 0x46, 0x44, 0x1d, 0xf7, 0x7d,
    0x0, 0xa1, 0x57, 0x14, 0x23, 0xfc, 0x1c, 0xf4,
    0x79, 0x23, 0xff, 0xf0, 0x1, 0x28, 0x3, 0x18,
    0x6e, 0xea, 0x0, 0xb0, 0xcc, 0x42, 0x20, 0x1,
    0x16, 0x60, 0x0, 0xef, 0x48, 0xf7, 0x0, 0x3f,
    0x87, 0xfd, 0xb, 0xfe, 0x0, 0x7f, 0xec, 0x0,
    0xec, 0x50, 0x1, 0x6e, 0x6e, 0xd7, 0xa0, 0x19,
    0x81, 0xc0, 0xb, 0x24, 0x55, 0x38, 0x4, 0x65,
    0xb2, 0x60, 0xaa, 0x10, 0x41, 0x50, 0xa, 0x58,
    0xa2, 0x0, 0x44, 0x40, 0xe6, 0x0, 0x95, 0x50,
    0xd, 0x4, 0x4a, 0x13, 0x5d, 0x21, 0x8, 0xa1,
    0x0, 0x16, 0xea, 0x2f, 0x2, 0xf7, 0x41, 0xaa,
    0x1, 0xf, 0xff, 0xec,

    /* U+77F3 "石" */
    0x3, 0x3f, 0xfe, 0x10, 0x6e, 0x67, 0xff, 0x3,
    0x43, 0xbf, 0xe7, 0x3f, 0xff, 0xb8, 0x3, 0x9a,
    0x80, 0x3f, 0xf8, 0xc, 0xc, 0x1, 0xff, 0xc0,
    0x88, 0x0, 0x7f, 0xf0, 0x2c, 0x67, 0xff, 0xf0,
    0x4, 0xa8, 0x17, 0x99, 0xe9, 0x0, 0x92, 0xa0,
    0x18, 0xcf, 0xc4, 0x0, 0x4b, 0x86, 0x0, 0xff,
    0x92, 0x9c, 0x3, 0xff, 0x82, 0xa0, 0x1f, 0xfc,
    0x6d, 0xff, 0xf5, 0x80, 0x7d, 0x7b, 0xbe, 0x90,
    0xe, 0x1f, 0x42, 0x2f, 0x37, 0x80,

    /* U+7801 "码" */
    0x1, 0x1e, 0x0, 0xff, 0x1f, 0x77, 0x27, 0xff,
    0xa4, 0x0, 0x7f, 0x45, 0xfe, 0x4e, 0xee, 0x41,
    0x0, 0xda, 0x80, 0x11, 0xd8, 0x8c, 0x1e, 0x1,
    0x93, 0x0, 0x21, 0x40, 0x9, 0xc8, 0x2, 0x13,
    0x40, 0x9, 0x88, 0x2, 0x21, 0x0, 0xa4, 0x2e,
    0xa0, 0xd, 0xc0, 0x21, 0x60, 0x9, 0xc0, 0xc5,
    0x43, 0xdc, 0xcc, 0x80, 0xc6, 0xc, 0x3, 0x30,
    0x0, 0x43, 0xee, 0x50, 0x5e, 0x2, 0xb8, 0x7,
    0x6f, 0xee, 0xbb, 0xec, 0x40, 0xe8, 0x3, 0x12,
    0x27, 0x11, 0x40, 0x1f, 0x3f, 0xff, 0x2f, 0xb0,
    0x4, 0x3f, 0x80, 0xb7, 0x7c, 0xeb, 0xa0, 0x1b,
    0x75, 0x80, 0x18, 0x40, 0x8d, 0x0, 0x5, 0x44,
    0x41, 0x0, 0xcd, 0xfa, 0xc6, 0x1, 0x28, 0x7,
    0xcf, 0xfe, 0x90, 0x0,

    /* U+7834 "破" */
    0x2f, 0xfe, 0x30, 0xb, 0x88, 0x3, 0x17, 0x48,
    0x77, 0xc, 0x3, 0xfc, 0x3c, 0xa2, 0x20, 0xff,
    0x87, 0x7f, 0xe0, 0x9, 0x30, 0x3, 0x6f, 0x5,
    0xf4, 0x18, 0x0, 0x4d, 0xc0, 0x31, 0x88, 0x98,
    0x76, 0x80, 0x10, 0x1f, 0xd6, 0x0, 0x66, 0xd,
    0xb1, 0x20, 0x1, 0x83, 0x61, 0xc0, 0x11, 0xa6,
    0x6c, 0x77, 0x3, 0x0, 0x99, 0x0, 0x4b, 0xb9,
    0x56, 0xa, 0x9, 0x20, 0x18, 0x82, 0x60, 0x1,
    0xc, 0x0, 0x24, 0x0, 0xc2, 0x46, 0x92, 0x6d,
    0x0, 0x1f, 0x95, 0xc2, 0xdb, 0x24, 0x40, 0x30,
    0xfd, 0x86, 0x60, 0xc, 0x0, 0x20, 0x1e, 0xdd,
    0x7a, 0xa3, 0xeb, 0xec, 0xe1, 0x80, 0xa, 0x88,
    0x8c, 0xc4, 0xbb, 0x41, 0x72, 0x68, 0x80, 0x14,
    0x0, 0xb2, 0xd8, 0x80, 0x14, 0x70, 0x80,

    /* U+786E "确" */
    0x0, 0xfc, 0xce, 0x1, 0xc3, 0xff, 0xc8, 0x16,
    0x40, 0x1, 0x0, 0xf, 0x50, 0x77, 0x11, 0x5,
    0x5f, 0xee, 0x10, 0x0, 0x9a, 0x88, 0x82, 0x6b,
    0xfc, 0x90, 0x20, 0x16, 0xe8, 0x1, 0x4, 0x45,
    0xc4, 0x28, 0x30, 0x2, 0x28, 0x1b, 0x14, 0x71,
    0x97, 0x3d, 0x3, 0x4, 0xdd, 0xbc, 0x6a, 0xc7,
    0xed, 0xc0, 0x16, 0x11, 0xa8, 0x21, 0x58, 0x39,
    0x87, 0x4, 0x20, 0x32, 0x0, 0x9f, 0xc2, 0xfd,
    0x1, 0x64, 0x3, 0xda, 0x62, 0xe6, 0x60, 0x17,
    0x0, 0xe1, 0xad, 0x1d, 0xd3, 0x80, 0x7e, 0x2b,
    0xe0, 0x9e, 0x30, 0xd, 0xf6, 0x8, 0x48, 0x62,
    0x86, 0x80, 0x1b, 0x76, 0x8a, 0x0, 0xe1, 0x0,
    0xc, 0x91, 0x10, 0x5c, 0x0, 0x81, 0xcd, 0x80,
    0x6, 0x0, 0x2e, 0x80, 0x54, 0x5d, 0xea,

    /* U+793A "示" */
    0x0, 0x9, 0x9f, 0xfc, 0x1, 0x93, 0x33, 0xfd,
    0xc0, 0x19, 0x7f, 0xff, 0xda, 0x1, 0xff, 0xc7,
    0x66, 0xff, 0xe1, 0x0, 0x2e, 0xfd, 0x32, 0xbb,
    0xf0, 0x3, 0x77, 0xd2, 0x3b, 0xbe, 0x0, 0xc5,
    0x0, 0x1e, 0x44, 0x0, 0x7a, 0x10, 0x3, 0xc3,
    0x62, 0x1, 0x91, 0x7c, 0x3, 0xca, 0xaa, 0x0,
    0x8a, 0x9c, 0xc0, 0x3e, 0xb4, 0x30, 0x1f, 0x28,
    0x0, 0xfc, 0x2f, 0x0, 0x37, 0x80, 0x3, 0x37,
    0x0, 0x74, 0xf0, 0x1, 0x80, 0x2d, 0xc7, 0x60,
    0xc, 0x2a, 0x1, 0xee, 0xff, 0x40, 0x7, 0xc0,

    /* U+7965 "祥" */
    0x0, 0x10, 0x80, 0x62, 0x0, 0xc8, 0x1, 0xae,
    0x80, 0x24, 0xc0, 0x9, 0x68, 0x3, 0x4a, 0xa0,
    0x1, 0x9, 0x80, 0x13, 0x20, 0x0, 0xdd, 0x8a,
    0x64, 0x25, 0x62, 0x4c, 0x68, 0x40, 0x3b, 0xaa,
    0x20, 0x6d, 0x88, 0x6c, 0x86, 0x70, 0x1, 0x98,
    0xe3, 0xf, 0xff, 0x15, 0x7f, 0xb0, 0x3, 0x63,
    0x8, 0x7, 0xff, 0x2, 0x48, 0x80, 0x7f, 0xf1,
    0x57, 0xf9, 0xc0, 0x10, 0xc0, 0xac, 0x7b, 0xb0,
    0x46, 0xe9, 0xc0, 0xdb, 0x2, 0xe8, 0x8, 0xbe,
    0x0, 0x1f, 0x90, 0x36, 0x63, 0x76, 0x2a, 0xdd,
    0x84, 0x4, 0x3, 0x7c, 0xcc, 0xd, 0x33, 0x8,
    0x7, 0x8d, 0x12, 0x2c, 0x44, 0x80, 0x3f, 0xfa,
    0xe3, 0xe4, 0x1, 0xda, 0xa0, 0x18,

    /* U+79BB "离" */
    0x0, 0xf3, 0x0, 0x7f, 0xf0, 0xa9, 0xc0, 0x3e,
    0xff, 0xf1, 0xc7, 0xff, 0x83, 0xb2, 0x7a, 0x2f,
    0xb9, 0x51, 0xd3, 0x9c, 0x2, 0xf0, 0x2b, 0xd9,
    0x8f, 0x61, 0x86, 0x10, 0xf, 0x19, 0x81, 0x94,
    0x3, 0xf0, 0xc6, 0xf6, 0xf6, 0x80, 0x79, 0xc7,
    0x96, 0xff, 0xda, 0xde, 0x22, 0x0, 0x8f, 0xff,
    0x14, 0x7f, 0xe4, 0x0, 0x27, 0xff, 0x14, 0x7f,
    0xf2, 0x0, 0x7, 0xb9, 0xa1, 0x5d, 0x17, 0xdc,
    0x11, 0x0, 0x42, 0x29, 0x75, 0x0, 0x58, 0x8,
    0x7, 0xa9, 0x1b, 0xf2, 0xc2, 0x0, 0x3e, 0x9c,
    0xff, 0x6e, 0x7d, 0x80, 0x4, 0x3, 0x19, 0x84,
    0x3, 0x67, 0x1a, 0x82, 0x70, 0x7, 0xee, 0xe6,
    0x88, 0x0,

    /* U+79E4 "秤" */
    0x0, 0xe1, 0x0, 0xff, 0x85, 0x2b, 0x7c, 0x8c,
    0xfe, 0x20, 0x5f, 0xf2, 0xbf, 0x6, 0xed, 0x98,
    0xdd, 0x40, 0x2f, 0x59, 0x78, 0x15, 0x77, 0x3,
    0x3a, 0xec, 0x1, 0xfa, 0x50, 0x3, 0x51, 0x3,
    0x7f, 0x8a, 0xbd, 0x55, 0x80, 0x12, 0x9, 0x83,
    0xed, 0x83, 0xea, 0xea, 0x0, 0x5a, 0xc0, 0x1,
    0x2d, 0x7, 0x20, 0x4a, 0x0, 0x86, 0x40, 0x21,
    0x42, 0x3c, 0xad, 0xac, 0xc, 0x4d, 0xc1, 0xb,
    0xa0, 0x95, 0xd8, 0x88, 0x22, 0x30, 0xaa, 0x38,
    0x2, 0x5d, 0x12, 0x4, 0x4c, 0x5, 0x40, 0x1f,
    0xfc, 0x27, 0x40, 0xf, 0xff, 0x10,

    /* U+79EF "积" */
    0x0, 0xf0, 0x80, 0x7f, 0x88, 0xdf, 0xb7, 0xc0,
    0xcf, 0xc4, 0x3, 0xbd, 0x23, 0x3c, 0x19, 0x9f,
    0x0, 0xfe, 0xe8, 0x50, 0x2, 0xef, 0xfa, 0xc0,
    0x3f, 0xf8, 0xff, 0xec, 0x1f, 0xf3, 0x80, 0x7f,
    0x6e, 0x80, 0x19, 0xac, 0x1, 0xfc, 0x44, 0x0,
    0x49, 0x8, 0x29, 0x9c, 0x40, 0x19, 0xcc, 0x41,
    0xc0, 0x17, 0x99, 0x48, 0x4, 0x33, 0x20, 0xb9,
    0x2f, 0xff, 0x70, 0x2, 0xdd, 0x80, 0x74, 0x82,
    0x4, 0xd, 0x40, 0x2, 0x90, 0x1, 0x18, 0x2b,
    0x88, 0xd, 0x10, 0xf, 0x88, 0x7, 0x4b, 0x80,
    0x9, 0xa4, 0x0, 0x20, 0x1c, 0xe5, 0x20, 0x14,
    0x21, 0x80, 0x7d, 0x94, 0x20, 0x10, 0xbb, 0x80,

    /* U+7A0D "稍" */
    0x0, 0xc2, 0x20, 0xf, 0xf9, 0x1f, 0xfa, 0x49,
    0xc0, 0x1a, 0x80, 0x58, 0x0, 0xff, 0x6, 0x41,
    0x53, 0x0, 0x69, 0x60, 0x5, 0xc0, 0x88, 0x1,
    0x30, 0x1, 0x2a, 0xac, 0x3, 0xf2, 0x68, 0x4,
    0xb8, 0x20, 0xbf, 0xe1, 0xdf, 0x3f, 0xcf, 0x2b,
    0xfd, 0xa0, 0x5d, 0x80, 0x9d, 0x20, 0xdd, 0xe6,
    0x10, 0x1, 0x68, 0x41, 0x0, 0x8, 0xbb, 0x80,
    0x21, 0x40, 0x4a, 0x0, 0x7f, 0xf4, 0x30, 0x1,
    0x98, 0x30, 0x1, 0x7f, 0xf4, 0x30, 0x2, 0x68,
    0x1, 0x40, 0x1, 0x1e, 0xf0, 0x2, 0x20, 0x80,
    0x3b, 0xbb, 0x9d, 0xc0, 0x96, 0x1, 0xef, 0xfe,
    0x87, 0x0, 0x8, 0x7, 0xf0, 0x8b, 0xc4, 0x3,
    0xff, 0x81, 0x7c, 0xde, 0x1, 0xb8, 0x80, 0x7c,
    0x2, 0xaf, 0xe5, 0x0,

    /* U+7A33 "稳" */
    0x0, 0xfc, 0x42, 0x1, 0xf0, 0x9d, 0x6d, 0x80,
    0xeb, 0x91, 0x40, 0x1b, 0x39, 0x52, 0x82, 0x82,
    0xff, 0x74, 0x20, 0x16, 0xe8, 0x68, 0x2c, 0x3f,
    0x74, 0x52, 0x20, 0x1f, 0x9d, 0x3f, 0xe2, 0x9f,
    0x10, 0x2f, 0xf0, 0xe7, 0x67, 0x77, 0x80, 0xc0,
    0xba, 0x81, 0xf8, 0x2a, 0xbb, 0x40, 0x30, 0xe0,
    0x38, 0x84, 0x47, 0x80, 0x39, 0xc1, 0x24, 0x8,
    0xb9, 0x40, 0x33, 0xa0, 0xfa, 0xbf, 0x77, 0x80,
    0xc0, 0x66, 0x1, 0xf1, 0xff, 0xd6, 0xff, 0xf0,
    0x82, 0x20, 0x80, 0x2c, 0x4e, 0x44, 0x38, 0x69,
    0x82, 0xd8, 0x4, 0x82, 0xc0, 0xd, 0x34, 0xa8,
    0x0, 0x8, 0x5, 0x36, 0x2, 0x2, 0x92, 0x8a,
    0x60, 0x1d, 0xcc, 0x47, 0xff, 0x9, 0xe1, 0x80,

    /* U+7A7A "空" */
    0x0, 0xf1, 0x0, 0x7f, 0xf0, 0x13, 0x48, 0x3,
    0xc6, 0x89, 0x80, 0x18, 0x89, 0xc7, 0xb3, 0x3c,
    0x0, 0x99, 0xd5, 0xa1, 0x3b, 0xbb, 0xfb, 0x77,
    0x58, 0x6, 0x2d, 0x60, 0x6, 0xd9, 0x80, 0xe,
    0xde, 0x36, 0x98, 0x1, 0xb9, 0xb8, 0xda, 0x58,
    0x5a, 0xe0, 0x19, 0xfa, 0xf1, 0xda, 0xb5, 0x5d,
    0xfe, 0xe, 0x71, 0x6e, 0xed, 0x15, 0xdd, 0x78,
    0x80, 0xe, 0x67, 0xc, 0x4c, 0xd0, 0x1, 0xff,
    0xd2, 0x78, 0x8e, 0x1b, 0x88, 0xe7, 0x0, 0xf3,
    0xb0, 0x7, 0x80,

    /* U+7B11 "笑" */
    0x0, 0xa4, 0x40, 0x34, 0x10, 0x7, 0xca, 0xe2,
    0x1, 0x1b, 0x98, 0x7, 0xd4, 0x3f, 0xf7, 0x48,
    0x77, 0xf7, 0x42, 0xc, 0x38, 0x13, 0xd6, 0xb7,
    0x21, 0xb9, 0x81, 0x14, 0xd9, 0xbe, 0x8c, 0x41,
    0x19, 0x6c, 0x88, 0x3, 0xaa, 0x13, 0x41, 0xc8,
    0xae, 0x2b, 0x20, 0x11, 0x5e, 0xff, 0x7e, 0x63,
    0xb9, 0x93, 0x0, 0x1a, 0x3b, 0x3b, 0xd9, 0x2e,
    0x5d, 0x4, 0x3, 0x19, 0x88, 0x41, 0x4c, 0x3,
    0xe1, 0xff, 0xf1, 0xbf, 0xff, 0x88, 0x7b, 0xb9,
    0x80, 0xd, 0xdd, 0xc4, 0x2, 0x38, 0x9a, 0xb1,
    0x90, 0x47, 0x0, 0x72, 0xe3, 0xa9, 0xd5, 0x20,
    0x3, 0x85, 0xb2, 0xea, 0x0, 0xb, 0x8d, 0xce,
    0x40, 0xd, 0xaa, 0x72, 0x80, 0x63, 0xe8, 0xaf,
    0x0, 0x66, 0x18, 0x3, 0xf3, 0x6e, 0x80,

    /* U+7B14 "笔" */
    0x0, 0x98, 0x40, 0x32, 0x98, 0x7, 0xc7, 0x22,
    0x1, 0xa9, 0x80, 0x3e, 0xf0, 0xff, 0xb1, 0xc2,
    0xbf, 0xf1, 0x2, 0x1e, 0xa2, 0xf7, 0x22, 0x74,
    0x2f, 0xb8, 0x41, 0x50, 0x50, 0xa3, 0x6a, 0xc5,
    0x6, 0x22, 0x0, 0x63, 0x81, 0xe1, 0x6e, 0xa2,
    0xa9, 0xe, 0x1, 0x14, 0x77, 0xe6, 0x2e, 0xc1,
    0x9d, 0xc7, 0x0, 0xd3, 0xff, 0x70, 0x7c, 0x31,
    0x10, 0xc0, 0x32, 0x34, 0x4d, 0x86, 0x7f, 0xb3,
    0xec, 0x3, 0x67, 0xfb, 0x3c, 0x2b, 0xfd, 0xb9,
    0x0, 0x1a, 0x61, 0xd5, 0x40, 0x4a, 0xd1, 0x35,
    0x86, 0x11, 0x9b, 0xdf, 0xc1, 0x1d, 0x81, 0xd9,
    0x4, 0x19, 0x1d, 0x9f, 0xe0, 0xcb, 0xa8, 0x77,
    0x60, 0x82, 0x20, 0xc8, 0x2, 0x51, 0x1c, 0xec,
    0x1, 0xf9, 0xe7, 0xbb, 0x4c, 0x80,

    /* U+7B49 "等" */
    0x0, 0x94, 0x3, 0x94, 0x80, 0x3e, 0x7b, 0x11,
    0x80, 0xa9, 0x84, 0x70, 0x0, 0xa0, 0x7b, 0xb7,
    0x85, 0xf7, 0x63, 0x1f, 0x5f, 0x1b, 0xf7, 0xf,
    0xe1, 0xcf, 0xf1, 0x85, 0x50, 0x29, 0x80, 0xc4,
    0x6, 0x80, 0x30, 0xbc, 0xf5, 0x67, 0x29, 0xf7,
    0x2b, 0x6c, 0x3, 0x46, 0x66, 0x52, 0xcc, 0xd4,
    0x0, 0x14, 0x56, 0x6c, 0xe4, 0xcd, 0x95, 0x4,
    0xa6, 0x7c, 0x41, 0x35, 0x73, 0x32, 0x1e, 0xef,
    0xbf, 0xdb, 0x41, 0xbb, 0x28, 0x4f, 0xff, 0xeb,
    0xf, 0xf7, 0x0, 0x23, 0xb0, 0xab, 0xbb, 0x50,
    0x77, 0x3c, 0x0, 0x22, 0x3b, 0xa7, 0x11, 0xc0,
    0x23, 0x0, 0x73, 0x5c, 0x8, 0xe0, 0xf, 0xf2,
    0x70, 0xdf, 0x53, 0x0, 0x7f, 0xf0, 0x2b, 0xfd,
    0x20, 0x18,

    /* U+7B54 "答" */
    0x0, 0x98, 0x40, 0x32, 0x18, 0x7, 0xc9, 0x20,
    0x1d, 0x2c, 0x1, 0xf5, 0x7, 0x7f, 0xb9, 0x4a,
    0xbf, 0xf0, 0x83, 0x6, 0x93, 0x76, 0x5c, 0x68,
    0x47, 0x70, 0x45, 0x14, 0x52, 0x82, 0xce, 0xe2,
    0x9b, 0x11, 0x0, 0xf2, 0x2, 0x6a, 0x5b, 0x18,
    0x36, 0x0, 0x7e, 0x7a, 0xab, 0x64, 0x40, 0x3e,
    0x4c, 0x9d, 0x44, 0x61, 0x74, 0x88, 0x4, 0xdb,
    0x4a, 0x39, 0xdc, 0xd4, 0x73, 0xeb, 0x30, 0xe8,
    0xe9, 0xff, 0xf4, 0x57, 0x69, 0x84, 0x2c, 0xff,
    0xfe, 0xa1, 0x60, 0xe, 0x6e, 0xef, 0x38, 0x80,
    0x7e, 0x11, 0xf7, 0x80, 0x7e, 0x53, 0x3f, 0x60,
    0x7, 0xe3, 0xee, 0xf2, 0x0, 0x7d, 0x3f, 0xbb,
    0xef, 0xb0, 0x8,

    /* U+7B7E "签" */
    0x0, 0xb, 0x0, 0x73, 0x8, 0x7, 0xcf, 0x60,
    0x19, 0x64, 0x3, 0xf4, 0x97, 0xfd, 0x54, 0xe,
    0xff, 0xc0, 0x7, 0x2f, 0x2a, 0xf2, 0x27, 0xf0,
    0xdf, 0xf8, 0xa, 0x24, 0x2b, 0xc0, 0x88, 0x3,
    0x30, 0x1, 0x16, 0x20, 0x3d, 0xd9, 0x8e, 0x85,
    0xf0, 0x3, 0x18, 0x1, 0xfc, 0xf3, 0x5, 0xee,
    0x1, 0xc2, 0xfb, 0x51, 0x66, 0x6b, 0x8b, 0xe8,
    0x20, 0x2e, 0xc9, 0xea, 0xff, 0xd5, 0xd4, 0x58,
    0x44, 0xeb, 0x53, 0xcc, 0x5e, 0x64, 0x44, 0xae,
    0x20, 0x10, 0xf4, 0x0, 0x52, 0x80, 0x16, 0xc0,
    0x3d, 0x74, 0x0, 0x88, 0x0, 0x22, 0x0, 0x1e,
    0x52, 0x60, 0x51, 0x13, 0x8a, 0x80, 0x70, 0x8b,
    0x9c, 0x45, 0xa5, 0x10, 0x11, 0x0, 0x5f, 0xdc,
    0xde, 0xed, 0x81, 0x7d, 0xcf, 0x0,

    /* U+7C89 "粉" */
    0x0, 0xb8, 0xc0, 0x34, 0x91, 0xc8, 0x4, 0x36,
    0x1, 0x4c, 0x0, 0xb1, 0x93, 0x0, 0x42, 0xc2,
    0x0, 0x4b, 0x6, 0x31, 0x11, 0xb0, 0x4, 0xe8,
    0xa, 0x26, 0x13, 0x20, 0x4, 0xc0, 0x5, 0x8,
    0x7, 0xc1, 0x44, 0xa0, 0x5, 0x3a, 0x5, 0xce,
    0x1a, 0xcb, 0x58, 0x22, 0xd6, 0xab, 0x64, 0x5,
    0x64, 0x2d, 0xee, 0xe9, 0xa5, 0x2, 0xc0, 0xa2,
    0x3a, 0xf4, 0x8f, 0xe0, 0x40, 0x1, 0xb0, 0x9d,
    0x0, 0x4c, 0x40, 0x10, 0x80, 0x22, 0xc3, 0xdd,
    0x0, 0x88, 0x80, 0x60, 0x12, 0xa9, 0x80, 0x18,
    0x81, 0x48, 0x20, 0xc2, 0x0, 0x6b, 0x0, 0x84,
    0x9, 0xe0, 0x0, 0x44, 0x0, 0x1a, 0x80, 0x63,
    0xf7, 0x31, 0xd, 0x50, 0xf, 0xd3, 0x50, 0x15,
    0xeb, 0x40, 0x1d, 0xc6, 0x14, 0xe0, 0xb, 0xfe,
    0x30, 0x0,

    /* U+7CBE "精" */
    0x0, 0xff, 0xe2, 0x88, 0xbc, 0x8, 0x3, 0x71,
    0x80, 0x76, 0x0, 0x58, 0x9d, 0xd0, 0xe7, 0x73,
    0x0, 0xe, 0x80, 0x89, 0x66, 0xe8, 0x27, 0x76,
    0x0, 0x66, 0x3, 0x78, 0x2a, 0xa0, 0xaa, 0x94,
    0x4, 0xfc, 0x31, 0xd7, 0xfb, 0x80, 0xfd, 0xc3,
    0x24, 0xa9, 0xa, 0xe0, 0xd, 0x18, 0x1, 0x1a,
    0xfb, 0x7, 0x6a, 0xb2, 0xaf, 0x23, 0x88, 0x1,
    0x2, 0xc0, 0x11, 0x9d, 0xdb, 0x10, 0x0, 0x46,
    0xc, 0x80, 0x7, 0xcc, 0xc4, 0x1, 0x5b, 0x7,
    0xc8, 0x1, 0xb7, 0x71, 0x0, 0x5, 0xe8, 0xf,
    0xc0, 0xf, 0xbb, 0x88, 0x0, 0x8c, 0x60, 0x2,
    0x0, 0x3e, 0xee, 0x20, 0x2, 0xc0, 0x7, 0x9f,
    0x77, 0x10, 0x7, 0xff, 0x6, 0x7c, 0x14, 0x2,
    0x1f, 0x0, 0xa6, 0x0, 0x13, 0xfa, 0x20,

    /* U+7CD6 "糖" */
    0x0, 0xff, 0xe2, 0x91, 0x38, 0x14, 0x3, 0x5c,
    0x0, 0x77, 0x80, 0x6, 0xdf, 0xfe, 0x47, 0xff,
    0x8c, 0x5, 0x81, 0x1c, 0x13, 0xb9, 0xb5, 0xdd,
    0x18, 0x29, 0x86, 0x68, 0x10, 0x12, 0x51, 0x10,
    0x2, 0xa3, 0xc, 0x40, 0x2, 0x4d, 0x84, 0xeb,
    0x81, 0x45, 0xf, 0x50, 0x1b, 0x4c, 0x4, 0x86,
    0x9, 0xe8, 0x86, 0xf8, 0xc, 0xca, 0x2, 0x45,
    0x54, 0x2c, 0x40, 0x4b, 0xe7, 0x71, 0x0, 0x84,
    0x94, 0x2, 0x20, 0x51, 0xf, 0x3c, 0xd8, 0x48,
    0x10, 0x2, 0xd8, 0x62, 0x88, 0xd3, 0xe4, 0x3f,
    0xcc, 0x4, 0xf4, 0xd, 0xa, 0x97, 0x38, 0x9f,
    0x4a, 0xc, 0xc1, 0x0, 0x11, 0x88, 0x55, 0xdc,
    0x80, 0x4, 0x80, 0xa, 0x94, 0x1, 0xe2, 0x38,
    0x3, 0xe5, 0x90, 0x3, 0xff, 0xc8, 0x1, 0x8b,
    0x83, 0x44, 0x27, 0xfb, 0xaf, 0x70,

    /* U+7CFB "系" */
    0x0, 0xff, 0x8c, 0x3, 0x9, 0x1a, 0x33, 0xcd,
    0xef, 0xe3, 0x80, 0x5f, 0x9d, 0x13, 0x1, 0xb3,
    0xbe, 0xe0, 0x17, 0x73, 0x64, 0x6e, 0x59, 0x54,
    0x1, 0xf4, 0x43, 0x10, 0x13, 0xf4, 0x3, 0x87,
    0xdc, 0x7b, 0x9f, 0x76, 0xa0, 0xe, 0x16, 0xa8,
    0xb1, 0x4e, 0x59, 0x20, 0xe, 0x96, 0xfa, 0xbb,
    0x8, 0x7e, 0x10, 0x4, 0xbf, 0x8c, 0xbb, 0x57,
    0x96, 0x3a, 0x20, 0xa, 0x5, 0x4f, 0x25, 0xff,
    0xcb, 0x60, 0xf, 0xfb, 0x1f, 0xc5, 0x2, 0x82,
    0xe4, 0x2, 0x4a, 0x0, 0xe2, 0x4c, 0x3, 0x0,
    0x3d, 0xca, 0x80, 0x61, 0xc7, 0xc2, 0x5, 0x8a,
    0x61, 0x22, 0x0, 0x6b, 0x7f, 0x5, 0xe5, 0x7,
    0xd9, 0x70, 0xd, 0x58, 0x0, 0x10, 0x3, 0x7f,
    0xa4, 0x3, 0x84, 0x0,

    /* U+7D27 "紧" */
    0x0, 0xff, 0xe1, 0x97, 0x1, 0xe8, 0x7f, 0xfc,
    0x20, 0x1f, 0x79, 0x3f, 0x70, 0xd4, 0x40, 0x3f,
    0x73, 0xb6, 0x95, 0x80, 0x7f, 0x10, 0x41, 0xd0,
    0x80, 0x4a, 0x1, 0x2e, 0x70, 0x5, 0x79, 0x0,
    0x56, 0x0, 0x2a, 0x36, 0xcf, 0xd5, 0x32, 0x0,
    0xd4, 0xd, 0xd2, 0xf2, 0x55, 0xf6, 0x1, 0x7b,
    0xa, 0x77, 0xce, 0x90, 0x0, 0x40, 0x2b, 0xc9,
    0x1, 0x9d, 0x4e, 0xa0, 0xc, 0x7d, 0x90, 0x96,
    0xc, 0xea, 0xae, 0x0, 0xe, 0x28, 0x99, 0x54,
    0xf0, 0x7c, 0x9c, 0x0, 0xff, 0x22, 0xdd, 0x86,
    0xb, 0xd3, 0x60, 0x6, 0x3c, 0xe4, 0x4, 0x0,
    0xbf, 0x92, 0x20, 0xe5, 0x92, 0x7f, 0x48, 0x0,
    0x6f, 0x34, 0x6, 0xa2, 0x3, 0xff, 0x50, 0x4,
    0x34, 0xa0,

    /* U+7D2B "紫" */
    0x0, 0x20, 0x35, 0x80, 0x7, 0xc4, 0x5, 0xcc,
    0x0, 0x54, 0x0, 0x4e, 0xe2, 0x84, 0xdf, 0x63,
    0x80, 0x78, 0xbf, 0xca, 0x5, 0xfe, 0xb6, 0x0,
    0xf0, 0x9a, 0x90, 0x5a, 0x0, 0x39, 0x46, 0x7,
    0x24, 0xfe, 0x4, 0xbf, 0xba, 0x24, 0x30, 0x88,
    0x6f, 0xd9, 0xe, 0xed, 0x98, 0xe1, 0x2a, 0x74,
    0x6c, 0xdc, 0x36, 0xd4, 0x22, 0x0, 0x61, 0xfb,
    0x35, 0xdf, 0x9a, 0x60, 0xf, 0xb, 0xdc, 0x90,
    0xcf, 0xae, 0x48, 0x7, 0xb6, 0x64, 0xb4, 0x6c,
    0xc4, 0x6d, 0x0, 0xdf, 0x44, 0x45, 0xba, 0xf0,
    0xfa, 0x1b, 0x0, 0xbb, 0x52, 0x72, 0xc6, 0x4e,
    0x83, 0x3c, 0x0, 0x77, 0x9a, 0x80, 0x20, 0x4,
    0xfe, 0xd0, 0x9, 0x37, 0x99, 0x7e, 0x90, 0x0,
    0x77, 0x4, 0x0, 0x77, 0x0, 0x17, 0xfd, 0x40,
    0x19, 0x58, 0x0,

    /* U+7EA2 "红" */
    0x0, 0x8d, 0x40, 0x3f, 0xf8, 0x5f, 0x80, 0x24,
    0x5f, 0x8, 0x4, 0x87, 0x0, 0xfb, 0xbf, 0x80,
    0x29, 0x71, 0x13, 0x7f, 0xc1, 0x3f, 0xec, 0x0,
    0x38, 0x40, 0xf1, 0x80, 0x42, 0x1, 0xc9, 0xa,
    0xfc, 0xa6, 0x1, 0xfd, 0xa0, 0x70, 0x16, 0x1,
    0xfe, 0x9f, 0x80, 0xc1, 0x0, 0xff, 0x8b, 0x64,
    0xc0, 0x3f, 0xe3, 0xd1, 0xdd, 0x79, 0x80, 0x7f,
    0x30, 0x36, 0xcf, 0x18, 0x7, 0xf2, 0xfc, 0xb2,
    0x8, 0x7, 0xff, 0x0, 0xda, 0xb4, 0x80, 0x3f,
    0x9f, 0xf2, 0x8a, 0x21, 0xff, 0xc, 0xff, 0xc4,
    0xb9, 0xf9, 0xb, 0x19, 0x9f, 0x88,

    /* U+7EA6 "约" */
    0x0, 0xfe, 0x10, 0xf, 0xcd, 0xa0, 0x11, 0xf0,
    0x7, 0xeb, 0xa0, 0xa, 0xd4, 0x3, 0xe6, 0x7,
    0x0, 0x9c, 0xd1, 0x26, 0x30, 0x4, 0x48, 0x41,
    0x28, 0x24, 0xcf, 0x5, 0x22, 0x19, 0x87, 0x10,
    0xdd, 0xce, 0x6a, 0xb7, 0xcd, 0x10, 0xb8, 0x6,
    0x10, 0x4c, 0xf5, 0x64, 0x3c, 0xd7, 0x0, 0xc2,
    0x23, 0x76, 0x90, 0xb, 0xe6, 0x0, 0x7, 0xe1,
    0x50, 0xd7, 0xb0, 0x5, 0x8c, 0xc0, 0x10, 0x25,
    0x3d, 0xff, 0x40, 0x0, 0xa8, 0xc1, 0xc4, 0xbf,
    0x1d, 0x8, 0x3, 0x22, 0x80, 0x90, 0x12, 0x3d,
    0x6d, 0x80, 0x78, 0x9d, 0x36, 0x3b, 0x3a, 0xc0,
    0x22, 0x16, 0x3, 0x4f, 0xc9, 0x63, 0x0, 0x87,
    0x7a, 0x60, 0x3, 0xfc, 0x3f, 0xf3, 0x80,

    /* U+7EB8 "纸" */
    0x0, 0x84, 0x40, 0x1f, 0x88, 0x3, 0x9b, 0x40,
    0x21, 0x47, 0xae, 0xd5, 0x0, 0xd3, 0x20, 0x7,
    0xf4, 0x62, 0xdf, 0xa8, 0x4, 0xc4, 0xa0, 0x4,
    0x9c, 0xb0, 0x40, 0xe, 0x8f, 0x9, 0x30, 0xe,
    0x30, 0xd, 0x48, 0x2e, 0xe2, 0x0, 0xfe, 0x25,
    0x56, 0x45, 0x8, 0x79, 0x10, 0x1c, 0x88, 0x5,
    0x9e, 0x8c, 0x80, 0x6, 0xdd, 0x5, 0x6e, 0x80,
    0x6, 0xed, 0x20, 0x14, 0xff, 0x8e, 0xbf, 0xc0,
    0x7, 0x86, 0xce, 0x80, 0xc, 0xe6, 0x1, 0xa0,
    0xb6, 0x3a, 0x0, 0x31, 0x70, 0x6, 0xfd, 0x74,
    0x0, 0xf7, 0x98, 0x20, 0x0, 0x52, 0x2f, 0xdc,
    0x2, 0x35, 0x40, 0xf3, 0x37, 0x48, 0xf7, 0x1d,
    0x27, 0xb8, 0x47, 0xa, 0x47, 0xdb, 0x2a, 0x24,
    0xb, 0x9a, 0x3e, 0xc8, 0x20, 0x20, 0x18, 0xbe,
    0x88, 0x0, 0x7d, 0x40,

    /* U+7EBF "线" */
    0x0, 0x99, 0x80, 0x1b, 0x55, 0x94, 0x3, 0xd0,
    0x60, 0x1e, 0x4e, 0xb0, 0xc, 0xa6, 0xa0, 0x18,
    0x40, 0xa7, 0x44, 0x2, 0x88, 0x4, 0x13, 0x49,
    0xd7, 0xe6, 0x90, 0x1, 0xc5, 0x61, 0xf, 0xf8,
    0x17, 0xfa, 0xcc, 0xe, 0xf, 0xdf, 0x86, 0x5d,
    0x8c, 0x9, 0x54, 0x5, 0x3c, 0x6e, 0x40, 0x8c,
    0xd7, 0xe7, 0x10, 0xb, 0x48, 0x40, 0x34, 0x79,
    0x87, 0x72, 0x4c, 0x1, 0xe, 0xec, 0xe6, 0xc9,
    0xe0, 0x10, 0xec, 0x1, 0x73, 0xdf, 0xe0, 0x8,
    0x85, 0x71, 0xa0, 0x7, 0xb1, 0x8d, 0x0, 0x3a,
    0x96, 0x80, 0x22, 0x7c, 0xf8, 0x10, 0x3a, 0x10,
    0x80, 0x70, 0x2d, 0xe9, 0xfc, 0x7c, 0xc1, 0xf1,
    0xe9, 0xc8, 0x17, 0x4a, 0x80, 0x57, 0xd2, 0x3a,
    0xf8, 0xe0,

    /* U+7ECF "经" */
    0x0, 0x95, 0xc0, 0x3f, 0xf8, 0x52, 0x0, 0x2f,
    0xff, 0x84, 0x2, 0x43, 0x60, 0x2e, 0xed, 0xa2,
    0x82, 0x1, 0x44, 0x4, 0x80, 0x47, 0x40, 0x50,
    0x4, 0xc2, 0xe3, 0xa8, 0x0, 0x1e, 0x5c, 0x10,
    0x1, 0xca, 0xbf, 0x2a, 0x2, 0xf8, 0x85, 0x88,
    0x6, 0x48, 0xb, 0x5c, 0xa6, 0xfc, 0x2e, 0x80,
    0x3f, 0xe0, 0xb1, 0x85, 0xd8, 0x3, 0xbb, 0x29,
    0x0, 0xfc, 0x20, 0x6e, 0x3a, 0xae, 0x1e, 0x22,
    0x71, 0x67, 0x78, 0xcc, 0xd5, 0x49, 0x92, 0x1,
    0x83, 0x6e, 0x78, 0xe6, 0x43, 0x79, 0x87, 0x1,
    0xf9, 0x62, 0x10, 0xf, 0xf8, 0x9a, 0xb7, 0x84,
    0x3, 0xf9, 0x36, 0x8b, 0xbd, 0xd9, 0xa1, 0xf6,
    0x68, 0x93, 0xf2, 0xc, 0x66, 0x70, 0x24, 0xcc,
    0x80,

    /* U+7ED3 "结" */
    0x0, 0xa1, 0xc0, 0x3b, 0x94, 0x3, 0x85, 0xc8,
    0x4, 0xce, 0x1d, 0x33, 0x80, 0x12, 0x4a, 0x11,
    0x99, 0x3, 0xe6, 0x34, 0x5, 0xe4, 0x2e, 0x3f,
    0xe1, 0xaf, 0xf7, 0x5, 0x13, 0xeb, 0x88, 0x7,
    0xe5, 0x43, 0xc2, 0xe2, 0xaa, 0x86, 0xea, 0x8c,
    0x9d, 0xe3, 0x24, 0x64, 0x53, 0xb1, 0x10, 0xc4,
    0x5a, 0x8c, 0x22, 0x88, 0xf9, 0x47, 0xcd, 0xbb,
    0x87, 0x3f, 0xfe, 0x72, 0x5, 0x9c, 0xf3, 0x6,
    0xdd, 0xc6, 0x7, 0xf4, 0xa4, 0x1, 0x88, 0xb3,
    0x80, 0x42, 0x91, 0x68, 0x1, 0xf9, 0x3b, 0x96,
    0x66, 0x50, 0x44, 0xf0, 0x34, 0xe7, 0xdc, 0x8,
    0x14, 0x46, 0x0, 0x13, 0x98, 0x6, 0x9f, 0xcc,
    0xde, 0xe0,

    /* U+7ED9 "给" */
    0x0, 0x84, 0x40, 0x1c, 0x62, 0x1, 0xf4, 0xe8,
    0x7, 0x66, 0x0, 0x3e, 0x69, 0x0, 0xcc, 0x4,
    0x20, 0x1c, 0xc6, 0xa0, 0x10, 0xc4, 0xb6, 0x80,
    0x74, 0x40, 0x30, 0xc3, 0x55, 0xa4, 0x28, 0x2,
    0x92, 0x69, 0x12, 0xb3, 0x82, 0x24, 0x2d, 0x88,
    0x98, 0xf1, 0xba, 0x9c, 0x73, 0x75, 0x6c, 0xc7,
    0x1d, 0xf3, 0x63, 0xac, 0xef, 0xfd, 0x3a, 0xc0,
    0x50, 0x12, 0x2, 0x22, 0x2f, 0x0, 0x4e, 0xe5,
    0xad, 0x38, 0xdd, 0xf1, 0x0, 0x20, 0x45, 0xfe,
    0x30, 0x6f, 0xfc, 0x1, 0xbf, 0xa1, 0x48, 0x3,
    0xfe, 0x15, 0x8b, 0xe5, 0x0, 0xff, 0x74, 0x87,
    0xf2, 0x9b, 0x6e, 0xdc, 0x1, 0xbf, 0x21, 0x0,
    0x6, 0x53, 0x35, 0x0, 0x7f, 0xa7, 0x51, 0x37,
    0x90, 0x0,

    /* U+7EDC "络" */
    0x0, 0x88, 0x40, 0x34, 0x0, 0x7f, 0x4d, 0x80,
    0x4c, 0x80, 0x1f, 0x89, 0x20, 0x0, 0x32, 0x7f,
    0xfa, 0x0, 0x28, 0x52, 0x0, 0x50, 0x66, 0xea,
    0xc2, 0xc0, 0x6, 0xb6, 0x5b, 0x6c, 0x92, 0x44,
    0x97, 0x30, 0x1c, 0x54, 0xf7, 0xcf, 0xb6, 0xbd,
    0x78, 0x0, 0x20, 0x35, 0x15, 0xb9, 0x5, 0xa1,
    0x40, 0x4, 0xbf, 0xc3, 0x62, 0x26, 0xda, 0xb8,
    0xda, 0x40, 0xb, 0x99, 0xd7, 0x6a, 0xf5, 0x1f,
    0x8a, 0x88, 0x7c, 0xdf, 0xb3, 0x9, 0x3f, 0xf7,
    0x3d, 0x10, 0x2, 0x7b, 0x64, 0x0, 0xbb, 0xb8,
    0x40, 0x3, 0xec, 0x22, 0x50, 0x1, 0x91, 0x60,
    0xc, 0x71, 0x9d, 0x22, 0x1, 0xfc, 0x78, 0x75,
    0xd8, 0x20, 0xdf, 0xf8, 0x40, 0x7, 0xf6, 0xc2,
    0x1, 0x26, 0xee, 0x0, 0xff, 0x45, 0x91, 0x6f,
    0x40,

    /* U+7EE7 "继" */
    0x0, 0xff, 0xe3, 0xe3, 0x1, 0xf1, 0x10, 0x38,
    0x44, 0x60, 0x11, 0x99, 0x80, 0x27, 0xb0, 0x9,
    0xa8, 0x2, 0x97, 0x0, 0xca, 0xe0, 0x15, 0xd8,
    0x0, 0x69, 0x23, 0x8e, 0x0, 0x52, 0x2, 0x72,
    0x0, 0x7c, 0xc, 0x3b, 0x80, 0x64, 0x4, 0x24,
    0x80, 0xcd, 0x1e, 0xd4, 0x0, 0xdc, 0xd0, 0xcc,
    0x84, 0xeb, 0xa, 0x44, 0x1, 0x9c, 0xc0, 0x9d,
    0xc1, 0x5, 0xb7, 0x60, 0xc, 0x48, 0x20, 0xe0,
    0x13, 0xb6, 0xce, 0x0, 0x53, 0x1, 0x34, 0x80,
    0x30, 0x19, 0xd0, 0x0, 0x80, 0x50, 0x3e, 0x80,
    0x1d, 0xfb, 0x74, 0x0, 0x6d, 0x0, 0x47, 0x80,
    0x2, 0x36, 0x9c, 0x60, 0x51, 0x0, 0xf1, 0xf4,
    0x76, 0x73, 0xe, 0xec, 0x79, 0xba, 0x53, 0xeb,
    0x85, 0x23, 0xce, 0xef, 0x90,

    /* U+7EED "续" */
    0x0, 0xa1, 0xc0, 0x30, 0xf8, 0x80, 0x7c, 0xc8,
    0x0, 0xff, 0x70, 0x77, 0xf8, 0x80, 0x27, 0x53,
    0x0, 0x77, 0x34, 0x37, 0xb8, 0x40, 0x14, 0xc2,
    0x52, 0x33, 0x2c, 0x2d, 0xa1, 0xc0, 0x12, 0xa1,
    0x3e, 0x3f, 0xe1, 0x71, 0xf7, 0xb0, 0x46, 0x4c,
    0x35, 0x55, 0xc, 0x87, 0x42, 0xc8, 0x2e, 0xf0,
    0xe0, 0x8, 0x7e, 0x17, 0x1, 0xa8, 0x9, 0x54,
    0x19, 0x13, 0xcf, 0x3, 0xc2, 0x0, 0x2d, 0x4b,
    0xe5, 0x3c, 0xd1, 0x61, 0x0, 0xc4, 0x46, 0x9f,
    0x7e, 0xe3, 0xf9, 0xcf, 0xfc, 0x5, 0xf2, 0x88,
    0x5e, 0xff, 0x38, 0xef, 0x7f, 0x80, 0x7, 0x1d,
    0x20, 0x12, 0x3d, 0x5e, 0x90, 0x0, 0xf0, 0x77,
    0x4a, 0xf, 0x74, 0x93, 0x78, 0x60, 0x7f, 0x26,
    0x0, 0xdb, 0xc5, 0x0, 0x3d, 0xe8, 0x80, 0x7b,
    0x30, 0x60, 0x19, 0x7c, 0x40,

    /* U+7EFC "综" */
    0x0, 0xff, 0x8, 0x80, 0x3e, 0x3e, 0x0, 0xea,
    0x80, 0xf, 0xa5, 0xc0, 0x6, 0x76, 0x32, 0x19,
    0x80, 0x21, 0x58, 0x4, 0xcf, 0xf5, 0x84, 0x7e,
    0x20, 0x2, 0x1c, 0x5b, 0xb, 0x32, 0xfc, 0xc0,
    0x4, 0x8d, 0xcf, 0x19, 0x79, 0xbb, 0xb2, 0x54,
    0x2c, 0x36, 0x19, 0x1b, 0xe6, 0x77, 0xb0, 0x86,
    0xff, 0x14, 0x0, 0xd, 0x13, 0x18, 0x4, 0x44,
    0xbf, 0x2, 0x77, 0xfc, 0x40, 0x3a, 0xb5, 0x6f,
    0xdd, 0x44, 0x3b, 0xa1, 0xe, 0x1, 0xe8, 0x59,
    0xc9, 0xa2, 0x9c, 0x93, 0xe, 0xfa, 0x63, 0x6,
    0x80, 0xd, 0xe, 0x1, 0x23, 0xd7, 0x44, 0x38,
    0x3, 0x74, 0x11, 0x3b, 0xfd, 0xde, 0x96, 0x60,
    0x62, 0x6, 0xc8, 0x5f, 0x70, 0x83, 0x8a, 0x5f,
    0x28, 0x0, 0x96, 0x0, 0xfc, 0x5f, 0xe8, 0x0,
    0xc0,

    /* U+7EFF "绿" */
    0x0, 0x94, 0x80, 0x3f, 0xf8, 0x56, 0xe0, 0xe,
    0xff, 0xf1, 0x80, 0x4c, 0xa, 0x0, 0xef, 0xfe,
    0x0, 0xeb, 0x80, 0x8, 0x48, 0xb8, 0x4, 0x0,
    0xa0, 0xc8, 0xc0, 0xdf, 0xfc, 0x1, 0x15, 0x59,
    0xd0, 0x1, 0xf7, 0x76, 0x1, 0x83, 0x6, 0xe0,
    0xb4, 0xff, 0xf7, 0x7, 0x12, 0x7d, 0xe, 0x4,
    0xef, 0xf8, 0x73, 0xfd, 0xc4, 0x0, 0xa6, 0x31,
    0x17, 0xb0, 0x6, 0xbb, 0x0, 0x39, 0x17, 0xdc,
    0x72, 0x8, 0x7f, 0xa, 0x80, 0xc5, 0xfb, 0xd8,
    0x7, 0x2c, 0xd, 0x24, 0x0, 0x7f, 0x6, 0x44,
    0x4, 0xc1, 0x8, 0x63, 0x0, 0x96, 0x7b, 0x12,
    0xea, 0x90, 0x29, 0x5b, 0x22, 0x70, 0x3b, 0xcd,
    0xde, 0x82, 0x20, 0x4f, 0x11, 0x1e, 0xc1, 0x80,
    0x14, 0x53, 0x88, 0xc0, 0x60, 0x0,

    /* U+7F13 "缓" */
    0x0, 0x9d, 0x0, 0x31, 0x1a, 0xbd, 0x10, 0x6,
    0x80, 0x7, 0x7f, 0x7f, 0xed, 0x0, 0xce, 0x68,
    0x1e, 0xfd, 0xb, 0x51, 0x22, 0x1, 0x4c, 0x0,
    0x5, 0x89, 0x90, 0x19, 0x4c, 0x1, 0x2a, 0x8b,
    0x82, 0x8e, 0x28, 0x53, 0xe2, 0x8, 0xde, 0x95,
    0x4d, 0x4a, 0xd7, 0xc0, 0xad, 0x3, 0x9, 0xb0,
    0x6c, 0xe1, 0xce, 0xe7, 0xf6, 0x3, 0xff, 0xf,
    0x47, 0x78, 0xe7, 0x77, 0x8, 0xe, 0xd0, 0xd7,
    0x58, 0x7f, 0x77, 0x9, 0x70, 0xcf, 0xd8, 0x68,
    0x77, 0x5f, 0xe0, 0x3, 0x84, 0xf7, 0xc8, 0x20,
    0x57, 0x71, 0x98, 0x0, 0x5f, 0x63, 0x32, 0x99,
    0x55, 0x8, 0xde, 0x0, 0x25, 0x9e, 0xe1, 0x7b,
    0xac, 0x6e, 0x50, 0x80, 0x1e, 0xc7, 0x75, 0x83,
    0x9, 0xa0, 0x8, 0x61, 0x7, 0xe8, 0x34, 0x7c,
    0xc4, 0xef, 0xfa, 0xa9, 0xc4, 0x1, 0x93, 0x7,
    0x35, 0x80, 0xd, 0x9e, 0x40,

    /* U+7F18 "缘" */
    0x0, 0xff, 0xe3, 0xa4, 0x80, 0x7, 0xc0, 0x3f,
    0xdf, 0xc0, 0x5, 0xe, 0xeb, 0xe4, 0x3, 0x1a,
    0xb8, 0x0, 0xdb, 0xba, 0x5e, 0x0, 0xd1, 0x0,
    0xb, 0x3c, 0x46, 0x73, 0x0, 0x95, 0xd8, 0x60,
    0x12, 0x33, 0x22, 0x50, 0x1, 0x5f, 0x4, 0x9,
    0x6e, 0x7f, 0xa0, 0xc, 0x80, 0x83, 0x3d, 0xaf,
    0xfe, 0xdd, 0x50, 0x7f, 0x94, 0x2b, 0xce, 0x4b,
    0x71, 0x3, 0x3f, 0xd9, 0xca, 0x8, 0xce, 0xc3,
    0x79, 0xe9, 0x20, 0xdf, 0x40, 0x7, 0x87, 0xe9,
    0x96, 0xab, 0xaf, 0xcb, 0xc8, 0x2, 0x12, 0x3a,
    0x1f, 0x23, 0x94, 0x70, 0x80, 0x2f, 0xb4, 0x59,
    0x1f, 0xb4, 0x51, 0x35, 0x20, 0x2, 0x57, 0x73,
    0x51, 0xf3, 0x20, 0x3, 0x40, 0xc, 0xef, 0xda,
    0x64, 0x42, 0x94, 0xc2, 0x1c, 0xc7, 0x5c, 0x40,
    0x1b, 0x83, 0xf1, 0x0, 0x6, 0x98, 0x7, 0x84,
    0x17, 0xf9, 0x0, 0x30,

    /* U+7F29 "缩" */
    0x0, 0x88, 0x40, 0x31, 0x20, 0x7, 0xe9, 0x60,
    0xc, 0x36, 0x20, 0x1e, 0x24, 0x61, 0xff, 0xb0,
    0x3b, 0xfe, 0x30, 0x5, 0xb8, 0x80, 0x3b, 0xbe,
    0x0, 0x89, 0xe5, 0xa5, 0x59, 0x4, 0x7a, 0x8,
    0x3a, 0xe, 0x6e, 0xa8, 0x5f, 0xfd, 0x22, 0x66,
    0x9d, 0x23, 0x42, 0x7f, 0xf0, 0x6f, 0xf0, 0x1e,
    0x60, 0x70, 0x28, 0x0, 0x8c, 0xc, 0x86, 0x0,
    0x3f, 0xb1, 0x51, 0x40, 0xbb, 0x4, 0x4f, 0x80,
    0x34, 0xff, 0x3e, 0x40, 0x2d, 0xfc, 0x80, 0x0,
    0x94, 0x4e, 0x51, 0x0, 0x59, 0x95, 0x8, 0xf,
    0xb9, 0xab, 0x0, 0x68, 0xff, 0x30, 0x80, 0x6,
    0x3a, 0xc0, 0x39, 0xc, 0xd8, 0x0, 0x2e, 0x58,
    0xe6, 0x0, 0xc8, 0x96, 0x0, 0xa, 0xf5, 0x80,
    0x3d, 0x1f, 0xe6, 0x10, 0x2, 0x0, 0x64, 0xa0,
    0xec, 0xbb, 0x7e, 0x80,

    /* U+7F50 "罐" */
    0x0, 0xff, 0xe2, 0x9e, 0x0, 0x72, 0xe8, 0x3,
    0xc8, 0x2, 0xa3, 0x88, 0x3d, 0x75, 0x17, 0x70,
    0x37, 0x94, 0x18, 0x1c, 0xfa, 0xbb, 0x1b, 0xb8,
    0x9d, 0xc5, 0x31, 0xf1, 0xa9, 0xf, 0xe4, 0xba,
    0x6c, 0xf0, 0x7b, 0x0, 0xe1, 0xde, 0x0, 0x7e,
    0x80, 0x14, 0x50, 0x5d, 0x8, 0x6a, 0x0, 0x11,
    0x40, 0x5, 0xff, 0x5, 0xfb, 0x5b, 0xe7, 0x37,
    0x72, 0xc1, 0x3e, 0xc7, 0x3d, 0x30, 0xb3, 0x8e,
    0xbf, 0xc2, 0x14, 0x1, 0x4b, 0x39, 0xc4, 0x2,
    0xa2, 0x2, 0x1, 0xc7, 0x24, 0x7f, 0xe0, 0x9f,
    0xb0, 0xf, 0x1f, 0x23, 0xe6, 0xf, 0x31, 0x0,
    0x10, 0x89, 0xc8, 0x0, 0xfd, 0xc3, 0xee, 0x48,
    0x5, 0x4, 0x20, 0x20, 0x6, 0x60, 0x33, 0x4,
    0xc3, 0xa7, 0x5f, 0xc0, 0x5, 0xdc, 0x9f, 0xee,
    0x8,

    /* U+7F51 "网" */
    0x6f, 0xff, 0xfe, 0x8, 0x81, 0x6e, 0xff, 0xac,
    0x3, 0x11, 0x43, 0x44, 0x52, 0xb3, 0x0, 0x31,
    0xa0, 0x59, 0x28, 0x85, 0x0, 0x79, 0xe8, 0x8f,
    0x36, 0x84, 0x94, 0x3, 0x92, 0x79, 0x16, 0x1f,
    0x48, 0x40, 0x3c, 0xe6, 0x6, 0x1c, 0x6c, 0x1,
    0xf9, 0x1, 0x0, 0x81, 0x0, 0x3e, 0x14, 0x79,
    0x5, 0x22, 0x38, 0x7, 0xa1, 0x60, 0x4e, 0x21,
    0x32, 0x0, 0xe5, 0x78, 0xc, 0xa1, 0x54, 0xb0,
    0xe, 0xfa, 0x20, 0x24, 0xd0, 0x2, 0x80, 0x75,
    0x20, 0x0, 0xb4, 0x40, 0x88, 0xe0, 0x20, 0x1f,
    0xe9, 0xdb, 0x60,

    /* U+7F6E "置" */
    0x2, 0xfd, 0xd7, 0x7e, 0xeb, 0xfb, 0x75, 0xea,
    0x1, 0xb7, 0x52, 0xbb, 0xa4, 0x8d, 0xd0, 0x80,
    0x74, 0x43, 0x1e, 0x20, 0xdb, 0x10, 0x10, 0x8,
    0xab, 0x75, 0xd0, 0xe9, 0x1d, 0xba, 0xa4, 0x0,
    0x57, 0x77, 0x1, 0xf7, 0x74, 0x80, 0x26, 0x23,
    0x70, 0x5c, 0x47, 0x50, 0x0, 0xcd, 0xfd, 0xca,
    0x9, 0xee, 0xbc, 0xc8, 0x3, 0x1f, 0x6f, 0xfb,
    0x76, 0x92, 0x0, 0xfb, 0x6e, 0xfe, 0x10, 0xf,
    0x9f, 0x77, 0xca, 0x1, 0xfb, 0x88, 0xbe, 0x0,
    0xfd, 0x3f, 0xfe, 0x70, 0xf, 0xdb, 0x77, 0xf0,
    0x80, 0x43, 0xfe, 0xc, 0xff, 0xf5, 0x8f, 0xf8,
    0x80,

    /* U+7F8A "羊" */
    0x0, 0xc2, 0x1, 0xe2, 0x0, 0xf2, 0x70, 0x80,
    0x63, 0xd2, 0x0, 0xe4, 0x45, 0x80, 0x69, 0x62,
    0x0, 0x8e, 0x20, 0xf, 0x11, 0x4a, 0x84, 0x40,
    0x41, 0x88, 0x82, 0xe4, 0xee, 0x35, 0x32, 0x20,
    0x1, 0x6a, 0xb8, 0xa6, 0xab, 0x84, 0x0, 0x46,
    0x78, 0xbc, 0xcf, 0x0, 0x68, 0xcc, 0xc0, 0xd9,
    0x98, 0xc0, 0x2a, 0xff, 0xc5, 0x3f, 0xf8, 0xc0,
    0x3f, 0xf8, 0x89, 0xbb, 0xe2, 0x9d, 0xde, 0xc5,
    0x88, 0xf0, 0x24, 0x47, 0x85, 0x57, 0xc5, 0xaa,
    0xbc, 0x80, 0x1f, 0xfd, 0x20,

    /* U+7FAF "羯" */
    0x2, 0x30, 0x17, 0x0, 0xff, 0x24, 0x2, 0xd8,
    0x77, 0x7b, 0xcc, 0x1d, 0x3, 0x6c, 0x1, 0x9d,
    0xd8, 0x40, 0xa, 0xb3, 0x9, 0x4, 0x4c, 0xe1,
    0x0, 0x43, 0x50, 0x52, 0x6, 0x67, 0x0, 0x59,
    0x81, 0xcc, 0x30, 0x1b, 0xbe, 0x10, 0x0, 0x8c,
    0xe2, 0xb, 0x7d, 0xd8, 0x84, 0x3f, 0x82, 0xf8,
    0x74, 0xb3, 0x38, 0x83, 0xbc, 0x73, 0xc6, 0x4f,
    0xbb, 0x7e, 0x80, 0x8c, 0x3, 0x27, 0xfd, 0x10,
    0xe9, 0x67, 0xee, 0x6, 0x77, 0xb9, 0x4, 0xe0,
    0x8, 0x3f, 0xd1, 0x7f, 0x99, 0x8f, 0x90, 0x57,
    0xe2, 0x0, 0x95, 0x0, 0xc4, 0xa9, 0x7a, 0x24,
    0x12, 0x52, 0x1, 0x2e, 0x9c, 0xcb, 0x13, 0x8d,
    0x34, 0x40, 0x28, 0xaa, 0xb9, 0xc1, 0xcf, 0x4c,
    0x3, 0xf2, 0x6e, 0x84,

    /* U+7FBD "羽" */
    0xf, 0xff, 0x26, 0xff, 0xf4, 0x6, 0xef, 0x0,
    0x3f, 0x77, 0x10, 0x0, 0x8b, 0x80, 0x4, 0x4,
    0x53, 0x80, 0x1b, 0x40, 0x39, 0x70, 0x80, 0x39,
    0x99, 0x60, 0x19, 0x5b, 0x4, 0x3, 0xa9, 0x58,
    0x3, 0x42, 0xc8, 0x7, 0xe, 0x30, 0x7, 0x54,
    0x3, 0x80, 0x62, 0x8, 0x0, 0xc2, 0x56, 0x40,
    0x19, 0xb8, 0xc0, 0x21, 0x9d, 0x34, 0x0, 0x2e,
    0xdd, 0x58, 0x2, 0x38, 0xb6, 0x4, 0x12, 0xeb,
    0x50, 0x2, 0x3a, 0xb2, 0x0, 0x93, 0xdc, 0x3,
    0xad, 0x40, 0x3c, 0x20, 0x44, 0x30, 0x70, 0x1,
    0x14, 0xc0, 0x19, 0x77, 0xc, 0xc0, 0x4, 0xdd,
    0x15, 0x80, 0x4f, 0xfe, 0xc0, 0x9, 0xbf, 0xdc,
    0x60,

    /* U+800C "而" */
    0x2f, 0xff, 0xfe, 0x11, 0x96, 0x67, 0x81, 0x73,
    0x3c, 0x60, 0x67, 0xc2, 0x12, 0x67, 0xe0, 0x8,
    0x8b, 0x50, 0x9, 0x16, 0x30, 0x9, 0x77, 0x73,
    0x86, 0xef, 0x63, 0x0, 0x43, 0xfe, 0x65, 0xff,
    0x24, 0x7f, 0x88, 0x3, 0xff, 0xfe, 0x1, 0xff,
    0xd6, 0x11, 0x0, 0x7e, 0xfd, 0x0, 0x19, 0x67,
    0x2, 0x0, 0x17, 0x80, 0xc, 0xe0, 0x8, 0x5d,
    0xfd, 0x20,

    /* U+8010 "耐" */
    0x3f, 0xff, 0xc0, 0x11, 0x78, 0x0, 0xf7, 0x60,
    0x8d, 0xd8, 0x3, 0xf1, 0x10, 0x0, 0xe4, 0x50,
    0x7, 0xe3, 0x48, 0x4, 0x42, 0x96, 0x77, 0x34,
    0x39, 0x43, 0xe5, 0x42, 0xed, 0x57, 0x17, 0x68,
    0xb, 0x70, 0x4, 0xc4, 0xc4, 0xc0, 0x22, 0xac,
    0xa, 0x40, 0x1f, 0xcd, 0x60, 0x1f, 0xfc, 0x26,
    0x54, 0x0, 0xff, 0xe1, 0x4f, 0x80, 0x7f, 0xf0,
    0x9b, 0x40, 0x3f, 0xf8, 0x42, 0xc0, 0x1f, 0xfc,
    0xb1, 0x31, 0x0, 0xe2, 0x60, 0xc, 0xee, 0x65,
    0x63, 0x9c, 0x0, 0x6d, 0xa8, 0x0,

    /* U+804A "聊" */
    0x0, 0xfe, 0x61, 0x0, 0xc9, 0xff, 0xc8, 0x37,
    0x63, 0x0, 0xca, 0x63, 0x44, 0x61, 0xd9, 0xa5,
    0xdf, 0xf0, 0xdb, 0x2a, 0xac, 0x15, 0xe8, 0x1,
    0xbc, 0x1, 0x19, 0x10, 0x3, 0x20, 0x81, 0x88,
    0x4, 0x9e, 0xa0, 0x1f, 0xfc, 0x7, 0xd7, 0x0,
    0xff, 0xe0, 0x8, 0xc0, 0x1f, 0xfc, 0x6, 0xe6,
    0x0, 0xc2, 0x20, 0xf, 0x3f, 0xb8, 0x7, 0xff,
    0x10, 0x97, 0x40, 0x3c, 0x54, 0xf6, 0xf1, 0x1,
    0x66, 0x0, 0x27, 0xd, 0x9d, 0xdc, 0x8f, 0xdc,
    0x5a, 0x0, 0x56, 0xe2, 0x54, 0x29, 0xf8, 0x5b,
    0x98, 0x0, 0xc4, 0x3, 0xe7, 0x29, 0x0, 0xff,
    0x43, 0xba, 0x40, 0x2e, 0x10, 0x0,

    /* U+8054 "联" */
    0x0, 0xfc, 0x60, 0x19, 0x0, 0x9, 0xff, 0xd8,
    0x1a, 0xa0, 0x7, 0x90, 0x3, 0x0, 0x1d, 0xc1,
    0x61, 0x16, 0x0, 0x9b, 0x0, 0x14, 0xa4, 0x40,
    0x18, 0x18, 0x88, 0xc6, 0xc0, 0x19, 0x88, 0x80,
    0xa, 0xe2, 0xd9, 0x2e, 0x90, 0x8, 0xbf, 0xc0,
    0x8, 0xdd, 0x3, 0x66, 0xd8, 0x4, 0x9b, 0xa0,
    0x1, 0x19, 0x8b, 0xcc, 0xc4, 0x1, 0x38, 0x88,
    0x0, 0x23, 0x10, 0x8, 0xc0, 0x11, 0xff, 0x80,
    0xbb, 0xa0, 0x9e, 0xe9, 0x0, 0x9, 0xdc, 0x2,
    0xff, 0x70, 0x27, 0xfc, 0x80, 0x1e, 0x31, 0x7,
    0x5, 0x0, 0xc3, 0xa9, 0x5a, 0x1a, 0xa1, 0x70,
    0x50, 0x1, 0x10, 0x3f, 0xf0, 0x72, 0x48, 0x3f,
    0x3a, 0x80, 0xe, 0xe1, 0x4c, 0x1, 0x2f, 0xe0,
    0x57, 0x50, 0x1, 0xf3, 0xa6, 0x10, 0x1, 0x31,
    0x8, 0x3, 0xbd, 0xb4, 0x80, 0x31, 0xe1, 0x0,

    /* U+805A "聚" */
    0x7, 0xff, 0x44, 0x3f, 0xcd, 0x99, 0xbe, 0x0,
    0xe, 0xb1, 0x13, 0x42, 0x3b, 0xe0, 0xf0, 0xd,
    0x19, 0x86, 0xf2, 0xca, 0xbf, 0x16, 0x0, 0xcf,
    0x98, 0x5f, 0x1e, 0xf9, 0xab, 0x10, 0xc, 0xf9,
    0x85, 0xf1, 0x98, 0x61, 0x60, 0xe, 0x7e, 0x80,
    0x75, 0x89, 0x88, 0x63, 0x80, 0xf2, 0xbc, 0xe8,
    0x17, 0x9e, 0x3b, 0xb3, 0x40, 0x7b, 0x31, 0xf8,
    0xe8, 0x22, 0x8d, 0xe7, 0xa0, 0xa, 0xff, 0xe1,
    0x64, 0xe9, 0xde, 0x11, 0x0, 0x51, 0xda, 0x6,
    0x80, 0xa4, 0x99, 0xc4, 0x0, 0x8d, 0x91, 0x98,
    0x20, 0xff, 0x77, 0xd9, 0x80, 0x23, 0x64, 0x7f,
    0xca, 0x98, 0x8c, 0xa2, 0x1, 0x4e, 0xe7, 0xfb,
    0x54, 0xa, 0xff, 0xd9, 0xca, 0x17, 0xfd, 0x26,
    0x1, 0xc7, 0x3b, 0x8a,

    /* U+8096 "肖" */
    0x33, 0x0, 0x5c, 0xa0, 0x12, 0x2b, 0x69, 0x0,
    0x78, 0x68, 0x95, 0xf8, 0x3, 0xda, 0xae, 0x12,
    0xe2, 0x1, 0x91, 0xe8, 0xf, 0x97, 0xf8, 0x6b,
    0xa9, 0x78, 0xc0, 0x73, 0x2d, 0xd6, 0x64, 0x1,
    0x8c, 0xff, 0x0, 0x6e, 0xef, 0xc0, 0x1b, 0xff,
    0xf0, 0x6, 0x33, 0xfc, 0x1, 0xbb, 0xbf, 0x0,
    0x6d, 0xdf, 0xc0, 0x1f, 0xc4, 0x50, 0x7, 0xf7,
    0xee, 0x90, 0xc0,

    /* U+80C6 "胆" */
    0x4, 0xff, 0xcc, 0x1f, 0xfe, 0x50, 0xd, 0xba,
    0x10, 0xb, 0x3b, 0xa2, 0x0, 0xc4, 0x58, 0x2,
    0x11, 0xc0, 0x1c, 0x45, 0x80, 0x3f, 0xf8, 0x3b,
    0xa1, 0x0, 0x98, 0x8a, 0x0, 0xe1, 0xee, 0x10,
    0x5, 0x7b, 0xb1, 0x0, 0x63, 0x11, 0x80, 0x2d,
    0xff, 0x88, 0x3, 0x12, 0xa8, 0xc0, 0x3f, 0xe1,
    0x9, 0x90, 0x7, 0xff, 0x0, 0xd7, 0x30, 0x60,
    0x16, 0xff, 0xc4, 0x1, 0x71, 0x0, 0x76, 0xef,
    0x94, 0x0, 0x7a, 0x1, 0xc4, 0x5e, 0x0, 0x95,
    0xc4, 0x80, 0x6, 0x7f, 0x81, 0x8, 0x8f, 0xa4,
    0xb9, 0x9f, 0x89, 0x34, 0x1b, 0xf8, 0xff, 0xff,
    0x10,

    /* U+80FD "能" */
    0x0, 0xff, 0xe3, 0xea, 0x80, 0x47, 0xe0, 0x1f,
    0x9c, 0x16, 0xdc, 0x3, 0x9b, 0x8, 0x0, 0x51,
    0xc1, 0xf0, 0x40, 0xa, 0xec, 0x82, 0x0, 0x68,
    0x67, 0xd0, 0x70, 0x3, 0xb9, 0x48, 0x1, 0x56,
    0xff, 0xbb, 0x94, 0x0, 0x40, 0xb, 0x8, 0x1a,
    0xa2, 0x2c, 0x41, 0x5, 0x44, 0x29, 0x98, 0x15,
    0x40, 0x11, 0x39, 0x3c, 0xc4, 0x26, 0x4, 0x2,
    0xaa, 0x80, 0x4, 0x99, 0x99, 0xc0, 0x22, 0xff,
    0x80, 0x2, 0x60, 0x3, 0xb4, 0x0, 0x93, 0x76,
    0x10, 0x9, 0xf3, 0x8d, 0x40, 0x24, 0xff, 0x84,
    0x3, 0x76, 0xc0, 0x80, 0x49, 0xff, 0x8, 0x4,
    0xe4, 0x0, 0x94, 0x0, 0xf8, 0x44, 0x4, 0x23,
    0x20, 0x7, 0x47, 0x12, 0x92, 0x6f, 0x74, 0x28,

    /* U+811A "脚" */
    0x7, 0xff, 0x94, 0x7, 0x80, 0x1d, 0xff, 0x8,
    0x1, 0xb8, 0xc0, 0x54, 0x48, 0x43, 0x34, 0x3,
    0x8, 0x98, 0x36, 0xc3, 0x60, 0x4, 0x80, 0x31,
    0xb, 0x7, 0x50, 0x65, 0x80, 0x7b, 0xd7, 0x8c,
    0x9, 0x4, 0xc8, 0x3, 0xde, 0xfe, 0xa0, 0x1f,
    0xfc, 0x1f, 0x0, 0x17, 0xf0, 0xfe, 0x80, 0x7b,
    0xf4, 0x9c, 0xb5, 0x11, 0xbe, 0x1, 0xe1, 0x5d,
    0x20, 0x27, 0xe5, 0x20, 0xf, 0xab, 0xd4, 0x0,
    0x4b, 0x42, 0x1, 0xe2, 0x60, 0x9, 0x50, 0x15,
    0xc1, 0x94, 0x4, 0x18, 0x80, 0x2a, 0x7c, 0x7b,
    0x1, 0x97, 0x1, 0x31, 0x1, 0x5, 0x9e, 0xe5,
    0x3, 0xe4, 0x1, 0x38, 0x7b, 0x3d, 0x21, 0xb,
    0x80, 0x70,

    /* U+81EA "自" */
    0x0, 0xe4, 0x20, 0xf, 0xf5, 0x20, 0x7, 0x9,
    0x9c, 0xe2, 0x46, 0x78, 0x9f, 0x32, 0x80, 0xbc,
    0xcd, 0x0, 0x5f, 0xff, 0x98, 0x3, 0xff, 0x84,
    0x5f, 0xff, 0x98, 0x2, 0xcc, 0xfc, 0x60, 0x2,
    0x33, 0xfc, 0xa0, 0x3, 0x22, 0xfe, 0x0, 0xe,
    0xef, 0xe4, 0x0, 0x17, 0xff, 0xe6, 0x0, 0xff,
    0xe1, 0x17, 0xff, 0xe6, 0x0, 0xe, 0x67, 0xe4,
    0x6, 0xf3, 0x3f, 0xd7, 0x40,

    /* U+822C "般" */
    0x0, 0xd4, 0x20, 0x1f, 0xfc, 0x14, 0x71, 0x0,
    0x17, 0xfe, 0x90, 0x8, 0x7e, 0xcb, 0xfc, 0x40,
    0xf, 0xf3, 0x0, 0x7b, 0xfe, 0x0, 0x8, 0x80,
    0x2, 0x1, 0xe4, 0x90, 0x9, 0x48, 0x3, 0xf9,
    0x10, 0x60, 0xd1, 0x40, 0xc, 0x6e, 0x50, 0xd,
    0xe6, 0xd, 0x6c, 0x0, 0x4f, 0xe5, 0x3f, 0xc,
    0xec, 0x0, 0x4e, 0xee, 0xf7, 0x2, 0x80, 0x88,
    0x80, 0xc, 0x33, 0x30, 0x8, 0xa, 0x8b, 0xe2,
    0x0, 0x24, 0xd1, 0xc, 0xe, 0x0, 0x72, 0x35,
    0x10, 0x1, 0xa4, 0x84, 0x30, 0x80, 0xd, 0x82,
    0xc8, 0x2, 0xa6, 0xc4, 0x80, 0xb, 0x74, 0xc,
    0x60, 0x10, 0x99, 0x88, 0x40, 0x24, 0x40, 0x8,
    0x80, 0x9, 0x83, 0x25, 0xac, 0x4, 0x66, 0xd,
    0xe3, 0x1a, 0xbd, 0x6e, 0xad, 0x2, 0xd0, 0x6,
    0x7e, 0x1f, 0x38, 0x4, 0xf6, 0x0,

    /* U+826F "良" */
    0x0, 0xe6, 0x30, 0xf, 0xfe, 0x7, 0xc0, 0x7,
    0xc5, 0xff, 0x99, 0x3f, 0xf1, 0x80, 0x6d, 0xee,
    0xf8, 0x1c, 0x3, 0x18, 0x8f, 0xc0, 0x1e, 0xef,
    0xff, 0x80, 0x3d, 0xdf, 0xff, 0x0, 0x78, 0xc4,
    0x7e, 0x0, 0xf6, 0xf7, 0x7c, 0xe, 0x1, 0xbb,
    0xf4, 0x37, 0xfe, 0xd9, 0x10, 0xe, 0x27, 0xf0,
    0x3, 0x69, 0x88, 0x7, 0xa1, 0xbf, 0xaf, 0x24,
    0x3, 0xe2, 0xb2, 0x1b, 0x30, 0x9, 0x81, 0xab,
    0xb4, 0x36, 0x65, 0xae, 0x41, 0x61, 0x7b, 0xaf,
    0x0, 0x37, 0xd5, 0x3c, 0x37, 0xb1, 0xcc, 0x3,
    0x9f, 0x74, 0x0,

    /* U+8272 "色" */
    0x0, 0xe2, 0x30, 0xf, 0xfe, 0x17, 0xd8, 0x7,
    0xff, 0x6, 0x49, 0xff, 0xf0, 0x80, 0x7d, 0xf,
    0x9f, 0xf1, 0xa8, 0x80, 0x7a, 0x9e, 0xc4, 0x89,
    0x65, 0x4, 0x41, 0x0, 0xe, 0xa8, 0x56, 0xec,
    0x83, 0xbb, 0x58, 0x0, 0x52, 0x87, 0xfe, 0xb1,
    0xff, 0x98, 0x3, 0x48, 0x80, 0x7f, 0xf5, 0x7,
    0xfe, 0xb1, 0xff, 0x98, 0x3, 0xed, 0xdf, 0xca,
    0x40, 0x1c, 0x24, 0x5f, 0xaa, 0x14, 0x3, 0xff,
    0x84, 0x34, 0x40, 0x6, 0x14, 0x11, 0xf8, 0xa0,
    0x48, 0x0, 0x4f, 0x5d, 0xdf, 0x6a, 0x50, 0x0,

    /* U+8282 "节" */
    0x0, 0xcb, 0xc0, 0x1b, 0x94, 0x3, 0xb7, 0x6a,
    0x1d, 0xdc, 0x35, 0xbb, 0x8, 0x4c, 0xcc, 0x13,
    0x38, 0x16, 0x66, 0x10, 0x44, 0xb0, 0x51, 0x30,
    0xfa, 0x24, 0x1, 0xcb, 0x80, 0x1b, 0x14, 0x3,
    0x92, 0xee, 0x9b, 0xbd, 0x37, 0xee, 0x1, 0x3e,
    0x64, 0x28, 0x79, 0x98, 0x34, 0x2, 0x37, 0x7a,
    0x2, 0x1d, 0xf3, 0x0, 0x7f, 0xf8, 0x4, 0x88,
    0x66, 0x0, 0xff, 0x9b, 0x74, 0xb8, 0x1, 0xff,
    0x3f, 0x73, 0xd4, 0x3, 0xff, 0x80, 0x22, 0x0,
    0xc0,

    /* U+82B1 "花" */
    0x0, 0xef, 0x40, 0xa, 0xa0, 0x3, 0xbf, 0xf0,
    0x5f, 0xfc, 0xaf, 0xff, 0x0, 0x33, 0x30, 0x3e,
    0x64, 0x49, 0x99, 0x0, 0xc, 0xf3, 0x51, 0x9d,
    0x7c, 0x67, 0x0, 0x72, 0x39, 0x82, 0xf3, 0x28,
    0x7, 0xea, 0x71, 0x0, 0xf4, 0x8, 0x6, 0xc1,
    0x90, 0xe, 0x4d, 0x53, 0x0, 0xa4, 0xc0, 0x38,
    0x6e, 0xcb, 0xa4, 0x0, 0xb7, 0x70, 0x80, 0xa,
    0xc0, 0xba, 0x0, 0x37, 0x66, 0x80, 0x23, 0x40,
    0x12, 0x20, 0x1c, 0xa4, 0x1, 0x57, 0x58, 0x80,
    0x65, 0x10, 0xf, 0x10, 0x80, 0x7a, 0x10, 0x3,
    0xf0, 0x88, 0xc8, 0x86, 0x4e, 0x1, 0xf9, 0xf,
    0x37, 0x58, 0xa4,

    /* U+82CF "苏" */
    0x0, 0x93, 0x80, 0x37, 0x20, 0x6, 0xdf, 0xf5,
    0x8f, 0xfe, 0x1b, 0xff, 0x70, 0x7e, 0xea, 0x3,
    0x77, 0x4, 0x6e, 0xb0, 0x8, 0xa3, 0x23, 0x52,
    0x28, 0xc8, 0xa0, 0xc, 0x9a, 0x52, 0x0, 0xd4,
    0x0, 0xe9, 0xdd, 0xb0, 0x77, 0x6f, 0x50, 0xd,
    0xb1, 0x11, 0x84, 0x44, 0x6, 0x1, 0x91, 0xd5,
    0x67, 0x55, 0x80, 0x6, 0x1, 0xb1, 0x1, 0x30,
    0x0, 0x21, 0xda, 0x1, 0x41, 0x21, 0x92, 0x0,
    0xc, 0x2d, 0x5c, 0x15, 0xf8, 0x3d, 0xc0, 0x21,
    0x1, 0xf9, 0x7, 0xb2, 0xa1, 0x80, 0x9, 0x80,
    0x92, 0xc0, 0x87, 0x5b, 0x0, 0x2, 0x18, 0x40,
    0x5, 0x5, 0xba, 0xc1, 0x0, 0x7f, 0x9e, 0x0,
    0x32, 0xf3, 0x80, 0x6e, 0xfe, 0x50, 0xc,

    /* U+8349 "草" */
    0x2, 0x2a, 0x34, 0x8b, 0x7b, 0x11, 0x41, 0xbb,
    0x39, 0x6e, 0xe0, 0x9d, 0xd8, 0x3f, 0xe9, 0x4f,
    0xfc, 0x37, 0xff, 0x0, 0xf, 0x61, 0x37, 0x70,
    0xd6, 0x90, 0x6, 0x3f, 0xec, 0xcd, 0xde, 0x42,
    0x1, 0xff, 0xc7, 0x1c, 0xcf, 0xc0, 0x1e, 0x1d,
    0xdf, 0xc0, 0x1e, 0x1f, 0xff, 0xc0, 0x1c, 0x7f,
    0xf8, 0xab, 0xff, 0x18, 0xa, 0x27, 0x8b, 0x11,
    0x38, 0xd6, 0x67, 0xc0, 0xd3, 0x3d, 0xe9, 0xbb,
    0xe2, 0xad, 0xde, 0xc0, 0xf, 0xfe, 0x18,

    /* U+83B7 "获" */
    0x2, 0x2a, 0x3c, 0x8b, 0x7b, 0x91, 0x40, 0xd,
    0xd9, 0xc3, 0x77, 0x4, 0x6e, 0xc2, 0x1f, 0xf4,
    0x87, 0xfe, 0x2a, 0xff, 0x84, 0x9, 0xc1, 0x50,
    0x2, 0x20, 0x66, 0x0, 0x63, 0xcd, 0xd1, 0x80,
    0x42, 0x65, 0x54, 0x0, 0x84, 0xc8, 0x90, 0x1,
    0x8c, 0x70, 0x48, 0x7, 0x8a, 0x48, 0x37, 0x6c,
    0x2d, 0xd3, 0x78, 0x8b, 0xe9, 0x4, 0xa6, 0x64,
    0xb, 0x99, 0x84, 0x4, 0x5c, 0xc, 0x89, 0x8,
    0x1, 0x12, 0x0, 0x1e, 0x59, 0x88, 0x4, 0xad,
    0x60, 0x18, 0x76, 0x1c, 0x4, 0x1, 0x25, 0x20,
    0xc0, 0x10, 0xf2, 0x81, 0x38, 0x2b, 0x48, 0x4c,
    0x8c, 0x3, 0xa, 0x9, 0xbd, 0x42, 0x2, 0x3e,
    0x30, 0x0, 0x7a, 0xe1, 0x26, 0x9c, 0x2, 0x89,
    0xa0, 0x0, 0xff, 0x9d, 0x39, 0x40, 0x39, 0xb0,
    0x0,

    /* U+83DC "菜" */
    0x1, 0x19, 0xbc, 0x47, 0x7b, 0x8, 0xc0, 0xe,
    0xea, 0x43, 0xbb, 0x4, 0xf7, 0x42, 0x1f, 0xf5,
    0x8f, 0xfe, 0xb, 0xff, 0x84, 0x0, 0x44, 0x9,
    0x56, 0x89, 0x3a, 0xf8, 0x0, 0x97, 0x31, 0x37,
    0xd8, 0x3d, 0x3b, 0xd2, 0x1, 0x2d, 0xd6, 0xe7,
    0x4, 0xba, 0x9b, 0x60, 0x6, 0x1a, 0x10, 0x45,
    0x30, 0x0, 0xc4, 0x80, 0x64, 0x57, 0x1, 0x50,
    0xa, 0xdd, 0x0, 0x22, 0x24, 0xa1, 0x11, 0x6c,
    0x89, 0x14, 0x44, 0x1, 0xdd, 0xf0, 0x3e, 0xef,
    0x88, 0x7f, 0xf3, 0x10, 0x20, 0xdf, 0xfe, 0x20,
    0x9, 0xb8, 0xf4, 0x77, 0x53, 0x88, 0x1, 0xc,
    0xf5, 0xd5, 0x0, 0x23, 0xda, 0xa7, 0x48, 0x8d,
    0x5a, 0x80, 0x1e, 0x6e, 0xae, 0x10,

    /* U+84DD "蓝" */
    0x1, 0x19, 0x7c, 0x47, 0x7c, 0x8, 0xc0, 0xe,
    0xea, 0x83, 0xbb, 0x3, 0xf7, 0x44, 0x1f, 0xf6,
    0x17, 0xfe, 0x28, 0xff, 0x88, 0x0, 0xa2, 0x68,
    0x60, 0xe, 0xe3, 0x80, 0x7a, 0xc8, 0x11, 0x81,
    0x7, 0x3f, 0xe9, 0x0, 0xfe, 0xf7, 0xc7, 0xee,
    0x48, 0x7, 0xe5, 0x54, 0x92, 0xb8, 0x80, 0x7f,
    0xd, 0x8, 0xa6, 0x42, 0x1, 0xbc, 0xc2, 0xdd,
    0x10, 0x0, 0x49, 0x0, 0xe6, 0xff, 0x4e, 0xff,
    0xf4, 0xe8, 0x7, 0x2f, 0xf0, 0x7f, 0x87, 0x7e,
    0x84, 0x3, 0xe1, 0x0, 0xc6, 0x1, 0xc2, 0xb4,
    0xaa, 0x60, 0x55, 0xb, 0x2f, 0x12, 0x92, 0xd1,
    0x5, 0x48, 0x55, 0x2, 0x29, 0x2, 0xa8,

    /* U+8584 "薄" */
    0xf, 0xff, 0xfe, 0x11, 0x7, 0xfd, 0x61, 0xff,
    0x8e, 0x2f, 0xfc, 0x40, 0x4, 0x6, 0x50, 0x9,
    0x4, 0xfb, 0x4, 0x0, 0x53, 0x80, 0x53, 0x35,
    0x96, 0x99, 0x50, 0x81, 0x6d, 0xad, 0xee, 0xc6,
    0x5b, 0xaa, 0xf1, 0x1, 0x7, 0x72, 0xd4, 0x40,
    0xca, 0x21, 0x58, 0x0, 0xcc, 0x18, 0x8, 0xaa,
    0x82, 0x15, 0x41, 0x0, 0xb6, 0xf8, 0x2, 0x22,
    0x18, 0x91, 0x4, 0x3, 0x3e, 0x80, 0x5f, 0xe2,
    0x1f, 0xf0, 0x80, 0x73, 0x9, 0x2d, 0xda, 0xa6,
    0xa, 0x38, 0x2, 0x19, 0x7b, 0x4e, 0xe5, 0xc6,
    0x34, 0xc1, 0x80, 0x29, 0x99, 0xd0, 0x7b, 0xdc,
    0xa2, 0xee, 0x18, 0x2a, 0xa0, 0x0, 0xd7, 0xa0,
    0x10, 0x80, 0x62, 0x81, 0x0, 0x9b, 0xc3, 0xa9,
    0x40, 0x33, 0xb0, 0x7, 0x8, 0x77, 0xc8, 0x4,

    /* U+85B0 "薰" */
    0xe, 0xed, 0xfe, 0xee, 0xbf, 0xdd, 0xd0, 0x3,
    0xbb, 0x26, 0xf7, 0x4f, 0xbd, 0xd0, 0x4, 0x4a,
    0xae, 0x47, 0x74, 0xc, 0x5b, 0x0, 0x71, 0x9e,
    0xe8, 0xba, 0x8b, 0x60, 0x9, 0xa7, 0x76, 0xe6,
    0x8, 0x84, 0xdd, 0xc8, 0xd, 0x22, 0x3c, 0x2,
    0x38, 0xad, 0x0, 0xc, 0xca, 0xb, 0xa1, 0xa0,
    0xb9, 0x70, 0xf, 0xb1, 0xc0, 0x6, 0x42, 0x1,
    0xe6, 0x65, 0x66, 0x28, 0x64, 0xaa, 0x5c, 0x3,
    0x50, 0x7, 0xf8, 0xdc, 0x2, 0xa8, 0x8e, 0x8,
    0x8e, 0x50, 0x6, 0xff, 0xf4, 0x87, 0xff, 0x98,
    0x36, 0x3, 0x7c, 0x3f, 0xc3, 0xb8, 0x17, 0xac,
    0x13, 0x52, 0x4, 0x44, 0x6, 0x60, 0xee, 0x50,
    0x2, 0x35, 0x0, 0x1a, 0x81, 0x6c, 0x0, 0xa9,
    0x0,

    /* U+864E "虎" */
    0x0, 0xfa, 0xe4, 0x3, 0xff, 0x84, 0xcc, 0xff,
    0xd8, 0x1, 0xc2, 0x3c, 0xdd, 0xdb, 0x44, 0x2,
    0xce, 0xff, 0x8d, 0xbf, 0xf7, 0x70, 0x80, 0x28,
    0xee, 0x92, 0x3b, 0x99, 0x88, 0x32, 0x0, 0xcd,
    0x34, 0x91, 0xdb, 0xca, 0x7e, 0x1, 0x84, 0xf3,
    0x89, 0xfb, 0x71, 0xdb, 0x80, 0x39, 0x54, 0x94,
    0xfd, 0xdb, 0x5c, 0x2, 0x13, 0x0, 0xb, 0x76,
    0x6f, 0xfb, 0xa8, 0x2, 0x31, 0x2, 0xee, 0xb7,
    0x8, 0x44, 0x1, 0x85, 0x80, 0x2f, 0xf8, 0x3,
    0xe4, 0x12, 0x4, 0x20, 0xf, 0xa8, 0x83, 0x50,
    0x12, 0x2c, 0x2, 0x17, 0x11, 0x28, 0x83, 0xcd,
    0x5c, 0x30, 0x4, 0xf7, 0xdc, 0x33, 0x7, 0x9d,
    0xfb, 0x0, 0x69, 0xff, 0xb0, 0x0,

    /* U+86C7 "蛇" */
    0x0, 0xff, 0xe3, 0xf1, 0x0, 0x75, 0xb8, 0x7,
    0xff, 0xb, 0xe4, 0x40, 0x35, 0xc8, 0xcc, 0x9e,
    0xbf, 0xa8, 0x3f, 0xbc, 0x41, 0x38, 0xc, 0x68,
    0x27, 0xbb, 0x78, 0x6, 0x72, 0x9a, 0x2, 0x5,
    0x0, 0x84, 0xc4, 0x3, 0xe8, 0x5b, 0x0, 0x87,
    0x0, 0x3f, 0xf8, 0x2d, 0xc8, 0x1, 0x79, 0x76,
    0x80, 0x64, 0xda, 0xc4, 0x0, 0x17, 0x6, 0x76,
    0x0, 0x6, 0x21, 0x86, 0x1, 0x68, 0x8c, 0xf2,
    0x1, 0x62, 0x80, 0x7f, 0x3b, 0x0, 0x4, 0x3,
    0x28, 0x81, 0xb0, 0xfe, 0x9, 0x80, 0x7a, 0x55,
    0xb2, 0xd6, 0xa5, 0x90, 0x46, 0x0, 0x9, 0xab,
    0x7e, 0xd3, 0xa5, 0xa9, 0x27, 0x7f, 0xb9, 0x44,

    /* U+874E "蝎" */
    0x0, 0xbc, 0x2, 0xdf, 0xee, 0xde, 0x60, 0x1f,
    0xb3, 0xbb, 0x8, 0x3, 0xf0, 0x32, 0xc0, 0x1d,
    0x99, 0x84, 0x2, 0xb0, 0xb5, 0x0, 0x4e, 0xee,
    0x10, 0x9, 0xc9, 0x80, 0x21, 0x33, 0xc0, 0x1f,
    0xcf, 0x5d, 0xd8, 0x84, 0x3, 0xed, 0x9, 0x9d,
    0x4c, 0x0, 0xc2, 0xd0, 0x4, 0x29, 0x66, 0x95,
    0xc8, 0x2, 0x3, 0xf6, 0xe2, 0x9c, 0x35, 0xed,
    0x83, 0x90, 0x6, 0xe3, 0x40, 0x98, 0xc0, 0x44,
    0x2, 0x0, 0x26, 0x35, 0x3f, 0xac, 0xaf, 0x30,
    0x0, 0x82, 0x89, 0x83, 0x2b, 0x4e, 0x8, 0x8f,
    0xb1, 0x74, 0xd1, 0x7c, 0xa6, 0x58, 0x5c, 0x7d,
    0xb5, 0x1a, 0xd5, 0x5b, 0x9d, 0x9c, 0x3, 0x84,
    0x40, 0x19, 0x37, 0x42,

    /* U+87F9 "蟹" */
    0x0, 0x12, 0x80, 0x7f, 0xf0, 0xbe, 0xb3, 0xd8,
    0x22, 0xbf, 0xaa, 0xfc, 0x1, 0x3, 0xd6, 0x4e,
    0x11, 0xc5, 0xd5, 0xe4, 0x4, 0xe7, 0x50, 0x3d,
    0x31, 0x3e, 0x13, 0x25, 0x2, 0xd0, 0xd0, 0xa3,
    0x36, 0x9, 0x67, 0xfa, 0x0, 0x2, 0x1, 0xe2,
    0x3d, 0x39, 0xfd, 0x10, 0x40, 0xc0, 0xc3, 0x11,
    0x76, 0x96, 0x6e, 0x84, 0x2e, 0x2c, 0x21, 0xca,
    0xff, 0x8b, 0x3b, 0x82, 0x40, 0xe3, 0x4e, 0x65,
    0xfd, 0xc2, 0xce, 0xe0, 0x96, 0x15, 0xf7, 0x1,
    0x32, 0xec, 0xd0, 0x60, 0x19, 0x9e, 0x22, 0x7,
    0x88, 0x7a, 0x30, 0x7, 0x8c, 0xe2, 0xe3, 0x33,
    0x0, 0x79, 0xc7, 0x76, 0x29, 0xdd, 0x79, 0x8,
    0x6, 0x3d, 0xdc, 0x75, 0xba, 0xb2, 0x0, 0xd1,
    0xba, 0xee, 0x8e, 0xb7, 0x28, 0x2d, 0x40, 0x11,
    0x9b, 0xdd, 0x7f, 0xb7, 0x31, 0xfa, 0xe0,

    /* U+884C "行" */
    0x0, 0x8b, 0x8, 0x3, 0xff, 0x80, 0x3e, 0xa4,
    0x1f, 0xff, 0x68, 0x0, 0xb1, 0xa4, 0x1, 0xbb,
    0xf7, 0x81, 0x63, 0x58, 0x8, 0x11, 0x7e, 0x2,
    0x6b, 0xa, 0xd0, 0xf, 0xfa, 0x1, 0x55, 0xc2,
    0x45, 0xf8, 0x2, 0x4a, 0x62, 0xdd, 0xfe, 0x40,
    0x4b, 0xd, 0xc, 0xff, 0xd4, 0x5f, 0xe4, 0x45,
    0xb8, 0x80, 0x7f, 0xf0, 0x16, 0x60, 0x3, 0xff,
    0x82, 0x2c, 0x1, 0xff, 0xeb, 0x22, 0x80, 0x3f,
    0xf8, 0x3b, 0xa8, 0xa0, 0xf, 0x72, 0x0, 0x6f,
    0xf9, 0xc0, 0x20,

    /* U+8868 "表" */
    0x0, 0xfb, 0x94, 0x3, 0xf4, 0xff, 0xf0, 0xd7,
    0xff, 0x10, 0x2, 0x7f, 0xf8, 0x2b, 0xff, 0x88,
    0x2, 0xad, 0xdc, 0x15, 0xbb, 0x98, 0x3, 0x5f,
    0xfe, 0x8, 0xff, 0xce, 0x1, 0x84, 0x8b, 0x9,
    0x17, 0x8, 0x0, 0xff, 0xfc, 0x35, 0xff, 0xd4,
    0x7, 0xff, 0x9c, 0x24, 0x3b, 0xfe, 0xda, 0x0,
    0xc5, 0xab, 0xac, 0x92, 0x0, 0x9f, 0x0, 0x8e,
    0xb4, 0xa0, 0x82, 0x5d, 0x6d, 0x70, 0x0, 0xb8,
    0x1a, 0x20, 0x11, 0x45, 0x16, 0x8, 0x1, 0x7a,
    0x88, 0x3, 0x1b, 0x34, 0xa0, 0x18, 0x40, 0x3,
    0xf5, 0xda, 0x53, 0x2a, 0xc5, 0x0, 0xce, 0xa,
    0x5b, 0xc6, 0xd, 0xcb, 0xe0, 0x19, 0xaf, 0xe0,
    0xc0, 0x30, 0xcd, 0x0,

    /* U+88AB "被" */
    0x0, 0x34, 0x0, 0x7b, 0x8c, 0x3, 0xcc, 0xc2,
    0x0, 0x21, 0x98, 0x54, 0xcc, 0x80, 0x9b, 0xa3,
    0xd9, 0x3b, 0xee, 0x4, 0xf6, 0xd8, 0xac, 0xcc,
    0x1c, 0x3, 0xba, 0x1c, 0xdb, 0x21, 0x12, 0x21,
    0xc5, 0xc0, 0x3e, 0xc5, 0x0, 0xdd, 0x4, 0x1,
    0xf5, 0xc8, 0x4, 0xe4, 0x9e, 0xa3, 0xfe, 0x1c,
    0xfd, 0x70, 0x2, 0x40, 0x6f, 0x11, 0x55, 0xdd,
    0x2, 0x1, 0xdb, 0x83, 0x59, 0x34, 0x48, 0x8a,
    0x50, 0x80, 0x62, 0x82, 0x47, 0x89, 0x41, 0x89,
    0xe0, 0x0, 0x4e, 0x1, 0x4a, 0x60, 0x74, 0xec,
    0x18, 0x7, 0xc2, 0x68, 0x2, 0x1, 0xff, 0x5a,
    0x9c, 0xe4, 0xe5, 0x6b, 0x0, 0x78, 0xee, 0x43,
    0x98, 0xf6, 0xe8, 0x40,

    /* U+8981 "要" */
    0xe, 0xff, 0xff, 0xe0, 0x70, 0x3, 0xfb, 0xa5,
    0x4e, 0xe0, 0xc7, 0x75, 0xe0, 0x1, 0x0, 0xff,
    0xe0, 0x8, 0x0, 0x7b, 0xfc, 0xa9, 0xfe, 0x18,
    0xff, 0x71, 0x80, 0x6e, 0xe3, 0xb7, 0x70, 0xeb,
    0xb8, 0x1, 0xff, 0xca, 0xff, 0x3b, 0x7f, 0x8e,
    0xbf, 0xc0, 0x18, 0x7f, 0xed, 0xd, 0xff, 0xf1,
    0x81, 0x7f, 0xed, 0xd, 0xff, 0xf8, 0x89, 0xdd,
    0x28, 0xef, 0x74, 0xa3, 0xdd, 0x10, 0x8, 0xa9,
    0x64, 0xc4, 0x4e, 0xba, 0x23, 0x0, 0x6c, 0x5c,
    0xef, 0xf4, 0xc8, 0xc0, 0x3c, 0x29, 0x84, 0x40,
    0x1, 0xce, 0xca, 0x0, 0x59, 0xdc, 0xce, 0x9f,
    0xf6, 0x7c, 0x85, 0xa8, 0x3, 0x3f, 0x69, 0xd0,
    0x3, 0x24, 0xfa, 0x80,

    /* U+89C1 "见" */
    0x0, 0x17, 0xff, 0xf8, 0x80, 0x3d, 0x79, 0x9e,
    0xa0, 0xf, 0xca, 0x66, 0x1, 0x33, 0x38, 0x7,
    0xfd, 0xea, 0x1, 0xff, 0xc2, 0x11, 0x0, 0x7f,
    0xf0, 0x8c, 0xc0, 0x1f, 0xfc, 0x21, 0x10, 0x7,
    0xff, 0x4, 0x80, 0x2, 0x1, 0xff, 0xc0, 0x71,
    0xf6, 0x0, 0xfc, 0x5a, 0x21, 0xc8, 0x1, 0x16,
    0x90, 0x7, 0x10, 0x22, 0x24, 0x3, 0x10, 0x58,
    0x80, 0x64, 0xb7, 0x30, 0xf, 0x20, 0x4, 0x75,
    0x6f, 0x0, 0xe, 0x11, 0x94, 0x44, 0x1b, 0x83,
    0x90, 0x0, 0xf7, 0xee, 0xaa, 0x40, 0x1d, 0xcb,
    0x30, 0x9, 0x3b, 0xff, 0x38, 0x0,

    /* U+89E3 "解" */
    0x0, 0xd, 0x0, 0x7f, 0xf0, 0x9c, 0x3, 0xf,
    0xff, 0xc2, 0x0, 0xa5, 0xff, 0x50, 0xcc, 0x81,
    0xe6, 0x0, 0x40, 0xcb, 0xfc, 0x5e, 0xc, 0xa3,
    0xc, 0xa0, 0x16, 0x8b, 0x51, 0x69, 0x87, 0xc8,
    0x1, 0xc8, 0xc, 0x40, 0xd6, 0x92, 0xb0, 0x1e,
    0x36, 0xa8, 0x7, 0x66, 0xa2, 0xb6, 0x35, 0x21,
    0xd3, 0xee, 0x1, 0x1c, 0x8c, 0xc0, 0x3d, 0x85,
    0x8, 0x7, 0xb0, 0x30, 0xc1, 0xc7, 0xce, 0xbf,
    0xc2, 0x0, 0x45, 0x15, 0xb0, 0xba, 0xe1, 0x8e,
    0xe0, 0x80, 0xa4, 0xc, 0x48, 0x5a, 0x89, 0x10,
    0x44, 0x0, 0x21, 0xe0, 0xe2, 0x9, 0xff, 0x1d,
    0x7f, 0x88, 0x3a, 0x18, 0x5a, 0xc3, 0xba, 0x18,
    0xee, 0x10, 0x22, 0x0, 0x2f, 0x1, 0x18, 0x88,
    0x22, 0x3, 0x62, 0x8, 0xb6, 0xc0, 0xf, 0xc7,
    0x60, 0x6, 0xbe, 0x40, 0xb, 0x14, 0x2,

    /* U+8BA1 "计" */
    0x0, 0x2b, 0x0, 0x7b, 0xd0, 0x3, 0xcd, 0x10,
    0x0, 0xff, 0xe0, 0x9e, 0x32, 0x0, 0x7f, 0xf0,
    0x4b, 0xd0, 0x3, 0xfc, 0x2c, 0xca, 0x20, 0x22,
    0xc0, 0x45, 0x80, 0xaa, 0x8a, 0x83, 0xbb, 0x82,
    0x77, 0x65, 0x3c, 0xc2, 0x0, 0xf7, 0x60, 0x9e,
    0xe9, 0x40, 0x3c, 0x23, 0x80, 0x84, 0x60, 0xf,
    0xfe, 0xd3, 0x48, 0x7, 0xff, 0x1, 0x62, 0xe8,
    0x3, 0xfe, 0x41, 0x2d, 0x30, 0xf, 0xf9, 0x1f,
    0x40, 0x3f, 0xe0,

    /* U+8BA4 "认" */
    0x0, 0x31, 0x80, 0x72, 0x78, 0x7, 0xec, 0x50,
    0xe, 0x10, 0xf, 0x9a, 0xac, 0x40, 0x3f, 0xf8,
    0x2b, 0xe2, 0x1, 0x8, 0x7, 0x84, 0xcc, 0xa0,
    0x1c, 0x42, 0x1, 0xcd, 0x98, 0xa7, 0x0, 0xdc,
    0x1, 0xe7, 0xff, 0x18, 0x7, 0xc4, 0x1, 0xff,
    0xc1, 0x50, 0x40, 0xf, 0xfe, 0x9, 0xae, 0x80,
    0x7f, 0xf0, 0xc, 0x21, 0x4, 0x3, 0xf2, 0xb8,
    0x4a, 0x92, 0x48, 0x7, 0x8a, 0x6d, 0xd, 0x64,
    0x21, 0xc8, 0x3, 0x20, 0x97, 0x96, 0xb1, 0x81,
    0xb7, 0x88, 0x6, 0x5d, 0x1c, 0x59, 0x0, 0xa5,
    0xbc, 0x2, 0x4a, 0x0, 0x75, 0x80, 0x75, 0xe8,
    0x0,

    /* U+8BA9 "让" */
    0x0, 0x33, 0x0, 0x39, 0xb4, 0x3, 0xe5, 0x88,
    0x0, 0x7f, 0xf0, 0x4f, 0x19, 0x0, 0x3f, 0xf8,
    0x25, 0xc8, 0x1, 0xfe, 0x16, 0x65, 0x10, 0x7,
    0x11, 0x60, 0x1, 0x55, 0x15, 0x0, 0x3d, 0xbb,
    0x28, 0x1e, 0x60, 0xc0, 0x3c, 0x5f, 0xf2, 0x80,
    0x7f, 0xfa, 0xa2, 0xc0, 0x3f, 0xf8, 0x7, 0x2b,
    0x20, 0x1f, 0xf3, 0x1, 0xf5, 0xcc, 0xc5, 0x33,
    0x94, 0x2, 0x1c, 0x76, 0x68, 0x0, 0xcd, 0xb4,
    0x0, 0xdc, 0x9, 0xff, 0xfd, 0x0,

    /* U+8BB0 "记" */
    0x0, 0x5a, 0x0, 0x4, 0xcf, 0xe0, 0xd, 0xb6,
    0x80, 0xd9, 0x9f, 0x18, 0x4, 0xd3, 0x40, 0xff,
    0xfe, 0x0, 0xf3, 0x78, 0x7, 0xfc, 0x4c, 0xcb,
    0x30, 0xf, 0xf9, 0xaa, 0x88, 0xe0, 0x2, 0x11,
    0xe0, 0x9, 0x33, 0x4, 0x0, 0x3d, 0xee, 0xe0,
    0xf, 0xfb, 0xbb, 0x80, 0x40, 0x3f, 0x84, 0x7b,
    0xc8, 0x3, 0xff, 0x94, 0xae, 0x1, 0xf4, 0x8,
    0x4, 0x75, 0x62, 0x1, 0xf3, 0x90, 0x1, 0x4,
    0x5e, 0xe0, 0x84, 0x59, 0x40, 0x80, 0x23, 0xe1,
    0x25, 0xbd, 0xdd, 0x50, 0x20,

    /* U+8BB8 "许" */
    0x0, 0xf8, 0xa0, 0x3, 0xfb, 0x1c, 0x2, 0x54,
    0x0, 0xfe, 0xe9, 0x80, 0x6, 0x28, 0x8f, 0x0,
    0x62, 0xc3, 0x0, 0x23, 0x77, 0x76, 0x0, 0x62,
    0xb0, 0x51, 0xee, 0x5, 0x77, 0x30, 0x4, 0xcc,
    0xa2, 0x11, 0x22, 0x20, 0x11, 0x80, 0xb, 0xba,
    0xa6, 0x26, 0x70, 0xf, 0xc9, 0xdc, 0x40, 0x2b,
    0x0, 0xff, 0xe1, 0x27, 0xfe, 0xb, 0xff, 0x94,
    0x3, 0x93, 0x33, 0x4, 0x66, 0x48, 0x1, 0xe3,
    0x3c, 0x6, 0x78, 0x40, 0x39, 0x4c, 0x3, 0xff,
    0x80, 0xb1, 0x0, 0xf, 0xfe, 0x1, 0x9, 0x69,
    0x80, 0x7f, 0xc5, 0x5a, 0x1, 0xff, 0x0,

    /* U+8BBE "设" */
    0x0, 0x8, 0x7, 0xff, 0xe, 0xa4, 0x2, 0x2f,
    0xfe, 0x20, 0xd, 0x4f, 0x20, 0x1b, 0xba, 0x0,
    0xf0, 0xe2, 0x0, 0x4, 0x78, 0x3, 0xe2, 0xd0,
    0x2, 0x10, 0x7, 0xe3, 0x32, 0x80, 0xa, 0x64,
    0x1, 0x95, 0x42, 0x79, 0x8a, 0x24, 0xd6, 0x50,
    0xa, 0x73, 0x88, 0xff, 0xc0, 0x4, 0x9a, 0x22,
    0xc9, 0x16, 0x60, 0x1e, 0xbd, 0xdf, 0x63, 0x0,
    0x7d, 0xa3, 0x9f, 0xf5, 0x83, 0x0, 0x7e, 0x8e,
    0x0, 0xc, 0xc0, 0x7, 0xc8, 0xc, 0xcb, 0x1d,
    0x67, 0x0, 0xf4, 0xd0, 0x85, 0xa7, 0x15, 0x80,
    0x72, 0x82, 0xf8, 0x9d, 0x0, 0x6, 0x48, 0x3,
    0x48, 0xf1, 0x76, 0x1e, 0xfe, 0x16, 0xe8, 0xc0,
    0x19, 0xc0, 0x77, 0xf2, 0x40, 0x77, 0xd6, 0x60,

    /* U+8BD5 "试" */
    0x0, 0x41, 0x0, 0x79, 0x3c, 0xe4, 0x3, 0x7e,
    0x18, 0x7, 0x38, 0x1a, 0xb8, 0x4, 0xf1, 0xe0,
    0x1f, 0xb7, 0x80, 0x33, 0x63, 0x6e, 0xec, 0xe,
    0xc4, 0x40, 0x19, 0x94, 0x1e, 0x67, 0x50, 0x5c,
    0xc9, 0x4f, 0x31, 0x44, 0x28, 0x99, 0x41, 0xd1,
    0x2, 0x7f, 0xe0, 0xa, 0x2a, 0xa4, 0x1, 0x0,
    0xfe, 0xe0, 0x52, 0x72, 0x60, 0xf, 0xe6, 0x81,
    0x83, 0x12, 0x0, 0xff, 0xe1, 0x2f, 0x0, 0x7e,
    0x61, 0x0, 0xa, 0x7a, 0x3, 0x18, 0x6, 0xdb,
    0x69, 0x1e, 0xd4, 0x22, 0x63, 0x0, 0x28, 0x1f,
    0x6c, 0xef, 0xe4, 0x8f, 0xd5, 0x0, 0x1d, 0x90,
    0x19, 0x8, 0x1, 0x79, 0xb0, 0x80, 0x10, 0xc0,
    0x3f, 0x1f, 0x48, 0x0,

    /* U+8BED "语" */
    0x0, 0xff, 0xe2, 0x97, 0x10, 0x2f, 0xff, 0xec,
    0x0, 0x14, 0xe1, 0x2f, 0x73, 0x3, 0xbb, 0x60,
    0x4, 0xee, 0xb0, 0x11, 0x31, 0x8, 0xe0, 0xe,
    0x99, 0x5, 0xfd, 0x17, 0xfd, 0x60, 0x1, 0x66,
    0x58, 0x2, 0xf8, 0xa3, 0xb8, 0xc4, 0x0, 0x3d,
    0xd2, 0x10, 0x0, 0x49, 0x4, 0x40, 0x20, 0x2,
    0xbb, 0x0, 0x2f, 0x3c, 0x3f, 0x30, 0xcf, 0x86,
    0x1, 0xdd, 0x35, 0x49, 0x9a, 0xa9, 0x24, 0x1,
    0xca, 0x8e, 0xff, 0x28, 0x80, 0x7a, 0x77, 0x7e,
    0x30, 0xf, 0x10, 0xb7, 0xff, 0x0, 0x7d, 0x78,
    0x60, 0x1f, 0xf2, 0x2, 0x61, 0x29, 0x9f, 0x0,
    0x73, 0x96, 0x90, 0x1e, 0xef, 0x0, 0x71, 0xe8,
    0x2, 0x3f, 0xbb, 0xbc, 0xc0,

    /* U+8BEF "误" */
    0x0, 0x8, 0x7, 0xff, 0x8, 0xb9, 0x40, 0x5,
    0xff, 0xf2, 0x0, 0xa, 0x29, 0x0, 0x2e, 0xee,
    0x20, 0xc, 0xed, 0xe0, 0x10, 0x8f, 0x0, 0x7a,
    0x68, 0x2, 0x33, 0xf0, 0x4, 0x66, 0x51, 0x0,
    0x17, 0x77, 0x18, 0x0, 0xa6, 0x54, 0x40, 0x59,
    0x9f, 0x20, 0x15, 0x50, 0x2, 0x9e, 0xef, 0xb0,
    0x3, 0xe9, 0xff, 0x70, 0x7f, 0xd8, 0x1, 0xf0,
    0x8c, 0x80, 0x23, 0x80, 0x3c, 0x3d, 0xd5, 0x7,
    0x76, 0x60, 0xe, 0x5f, 0xf8, 0xc1, 0xff, 0xe6,
    0x0, 0xdd, 0x42, 0xc, 0x58, 0xea, 0x1, 0xcc,
    0x0, 0xf0, 0x89, 0xa3, 0xaa, 0x48, 0x80, 0x48,
    0xd8, 0x5c, 0x7a, 0x80, 0xb8, 0xbc, 0x60, 0x2,
    0x90, 0x3e, 0xb2, 0x0, 0x8f, 0x34, 0xc0,

    /* U+8BF4 "说" */
    0x0, 0xff, 0xe0, 0x8, 0x7, 0x51, 0x0, 0x5c,
    0x60, 0x17, 0xb0, 0x6, 0x2c, 0x20, 0x4, 0xf0,
    0x1, 0x5, 0xc0, 0x34, 0x3f, 0x0, 0x1c, 0x8,
    0x21, 0xc4, 0x3, 0xa7, 0x83, 0xbc, 0xb7, 0xcd,
    0xfc, 0x2, 0x33, 0x29, 0x0, 0x2f, 0xbb, 0x58,
    0x4, 0x99, 0x8a, 0x40, 0x8, 0x47, 0x0, 0x64,
    0xff, 0x0, 0x62, 0x33, 0xc4, 0x1, 0xfc, 0x57,
    0x99, 0xac, 0xc0, 0x3f, 0x66, 0x86, 0x60, 0x37,
    0x0, 0x3e, 0x10, 0x10, 0x20, 0xf, 0xf6, 0x7a,
    0x39, 0x8, 0x7, 0xe1, 0x7, 0x84, 0xba, 0x0,
    0xea, 0x30, 0x7, 0x5, 0xbd, 0x83, 0x80, 0x81,
    0x11, 0x0, 0x2b, 0xe4, 0xf1, 0xc0, 0x1, 0x1e,
    0xe8, 0x8c, 0x0, 0x82, 0x1f, 0x42, 0x1, 0x67,
    0xfb, 0x0,

    /* U+8BF7 "请" */
    0x0, 0x40, 0x7, 0x8b, 0xc0, 0x3e, 0x3d, 0x10,
    0xde, 0xe6, 0x87, 0xf7, 0x30, 0x2, 0xb7, 0xb0,
    0xde, 0xe6, 0x7, 0xf7, 0x30, 0x3, 0x55, 0x83,
    0x6e, 0xb0, 0x3b, 0x74, 0xa0, 0x26, 0x65, 0x10,
    0x6d, 0xd6, 0x7, 0xee, 0x94, 0x13, 0x31, 0x46,
    0xbd, 0xd6, 0x87, 0xf7, 0x4a, 0xaf, 0xf0, 0x82,
    0xf6, 0xed, 0x9b, 0xaa, 0xe5, 0x0, 0xf1, 0xe7,
    0xff, 0x59, 0x0, 0x7e, 0x1c, 0xce, 0x0, 0xff,
    0xe, 0xef, 0x0, 0x7e, 0x50, 0x1d, 0xde, 0x0,
    0xf0, 0xec, 0x38, 0xf7, 0x70, 0x7, 0x40, 0x26,
    0xb8, 0xf7, 0x5f, 0xe0, 0xe, 0xc9, 0xa0, 0xf,
    0x7f, 0x8c, 0x80,

    /* U+8C03 "调" */
    0x0, 0x10, 0x7, 0xff, 0xb, 0x1c, 0x1, 0x5f,
    0xff, 0x80, 0x1b, 0xe, 0x0, 0x8e, 0xe5, 0x77,
    0x24, 0xc0, 0x7, 0x78, 0x0, 0x11, 0x5, 0x0,
    0x90, 0x6, 0x4b, 0x0, 0xbb, 0x81, 0xd4, 0x0,
    0x16, 0x65, 0x8, 0x5, 0xdc, 0xe, 0xa0, 0x1,
    0x4c, 0x94, 0xc0, 0x31, 0x80, 0x71, 0xff, 0x80,
    0x21, 0xed, 0xc0, 0xfd, 0x20, 0xf, 0xdb, 0xae,
    0xfe, 0xd2, 0x0, 0xf9, 0xc7, 0xfb, 0xac, 0x0,
    0xfc, 0x4c, 0x1d, 0xcc, 0x0, 0xf8, 0x50, 0x48,
    0x3, 0xf8, 0x43, 0x2d, 0x0, 0x1d, 0xcc, 0x70,
    0xd, 0x40, 0xc5, 0xa0, 0xdd, 0xd5, 0x88, 0x5,
    0xb9, 0x62, 0xc1, 0x20, 0x17, 0x55, 0x80, 0x18,
    0xcb, 0x0, 0x3d, 0xde, 0xe0,

    /* U+8C61 "象" */
    0x0, 0xff, 0xe3, 0xdd, 0x0, 0x7f, 0xf0, 0x1d,
    0x17, 0xfe, 0x90, 0xf, 0x96, 0x37, 0xfd, 0xc1,
    0xa0, 0x1e, 0x6b, 0xc2, 0x0, 0x5a, 0x20, 0x3,
    0xa2, 0x47, 0x7b, 0x9e, 0xa9, 0xdc, 0xfe, 0x0,
    0x55, 0x8f, 0x75, 0x45, 0xfd, 0xcb, 0x0, 0x89,
    0xc6, 0xed, 0xf4, 0x77, 0x74, 0x0, 0x63, 0xcd,
    0x50, 0x4d, 0x88, 0xa6, 0x40, 0x3, 0x8e, 0xbb,
    0x62, 0x51, 0x9a, 0xeb, 0xc0, 0xe, 0x1f, 0xa3,
    0xe8, 0xd9, 0xef, 0xb0, 0x0, 0x4b, 0xad, 0xff,
    0x48, 0x1e, 0xb, 0x80, 0x69, 0xf, 0xb4, 0xca,
    0x7, 0xaa, 0x18, 0x5, 0x54, 0xbe, 0xe7, 0xa8,
    0x89, 0x1f, 0x50, 0xb, 0x70, 0x7e, 0x1, 0x85,
    0xc2, 0x1a, 0xd0, 0xbf, 0xa0, 0x7f, 0xa2, 0x88,
    0x1, 0x1a, 0x80, 0x40, 0x17, 0x7f, 0x28, 0x6,
    0x20,

    /* U+8D1D "贝" */
    0x0, 0x17, 0xff, 0xfa, 0x80, 0x3d, 0xbd, 0xdf,
    0x30, 0x7, 0xc4, 0x22, 0x5b, 0x11, 0x80, 0x3f,
    0xe2, 0x40, 0xf, 0xfe, 0x99, 0x80, 0x7f, 0xf0,
    0xc4, 0x3, 0xff, 0x85, 0xce, 0x1, 0xff, 0xc2,
    0x5d, 0x0, 0xfe, 0x38, 0x0, 0x39, 0xb0, 0x5,
    0x5c, 0x1, 0x85, 0xc1, 0xa2, 0x83, 0x1c, 0x4d,
    0x0, 0x38, 0xae, 0x6d, 0x3, 0xf3, 0xa0, 0x40,
    0x25, 0xbd, 0x1e, 0x40, 0x1, 0xde, 0x1f, 0x38,
    0x3, 0x4f, 0x68, 0x40, 0x38, 0xee, 0xde, 0x0,

    /* U+8D22 "财" */
    0xd, 0xff, 0xd8, 0x1, 0x87, 0xc8, 0x3, 0x6f,
    0xfb, 0x0, 0x3f, 0xf8, 0x32, 0x40, 0x1, 0x22,
    0xc0, 0xe4, 0x1, 0x90, 0x40, 0x17, 0xbb, 0x60,
    0x56, 0x80, 0x7e, 0xaf, 0xf8, 0xc3, 0x7c, 0x3,
    0xfe, 0x23, 0x0, 0xff, 0xe1, 0x42, 0x80, 0x7c,
    0x62, 0x1, 0x8d, 0x60, 0x3, 0xe1, 0x30, 0xd,
    0xd0, 0x60, 0x1c, 0xc2, 0x30, 0x28, 0x5b, 0x38,
    0x7, 0xad, 0x55, 0x41, 0x36, 0xd4, 0x1, 0xfa,
    0xff, 0xda, 0x3b, 0xe2, 0x1, 0xf5, 0x32, 0x2b,
    0x6b, 0x10, 0x11, 0x0, 0x32, 0x8d, 0x80, 0x22,
    0x40, 0x3, 0xb8, 0x64, 0x0, 0x5b, 0x0, 0xca,
    0x0, 0x1f, 0xf6, 0x0, 0x40,

    /* U+8D25 "败" */
    0x0, 0xfe, 0x35, 0x0, 0xf6, 0x7f, 0xee, 0x0,
    0x56, 0x80, 0x7d, 0x7d, 0xcc, 0x0, 0x93, 0x0,
    0x3e, 0x70, 0x51, 0x0, 0x11, 0x31, 0xdf, 0x0,
    0x65, 0x80, 0xa, 0x80, 0xb6, 0xa3, 0x80, 0x3f,
    0x9e, 0xea, 0x96, 0xb2, 0x1, 0xf9, 0xc0, 0x80,
    0x1d, 0xa0, 0x1f, 0xe7, 0xd0, 0x2, 0x18, 0x7,
    0xf3, 0xc2, 0x90, 0x9a, 0x0, 0x71, 0x30, 0x6,
    0x98, 0x65, 0x0, 0xca, 0x38, 0x46, 0x80, 0x7,
    0x48, 0x90, 0xd, 0x24, 0x9d, 0x34, 0x1, 0xc4,
    0x1, 0xd2, 0xac, 0xaa, 0x0, 0x38, 0x36, 0x10,
    0x5, 0x29, 0x41, 0xd6, 0x53, 0x2c, 0x95, 0xc5,
    0x3, 0x36, 0x8, 0x1d, 0x31, 0xf9, 0x4, 0x5f,
    0x80,

    /* U+8D2D "购" */
    0x0, 0xfc, 0xb4, 0x1, 0xee, 0xff, 0xc6, 0x1e,
    0x60, 0x1f, 0x6f, 0x70, 0x80, 0xb, 0xa0, 0x1f,
    0x19, 0x84, 0x40, 0xc1, 0x7f, 0xfa, 0x40, 0x2c,
    0x10, 0x4, 0x3e, 0xee, 0x50, 0xf, 0xa0, 0xe2,
    0x88, 0xa3, 0x0, 0xfb, 0xfc, 0x6c, 0x1, 0x84,
    0x3, 0xce, 0x56, 0xe8, 0x80, 0x3f, 0x0, 0x84,
    0x40, 0x12, 0xd3, 0xc0, 0x8, 0x7, 0xe3, 0x30,
    0x31, 0x93, 0x88, 0x39, 0x18, 0x20, 0xe0, 0xfe,
    0xd, 0x9, 0x84, 0xaa, 0xaa, 0x4a, 0x7b, 0x27,
    0xe4, 0xc4, 0x1, 0x74, 0x74, 0xc, 0x20, 0x1,
    0x19, 0x82, 0x90, 0xe5, 0x9c, 0x2, 0x22, 0x38,
    0x11, 0x84, 0x80, 0x38, 0x80, 0x29, 0xd9, 0x90,
    0x1d, 0x0, 0x46, 0xa0, 0x15, 0xff, 0x30, 0x0,

    /* U+8D39 "费" */
    0x1, 0xee, 0xbf, 0xdd, 0xcf, 0xf7, 0x73, 0xc0,
    0x21, 0xee, 0xb4, 0x7b, 0x83, 0x7d, 0x80, 0x1c,
    0x28, 0x6e, 0x26, 0x61, 0x33, 0x30, 0x7, 0x45,
    0xc5, 0x84, 0x40, 0x22, 0x1e, 0xa0, 0x19, 0x6a,
    0x64, 0x33, 0x20, 0x99, 0xa0, 0x80, 0x23, 0x9e,
    0x81, 0xee, 0x4, 0xf7, 0x37, 0x40, 0x17, 0xc0,
    0xa7, 0xe6, 0x6, 0xf2, 0x55, 0x40, 0x7, 0xdb,
    0x48, 0x22, 0x98, 0x8, 0x99, 0x60, 0x4, 0x90,
    0x4e, 0xff, 0x96, 0x7e, 0x10, 0x40, 0x6, 0x81,
    0xfb, 0xa9, 0x96, 0xeb, 0x0, 0x3f, 0xe8, 0x10,
    0xf, 0xfe, 0xa, 0x8b, 0x28, 0x80, 0x7e, 0xb1,
    0x9b, 0xe7, 0xee, 0x6b, 0x18, 0x5, 0x37, 0x5c,
    0x3e, 0x69, 0x7f, 0x25, 0xd4, 0x0, 0xce, 0xcd,
    0x81, 0x0, 0xcb, 0x7d, 0xc0,

    /* U+8D44 "资" */
    0x0, 0xf8, 0x4c, 0x3, 0xf2, 0x51, 0x80, 0x57,
    0x40, 0x1f, 0x97, 0x75, 0x62, 0x8a, 0xdf, 0xee,
    0xe7, 0xc8, 0x0, 0x5f, 0xb1, 0x6e, 0xbd, 0x4b,
    0xbc, 0x28, 0x3, 0x98, 0xe5, 0x49, 0x48, 0xca,
    0xc, 0x0, 0x4d, 0x7c, 0x2c, 0x5e, 0xf9, 0xaa,
    0xe0, 0x1, 0xdd, 0xb9, 0x23, 0x2a, 0xf, 0x2b,
    0x60, 0x7, 0xed, 0x85, 0x83, 0xdc, 0x0, 0x59,
    0xdc, 0x0, 0x87, 0xfd, 0x6f, 0xdf, 0xfc, 0xec,
    0x1, 0xd9, 0xba, 0xa9, 0xdd, 0x80, 0x3f, 0x11,
    0x5f, 0xc4, 0x50, 0x7, 0xf8, 0x56, 0xc0, 0x3f,
    0x85, 0xc4, 0x5a, 0xa9, 0xd0, 0x72, 0xa0, 0x1d,
    0x71, 0xed, 0x4f, 0xa3, 0x96, 0xe0, 0x16, 0x7e,
    0x8e, 0xd0, 0x0, 0xe7, 0xee, 0xd4, 0x0, 0xfe,
    0xe4, 0x98, 0x7, 0x9b, 0x68, 0x0,

    /* U+8D76 "赶" */
    0x0, 0x87, 0xc0, 0x28, 0xff, 0xec, 0x0, 0x1a,
    0xb8, 0x2a, 0x8f, 0xc4, 0x40, 0x1, 0x60, 0x5,
    0xcd, 0x84, 0xca, 0xdf, 0xb8, 0x39, 0xd4, 0x0,
    0x8c, 0xc0, 0x66, 0x20, 0x3, 0xf0, 0xcc, 0xac,
    0x2a, 0x64, 0x20, 0x1f, 0xf, 0xfb, 0x0, 0x1f,
    0xee, 0xff, 0xe, 0x7f, 0x88, 0x1d, 0x58, 0x25,
    0x99, 0xbb, 0x4, 0xee, 0x88, 0x1f, 0xc0, 0xe,
    0x20, 0x45, 0xa, 0x91, 0x0, 0x2, 0x20, 0x5,
    0xf6, 0x80, 0x7f, 0x69, 0x0, 0x2f, 0xf4, 0x3,
    0xf8, 0xc0, 0xc1, 0xc0, 0x3f, 0xe2, 0x4e, 0x0,
    0xf9, 0x44, 0x3, 0x2c, 0x28, 0x42, 0x99, 0x15,
    0x20, 0x44, 0x14, 0x3, 0x8b, 0x18, 0xcd, 0xdf,
    0x8d, 0x28, 0x0, 0x95, 0xbf, 0xff, 0x88,

    /* U+8D77 "起" */
    0x0, 0x87, 0xc4, 0x0, 0xbf, 0xfd, 0x0, 0x9,
    0xdf, 0xf, 0xd9, 0x5e, 0xec, 0xa0, 0x15, 0xf5,
    0x5, 0x75, 0x80, 0x8e, 0x30, 0x8, 0x8d, 0x41,
    0x4c, 0x80, 0x3f, 0xb, 0xba, 0x42, 0x5d, 0xc0,
    0x42, 0x31, 0x0, 0x59, 0x83, 0x6, 0xcc, 0x1e,
    0xf7, 0x48, 0x0, 0x1b, 0xb8, 0xae, 0xe1, 0xf,
    0xfb, 0x2c, 0x0, 0xb8, 0x6, 0x61, 0x10, 0x7,
    0x19, 0x80, 0x6, 0x20, 0x33, 0xd8, 0x1, 0xe4,
    0x10, 0xf2, 0x2, 0xaf, 0xd0, 0xf, 0x73, 0x80,
    0x48, 0x1, 0xe4, 0x33, 0x91, 0x40, 0x92, 0x88,
    0x2, 0x26, 0xad, 0xd9, 0xc, 0x16, 0x18, 0x39,
    0x4c, 0xaf, 0x33, 0x40, 0xa0, 0x1c, 0x58, 0xc6,
    0x6e, 0xfc, 0xa9, 0x40, 0x4, 0xad, 0xff, 0xfc,
    0x80,

    /* U+8D85 "超" */
    0x0, 0x93, 0x40, 0x3, 0xff, 0xf1, 0x81, 0xa6,
    0x92, 0x20, 0xe6, 0x40, 0x33, 0x20, 0x10, 0x98,
    0x60, 0x88, 0x33, 0x43, 0x6c, 0xc0, 0x30, 0xac,
    0xb2, 0xcc, 0x20, 0x30, 0x28, 0x10, 0x8, 0x99,
    0x9e, 0x4c, 0xc4, 0x59, 0xb2, 0x68, 0x20, 0x6,
    0x60, 0x1, 0x98, 0xfa, 0x95, 0x3e, 0x2f, 0x1,
    0xb8, 0xa0, 0xaa, 0x5e, 0x7c, 0xc0, 0x8a, 0x80,
    0x9, 0x20, 0x1, 0x10, 0x3b, 0xbf, 0xe0, 0x60,
    0x1, 0xb0, 0x3, 0xb8, 0xe0, 0x6c, 0xd6, 0x0,
    0x5e, 0x40, 0xf, 0xf3, 0x80, 0x7f, 0xc8, 0x1,
    0xc5, 0xbb, 0x58, 0x4, 0x49, 0x40, 0x19, 0x37,
    0xfe, 0xcc, 0x0, 0x16, 0x1c, 0x25, 0x4c, 0x80,
    0x3c, 0x4a, 0x7, 0x18, 0x11, 0xbb, 0xfa, 0xd7,
    0x40, 0x7, 0x3b, 0xdf, 0xff, 0x48,

    /* U+8DB3 "足" */
    0x0, 0x27, 0xff, 0xfb, 0x80, 0x38, 0x77, 0x7f,
    0x48, 0x7, 0xc4, 0x5f, 0x8c, 0x3, 0xff, 0x94,
    0x2a, 0xbf, 0xb0, 0x3, 0x9c, 0xe6, 0x6a, 0xa4,
    0xcc, 0xaa, 0x0, 0xc7, 0x99, 0x9d, 0x33, 0x35,
    0x80, 0x73, 0xe0, 0x7, 0xff, 0xb, 0x58, 0x2,
    0x4f, 0xfe, 0x20, 0xc, 0xaa, 0x0, 0x87, 0x33,
    0x88, 0x2, 0x30, 0x2, 0x80, 0x14, 0xcf, 0x80,
    0x34, 0x2d, 0xd2, 0x80, 0x7f, 0x99, 0x21, 0x2a,
    0xdd, 0x10, 0x64, 0x58, 0x42, 0x28, 0x81, 0x7e,
    0x6, 0x77, 0x78, 0xc3, 0x94, 0x2, 0x17, 0xed,
    0xef, 0xfc, 0x40,

    /* U+8DD1 "跑" */
    0x0, 0xfc, 0xe4, 0x1, 0xf6, 0xff, 0xe0, 0x18,
    0x30, 0xf, 0xd9, 0xfe, 0x0, 0x30, 0x66, 0xed,
    0xe6, 0x1, 0xfa, 0x65, 0xdd, 0x80, 0x39, 0xc0,
    0x29, 0x46, 0x33, 0xc2, 0x1, 0xaf, 0xfc, 0x1c,
    0xbf, 0xdc, 0xc0, 0xe, 0xdf, 0x67, 0xf7, 0xd,
    0xfd, 0x10, 0xe, 0x10, 0xf, 0x18, 0x88, 0x3,
    0xd8, 0x40, 0xee, 0x0, 0xf8, 0x44, 0x1, 0xee,
    0x0, 0x66, 0x3c, 0x2, 0x30, 0xe, 0x79, 0x0,
    0x4f, 0xf3, 0xd0, 0x88, 0x3, 0xf9, 0x4c, 0xdd,
    0x98, 0x0, 0xcc, 0xc7, 0xe4, 0x0, 0xc8, 0xc5,
    0x22, 0xc5, 0x6b, 0x38, 0x80, 0x40, 0x18, 0x98,
    0x53, 0x3e, 0x98, 0x81, 0xf3, 0xff, 0x6b, 0x80,

    /* U+8DEF "路" */
    0x0, 0xfe, 0x64, 0x0, 0xf6, 0x7f, 0xe7, 0x0,
    0x4b, 0x80, 0x7d, 0x5f, 0xe6, 0x0, 0x40, 0x67,
    0xfc, 0x20, 0x10, 0x80, 0x61, 0x73, 0xee, 0x29,
    0x8, 0x4, 0x20, 0x1a, 0x88, 0x80, 0x6b, 0x20,
    0x1a, 0xbf, 0xcd, 0x6d, 0xad, 0x9e, 0xc8, 0x1,
    0x67, 0xca, 0x7e, 0x68, 0x41, 0x12, 0x0, 0x33,
    0x8, 0x7, 0xe, 0x11, 0x30, 0x80, 0x2a, 0x20,
    0x4b, 0x76, 0xf5, 0xdd, 0x26, 0xc8, 0x80, 0x77,
    0x64, 0x8a, 0xe6, 0x14, 0x1c, 0xc0, 0x32, 0x2d,
    0xe0, 0x44, 0x61, 0xa2, 0x0, 0xf0, 0x80, 0xa2,
    0x60, 0xe, 0x6d, 0x4d, 0xd0, 0x7, 0xf3, 0x1d,
    0x2a, 0xa3, 0x40, 0x4c, 0xf0, 0x80, 0xa, 0x33,
    0xa9, 0x44, 0x1, 0xbb, 0x80, 0x24, 0x73, 0x0,
    0xc7, 0xfd, 0xdb, 0xd0, 0x0,

    /* U+8E6D "蹭" */
    0x0, 0xfd, 0x2, 0x0, 0x65, 0x0, 0x6f, 0xfd,
    0x40, 0x2, 0x90, 0x19, 0x10, 0xb, 0xbe, 0x80,
    0xa, 0x44, 0x5c, 0x1, 0x40, 0xf, 0xd, 0x9,
    0xd2, 0x37, 0x78, 0x7, 0xc3, 0xd2, 0x52, 0x1a,
    0x1, 0x77, 0xd0, 0x4, 0x4c, 0x2, 0xa4, 0x0,
    0xdf, 0xf, 0xa0, 0x2, 0xf0, 0x24, 0x0, 0x48,
    0x1, 0xc3, 0x66, 0x5d, 0xf0, 0x0, 0xb0, 0x4,
    0x38, 0xe4, 0x43, 0x22, 0x1f, 0x20, 0x1b, 0xc4,
    0x2b, 0x33, 0xc6, 0x1, 0x9d, 0x80, 0xf, 0xff,
    0x80, 0x3e, 0x10, 0x3, 0xee, 0xe0, 0xc, 0x41,
    0x7c, 0x40, 0xd9, 0x98, 0x0, 0x61, 0xa1, 0x9c,
    0x40, 0x64, 0x58, 0x2, 0x7c, 0xf7, 0x10, 0x2,
    0xff, 0xe0, 0x1, 0xc1, 0x80, 0x69, 0xfc, 0xcd,
    0xe2,

    /* U+8EAB "身" */
    0x0, 0xf9, 0x8c, 0x3, 0xff, 0x82, 0x32, 0xe0,
    0x1f, 0xe9, 0xff, 0x70, 0x5f, 0xfc, 0xc0, 0x1e,
    0x36, 0xee, 0xf1, 0x0, 0x7e, 0x22, 0xf8, 0xc0,
    0x3f, 0x24, 0x47, 0x84, 0x3, 0xf3, 0x5d, 0xf8,
    0xc1, 0x1c, 0x3, 0x9b, 0xff, 0xc7, 0xd4, 0x20,
    0x1c, 0xdf, 0xfe, 0x17, 0x66, 0x0, 0x1e, 0x55,
    0xa6, 0x7b, 0x44, 0x50, 0x1, 0x17, 0x44, 0x3b,
    0xa1, 0x62, 0x8, 0x0, 0xca, 0xef, 0xc4, 0xa9,
    0xc6, 0x1, 0xfc, 0xdb, 0x13, 0x62, 0x1, 0xf2,
    0x4f, 0xd4, 0x6b, 0x11, 0x4, 0xc0, 0x21, 0xe9,
    0x1d, 0xc5, 0xe, 0xdd, 0xa, 0x0, 0x43, 0xfb,
    0x4, 0x1, 0x67, 0xfb, 0x4, 0x2,

    /* U+8F68 "轨" */
    0x0, 0x84, 0x3, 0xff, 0x87, 0x52, 0x1, 0xb1,
    0x0, 0x38, 0x59, 0x88, 0x4c, 0xc1, 0x0, 0xfc,
    0x79, 0x60, 0xc, 0xc1, 0x8, 0xf0, 0x4, 0x54,
    0xa9, 0x10, 0xa9, 0xe2, 0xae, 0xe2, 0x80, 0x65,
    0xe8, 0x40, 0xae, 0x1a, 0xe2, 0x0, 0xc6, 0x65,
    0x0, 0xc2, 0x6c, 0x22, 0x0, 0xd8, 0x3a, 0x93,
    0xa6, 0x4, 0x20, 0x1e, 0x1a, 0x90, 0x49, 0x20,
    0x1, 0x0, 0x7b, 0x95, 0x11, 0xa8, 0x24, 0x40,
    0xf, 0xe3, 0x49, 0xc6, 0x47, 0x0, 0xf1, 0xef,
    0xe0, 0x2, 0x9f, 0x3c, 0x3, 0x8, 0x15, 0x67,
    0xa4, 0xb0, 0x22, 0x80, 0x6d, 0x31, 0x73, 0x0,
    0xcd, 0x20, 0x13, 0x80, 0x88, 0x3, 0xeb, 0x70,
    0xb, 0x28, 0x8, 0x3, 0x5b, 0x6, 0x0, 0x67,
    0xfd, 0x0,

    /* U+8F7B "轻" */
    0x0, 0xac, 0x80, 0x3f, 0xf8, 0x22, 0x86, 0x0,
    0x3f, 0xff, 0x30, 0x1, 0x6c, 0x11, 0x50, 0xfb,
    0xb4, 0x2, 0x80, 0xca, 0x84, 0xcb, 0xc0, 0x46,
    0x39, 0x73, 0x1, 0xc2, 0xcd, 0xcb, 0x0, 0x8b,
    0x52, 0x0, 0x22, 0x32, 0xe0, 0xc, 0xba, 0x6,
    0x20, 0x15, 0x30, 0x6, 0x2b, 0xa8, 0xd3, 0xe8,
    0x0, 0x3a, 0x50, 0x53, 0x48, 0xeb, 0x95, 0x62,
    0x18, 0x45, 0x98, 0x11, 0x2b, 0xdd, 0x56, 0x6f,
    0x30, 0x77, 0x48, 0x42, 0x4, 0xca, 0xa9, 0x32,
    0xa0, 0xc, 0x41, 0x12, 0x39, 0x8b, 0x1c, 0xc4,
    0x81, 0x6f, 0xe0, 0xe, 0x0, 0x7f, 0x14, 0x6f,
    0x4, 0xa8, 0x7, 0xf9, 0x48, 0x3, 0x33, 0x5e,
    0x2c, 0xd1, 0x80, 0x78, 0x66, 0x64, 0x9, 0x99,
    0x0,

    /* U+8F7D "载" */
    0x0, 0xc9, 0xc0, 0x12, 0x68, 0x49, 0x0, 0x49,
    0xfe, 0xb1, 0xff, 0x50, 0x18, 0x7e, 0x10, 0x1,
    0x3f, 0xd6, 0x3f, 0xea, 0x71, 0x6, 0xa0, 0x0,
    0xee, 0xd6, 0x3b, 0xb6, 0x6, 0xea, 0x7c, 0x87,
    0xfd, 0x7, 0xbf, 0xf5, 0x87, 0xfe, 0x20, 0x22,
    0x60, 0x11, 0x65, 0x3, 0x2b, 0x60, 0x7, 0x7b,
    0x1f, 0xfe, 0x50, 0x21, 0x66, 0x0, 0x3a, 0x13,
    0xeb, 0x3f, 0xc8, 0x4c, 0xc3, 0x20, 0x1, 0x46,
    0xa5, 0xc2, 0x18, 0x36, 0xcc, 0x80, 0x21, 0xa,
    0x81, 0x48, 0xf0, 0x37, 0x25, 0x0, 0x8f, 0xf3,
    0xb, 0x19, 0x80, 0xe0, 0x80, 0x20, 0x3, 0xcd,
    0x5a, 0xc7, 0x6a, 0xd8, 0x8, 0x5a, 0x80, 0x3f,
    0xd0, 0x4f, 0xd9, 0x2d, 0x16, 0x88, 0x70, 0x76,
    0x53, 0x7f, 0x8, 0x6b, 0x77, 0x5b, 0x10, 0x7,
    0x53, 0x84, 0xd0, 0x2, 0x7e, 0xc0,

    /* U+8F89 "辉" */
    0x6, 0xe, 0x15, 0x57, 0xff, 0xe0, 0x5, 0x80,
    0x5c, 0x0, 0xed, 0xce, 0xe8, 0x2, 0x63, 0x3,
    0x54, 0x11, 0x2f, 0x88, 0xc0, 0x16, 0x28, 0x22,
    0x7, 0x5a, 0x5, 0x9a, 0xc0, 0x2, 0x28, 0x14,
    0x82, 0xc8, 0x1d, 0x54, 0xa0, 0x7d, 0x83, 0x7c,
    0xac, 0xd6, 0x26, 0x61, 0x80, 0xf8, 0x2c, 0x21,
    0x9, 0xad, 0x98, 0x1, 0xc6, 0x8, 0x28, 0x3c,
    0x1d, 0x63, 0x98, 0xa0, 0x0, 0x88, 0x3, 0x7d,
    0x43, 0x84, 0x42, 0x40, 0x6, 0x60, 0x8, 0x8d,
    0x53, 0x5, 0x10, 0x60, 0x7, 0x60, 0x1c, 0x9d,
    0xda, 0xc7, 0x76, 0x40, 0xcc, 0x10, 0x2d, 0xcc,
    0xce, 0x13, 0x32, 0x8b, 0x29, 0xbc, 0x2, 0x25,
    0x82, 0x89, 0x8, 0x41, 0xc, 0x0, 0x7f, 0xc0,

    /* U+8F93 "输" */
    0x0, 0x1b, 0x0, 0x79, 0x50, 0x3, 0xc9, 0x80,
    0x1c, 0x95, 0xe0, 0x18, 0xae, 0x16, 0xe8, 0x0,
    0xd5, 0x47, 0xa0, 0x8, 0xf8, 0x1f, 0xbc, 0x66,
    0x35, 0x70, 0x39, 0x80, 0x50, 0x61, 0x53, 0xdc,
    0xe2, 0xec, 0x25, 0xc, 0x8, 0x87, 0x91, 0xcf,
    0x9f, 0xfe, 0xe6, 0xf, 0xf0, 0x6, 0x63, 0x36,
    0xa2, 0xf, 0x0, 0x57, 0x61, 0x9d, 0xd5, 0xdc,
    0x61, 0xd0, 0x20, 0x14, 0x10, 0x7, 0x83, 0x5d,
    0x80, 0x3e, 0xb9, 0x86, 0x80, 0x4e, 0xe0, 0x7,
    0xf6, 0xb4, 0x2, 0xe6, 0x0, 0x3c, 0x57, 0xca,
    0x1c, 0xb, 0xdc, 0x0, 0xf1, 0x66, 0x21, 0x98,
    0x9, 0xdc, 0x1, 0x70, 0xc, 0xe4, 0x1, 0x84,
    0x3, 0x50, 0x80, 0x7e, 0x10, 0x1d, 0x50, 0xae,
    0x40, 0xc, 0xf2, 0x9, 0x43, 0xb4, 0x15, 0xf4,
    0x0,

    /* U+8FC7 "过" */
    0x3, 0x50, 0xf, 0xc9, 0xc0, 0x1d, 0x4c, 0x1,
    0xff, 0xc1, 0x3c, 0x95, 0x25, 0x5e, 0xe1, 0x55,
    0x0, 0x47, 0x68, 0x89, 0x9e, 0x50, 0x99, 0x8,
    0x4, 0x82, 0xd9, 0x9d, 0x63, 0x98, 0x10, 0x33,
    0x80, 0xb, 0x20, 0x1f, 0x8b, 0x75, 0x86, 0x8,
    0x86, 0x0, 0xf8, 0xbb, 0x80, 0x10, 0xf4, 0x90,
    0x7, 0xff, 0x4, 0xe8, 0xc0, 0x3f, 0xf8, 0x4a,
    0x20, 0x1f, 0x84, 0x1c, 0x2, 0x2e, 0xe5, 0x90,
    0x6, 0x2f, 0xa, 0x30, 0x1, 0x55, 0x33, 0x0,
    0x10, 0xe2, 0x7c, 0x65, 0x32, 0x3b, 0xc8, 0xae,
    0x80, 0x54, 0xd, 0xa5, 0x53, 0xba, 0xa9, 0x8b,
    0x71, 0xc0, 0x8, 0xa3, 0x37, 0xba, 0xdd, 0x61,
    0x80,

    /* U+8FD0 "运" */
    0x0, 0xff, 0xe2, 0xcd, 0x88, 0x3, 0xbf, 0xfe,
    0x20, 0x4, 0x3f, 0x98, 0x66, 0xef, 0xc4, 0x0,
    0x1c, 0x76, 0x2, 0x2f, 0xc0, 0x1d, 0x2a, 0x1,
    0xff, 0xc4, 0xff, 0xff, 0x22, 0xff, 0xc1, 0x99,
    0x1, 0xe6, 0x72, 0xab, 0x6c, 0x0, 0x66, 0x70,
    0xd3, 0x96, 0x33, 0x8, 0x13, 0x0, 0x68, 0x61,
    0xc, 0xb0, 0xf, 0xe5, 0x28, 0x0, 0x31, 0x40,
    0x7, 0xc5, 0x4a, 0xd1, 0x56, 0x6e, 0x40, 0x1f,
    0x9b, 0x4, 0xb6, 0x86, 0x0, 0x2a, 0x6, 0x2f,
    0xdb, 0x98, 0x65, 0xc8, 0x0, 0x53, 0x4d, 0x63,
    0x19, 0x8, 0x88, 0x82, 0xc4, 0x44, 0xc6, 0xca,
    0xa6, 0x6f, 0x73, 0x75, 0x94, 0x5, 0xc4, 0x0,
    0x6c, 0xff, 0xfb, 0x88,

    /* U+8FD4 "返" */
    0x0, 0xff, 0xe2, 0xa2, 0x80, 0x46, 0xa8, 0xd1,
    0x59, 0xec, 0x1, 0x52, 0x80, 0x32, 0xa3, 0x47,
    0x67, 0x18, 0x0, 0x93, 0x44, 0xa, 0xf9, 0x72,
    0xea, 0x60, 0x19, 0xac, 0x80, 0x6, 0x45, 0xe0,
    0xe, 0x40, 0x9, 0x37, 0x7c, 0x60, 0x28, 0x83,
    0x0, 0xc, 0x77, 0xfd, 0x44, 0x60, 0x55, 0x4c,
    0x0, 0x38, 0x7b, 0x80, 0x22, 0xc0, 0x7, 0xda,
    0x1, 0x1a, 0x65, 0x52, 0xd9, 0x80, 0x1f, 0x18,
    0x19, 0x62, 0xa4, 0x0, 0x7e, 0x95, 0x1, 0xa1,
    0x2d, 0x30, 0xf, 0x22, 0xc4, 0x38, 0x3f, 0x5f,
    0xc, 0x2, 0x80, 0x6, 0x17, 0x65, 0x88, 0x4c,
    0x8c, 0x7, 0x42, 0xa6, 0x18, 0x80, 0xce, 0x43,
    0x72, 0x31, 0xb5, 0xdd, 0x64, 0xee, 0xe9, 0x8b,
    0x32, 0xc0, 0x9, 0xab, 0x7b, 0xb6, 0xeb, 0x4,

    /* U+8FD8 "还" */
    0x0, 0xff, 0xe2, 0xae, 0x8, 0x12, 0x27, 0xe3,
    0x0, 0x2b, 0xe0, 0xc5, 0xdf, 0xed, 0x0, 0xac,
    0x66, 0xbf, 0xec, 0xc, 0xff, 0x70, 0x6, 0xd8,
    0x0, 0xd8, 0x6, 0x1, 0xf0, 0x80, 0x69, 0x6,
    0x30, 0xc, 0xbf, 0xf0, 0x4, 0xec, 0x22, 0xfb,
    0x0, 0x97, 0x68, 0x2, 0x78, 0xa5, 0xc, 0x7b,
    0x0, 0x89, 0x80, 0x6a, 0x29, 0x40, 0x2d, 0x6b,
    0x0, 0xf0, 0xe2, 0x80, 0x61, 0xc1, 0x0, 0xe1,
    0xb3, 0x0, 0xf0, 0xd0, 0x7, 0xff, 0x18, 0x74,
    0x18, 0x3, 0xf, 0x80, 0x71, 0x7a, 0xdd, 0xb1,
    0x8c, 0xa1, 0x48, 0xd1, 0x4d, 0x8e, 0xd3, 0x6e,
    0xb3, 0x77, 0x65, 0xd9, 0x93, 0x40, 0x27, 0xcf,
    0xff, 0xb9, 0x40,

    /* U+8FDB "进" */
    0x5, 0xa0, 0xc, 0x9c, 0x0, 0x4e, 0x0, 0xc8,
    0xf4, 0x1, 0xff, 0xc1, 0x1c, 0x47, 0x25, 0xd1,
    0x55, 0x68, 0xaa, 0x80, 0x21, 0xc7, 0x58, 0x60,
    0x88, 0x30, 0x44, 0x0, 0x31, 0x3, 0xed, 0x8e,
    0xea, 0xc7, 0x74, 0x2, 0xef, 0x8, 0x7, 0xfc,
    0x79, 0x88, 0x22, 0x26, 0x8a, 0x23, 0x45, 0x10,
    0x25, 0x76, 0x0, 0x24, 0xb0, 0x4c, 0x98, 0x26,
    0x4a, 0x1, 0xcd, 0xaa, 0xdb, 0xab, 0x1d, 0xd2,
    0x0, 0x78, 0x97, 0x40, 0x3f, 0xf8, 0x3, 0xc6,
    0x80, 0x1f, 0xd0, 0x10, 0xf, 0xc0, 0x18, 0xc0,
    0x35, 0xa6, 0x96, 0x68, 0x8, 0xcb, 0xe6, 0x86,
    0x4d, 0xa5, 0x32, 0xcc, 0x77, 0x6d, 0xca, 0x62,
    0xd1, 0x0, 0x25, 0x77, 0xff, 0xb9, 0x40,

    /* U+8FDE "连" */
    0x0, 0x10, 0x7, 0x31, 0x80, 0x7c, 0xb8, 0x40,
    0x1a, 0x58, 0x3, 0xe5, 0x7f, 0xe, 0xff, 0x5,
    0x7f, 0xea, 0x0, 0xa4, 0x13, 0xf8, 0x97, 0xbb,
    0xac, 0x3, 0x6a, 0x9, 0x12, 0xc7, 0xcc, 0x46,
    0x0, 0x8, 0xc0, 0xf, 0x71, 0x1, 0x0, 0xe4,
    0xee, 0x80, 0xcc, 0xff, 0xe0, 0xdf, 0xf2, 0x2,
    0x7e, 0x0, 0xe, 0xf7, 0x58, 0x15, 0xba, 0x40,
    0xf, 0x90, 0x88, 0x60, 0xe4, 0x40, 0xf, 0xaf,
    0x32, 0xd0, 0xdc, 0xc8, 0x3, 0xdf, 0x33, 0x58,
    0x3c, 0xcc, 0x1, 0xe4, 0x55, 0x98, 0x29, 0x56,
    0x0, 0xf, 0x3, 0x0, 0x7f, 0xc3, 0x8d, 0x76,
    0xc6, 0x32, 0x24, 0x89, 0xa3, 0x21, 0x5, 0xa6,
    0xdd, 0x66, 0xea, 0x73, 0x17, 0x0, 0x7a, 0x1,
    0x3e, 0x7f, 0xfd, 0xc8,

    /* U+9002 "适" */
    0x0, 0xff, 0xe2, 0xa9, 0x0, 0x61, 0x34, 0x79,
    0xcf, 0x10, 0x6, 0xe1, 0x1, 0xff, 0xba, 0xe3,
    0xa7, 0x84, 0x1, 0xf, 0x82, 0x7f, 0xdb, 0x62,
    0xea, 0x20, 0x1a, 0x60, 0x51, 0x36, 0x8a, 0x26,
    0x20, 0x9, 0x83, 0xe2, 0x26, 0x8, 0x8c, 0xe9,
    0x55, 0x5, 0xe6, 0x56, 0x39, 0x99, 0x55, 0x3e,
    0xa0, 0x9, 0xaa, 0x86, 0xaa, 0x10, 0x13, 0x60,
    0x9, 0xcb, 0xee, 0xbf, 0x14, 0xc0, 0x3f, 0x5a,
    0xae, 0x70, 0xf, 0xfe, 0x76, 0xef, 0x60, 0x7,
    0x58, 0x38, 0x66, 0xf7, 0x76, 0x10, 0x2, 0xd2,
    0xf7, 0x4a, 0xe2, 0x38, 0x1d, 0x4c, 0x9f, 0x52,
    0xbb, 0x91, 0x99, 0xb6, 0x64, 0x5, 0x82, 0x0,
    0x39, 0xce, 0xee, 0xdc, 0x30,

    /* U+9009 "选" */
    0x4, 0x20, 0xd, 0x4, 0x9c, 0x1, 0xe3, 0xd3,
    0x0, 0x1b, 0x81, 0x8, 0xe0, 0x9, 0xe7, 0xc,
    0x24, 0x36, 0x43, 0xba, 0x90, 0x9, 0xa8, 0xd5,
    0x5d, 0xf6, 0x3f, 0xf4, 0x80, 0x65, 0x4, 0xb1,
    0x0, 0xfe, 0x22, 0x82, 0x3e, 0xf6, 0xc7, 0xae,
    0xe2, 0x1d, 0xd8, 0x37, 0xb8, 0x4d, 0x23, 0x9d,
    0xc3, 0x1f, 0xd0, 0x2, 0x2b, 0x84, 0xb8, 0x32,
    0xa8, 0x40, 0x3e, 0xa4, 0x0, 0xe2, 0x0, 0xf9,
    0x1f, 0xc0, 0x40, 0x2e, 0x40, 0xc, 0x33, 0x70,
    0x80, 0x15, 0xc9, 0xa8, 0x0, 0x41, 0xfb, 0x1c,
    0x2, 0xb2, 0x1a, 0x10, 0x6c, 0x6d, 0xb6, 0x21,
    0x19, 0x6a, 0x82, 0x34, 0x5c, 0xdc, 0xf6, 0xf7,
    0x6d, 0xd5, 0x90, 0xf2, 0x0, 0x16, 0xff, 0xdd,
    0xcf, 0xfc, 0x60,

    /* U+901A "通" */
    0x0, 0xff, 0xe2, 0xcb, 0x0, 0xb, 0xff, 0xf3,
    0x0, 0x36, 0x58, 0xb, 0xf6, 0x7f, 0xd8, 0x4c,
    0xc0, 0x2, 0x5c, 0xa8, 0x0, 0x73, 0xbf, 0x22,
    0x40, 0x32, 0x52, 0xb, 0x2e, 0x30, 0x3, 0xe1,
    0x0, 0x32, 0x89, 0x4f, 0x70, 0xc1, 0xd, 0xfc,
    0x5, 0x56, 0x0, 0xa2, 0x12, 0x37, 0x30, 0x20,
    0x53, 0x2a, 0x10, 0x7, 0x73, 0x47, 0xb9, 0x0,
    0x3, 0xcd, 0x0, 0xdd, 0xcd, 0x1e, 0xe4, 0x0,
    0x7f, 0x7f, 0xb4, 0x7f, 0xd0, 0x1, 0xfd, 0xfe,
    0xd1, 0xff, 0x40, 0x7, 0xff, 0xf, 0xc0, 0x33,
    0x3, 0x89, 0x0, 0x44, 0x3e, 0xde, 0x0, 0x9a,
    0xbd, 0x99, 0x8, 0x16, 0xf, 0xf9, 0xc4, 0x93,
    0x12, 0xfb, 0xfb, 0xff, 0xbb, 0x48, 0x9a, 0x20,
    0x5, 0xbf, 0xff, 0xc6,

    /* U+901F "速" */
    0x4, 0x20, 0xf, 0x6a, 0x80, 0x78, 0xf0, 0xcb,
    0xff, 0x15, 0x7f, 0xda, 0x0, 0x76, 0xd0, 0xee,
    0xc1, 0x3d, 0xd6, 0x0, 0x50, 0xc4, 0x24, 0x50,
    0x71, 0x14, 0x20, 0x1a, 0x0, 0xf3, 0xfc, 0xf,
    0xfe, 0xc3, 0x2, 0x88, 0x84, 0x7, 0x30, 0x55,
    0x98, 0x10, 0x8, 0x44, 0xe4, 0x0, 0x33, 0x16,
    0x99, 0x80, 0x22, 0x99, 0x8, 0x9, 0x7e, 0x3,
    0xff, 0x88, 0x40, 0x3c, 0x59, 0xa2, 0x0, 0x7d,
    0xc2, 0x0, 0xf8, 0xfe, 0x4a, 0xb3, 0xd0, 0x3,
    0xcf, 0x39, 0x2e, 0x0, 0x7a, 0xa2, 0x80, 0x48,
    0x39, 0xd8, 0xe0, 0x19, 0x31, 0x0, 0x13, 0x52,
    0x98, 0xc4, 0x3c, 0x80, 0x20, 0xa0, 0x4f, 0x8d,
    0x9b, 0x3b, 0xd9, 0xdf, 0xdb, 0x20, 0x5c, 0x40,
    0x6, 0xcf, 0xff, 0xb4, 0x0,

    /* U+9047 "遇" */
    0x8, 0x80, 0x0, 0xf9, 0xdd, 0xf4, 0xf3, 0xc0,
    0x15, 0x2d, 0x80, 0xd, 0xdc, 0x32, 0xf4, 0x1,
    0x8b, 0x1d, 0x80, 0xb7, 0x43, 0x9b, 0xa0, 0xe,
    0x1c, 0x60, 0x2d, 0xd0, 0xe6, 0xe8, 0x3, 0x8,
    0xc0, 0x2, 0xdd, 0xe, 0x6e, 0x80, 0x22, 0xee,
    0x80, 0xff, 0x74, 0x17, 0xbd, 0xc0, 0x1, 0x5d,
    0x0, 0x26, 0xaa, 0x9, 0xaa, 0x7b, 0x0, 0x11,
    0xc0, 0xf, 0xbf, 0xe0, 0xac, 0xf3, 0xc0, 0xf,
    0x91, 0x54, 0x2b, 0xe3, 0x60, 0x1f, 0x9a, 0xac,
    0x75, 0xac, 0x3, 0xf8, 0x7a, 0x37, 0xbe, 0x0,
    0xc0, 0x2b, 0x8, 0x56, 0x43, 0x21, 0x3a, 0x9f,
    0x0, 0x52, 0xe8, 0xbb, 0x88, 0x40, 0x5, 0xfa,
    0x42, 0x4f, 0xa5, 0x31, 0xdb, 0xdf, 0xee, 0xdc,
    0xa0, 0x2d, 0x10, 0x2, 0x5f, 0xfb, 0xb9, 0xff,
    0x70, 0x80,

    /* U+906E "遮" */
    0x0, 0xfe, 0x26, 0x0, 0xf4, 0x28, 0x7, 0x8e,
    0x48, 0x3, 0xae, 0x94, 0x1f, 0xfe, 0xe0, 0xdf,
    0xf8, 0x40, 0xee, 0x84, 0x17, 0xb6, 0x3b, 0x91,
    0xbc, 0x20, 0x4, 0xd1, 0x3, 0x11, 0x50, 0x8a,
    0x44, 0x40, 0x18, 0x80, 0xb, 0xf8, 0x5f, 0xe1,
    0xcf, 0x3, 0xff, 0x83, 0xd7, 0xf0, 0xbf, 0xc3,
    0x9e, 0x7, 0xb6, 0x0, 0x11, 0x0, 0x7f, 0x89,
    0x80, 0xb, 0xc0, 0x2, 0xff, 0x8, 0x80, 0x3e,
    0x24, 0x13, 0xff, 0xc2, 0x1, 0xe4, 0x2, 0xb7,
    0xa3, 0xe0, 0xe3, 0x0, 0xef, 0x93, 0x56, 0x27,
    0x44, 0x4f, 0x80, 0x4a, 0x1a, 0xeb, 0x3, 0xc1,
    0xe2, 0x88, 0x0, 0x4d, 0x5e, 0xd1, 0x38, 0x32,
    0x2a, 0x86, 0xc4, 0x93, 0x12, 0xff, 0xff, 0x76,
    0x89, 0x68, 0x80, 0x16, 0xff, 0xfe, 0xe0,

    /* U+907F "避" */
    0x0, 0xff, 0x91, 0xc0, 0x34, 0xc8, 0x1, 0x1f,
    0xf1, 0x83, 0x48, 0x6, 0xb6, 0x40, 0x3, 0xf9,
    0x3a, 0x30, 0xba, 0x8, 0x14, 0xd0, 0x7, 0xbf,
    0xc5, 0x7e, 0xa0, 0x6, 0x60, 0x7, 0x3c, 0x6,
    0xd1, 0x20, 0x5, 0x0, 0x2f, 0xc6, 0x6, 0xa1,
    0x54, 0x0, 0x11, 0x40, 0x75, 0xdc, 0x1b, 0x2f,
    0x38, 0x50, 0xdd, 0x60, 0x3e, 0xa2, 0x7, 0x68,
    0x1f, 0x58, 0x3f, 0x0, 0x4, 0xfb, 0x8, 0xcc,
    0x1a, 0x63, 0x0, 0xc8, 0x63, 0x28, 0x1f, 0xe1,
    0xdf, 0x40, 0xd, 0x14, 0x1, 0xbf, 0xc1, 0xbe,
    0x80, 0x1a, 0xd8, 0x3, 0xc2, 0x1, 0xca, 0x26,
    0x0, 0xe6, 0x10, 0x1, 0x18, 0x5, 0x17, 0x51,
    0x54, 0xfe, 0x60, 0x6, 0x1, 0x91, 0x1b, 0x17,
    0x31, 0xff, 0xf7, 0x62, 0x17, 0x8, 0x1, 0xaf,
    0xbf, 0xfe, 0x60,

    /* U+90AE "邮" */
    0x0, 0xff, 0xe3, 0x2e, 0x80, 0x6e, 0xff, 0xc4,
    0x1, 0xfe, 0xbd, 0x80, 0x27, 0xff, 0x51, 0x7f,
    0xa4, 0x0, 0xc5, 0xae, 0x1e, 0xdd, 0x45, 0xce,
    0x1, 0x85, 0x68, 0x2, 0x11, 0xc0, 0x1c, 0xc8,
    0x40, 0x1f, 0xfc, 0xb, 0xc0, 0x9, 0xb2, 0xcf,
    0x1c, 0x3, 0x7c, 0x90, 0x0, 0xa1, 0xc2, 0x10,
    0x3, 0x1b, 0x40, 0x1, 0x11, 0x86, 0x86, 0x1,
    0xd4, 0xa0, 0x1f, 0xfc, 0x12, 0x1, 0x0, 0xff,
    0x8, 0x94, 0x4, 0x1b, 0x6c, 0xf5, 0xc0, 0x26,
    0xeb, 0x90, 0x2, 0x76, 0x63, 0x98, 0x40, 0xf,
    0xfc, 0xc1, 0x16, 0x67, 0xa6, 0x0, 0x3e,

    /* U+90E8 "部" */
    0x0, 0xd6, 0x60, 0x1f, 0xfc, 0x22, 0x90, 0xd,
    0xff, 0xc0, 0x8, 0xcc, 0x32, 0xe6, 0x28, 0x1,
    0x9c, 0xe4, 0x0, 0xb4, 0x45, 0x54, 0xfc, 0x0,
    0x21, 0x4a, 0x0, 0x1f, 0x9a, 0xa8, 0xd9, 0x0,
    0x21, 0x36, 0x0, 0x99, 0x4, 0x3a, 0x80, 0x33,
    0x28, 0x80, 0x8, 0xd1, 0x51, 0x22, 0x0, 0xab,
    0xc0, 0x5, 0xba, 0x4b, 0xb0, 0x66, 0x98, 0x2,
    0xa4, 0x0, 0x5f, 0xff, 0x8c, 0x0, 0xef, 0x0,
    0xf, 0xbb, 0xcc, 0x1, 0xbe, 0x80, 0xe, 0x1b,
    0xb8, 0x84, 0x3, 0x31, 0x80, 0x63, 0x3c, 0xe0,
    0x11, 0x2c, 0x10, 0x7, 0xff, 0x1, 0xe4, 0x7c,
    0x2, 0x1e, 0xec, 0x80, 0x12, 0xe5, 0x98, 0x1,
    0xc3, 0x77, 0x8, 0x7, 0xe0,

    /* U+90FD "都" */
    0x0, 0xfc, 0x60, 0x1f, 0xe1, 0xf0, 0x2, 0x62,
    0xff, 0xf1, 0x3, 0xe7, 0x86, 0xe4, 0x38, 0x8b,
    0x75, 0x20, 0x60, 0xb1, 0x0, 0x94, 0x39, 0x0,
    0x11, 0x31, 0x84, 0x9, 0x1c, 0x15, 0xa4, 0x40,
    0x21, 0x5b, 0x3, 0xaa, 0x68, 0x70, 0xe5, 0x0,
    0x4c, 0x84, 0x3, 0x98, 0xa0, 0x4, 0x66, 0x0,
    0x29, 0xf0, 0x1, 0x33, 0x30, 0xb9, 0xd9, 0x80,
    0x13, 0x40, 0x4, 0x5e, 0xa5, 0xdf, 0xe3, 0x0,
    0xa1, 0xe4, 0x17, 0x41, 0xff, 0xe1, 0x0, 0xe8,
    0x60, 0x4a, 0x62, 0x33, 0x84, 0x3, 0x8c, 0x8,
    0x54, 0x17, 0xfe, 0x0, 0xf1, 0x1, 0x80, 0x51,
    0x99, 0x8, 0x4, 0x7b, 0x90, 0x20, 0x14, 0x7f,
    0xc2, 0x1, 0x1e, 0xf3, 0x80, 0x67, 0xff, 0x84,
    0x3, 0xfd, 0x30, 0x1, 0x71, 0xa7, 0x80, 0x70,

    /* U+914D "配" */
    0x1, 0x1f, 0x80, 0x3f, 0xf, 0x77, 0xc7, 0xff,
    0xe2, 0x1f, 0xf3, 0x59, 0xf7, 0x9e, 0xef, 0x0,
    0x7f, 0xc4, 0x5c, 0x1, 0x3f, 0x35, 0x9f, 0x50,
    0x7, 0xf7, 0xb3, 0x24, 0xa8, 0x40, 0x3f, 0xdf,
    0xca, 0xcc, 0x1, 0xfc, 0xbb, 0x80, 0x3b, 0x88,
    0x2, 0x30, 0xbd, 0xd8, 0x3, 0x71, 0x8, 0x73,
    0x0, 0x19, 0xb8, 0xc0, 0x7, 0x21, 0x7c, 0xc0,
    0x1e, 0x91, 0x0, 0x84, 0xcc, 0xae, 0x1, 0xfe,
    0x58, 0x8c, 0x40, 0x1e, 0x22, 0x0, 0x22, 0xee,
    0xd5, 0x0, 0xf2, 0xc8, 0x2, 0x3b, 0xac, 0x43,
    0x5, 0x22, 0xb0, 0xc0, 0xf, 0xdd, 0x62, 0xa,
    0xde, 0xec, 0xd4, 0x11, 0x0, 0x8, 0xec, 0x2b,
    0xff, 0x69, 0x0,

    /* U+9192 "醒" */
    0x0, 0xff, 0xe2, 0x15, 0x77, 0xfd, 0x4b, 0xdd,
    0xdf, 0xa0, 0x55, 0x47, 0x6b, 0xa5, 0xc, 0xee,
    0xac, 0x3, 0xfe, 0x9b, 0xba, 0x0, 0x2a, 0xb7,
    0x6b, 0xb2, 0x7, 0x44, 0x54, 0x1, 0x2c, 0x8,
    0x40, 0x8, 0x39, 0x9c, 0x40, 0x19, 0x59, 0x58,
    0x40, 0x1b, 0xff, 0x58, 0x80, 0x4d, 0xc6, 0x1,
    0x42, 0xf8, 0x77, 0xe0, 0x5, 0xef, 0xda, 0xa1,
    0xb, 0x61, 0xb7, 0x40, 0x14, 0x8b, 0xe2, 0xf8,
    0xdf, 0x84, 0xfc, 0x80, 0x55, 0x11, 0x2b, 0x5a,
    0x20, 0x11, 0x6, 0x1, 0xfa, 0x73, 0xfc, 0x1d,
    0xf8, 0x1, 0x44, 0x65, 0x8, 0xff, 0x7, 0x7e,
    0x0, 0x59, 0x99, 0x40, 0x3f, 0xef, 0xfc, 0x79,
    0xdd, 0x7, 0x74, 0xc0,

    /* U+91CC "里" */
    0x5, 0xff, 0xff, 0x80, 0x30, 0xcc, 0xca, 0x13,
    0x33, 0x80, 0x79, 0x9a, 0xe1, 0x66, 0xb0, 0x3,
    0x87, 0xfe, 0xb1, 0xff, 0xac, 0x3, 0x87, 0xba,
    0xa0, 0xee, 0xac, 0x3, 0xc2, 0x3f, 0x80, 0x3c,
    0x3d, 0xd5, 0x8f, 0x75, 0x40, 0x19, 0x33, 0x76,
    0x70, 0xdd, 0xd8, 0x1, 0x9, 0x9e, 0xd0, 0x33,
    0xe0, 0xb, 0x3f, 0xf5, 0x7, 0xff, 0x40, 0x3,
    0xb7, 0x73, 0x86, 0xef, 0x48, 0x0, 0x8b, 0xb4,
    0x8, 0xb8, 0x40, 0x47, 0xc4, 0x2, 0x3e, 0xf,
    0xee, 0xe8, 0xe, 0xef, 0x30,

    /* U+91CD "重" */
    0x0, 0xe1, 0x23, 0x46, 0x7a, 0x60, 0x9, 0x7f,
    0xee, 0xdc, 0x8d, 0xed, 0x50, 0x9, 0x7b, 0x9f,
    0xeb, 0x1c, 0xb9, 0x73, 0x0, 0x4e, 0xe6, 0x37,
    0x56, 0x3b, 0xbe, 0x68, 0xff, 0xe8, 0xf, 0xff,
    0x38, 0x8b, 0xff, 0x40, 0x7f, 0xee, 0x21, 0x7,
    0x3d, 0xda, 0xc7, 0x76, 0x92, 0x0, 0xc3, 0x99,
    0x58, 0xe6, 0x52, 0x1, 0xc3, 0x99, 0x58, 0x66,
    0x52, 0x1, 0xc3, 0x99, 0x58, 0x66, 0x52, 0x1,
    0x93, 0xb7, 0x69, 0xd, 0xdb, 0x3c, 0x2, 0x7d,
    0xdd, 0x21, 0xbb, 0xcc, 0x0, 0x6f, 0xfd, 0x1,
    0xff, 0xce, 0x0, 0x13, 0x3e, 0x13, 0x3e, 0x10,
    0xcf, 0xfe, 0xb1, 0xff, 0xf4, 0x0,

    /* U+91CF "量" */
    0x0, 0x17, 0xdd, 0xfe, 0xf2, 0x0, 0xf6, 0xef,
    0xe0, 0xf, 0xc6, 0x7f, 0x80, 0x3f, 0x77, 0x7e,
    0x0, 0xe5, 0x7a, 0xee, 0xfd, 0x4e, 0xa2, 0x2d,
    0xdf, 0xfe, 0x10, 0xc, 0x6a, 0x26, 0x77, 0x22,
    0x6f, 0x81, 0x0, 0x13, 0xf7, 0x46, 0x9d, 0xd3,
    0x70, 0x7, 0x32, 0xac, 0x68, 0xab, 0x30, 0x7,
    0x8f, 0x76, 0x0, 0x6e, 0xc2, 0x1, 0xcf, 0xf7,
    0x72, 0x2d, 0xdd, 0x92, 0x1, 0xb7, 0xbb, 0x22,
    0xf7, 0x70, 0x6, 0xdf, 0xfc, 0xcc, 0xff, 0xdc,
    0x0, 0x4f, 0xff, 0x33, 0x3f, 0xfc, 0x80,

    /* U+91D1 "金" */
    0x0, 0xf8, 0x88, 0x1, 0xff, 0xc1, 0x1d, 0xc0,
    0xf, 0xfe, 0x0, 0xe0, 0x89, 0x80, 0x3f, 0xcb,
    0xed, 0xd9, 0x14, 0x20, 0x1e, 0x2a, 0xa3, 0x58,
    0x1f, 0x8f, 0xb0, 0x4, 0x75, 0xaa, 0x81, 0x11,
    0x49, 0x9a, 0x3a, 0x4, 0x6, 0xf0, 0x48, 0x8e,
    0xe2, 0x22, 0x74, 0x8, 0x8e, 0xd0, 0xea, 0xa1,
    0x9a, 0xa4, 0x83, 0x48, 0x0, 0x48, 0xb8, 0x78,
    0x8b, 0x80, 0x27, 0xdd, 0xe0, 0x7d, 0xde, 0x0,
    0x9b, 0xdf, 0x7f, 0xc3, 0x3f, 0xe7, 0xbf, 0x0,
    0xef, 0xe0, 0xe, 0x37, 0x60, 0xf, 0x39, 0x20,
    0x6, 0xea, 0x20, 0x8, 0x62, 0x27, 0xc8, 0x18,
    0x83, 0xec, 0x41, 0x40, 0xdd, 0xe6, 0x77, 0x0,
    0xba, 0xbb, 0xdc, 0x0,

    /* U+949F "钟" */
    0x0, 0xff, 0xe2, 0xcc, 0x0, 0x7b, 0x90, 0x3,
    0x13, 0x3e, 0xe9, 0x40, 0x3f, 0xbc, 0xee, 0x64,
    0xe8, 0x90, 0xe2, 0x20, 0x98, 0x71, 0x12, 0x3b,
    0xaa, 0x3, 0xd5, 0xd9, 0xaf, 0xff, 0x18, 0x77,
    0x6, 0xf9, 0x80, 0xf, 0xa1, 0x5a, 0x60, 0x1f,
    0xe2, 0x16, 0x20, 0xf, 0xe2, 0x88, 0xf, 0xc2,
    0x0, 0x8f, 0x18, 0x0, 0x44, 0x2, 0x20, 0x7,
    0x70, 0x2b, 0x94, 0xa, 0x64, 0x3d, 0x28, 0x1d,
    0xc0, 0xae, 0x51, 0x0, 0xf0, 0xf0, 0x8f, 0x54,
    0x0, 0x65, 0xa7, 0x10, 0xf, 0xe5, 0x19, 0xd7,
    0x0, 0xff, 0x6a, 0xfb, 0x80, 0x7f, 0x0,

    /* U+94A5 "钥" */
    0x0, 0x14, 0x0, 0x7f, 0xf0, 0x60, 0x40, 0x21,
    0xff, 0xf4, 0x1, 0xab, 0x6e, 0xb0, 0x1, 0x9d,
    0xd1, 0x78, 0x72, 0xdc, 0xca, 0x0, 0x4, 0x23,
    0x30, 0x28, 0xd2, 0x26, 0x0, 0x10, 0x8c, 0xc0,
    0xb5, 0xff, 0xa8, 0x1, 0x9d, 0xd1, 0x0, 0x1b,
    0x82, 0xba, 0x80, 0x1d, 0xff, 0x20, 0x4, 0x23,
    0x80, 0x3f, 0x86, 0x64, 0x33, 0x27, 0x30, 0xe,
    0x70, 0xf, 0xbc, 0x1, 0xdf, 0xf1, 0x80, 0xcc,
    0x86, 0x65, 0xc, 0x1f, 0xf8, 0xc0, 0x3f, 0x11,
    0x80, 0x67, 0x0, 0xe2, 0x98, 0xd4, 0x0, 0xfc,
    0xa3, 0x23, 0x69, 0x40, 0x2, 0x23, 0x80, 0x58,
    0x1d, 0x14, 0xa4, 0x0, 0x9d, 0x14, 0x0, 0x4f,
    0x88, 0x4d, 0x0, 0x57, 0xfa, 0x60,

    /* U+94B1 "钱" */
    0x0, 0xff, 0xe3, 0x4c, 0x0, 0x76, 0xa4, 0xb9,
    0x0, 0x44, 0xcf, 0xba, 0x20, 0x8, 0x64, 0x50,
    0x0, 0x3e, 0x77, 0x32, 0x20, 0x1, 0x74, 0x65,
    0x18, 0x30, 0xe2, 0x24, 0x1d, 0xe0, 0x83, 0x90,
    0x60, 0xf7, 0xff, 0x70, 0x67, 0xac, 0x4b, 0x20,
    0x4, 0xfa, 0x15, 0xe0, 0x40, 0x7c, 0x6d, 0x50,
    0x1, 0x10, 0xb0, 0x89, 0x61, 0x99, 0x90, 0x1a,
    0x0, 0x44, 0xd, 0xa3, 0x51, 0x88, 0x77, 0x2d,
    0x0, 0xa6, 0x40, 0xf2, 0x5f, 0x7a, 0x2, 0x15,
    0x0, 0x5b, 0xa1, 0xcd, 0x50, 0x1, 0x81, 0xd3,
    0xc8, 0x7, 0xc2, 0x1, 0x16, 0xe, 0x0, 0x7a,
    0xf5, 0xc0, 0x60, 0x82, 0xc1, 0x80, 0x24, 0x17,
    0x94, 0xae, 0x3c, 0x3a, 0x38, 0x0, 0xb1, 0x3d,
    0x0, 0xf2, 0xcf, 0x5b, 0x24, 0x0,

    /* U+94C3 "铃" */
    0x0, 0x22, 0x0, 0x3c, 0xc6, 0x1, 0xe9, 0x20,
    0xe, 0x29, 0x90, 0x7, 0x21, 0x5e, 0xe9, 0x0,
    0x12, 0x68, 0x20, 0x10, 0xd3, 0x4c, 0xca, 0xc,
    0x9a, 0xda, 0x1, 0x32, 0x4a, 0x24, 0x27, 0x34,
    0x30, 0x32, 0x0, 0x7d, 0xff, 0xb5, 0x31, 0x83,
    0x3, 0xda, 0x40, 0xf, 0xa1, 0x39, 0xcd, 0x2a,
    0xf2, 0x56, 0xa0, 0x11, 0x14, 0x35, 0x20, 0xa,
    0xa0, 0x26, 0x0, 0xa2, 0xb, 0x50, 0x9f, 0x75,
    0x9d, 0xcf, 0x0, 0x14, 0xc8, 0x1a, 0x51, 0x17,
    0x78, 0x4, 0x0, 0x7b, 0xa2, 0xbd, 0x63, 0x66,
    0x90, 0x74, 0x3, 0xfc, 0x64, 0x12, 0xa6, 0x1,
    0xf2, 0x28, 0x2e, 0x6a, 0xd8, 0x7, 0x8a, 0xe4,
    0x41, 0xb4, 0x8c, 0x40, 0x3a, 0x82, 0x75, 0x0,
    0x7, 0xc3, 0x60, 0x1d, 0x7c, 0xc0, 0x1c, 0x39,
    0x0, 0x10,

    /* U+94DB "铛" */
    0x0, 0x8, 0x7, 0xff, 0xa, 0xe0, 0x2, 0x30,
    0x7, 0x98, 0x21, 0x1, 0x2b, 0xee, 0x97, 0x8,
    0x3, 0x4b, 0x87, 0x15, 0x44, 0x11, 0x54, 0x1,
    0x9, 0x2b, 0xe, 0xaa, 0xc3, 0xf6, 0x1, 0x3a,
    0x83, 0xd6, 0x7e, 0xe0, 0x3a, 0x80, 0x43, 0xc0,
    0x2b, 0x20, 0xb2, 0x2b, 0xce, 0x12, 0x6, 0x60,
    0x25, 0x1b, 0x53, 0xdd, 0x94, 0x36, 0x50, 0x9d,
    0xc3, 0x2e, 0x15, 0x5e, 0x50, 0x1c, 0xc0, 0x26,
    0x8, 0xfc, 0xe0, 0x77, 0x61, 0xdb, 0x3f, 0xee,
    0xe3, 0x0, 0xfd, 0xdf, 0xfc, 0x80, 0x1c, 0xf0,
    0x1, 0xff, 0x10, 0xd8, 0x37, 0xff, 0x90, 0x2,
    0xb0, 0xe8, 0x6d, 0xdf, 0x10, 0x5, 0x3e, 0x20,
    0x2, 0x2f, 0x6b, 0x80,

    /* U+94F6 "银" */
    0x0, 0x1a, 0x80, 0x7f, 0xf0, 0xa0, 0x80, 0x29,
    0xff, 0xf2, 0x0, 0xd, 0x27, 0x74, 0xa0, 0xbf,
    0xf8, 0x80, 0x3, 0xc9, 0x71, 0x4, 0x3, 0x0,
    0xf9, 0x6, 0xd5, 0x61, 0x6, 0xff, 0xc4, 0x0,
    0x5a, 0xff, 0xc4, 0xd, 0xff, 0x88, 0x2, 0x6d,
    0xa, 0xd2, 0x0, 0xff, 0x88, 0x58, 0x80, 0xd,
    0xbd, 0xba, 0x20, 0x9, 0x10, 0x36, 0x84, 0x0,
    0xa1, 0x5a, 0x86, 0x2, 0x99, 0x3, 0xca, 0x3,
    0x3a, 0xfb, 0xa4, 0x1, 0x6e, 0x87, 0x35, 0x80,
    0x2f, 0xb7, 0xdf, 0x0, 0xff, 0x94, 0xe3, 0x14,
    0x3, 0xc8, 0xa0, 0x1a, 0x84, 0xc0, 0x38, 0x72,
    0x80, 0xc9, 0xa8, 0x13, 0xc, 0x2, 0x70, 0x7e,
    0x45, 0x4a, 0xd7, 0xa7, 0xc2, 0x0, 0x3f, 0x40,
    0xd, 0x76, 0x39, 0x5, 0x69, 0x0,

    /* U+9500 "销" */
    0x0, 0x4b, 0x0, 0x4a, 0x0, 0xe3, 0x2, 0x60,
    0x0, 0xb0, 0x22, 0xa, 0x10, 0x3, 0x4f, 0x80,
    0x34, 0x2e, 0x64, 0xd3, 0x20, 0x9, 0x5a, 0x41,
    0x9f, 0xf7, 0x64, 0x45, 0x88, 0x80, 0x78, 0x0,
    0xc7, 0xff, 0x8b, 0xe7, 0x83, 0x2f, 0x24, 0x1,
    0x3a, 0x15, 0xa6, 0x1f, 0xfc, 0xe0, 0x10, 0x90,
    0xb1, 0x0, 0x7f, 0x85, 0x10, 0x28, 0x82, 0xe,
    0xee, 0x70, 0x1, 0x4c, 0x82, 0x25, 0x43, 0x77,
    0x8c, 0x0, 0x7b, 0xa1, 0xcd, 0x70, 0x22, 0xe5,
    0x0, 0xff, 0x77, 0x73, 0x0, 0x79, 0xa4, 0xc3,
    0xff, 0x9c, 0x3, 0x28, 0xd7, 0x18, 0x7, 0x84,
    0x40, 0x16, 0x9f, 0xb8, 0x7, 0x67, 0xbe, 0x0,
    0x51, 0x80, 0x1, 0xf0, 0xb, 0x3f, 0x90, 0x0,

    /* U+9501 "锁" */
    0x0, 0xff, 0xe3, 0x44, 0x0, 0x26, 0x0, 0x6a,
    0x3, 0x18, 0x0, 0x9d, 0xdb, 0xa6, 0xc8, 0x0,
    0x8a, 0x8, 0x7, 0xd2, 0xe6, 0x4f, 0x6c, 0x20,
    0x9, 0xb1, 0x6, 0x65, 0xa2, 0x42, 0x90, 0xe5,
    0xda, 0x62, 0xf, 0xbf, 0xf8, 0x6e, 0x64, 0xb,
    0x32, 0x20, 0x3, 0x68, 0x56, 0x88, 0x67, 0xe7,
    0xf8, 0x40, 0x31, 0xb, 0x10, 0x6, 0xd3, 0x0,
    0xe4, 0x40, 0xa2, 0x4, 0x3, 0xfd, 0x32, 0x8,
    0x94, 0x0, 0xff, 0x6e, 0x87, 0x35, 0x40, 0x21,
    0x10, 0x7, 0xff, 0x5, 0x4, 0x80, 0x3e, 0x17,
    0x94, 0xb1, 0x96, 0x82, 0xa2, 0x0, 0x8c, 0x2c,
    0x54, 0x31, 0xe4, 0x33, 0x40, 0x37, 0xf, 0x46,
    0x45, 0xd0, 0xc7, 0x87, 0x80, 0x5b, 0xc2, 0x1f,
    0xaa, 0x1, 0xc, 0xf8, 0x0,

    /* U+9519 "错" */
    0x0, 0x43, 0x80, 0x67, 0x90, 0x2f, 0x0, 0xc2,
    0xe0, 0x88, 0x11, 0x71, 0xb, 0x0, 0x88, 0x1,
    0x61, 0x53, 0x22, 0xc6, 0x4e, 0xb0, 0xed, 0x5,
    0x4e, 0xdd, 0x8f, 0x61, 0xbf, 0x43, 0xf0, 0x11,
    0xb7, 0xf7, 0x0, 0x3f, 0xc3, 0x68, 0xc, 0x88,
    0xf8, 0x6f, 0xd0, 0xff, 0x10, 0x1c, 0xc, 0x41,
    0x3b, 0xbf, 0x10, 0x22, 0x5, 0x10, 0x2b, 0x11,
    0xe3, 0x2, 0x99, 0x4, 0x4a, 0xe2, 0xf7, 0x66,
    0x60, 0x16, 0xe8, 0x73, 0x50, 0x19, 0xde, 0x60,
    0xf, 0xf9, 0x7f, 0xee, 0x0, 0xf9, 0xe4, 0x41,
    0xbf, 0xf0, 0x7, 0x8, 0xac, 0x44, 0xa, 0x67,
    0x20, 0x7, 0x48, 0x74, 0x0, 0xf, 0xfe, 0x90,
    0xe, 0x8f, 0x10, 0x4, 0x7e, 0x65, 0xbe, 0x80,

    /* U+952E "键" */
    0x0, 0x8, 0x80, 0x3f, 0xf8, 0x51, 0x0, 0x2f,
    0xf8, 0x1, 0xa2, 0x1, 0xcc, 0xce, 0xad, 0xa3,
    0xae, 0x2e, 0xe8, 0x0, 0xe0, 0xed, 0x85, 0x95,
    0x4e, 0x2e, 0xe0, 0x0, 0xa3, 0x62, 0x8, 0xe,
    0xbd, 0xc2, 0xee, 0xe, 0x13, 0xf7, 0xe3, 0x3b,
    0x8f, 0xb8, 0x5d, 0xc1, 0xc0, 0x89, 0xe, 0x28,
    0x6f, 0xae, 0x2e, 0xe0, 0x6, 0x71, 0x24, 0xbd,
    0x4a, 0xe2, 0xee, 0x80, 0xa, 0xa1, 0x53, 0x40,
    0x26, 0x72, 0x87, 0x50, 0x7, 0x48, 0x4d, 0xea,
    0x78, 0x7, 0xeb, 0xc1, 0xc8, 0x79, 0x25, 0x40,
    0xc4, 0x60, 0xf, 0xb8, 0x1e, 0x20, 0x11, 0x10,
    0x7, 0x34, 0x18, 0x4d, 0xd8, 0xb2, 0xec, 0x1,
    0x58, 0xd6, 0xce, 0x8f, 0x38, 0x90, 0x7, 0x3b,
    0x64, 0x51, 0x5d, 0xb0, 0x73, 0xfc, 0xc0, 0xe,
    0x90, 0xc4, 0x0, 0x2d, 0xef, 0xfc, 0xc0,

    /* U+953B "锻" */
    0x0, 0x2a, 0x0, 0x65, 0x50, 0x7, 0xe8, 0x0,
    0x86, 0xa8, 0x6b, 0xff, 0x0, 0x46, 0x42, 0x84,
    0xcb, 0x8c, 0xd, 0xe0, 0x1b, 0xc2, 0x26, 0x88,
    0xcc, 0x1, 0xf2, 0x8f, 0xee, 0xa0, 0xd, 0x50,
    0x84, 0x3, 0x25, 0x6f, 0xe1, 0x80, 0x3b, 0x32,
    0x1, 0x20, 0x15, 0x50, 0x50, 0x82, 0x5e, 0x3a,
    0x4, 0xc8, 0xc0, 0xa8, 0x18, 0x81, 0xc5, 0x60,
    0xcc, 0x94, 0x60, 0x88, 0x4, 0x20, 0x3e, 0xcb,
    0xdd, 0x66, 0x81, 0x4c, 0x82, 0x54, 0xf, 0xb5,
    0x63, 0x92, 0xc0, 0xb7, 0x41, 0xae, 0xe, 0x22,
    0xea, 0x14, 0x60, 0xf, 0x1d, 0xa7, 0x62, 0xf,
    0x30, 0x80, 0x71, 0x29, 0x7, 0xe8, 0x30, 0x68,
    0x6, 0xa0, 0xf2, 0x94, 0x11, 0x52, 0xbd, 0x30,
    0x4, 0x6f, 0xa8, 0x1, 0x40, 0x7c, 0x55, 0x4,
    0x1, 0x70, 0x0, 0x5b, 0x9, 0xa1, 0x4, 0xc1,

    /* U+957F "长" */
    0x0, 0xde, 0x60, 0x1c, 0x34, 0x40, 0x1f, 0xfc,
    0x2, 0xc0, 0x20, 0xf, 0xf9, 0xf5, 0x68, 0x3,
    0xfc, 0xdb, 0x59, 0x0, 0x1f, 0xe4, 0xbb, 0x69,
    0x80, 0x78, 0xce, 0x5, 0x7e, 0x53, 0x3f, 0x0,
    0xe6, 0x41, 0x39, 0x9f, 0xc2, 0x2f, 0xf8, 0x33,
    0xf8, 0x2f, 0xff, 0x84, 0x3, 0xe1, 0x78, 0x0,
    0xff, 0xe1, 0x41, 0x40, 0x7, 0xff, 0xb, 0x5e,
    0x0, 0x3f, 0xe2, 0x63, 0xb7, 0xb2, 0x0, 0xe2,
    0xd, 0xed, 0xa1, 0x4c, 0x7d, 0xa2, 0x0, 0xa4,
    0x1e, 0xbf, 0x4, 0xf, 0x28, 0xc8, 0x2, 0xbf,
    0x94, 0x0, 0xf2, 0xc8, 0x0,

    /* U+95EE "问" */
    0x7, 0x10, 0xf, 0xfe, 0x7, 0x60, 0x87, 0xff,
    0xea, 0x9, 0x6d, 0xd, 0xdf, 0x88, 0x80, 0x37,
    0x60, 0x22, 0xf9, 0x81, 0x3c, 0x1c, 0x3, 0xff,
    0x84, 0xdf, 0x99, 0x80, 0x3f, 0x71, 0x44, 0x28,
    0xc0, 0x3f, 0x91, 0x25, 0x0, 0xff, 0xed, 0x37,
    0xfb, 0x0, 0x3f, 0xc9, 0xbb, 0x80, 0x3f, 0x4d,
    0x11, 0x60, 0xf, 0xc2, 0x20, 0xc, 0x44, 0x70,
    0xf, 0xfb, 0xb4, 0x6d, 0x38, 0x3, 0xf6, 0x7e,
    0x98,

    /* U+95F4 "间" */
    0x7, 0x20, 0xf, 0xfe, 0x7, 0xf8, 0x5b, 0xff,
    0xf5, 0x4, 0xc, 0xb6, 0xef, 0xc6, 0x60, 0x1d,
    0x80, 0x22, 0xf9, 0x81, 0x7c, 0x40, 0x3f, 0xf8,
    0x7d, 0xff, 0xc6, 0x1, 0xfb, 0x3f, 0xe1, 0x0,
    0xfe, 0x10, 0xf, 0xfe, 0xe, 0xff, 0xc2, 0x1,
    0xfd, 0x9d, 0xd0, 0x80, 0x7f, 0x8, 0xe0, 0xf,
    0xf7, 0xe6, 0x42, 0x1, 0xfb, 0x7b, 0xfe, 0xc3,
    0x0, 0xf8, 0xcf, 0xc0, 0x20, 0x1f, 0xfc, 0x1,
    0xe5, 0xc5, 0xe0, 0xf, 0xc3, 0xfe, 0x50,

    /* U+961F "队" */
    0x0, 0xff, 0xe1, 0x9f, 0xfe, 0xc0, 0xb, 0x94,
    0x3, 0x87, 0xb8, 0x8a, 0x1, 0xff, 0x8, 0x92,
    0xc0, 0x30, 0x80, 0x7c, 0xc8, 0x40, 0x10, 0x80,
    0x7e, 0xad, 0x0, 0xe2, 0x0, 0xfa, 0x20, 0x20,
    0x2, 0xe, 0x0, 0xf9, 0x11, 0x20, 0x1, 0x2,
    0x0, 0xfd, 0xe8, 0x0, 0x50, 0x40, 0xf, 0xc6,
    0x1, 0x6b, 0x2, 0x0, 0x7b, 0x26, 0xc0, 0x52,
    0x9b, 0x80, 0x3d, 0xfa, 0xe1, 0x6, 0x6a, 0x53,
    0x0, 0xe3, 0x20, 0x56, 0xf0, 0x27, 0xe1, 0x0,
    0xf3, 0x54, 0x98, 0x2, 0x7, 0x44, 0x3, 0xd,
    0xd3, 0x0, 0x6d, 0x74, 0x3e, 0x0, 0xe, 0xa8,
    0x7, 0xd, 0xa8,

    /* U+9636 "阶" */
    0x0, 0xfc, 0x74, 0x1, 0xdd, 0xff, 0x70, 0x5,
    0xa, 0x20, 0x1d, 0x5a, 0x4e, 0x0, 0x24, 0x3a,
    0x0, 0xe1, 0x32, 0xb0, 0x7, 0x36, 0x34, 0x80,
    0x74, 0xa9, 0x5, 0xc, 0x86, 0x3c, 0x80, 0x66,
    0xe1, 0xc7, 0xc0, 0x0, 0xe2, 0x60, 0x80, 0x2e,
    0x89, 0xbd, 0xc0, 0x2, 0x99, 0x62, 0x0, 0x54,
    0xba, 0x19, 0x0, 0x2c, 0xb, 0x80, 0x6f, 0x40,
    0x0, 0x80, 0x7f, 0x8c, 0x0, 0xe0, 0x1f, 0xc7,
    0x93, 0x60, 0x26, 0x1, 0xf8, 0xe3, 0x5c, 0x35,
    0x80, 0x3f, 0x90, 0x80, 0xd, 0xa0, 0x1f, 0xfc,
    0x8, 0x7, 0x0, 0xff, 0x89, 0x68, 0x40, 0x3e,
    0xe4, 0x0, 0x16, 0xa0, 0x4, 0x9c, 0x1, 0x0,

    /* U+9664 "除" */
    0x0, 0xfe, 0x92, 0x0, 0xdd, 0xff, 0x28, 0x4,
    0xcc, 0x70, 0xe, 0xcd, 0x7, 0x0, 0x24, 0xbd,
    0x98, 0x6, 0x17, 0x32, 0x4, 0xb9, 0x89, 0xd3,
    0x0, 0xdf, 0x40, 0xf7, 0xc, 0xf, 0x38, 0xe0,
    0x12, 0x34, 0x41, 0xc9, 0x59, 0x49, 0xe4, 0x80,
    0x48, 0xe3, 0x82, 0x66, 0xb9, 0xfe, 0x20, 0x1f,
    0xe0, 0x18, 0xcc, 0x6, 0x61, 0xc0, 0x31, 0x82,
    0xc4, 0x60, 0x88, 0xc0, 0x1e, 0xff, 0x80, 0x7,
    0xff, 0x0, 0x17, 0x4d, 0x5f, 0x92, 0x2, 0xfc,
    0xdc, 0x0, 0x9d, 0xe0, 0xce, 0x60, 0x15, 0xd0,
    0x80, 0x4, 0xc4, 0xe6, 0xc0, 0x31, 0xb6, 0x80,
    0x75, 0x32, 0x80, 0x81, 0x84, 0x38, 0x80, 0x69,
    0x90, 0x7f, 0x18, 0x80, 0x2c, 0x78, 0x80, 0x3b,
    0xfd, 0x80, 0x1c,

    /* U+966A "陪" */
    0x0, 0xfc, 0x90, 0x1, 0xdd, 0xff, 0x58, 0x4,
    0xee, 0x10, 0xe, 0xbe, 0x43, 0x9c, 0xc7, 0x87,
    0x66, 0x28, 0x0, 0xe2, 0x95, 0x45, 0xb8, 0xbb,
    0x9a, 0x40, 0x25, 0x32, 0x30, 0xe4, 0x4b, 0xc4,
    0xc0, 0x2e, 0xa0, 0x6, 0xa0, 0x4, 0xdc, 0x1,
    0xb6, 0x80, 0x9d, 0x88, 0x8c, 0x2e, 0x40, 0x13,
    0x4, 0x6e, 0x26, 0xea, 0x43, 0x74, 0x80, 0x15,
    0x1f, 0xff, 0xf2, 0x0, 0x42, 0x9, 0xff, 0xf1,
    0x80, 0x59, 0x1a, 0x3, 0xdd, 0xc0, 0x1d, 0x1a,
    0xc0, 0x1, 0x1e, 0x0, 0xe4, 0x20, 0xf, 0xfe,
    0x28, 0xee, 0xf0, 0x7, 0xfa, 0x67, 0x80, 0x2e,
    0x30, 0x9, 0x3d, 0x13, 0xbc, 0xc0,

    /* U+96F6 "零" */
    0x1, 0x88, 0xef, 0xd8, 0x8c, 0x80, 0x10, 0xc4,
    0x70, 0xcc, 0x46, 0x40, 0xb, 0xb7, 0x78, 0x6f,
    0x77, 0x73, 0x80, 0x5f, 0x33, 0x60, 0xdc, 0xcd,
    0xcf, 0xe0, 0x2, 0x3, 0x3c, 0x0, 0x23, 0x33,
    0xf7, 0x0, 0x18, 0xf7, 0x70, 0xc3, 0xed, 0xda,
    0x1d, 0x80, 0x25, 0xcc, 0x6a, 0x4e, 0xd6, 0x64,
    0x1, 0xe4, 0xaf, 0xea, 0x9c, 0xb7, 0x30, 0x8,
    0xef, 0xbf, 0xdd, 0x12, 0x1b, 0x1f, 0xdf, 0x60,
    0x7f, 0x43, 0xf5, 0x6f, 0x54, 0x94, 0xe, 0x90,
    0x2, 0x2c, 0xce, 0x8e, 0x92, 0x35, 0x12, 0x0,
    0x84, 0xda, 0x10, 0x42, 0x13, 0x60, 0x3, 0xe5,
    0x8f, 0xdc, 0x7d, 0x20, 0xf, 0xe3, 0x8f, 0xc6,
    0xf0, 0xf, 0xfe, 0x9, 0xd7, 0x0, 0x70,

    /* U+9700 "需" */
    0x8, 0x99, 0xdf, 0xe9, 0x9d, 0x0, 0x14, 0x4c,
    0xe5, 0x79, 0x9d, 0x0, 0xb, 0xee, 0xe5, 0x7e,
    0xee, 0xb0, 0x7a, 0xcc, 0xbd, 0x5f, 0xf3, 0x2b,
    0x60, 0xa, 0xe2, 0x8, 0x0, 0x78, 0x85, 0x80,
    0x5a, 0xe6, 0x0, 0x30, 0xe, 0x36, 0xf0, 0x13,
    0x88, 0x9f, 0x79, 0xe2, 0x23, 0x20, 0xee, 0x66,
    0x5f, 0x13, 0xf9, 0x97, 0x70, 0x3b, 0xff, 0x86,
    0x7f, 0xfc, 0x0, 0x78, 0x8a, 0x87, 0x22, 0x35,
    0x0, 0x5a, 0x7e, 0x9, 0x38, 0xc9, 0xfc, 0x80,
    0x1b, 0x1a, 0x85, 0x98, 0xb4, 0xce, 0x1, 0xff,
    0xd0, 0x6f, 0x31, 0x0, 0x53, 0x1, 0xf0, 0x2,
    0x9d, 0xbf, 0x0, 0x0,

    /* U+9752 "青" */
    0xa, 0xff, 0xff, 0x9c, 0x1, 0x5f, 0xfa, 0x87,
    0xff, 0x9c, 0x2, 0x22, 0xe1, 0x22, 0xc2, 0x1,
    0x17, 0x76, 0x80, 0xee, 0xd6, 0x1, 0x16, 0x66,
    0x91, 0xcc, 0xd4, 0x0, 0xbe, 0xee, 0x91, 0xee,
    0xf2, 0xdf, 0x73, 0xfe, 0xee, 0x7f, 0xee, 0xe2,
    0x80, 0x2f, 0xf3, 0x3e, 0xe3, 0x0, 0xe9, 0xdd,
    0xf8, 0x3, 0xe8, 0xdd, 0xf8, 0x3, 0xe8, 0xdd,
    0xf8, 0x3, 0xe8, 0xdd, 0xf8, 0x3, 0xe8, 0xdd,
    0xf8, 0x4, 0x3, 0xfc, 0x9d, 0xc4, 0x20, 0x0,

    /* U+9759 "静" */
    0x0, 0xff, 0xe3, 0x9f, 0x0, 0x67, 0x80, 0xf,
    0x6f, 0x60, 0xf7, 0x28, 0x21, 0xff, 0xcc, 0x1,
    0x6f, 0x60, 0xf7, 0x2a, 0x1f, 0xf0, 0x1c, 0x2,
    0x8d, 0xc1, 0xdd, 0x53, 0xd9, 0xe3, 0x98, 0x80,
    0x23, 0x70, 0x37, 0x50, 0x19, 0x80, 0x7d, 0x90,
    0x2e, 0xe6, 0x7, 0x77, 0xc, 0xf2, 0x80, 0xb,
    0xf7, 0x31, 0xba, 0xe2, 0x20, 0xf1, 0x31, 0x88,
    0x3e, 0xc4, 0x3f, 0x2f, 0xb8, 0xf, 0xc6, 0x8e,
    0x0, 0x29, 0x97, 0x84, 0xee, 0x8e, 0xb5, 0x9d,
    0x80, 0x7, 0x32, 0xf0, 0x3, 0x30, 0xf9, 0x9c,
    0x3, 0x1c, 0xcb, 0xc0, 0x19, 0x80, 0x4c, 0x10,
    0xc, 0x73, 0x2f, 0x0, 0x55, 0xe, 0xa9, 0xf0,
    0x1, 0x2d, 0xdb, 0x40, 0x21, 0x18, 0x3, 0xf3,
    0xf2, 0x4, 0xf0, 0x28, 0x7, 0x35, 0x3, 0xfd,
    0x84, 0xfe, 0x88, 0x6,

    /* U+9762 "面" */
    0x1f, 0xff, 0xfe, 0x11, 0xe, 0xef, 0x81, 0xb7,
    0x7c, 0x40, 0x45, 0xc6, 0x14, 0x45, 0xe0, 0x0,
    0x99, 0xe9, 0x0, 0x19, 0xf0, 0x80, 0x13, 0x37,
    0x58, 0xe1, 0xb9, 0x8d, 0xd6, 0x20, 0x4, 0x5d,
    0xc1, 0xcf, 0xe9, 0x4e, 0xe0, 0x80, 0x7e, 0x61,
    0x18, 0x3, 0xfe, 0x1a, 0xff, 0x43, 0x80, 0x7f,
    0x87, 0x3b, 0x92, 0xe0, 0x1f, 0xe1, 0xcc, 0xa5,
    0xc0, 0x3f, 0xe8, 0xff, 0x33, 0x80, 0x7f, 0x85,
    0xc, 0xde, 0x1, 0xf8, 0xae, 0xc3, 0xb7, 0x69,
    0x4b, 0xb0, 0x80, 0x76, 0x62, 0x27, 0x31, 0x10,
    0xcc, 0x0, 0x40,

    /* U+9769 "革" */
    0x0, 0x9f, 0x40, 0x32, 0xf8, 0x6, 0xdf, 0xf4,
    0x17, 0xfe, 0xa0, 0xff, 0x8f, 0x7f, 0xd0, 0x5f,
    0xfa, 0x87, 0xfe, 0x30, 0xc, 0x75, 0x7b, 0x52,
    0x1, 0xf9, 0xb6, 0x4c, 0xa7, 0xf0, 0x3, 0x8f,
    0x73, 0xb8, 0xe1, 0xdc, 0xfd, 0xa0, 0x9, 0xcf,
    0xfe, 0x80, 0xff, 0x95, 0xc0, 0x38, 0x8b, 0x9,
    0x15, 0xe0, 0x1c, 0x3d, 0xd5, 0xf, 0x75, 0x0,
    0x19, 0x3f, 0xba, 0xa0, 0xee, 0xbf, 0x40, 0x4,
    0x5f, 0x1, 0x17, 0x87, 0xf7, 0x7a, 0x3, 0x77,
    0xcd, 0xbf, 0xfd, 0x43, 0xff, 0xe7, 0x0, 0xff,
    0xe1, 0x80,

    /* U+97F3 "音" */
    0x0, 0xf9, 0x88, 0x3, 0xff, 0x85, 0x92, 0x1,
    0xf8, 0xff, 0xf9, 0x53, 0xff, 0x94, 0x0, 0x7d,
    0xc4, 0xae, 0xed, 0x65, 0x9c, 0xa0, 0x10, 0x88,
    0xe4, 0x47, 0x68, 0x98, 0x80, 0x44, 0x56, 0x99,
    0x14, 0x6d, 0x44, 0x50, 0xe, 0xed, 0x41, 0xbb,
    0x60, 0x4e, 0xec, 0x43, 0xff, 0xff, 0xc2, 0x20,
    0xb, 0x7f, 0xff, 0x84, 0x3, 0x8e, 0xbb, 0xbd,
    0x80, 0x1f, 0xc2, 0x3e, 0x0, 0xfc, 0x35, 0xdd,
    0xec, 0x0, 0xf8, 0x6f, 0xbb, 0xda, 0x1, 0xf8,
    0x8b, 0xe6, 0x0, 0xf8, 0x67, 0x33, 0xd6, 0x1,
    0xf7, 0xfb, 0xbb, 0xdf, 0xe1, 0x0, 0x0,

    /* U+9879 "项" */
    0x0, 0xf7, 0x7f, 0xfe, 0x42, 0x88, 0xcf, 0xfd,
    0xc9, 0xd, 0xee, 0x90, 0x5, 0x5c, 0x40, 0x46,
    0xf5, 0x21, 0x18, 0xa, 0x64, 0x12, 0xeb, 0xfe,
    0x65, 0xff, 0x8c, 0x3, 0xf1, 0x77, 0x70, 0x7,
    0xfc, 0x27, 0xc0, 0x20, 0x1f, 0xfd, 0xb1, 0x60,
    0xe, 0x10, 0xe, 0x3f, 0xe, 0xc0, 0x9, 0x84,
    0x3, 0x9b, 0x2, 0xbe, 0x9a, 0x83, 0x54, 0x1,
    0x4, 0xf, 0xd6, 0xa0, 0x3, 0x75, 0x69, 0xab,
    0x61, 0x1, 0x10, 0x6, 0x2a, 0xbb, 0x15, 0x17,
    0xa0, 0x7, 0xa3, 0x4f, 0xd0, 0x1, 0x37, 0x61,
    0x0, 0xe8, 0xf9, 0x10, 0xc, 0xbc, 0x20,

    /* U+987A "顺" */
    0xb, 0x40, 0x1, 0x73, 0x7f, 0xfb, 0x41, 0xc2,
    0x8, 0x0, 0xdf, 0xe8, 0x1f, 0xf6, 0x80, 0x46,
    0x20, 0x12, 0x22, 0x9, 0x10, 0x20, 0x1f, 0xae,
    0x40, 0xa6, 0xc8, 0x3, 0xfb, 0x3f, 0xb4, 0x40,
    0x3f, 0xe2, 0xe0, 0xf, 0xfe, 0x8, 0x80, 0x7f,
    0xf2, 0x5, 0xc0, 0x3f, 0xf9, 0x4e, 0x60, 0x18,
    0xc8, 0x3, 0x98, 0x74, 0x44, 0xc2, 0x38, 0x3,
    0xa4, 0x5d, 0xd9, 0x24, 0x86, 0x16, 0x60, 0x10,
    0xe3, 0xda, 0xe0, 0xe5, 0x80, 0x73, 0x7a, 0xc8,
    0x43, 0x44, 0xb0, 0x4, 0x5c, 0x99, 0x0, 0x15,
    0x40,

    /* U+987E "顾" */
    0x6, 0xff, 0xeb, 0xb7, 0x73, 0xfd, 0xdc, 0x10,
    0x2, 0x7f, 0xeb, 0xaf, 0xd0, 0xcf, 0xf0, 0x80,
    0x4, 0x3, 0x84, 0x10, 0xc8, 0x4, 0x3, 0x2f,
    0xfc, 0xcc, 0xe8, 0x3f, 0xe9, 0x0, 0xc6, 0x9c,
    0xc0, 0x6, 0xff, 0x73, 0x80, 0x78, 0x46, 0x0,
    0xdc, 0x1, 0xff, 0xc3, 0x10, 0xe, 0x10, 0xf,
    0xfe, 0x21, 0x80, 0x21, 0x88, 0x3, 0xfb, 0xc4,
    0x1, 0x3e, 0x80, 0x2, 0x10, 0xe, 0x2f, 0x0,
    0x8, 0x81, 0x71, 0x14, 0x33, 0x40, 0xc, 0x60,
    0x5, 0xc4, 0x35, 0xbd, 0xc6, 0x40, 0x1, 0xac,
    0x2f, 0x42, 0x5, 0x3b, 0x46, 0x20, 0x22, 0x5,
    0x6a, 0xd0, 0x78, 0xa8, 0x13, 0x64, 0x12, 0x82,
    0xd4, 0x0, 0x3f, 0x0, 0x11, 0xe8, 0x0,

    /* U+9891 "频" */
    0x0, 0xd8, 0xe0, 0xd, 0xff, 0xf0, 0x80, 0xf0,
    0x14, 0x74, 0xe7, 0x70, 0x2b, 0xb8, 0x20, 0x18,
    0x97, 0x6c, 0x44, 0x42, 0xa2, 0x20, 0xf, 0x69,
    0x93, 0x7e, 0xf, 0xfa, 0x40, 0xa8, 0x64, 0xe2,
    0x64, 0x2d, 0xfd, 0xf0, 0x60, 0x1, 0x43, 0x3,
    0x38, 0x2, 0xf1, 0x0, 0x8a, 0xa2, 0x83, 0xaa,
    0x82, 0x1, 0xf8, 0x70, 0x2, 0x5b, 0x0, 0x84,
    0x40, 0x19, 0x94, 0x2, 0xed, 0x0, 0xfc, 0x31,
    0x0, 0x2, 0x2b, 0x0, 0x8, 0x80, 0x18, 0x74,
    0x81, 0xe2, 0x0, 0x58, 0xae, 0x7, 0xe0, 0x2,
    0x1, 0x44, 0x30, 0x22, 0xd6, 0xf3, 0xa8, 0x4,
    0xfe, 0x94, 0x0, 0x3c, 0x47, 0xdd, 0x30, 0x3,
    0x31, 0xb0, 0x0, 0x8e, 0xa9, 0x3, 0xcb, 0x20,
    0xcb, 0x30, 0xa, 0x35, 0x80, 0x22, 0xd2,

    /* U+989C "颜" */
    0x0, 0xff, 0xe3, 0x96, 0x0, 0x7f, 0xf0, 0x88,
    0x4c, 0x1, 0x9f, 0xfe, 0x50, 0xdf, 0xf1, 0x67,
    0xf6, 0x7f, 0x8b, 0x7f, 0xca, 0x1a, 0xf5, 0xdc,
    0x4c, 0x0, 0x10, 0x90, 0x7, 0x64, 0x8b, 0x89,
    0x37, 0x69, 0xee, 0xb0, 0x1, 0x16, 0x59, 0x29,
    0x60, 0xdf, 0x7b, 0xe2, 0x0, 0x14, 0xdf, 0xb4,
    0xf0, 0xa, 0x44, 0x3, 0x8c, 0xcd, 0x26, 0x80,
    0x1f, 0xe2, 0xe9, 0xeb, 0x0, 0xc6, 0x20, 0x1d,
    0xb9, 0x85, 0xc3, 0x0, 0xfe, 0x31, 0x16, 0x56,
    0x18, 0x0, 0x4c, 0x3, 0x87, 0x36, 0xb1, 0x60,
    0xfd, 0x1c, 0x0, 0xe0, 0x6, 0x9e, 0x7a, 0xa4,
    0xab, 0xcf, 0xd3, 0x50, 0x9, 0x4, 0x79, 0xe8,
    0x8a, 0xd9, 0x66, 0x9c, 0x11, 0xa, 0x39, 0x21,
    0x5f, 0x94, 0x7, 0xf6, 0xaa, 0xa6, 0x92, 0x0,
    0x47, 0x38, 0x4, 0x38, 0xa0,

    /* U+989D "额" */
    0x0, 0x92, 0xc0, 0x3f, 0xf8, 0x48, 0x90, 0x3,
    0xbf, 0xfc, 0x21, 0xff, 0x5, 0xfe, 0xf7, 0x34,
    0x37, 0xb8, 0x20, 0xe, 0xbd, 0xfe, 0x0, 0xb,
    0xa1, 0x8, 0x80, 0x10, 0x16, 0x20, 0xb, 0x8c,
    0xa4, 0xcc, 0x30, 0x1, 0xe8, 0x37, 0xb8, 0x84,
    0xd1, 0xb, 0xe, 0x0, 0x58, 0xf7, 0x1d, 0x48,
    0x3d, 0xf5, 0xd4, 0x2, 0xc9, 0xef, 0x4a, 0x0,
    0x85, 0x40, 0x39, 0x90, 0x0, 0x72, 0x20, 0x3,
    0x10, 0xc, 0x5d, 0xb9, 0xfc, 0x30, 0x0, 0x13,
    0x0, 0xc5, 0xa9, 0x9f, 0xe7, 0x80, 0x3, 0x30,
    0x3, 0x88, 0x77, 0xfc, 0x6, 0x43, 0xf8, 0x1f,
    0xc0, 0x1f, 0xd0, 0xca, 0x78, 0x8c, 0x1, 0x98,
    0x88, 0x0, 0x3f, 0x84, 0x8f, 0x40, 0xd, 0x7f,
    0xe0, 0xad, 0x87, 0x4, 0xc8, 0x20, 0x7, 0xfb,
    0x75, 0xf1, 0xca, 0x1, 0xe, 0x10,

    /* U+98CE "风" */
    0x0, 0x3f, 0xff, 0xf9, 0x40, 0x3d, 0xbb, 0xf8,
    0x3, 0xe3, 0x22, 0xe1, 0x42, 0x20, 0x7, 0xc7,
    0x82, 0x0, 0x81, 0x0, 0xfe, 0x36, 0xa0, 0x14,
    0x60, 0xf, 0xf5, 0x34, 0x41, 0x4, 0x4, 0x3,
    0xbd, 0xc0, 0x1e, 0xed, 0x20, 0x1f, 0x84, 0x40,
    0x2, 0x0, 0xf1, 0x80, 0x63, 0x20, 0x3, 0x9,
    0xf0, 0x1, 0xc0, 0x39, 0xf8, 0xa, 0x6f, 0x4a,
    0x0, 0x44, 0x1, 0x9, 0x21, 0x63, 0x28, 0xdb,
    0x91, 0xf9, 0x8, 0x38, 0x97, 0xa4, 0x80, 0x15,
    0x17, 0xcd, 0xd8, 0x2d, 0x83, 0x28, 0x3, 0x5b,
    0xa2, 0x30, 0x48, 0x24, 0x4, 0x3, 0xe2, 0x67,
    0x42, 0xd1, 0x0, 0xff, 0x4f, 0x10,

    /* U+98DE "飞" */
    0xef, 0xff, 0xd0, 0x1, 0xdb, 0x77, 0xf1, 0x8,
    0x1, 0x90, 0xd, 0x13, 0xf0, 0x1, 0x65, 0xc0,
    0x3f, 0xc6, 0xb5, 0x66, 0x1, 0xfc, 0x2b, 0x76,
    0x40, 0xf, 0xf7, 0x81, 0x28, 0x7, 0xfc, 0x42,
    0xde, 0xa0, 0x1f, 0xe1, 0xa, 0xba, 0x90, 0xf,
    0xe5, 0x11, 0x2e, 0xf0, 0x7, 0xf0, 0x89, 0x40,
    0x9c, 0x3, 0xfc, 0xba, 0x0, 0x92, 0x0, 0xfe,
    0xe7, 0x0, 0x28, 0x80, 0x7f, 0x29, 0xe2, 0x99,
    0x80, 0x3f, 0xd8, 0xf4, 0xe0,

    /* U+98DF "食" */
    0x0, 0xf8, 0x8c, 0x3, 0xff, 0x85, 0xb8, 0x20,
    0x1f, 0xf0, 0xe2, 0x36, 0x10, 0x7, 0xf3, 0x72,
    0x9c, 0x56, 0xb8, 0x7, 0x97, 0x26, 0xe4, 0xad,
    0xf2, 0xbd, 0xc8, 0x7, 0x6c, 0xc2, 0xfd, 0x55,
    0xf8, 0x44, 0xcd, 0x31, 0xee, 0x3a, 0xff, 0xf9,
    0x55, 0x7c, 0x60, 0x60, 0x5, 0xee, 0xf2, 0x80,
    0x4, 0x3, 0x97, 0xbb, 0xca, 0x1, 0xf9, 0xcc,
    0xfc, 0x20, 0x1f, 0x8b, 0xff, 0xce, 0x6c, 0x1,
    0xe5, 0xcc, 0x2a, 0xb7, 0x15, 0x44, 0x1, 0xfd,
    0x3, 0xde, 0x7e, 0x80, 0x1c, 0x20, 0x6d, 0x1d,
    0xa6, 0x8e, 0x1, 0xe6, 0x5d, 0xd7, 0x21, 0x65,
    0x45, 0x80, 0x75, 0x77, 0x2d, 0xc8, 0x0, 0x9f,
    0x0, 0x0,

    /* U+996A "饪" */
    0x0, 0x22, 0x80, 0x7f, 0x10, 0x6, 0xed, 0x0,
    0xc2, 0x8d, 0x3b, 0xa5, 0x0, 0x93, 0x0, 0x7,
    0xfd, 0x72, 0xf5, 0xaa, 0x0, 0x21, 0xbf, 0xf6,
    0x5e, 0xf8, 0xd3, 0x90, 0x5, 0x49, 0xba, 0x65,
    0x42, 0x0, 0xfc, 0xdc, 0x44, 0x49, 0x0, 0xfe,
    0x63, 0x5e, 0x48, 0x30, 0xf, 0xe6, 0xc0, 0x3,
    0xac, 0xff, 0xc3, 0x7f, 0xf1, 0x0, 0x80, 0x68,
    0xcc, 0x81, 0xf3, 0x22, 0x0, 0xf0, 0x99, 0xc3,
    0x86, 0x70, 0x7, 0xff, 0x29, 0xa0, 0x3, 0xff,
    0x80, 0x39, 0x76, 0x0, 0xff, 0x9c, 0x17, 0x5e,
    0xee, 0x1b, 0xba, 0x80, 0x34, 0x50, 0x36, 0x65,
    0x10, 0xcc, 0x80,

    /* U+9971 "饱" */
    0x0, 0x29, 0x80, 0x64, 0x40, 0x7, 0xe9, 0x60,
    0xd, 0x2, 0x1, 0xf8, 0xc4, 0x8c, 0xc, 0xd1,
    0xbb, 0x7b, 0x0, 0xc, 0x2b, 0x30, 0x9e, 0xdd,
    0xd8, 0x84, 0x1, 0x6d, 0xd8, 0x26, 0x52, 0x67,
    0x9c, 0x2, 0x6d, 0xa, 0x79, 0x5f, 0xfb, 0x40,
    0x32, 0x13, 0xed, 0xc6, 0x61, 0x3f, 0x4c, 0x4,
    0x0, 0x9a, 0x6, 0x61, 0x20, 0x10, 0xe, 0x10,
    0x0, 0x80, 0x79, 0x88, 0x40, 0x3f, 0xf8, 0x27,
    0x9a, 0x40, 0xc6, 0x1, 0xfc, 0xbd, 0xc7, 0xe2,
    0x40, 0xe, 0x19, 0x0, 0xea, 0xcf, 0x10, 0xc,
    0x38, 0x60, 0x1c, 0x24, 0x16, 0x80, 0xa, 0x5,
    0xa0, 0x16, 0x10, 0x8, 0x95, 0xc0, 0xc, 0xc8,
    0x0, 0x20, 0xf7, 0xfd, 0xaa, 0x60, 0xf, 0x90,
    0x8, 0xb7, 0xff, 0xac, 0x0,

    /* U+9999 "香" */
    0x0, 0xff, 0x88, 0x80, 0x1c, 0x26, 0x8a, 0xd5,
    0x79, 0xdb, 0x20, 0x1d, 0x1d, 0x1d, 0x8a, 0xd1,
    0x9f, 0x60, 0x1d, 0x3b, 0x97, 0x45, 0x68, 0x40,
    0x1c, 0x9f, 0xfe, 0x29, 0xff, 0xed, 0x4, 0xdd,
    0xcc, 0x0, 0x10, 0xad, 0xdb, 0xc0, 0x4, 0x55,
    0xbe, 0x94, 0x4d, 0x21, 0x14, 0x1, 0x1e, 0x27,
    0x90, 0x1, 0xae, 0x30, 0xc0, 0x5, 0x58, 0xb8,
    0x21, 0x8, 0x9, 0xed, 0x96, 0x6, 0x18, 0x5d,
    0xfe, 0xad, 0xff, 0x73, 0xee, 0x80, 0x68, 0xc2,
    0x3f, 0xfd, 0x20, 0x4c, 0x1, 0xd1, 0xdd, 0xe9,
    0x0, 0xfc, 0xfd, 0xde, 0x90, 0xf, 0xfe, 0x18,
    0x80, 0x7e, 0x7e, 0xef, 0x41, 0x80, 0x7a, 0xff,
    0xbb, 0xdf, 0xc0, 0x10,

    /* U+99A8 "馨" */
    0xa, 0xcc, 0x7f, 0x66, 0x5, 0xbf, 0x7d, 0x0,
    0x28, 0xaa, 0x3, 0xd4, 0x3d, 0xdb, 0x57, 0xe8,
    0x0, 0x20, 0x8, 0xf0, 0x11, 0x39, 0x36, 0x94,
    0x0, 0xa, 0x76, 0x2b, 0x7d, 0x5b, 0xb9, 0x8c,
    0x40, 0x3, 0x2b, 0x3d, 0xa4, 0x24, 0x57, 0x4d,
    0x0, 0x9c, 0xac, 0xf6, 0x89, 0x84, 0x8, 0x90,
    0x40, 0x9, 0xa9, 0xb8, 0xe9, 0xa3, 0x47, 0xbe,
    0xb0, 0x24, 0x51, 0x33, 0xa4, 0x7a, 0xad, 0x92,
    0x40, 0x8f, 0x7a, 0xa9, 0x26, 0x57, 0xd9, 0xba,
    0xa0, 0x5, 0xee, 0xa5, 0x92, 0x19, 0x5a, 0x77,
    0x54, 0x0, 0x38, 0xfb, 0x52, 0xa6, 0x36, 0xbf,
    0x84, 0x2, 0xd2, 0x23, 0x65, 0xfe, 0xdf, 0xb0,
    0x8a, 0x44, 0xba, 0x91, 0xa2, 0x3c, 0xcb, 0x3a,
    0x20, 0x1c, 0x23, 0xe0, 0xf, 0xd3, 0xf7, 0x7e,
    0xfb, 0x0, 0x80,

    /* U+9A6C "马" */
    0x0, 0xff, 0xe2, 0xf7, 0xff, 0xf4, 0x0, 0x6c,
    0xdd, 0xfc, 0x3c, 0x1, 0x88, 0xbf, 0x8c, 0xc0,
    0x1c, 0xd6, 0x1, 0xe2, 0x60, 0xe, 0xe1, 0x0,
    0xe1, 0x2, 0x0, 0xe1, 0x30, 0xe, 0x30, 0x10,
    0xe, 0x53, 0x22, 0xe5, 0x2, 0x31, 0x0, 0x8d,
    0x77, 0x7a, 0x3, 0x72, 0xc0, 0x2f, 0xff, 0xf2,
    0x90, 0x19, 0xff, 0x84, 0x1b, 0x87, 0x33, 0xfc,
    0x80, 0x64, 0x3f, 0xff, 0xe5, 0x20, 0x50, 0xf,
    0xe2, 0x11, 0x59, 0x8, 0x7, 0xf4, 0x77, 0x1e,
    0x40, 0x3f, 0xd5, 0xfe, 0xe4, 0x0,

    /* U+9AD8 "高" */
    0x0, 0xf9, 0x48, 0x3, 0xff, 0x83, 0xd6, 0x1,
    0xf6, 0xef, 0x91, 0xb7, 0x7c, 0x1d, 0xde, 0xcc,
    0x77, 0x78, 0xc, 0xd7, 0xbb, 0xfa, 0x4c, 0xc0,
    0x11, 0x3f, 0x77, 0xa5, 0x80, 0x3c, 0x97, 0x7e,
    0xa0, 0xf, 0x5f, 0xcc, 0xfb, 0xf8, 0x2, 0x6e,
    0xfc, 0xcf, 0xef, 0x80, 0x15, 0xcc, 0xff, 0x17,
    0x80, 0x44, 0xbb, 0x99, 0xcc, 0x4c, 0x1, 0xde,
    0xbd, 0xd8, 0x80, 0x3f, 0x98, 0x8b, 0x0, 0x7f,
    0x8f, 0xbb, 0x3, 0x80, 0x7d, 0x95, 0x99, 0xcb,
    0xca, 0x60, 0xf6, 0x8, 0xa0, 0x1c, 0xdd, 0xc4,

    /* U+9C7C "鱼" */
    0x0, 0xe4, 0x30, 0xf, 0xfe, 0x9, 0x5a, 0x88,
    0xe0, 0xf, 0xc3, 0xe1, 0x3d, 0xd8, 0x40, 0x3e,
    0xd6, 0xff, 0xc6, 0xc2, 0x1, 0xc5, 0xc7, 0xc8,
    0x97, 0x1e, 0xa2, 0x8, 0x2, 0xf1, 0x9, 0x88,
    0x58, 0x94, 0x42, 0xac, 0x2, 0xca, 0x2c, 0xc9,
    0x99, 0xb9, 0x87, 0x0, 0xc2, 0x1, 0xe3, 0x0,
    0x8c, 0x3, 0xc5, 0xdd, 0x32, 0xf7, 0x4a, 0x1,
    0xe2, 0xee, 0x99, 0x9d, 0xd3, 0x0, 0x7f, 0xf2,
    0x8b, 0xfe, 0x66, 0x7f, 0xcc, 0x1, 0xcb, 0xff,
    0xfe, 0x90, 0xb, 0x33, 0xff, 0x84, 0x0, 0x99,
    0xff, 0xe1, 0x0,

    /* U+9E21 "鸡" */
    0x0, 0xfe, 0x1a, 0x20, 0xf, 0xf1, 0x12, 0xd4,
    0x8, 0xc0, 0xb7, 0x77, 0xa7, 0xf9, 0x43, 0xfd,
    0x82, 0x53, 0x38, 0x1c, 0x27, 0x7b, 0x74, 0x1,
    0x32, 0x24, 0x6, 0x0, 0x7c, 0x11, 0x0, 0x84,
    0x50, 0x19, 0x0, 0x4b, 0x50, 0x42, 0x0, 0xb4,
    0x5a, 0x50, 0xc, 0xd7, 0x62, 0x0, 0xd, 0xd9,
    0xac, 0x3, 0xb8, 0xe0, 0x2, 0x51, 0x3, 0x0,
    0x19, 0x8b, 0xe1, 0xd0, 0x3, 0x8c, 0x1e, 0xff,
    0xf7, 0x58, 0x1, 0x89, 0xe0, 0x2b, 0x33, 0xc4,
    0x5, 0x33, 0x2a, 0xbf, 0xfc, 0xa2, 0x58, 0xe8,
    0x3c, 0xbd, 0xde, 0x6, 0x36, 0x80, 0xc, 0x23,
    0xe3, 0x21, 0x80, 0xf, 0xed, 0xf9, 0xb0, 0xf,
    0xfb, 0x7f, 0x8c,

    /* U+9EC4 "黄" */
    0x0, 0xef, 0x50, 0xb, 0xd4, 0x3, 0xdf, 0xf0,
    0x57, 0xfc, 0x15, 0xfe, 0x30, 0xb, 0xfb, 0x81,
    0x3d, 0xd0, 0x57, 0x70, 0xc0, 0xc, 0xc7, 0x70,
    0x6b, 0xbc, 0x1c, 0xee, 0x61, 0x16, 0xee, 0x20,
    0x99, 0x69, 0x6, 0xec, 0x63, 0x77, 0xb6, 0xe8,
    0x6f, 0x6e, 0xf1, 0x0, 0x13, 0xfb, 0xaa, 0x1e,
    0xed, 0xa0, 0x1c, 0x3d, 0xd5, 0xf, 0x75, 0x60,
    0x1e, 0x1d, 0xda, 0x87, 0x76, 0xb0, 0xf, 0xe,
    0xed, 0x43, 0xbb, 0x58, 0x7, 0x86, 0x66, 0x81,
    0x99, 0xb8, 0x3, 0x96, 0xb0, 0x7e, 0x2b, 0x3,
    0x3a, 0x40, 0x30, 0x87, 0x38, 0xaa, 0x9c, 0xaf,
    0x1c, 0x2, 0x9f, 0x8c, 0xe7, 0x0, 0x15, 0xf8,
    0xed, 0x80, 0x23, 0xb5, 0xc4, 0x3, 0x86, 0x3a,
    0x80,

    /* U+9F20 "鼠" */
    0x0, 0x8d, 0xa4, 0x3, 0xfd, 0xff, 0xc0, 0x9f,
    0xfb, 0x0, 0x24, 0x7c, 0x96, 0x4, 0xff, 0xa4,
    0x3, 0x88, 0xb0, 0x0, 0x8a, 0xe1, 0x0, 0x99,
    0x7b, 0xa1, 0x17, 0xfc, 0xe6, 0x1, 0x33, 0xe6,
    0x42, 0x2d, 0xda, 0x48, 0x2, 0x47, 0xff, 0xfd,
    0x20, 0x1a, 0xed, 0xff, 0x4e, 0x7f, 0xb9, 0xf0,
    0x2, 0xcd, 0x69, 0xa, 0x6a, 0x50, 0x70, 0xf,
    0x37, 0x38, 0x2, 0xf9, 0x40, 0x3e, 0x45, 0x70,
    0x2, 0x5a, 0x0, 0x80, 0x7b, 0x14, 0x1, 0xba,
    0x21, 0x20, 0xe, 0x4f, 0x40, 0x4, 0x71, 0xab,
    0x10, 0x1, 0xda, 0xfd, 0xce, 0xf3, 0x5f, 0x3a,
    0x14, 0x0, 0xdd, 0xec, 0x13, 0xfc, 0xcc, 0x77,
    0x20,

    /* U+9F99 "龙" */
    0x0, 0xff, 0xe4, 0xa7, 0x80, 0x50, 0x20, 0x1f,
    0xc2, 0x20, 0xb, 0xbd, 0x40, 0x3f, 0x8c, 0x2,
    0x6d, 0x91, 0x0, 0xa2, 0x66, 0xa2, 0x99, 0xd4,
    0xb1, 0x26, 0x1e, 0x23, 0x0, 0x5, 0x58, 0x47,
    0xc0, 0xf1, 0x12, 0x3c, 0x49, 0x44, 0x2b, 0x60,
    0x80, 0x39, 0xb4, 0x3, 0xa7, 0xc0, 0x3c, 0x24,
    0xe0, 0x19, 0x96, 0xc0, 0x3c, 0xe2, 0x40, 0x11,
    0xcd, 0x8, 0x7, 0xa9, 0x80, 0x22, 0xc9, 0x40,
    0xf, 0x29, 0xc8, 0x3, 0x82, 0x58, 0x3, 0xc5,
    0x70, 0x22, 0xa4, 0x6, 0x0, 0xa8, 0xc1, 0x31,
    0x1d, 0xdc, 0xd0, 0x24, 0x22, 0x25, 0x0, 0x4b,
    0xd0, 0x15, 0x63, 0x1e, 0xf7, 0x34, 0xcc, 0x1b,
    0x20, 0x5, 0x50, 0xe, 0xff, 0xec, 0x0,

    /* U+FF01 "！" */
    0x1f, 0xa0, 0x8, 0x40, 0xc0, 0x2, 0x3, 0xe0,
    0x18, 0xc4, 0x4, 0xc3, 0x54, 0x4, 0x7, 0xa4,
    0x4, 0xc7, 0xe8,

    /* U+FF08 "（" */
    0x0, 0xa0, 0x2, 0xa3, 0x0, 0x2a, 0x50, 0x2,
    0xec, 0x20, 0x80, 0xa0, 0xd, 0x70, 0x9, 0x7c,
    0x2, 0x12, 0x0, 0xc2, 0x1, 0x9, 0x80, 0x49,
    0x80, 0x16, 0x20, 0x4, 0x86, 0xc0, 0x14, 0xc1,
    0x0, 0x11, 0xb8, 0x2, 0x89, 0x0,

    /* U+FF09 "）" */
    0x8, 0x0, 0xc7, 0x40, 0x15, 0x22, 0x80, 0x6,
    0xec, 0x1, 0x28, 0x20, 0x4, 0xfa, 0x1, 0x7a,
    0x80, 0x44, 0x20, 0x10, 0x80, 0x63, 0x60, 0xb,
    0xc, 0x2, 0x5b, 0x0, 0x39, 0x18, 0x14, 0xc8,
    0x1, 0xcc, 0x80, 0x9, 0x80, 0x0,

    /* U+FF0C "，" */
    0x1c, 0xa0, 0x23, 0x53, 0x35, 0x0, 0x4c, 0x26,
    0xbb, 0x40, 0xc, 0x40,

    /* U+FF1A "：" */
    0x1, 0x10, 0xf, 0x70, 0x40, 0x30, 0xf7, 0x4,
    0x4, 0x40, 0x1f, 0xfc, 0x23, 0x30, 0x16, 0x60,
    0x4c, 0x44, 0x3, 0xdc, 0x10,

    /* U+FF1B "；" */
    0x1, 0x10, 0xf, 0x70, 0x40, 0x30, 0xf7, 0x4,
    0x4, 0x40, 0x1f, 0xe1, 0x20, 0x7, 0x69, 0x80,
    0x82, 0x87, 0x21, 0x81, 0x2a, 0x23, 0x2c, 0x5f,
    0x14, 0x0,

    /* U+FF1F "？" */
    0x0, 0x84, 0x80, 0x32, 0x6f, 0x6f, 0x28, 0x1d,
    0xd7, 0x71, 0x28, 0x4f, 0x5c, 0x45, 0x0, 0x80,
    0x40, 0x13, 0x3, 0x0, 0x61, 0x95, 0x30, 0x8,
    0x71, 0xe8, 0x3, 0x58, 0xd0, 0x7, 0x25, 0x0,
    0x7b, 0xd8, 0x3, 0xc2, 0x1, 0xe1, 0xe9, 0x0,
    0xf0, 0x98, 0x7, 0xf, 0xd0, 0x4,

    /* U+FF5E "～" */
    0x0, 0xc4, 0x40, 0xf, 0xfe, 0x3, 0xfe, 0xeb,
    0x94, 0x3, 0xc4, 0x0, 0x98, 0x9e, 0xd7, 0xa8,
    0x0, 0xcd, 0xa2, 0x27, 0xb6, 0x12, 0x9a, 0x7b,
    0x44, 0x4c, 0xc2, 0x2e, 0x40, 0xc, 0xb8, 0x17,
    0x64, 0xa6, 0x0, 0xfe, 0x3b, 0xff, 0x6a, 0x80,
    0x0,

    /* U+FFE5 "￥" */
    0x7, 0x70, 0x7, 0x9d, 0xc0, 0x50, 0x80, 0x19,
    0x60, 0x81, 0x52, 0x40, 0x35, 0xaa, 0x80, 0x14,
    0x70, 0x0, 0x80, 0xb0, 0x8, 0x6d, 0xc4, 0x9e,
    0xc4, 0x3, 0x2a, 0x5c, 0x2a, 0x80, 0x35, 0x5b,
    0xaa, 0x9a, 0xe8, 0x2, 0xba, 0xd3, 0x4d, 0xab,
    0x0, 0xab, 0x74, 0x6b, 0xba, 0xb0, 0xa, 0xb7,
    0x46, 0xbb, 0xab, 0x0, 0x84, 0x60, 0x0, 0x8c,
    0x1, 0xe5, 0x30, 0xc
};


/*---------------------
 *  GLYPH DESCRIPTION
 *--------------------*/

static const lv_font_fmt_txt_glyph_dsc_t glyph_dsc[] = {
    {.bitmap_index = 0, .adv_w = 0, .box_w = 0, .box_h = 0, .ofs_x = 0, .ofs_y = 0} /* id = 0 reserved */,
    {.bitmap_index = 0, .adv_w = 57, .box_w = 0, .box_h = 0, .ofs_x = 0, .ofs_y = 0},
    {.bitmap_index = 0, .adv_w = 83, .box_w = 3, .box_h = 12, .ofs_x = 1, .ofs_y = 0},
    {.bitmap_index = 16, .adv_w = 121, .box_w = 6, .box_h = 5, .ofs_x = 1, .ofs_y = 8},
    {.bitmap_index = 31, .adv_w = 142, .box_w = 9, .box_h = 12, .ofs_x = 0, .ofs_y = 0},
    {.bitmap_index = 86, .adv_w = 142, .box_w = 8, .box_h = 16, .ofs_x = 0, .ofs_y = -2},
    {.bitmap_index = 140, .adv_w = 236, .box_w = 15, .box_h = 12, .ofs_x = 0, .ofs_y = 0},
    {.bitmap_index = 222, .adv_w = 174, .box_w = 11, .box_h = 12, .ofs_x = 0, .ofs_y = 0},
    {.bitmap_index = 283, .adv_w = 71, .box_w = 2, .box_h = 5, .ofs_x = 1, .ofs_y = 8},
    {.bitmap_index = 288, .adv_w = 87, .box_w = 4, .box_h = 18, .ofs_x = 1, .ofs_y = -4},
    {.bitmap_index = 324, .adv_w = 87, .box_w = 4, .box_h = 18, .ofs_x = 0, .ofs_y = -4},
    {.bitmap_index = 361, .adv_w = 120, .box_w = 6, .box_h = 6, .ofs_x = 1, .ofs_y = 7},
    {.bitmap_index = 380, .adv_w = 142, .box_w = 9, .box_h = 9, .ofs_x = 0, .ofs_y = 2},
    {.bitmap_index = 404, .adv_w = 71, .box_w = 4, .box_h = 7, .ofs_x = 0, .ofs_y = -4},
    {.bitmap_index = 417, .adv_w = 89, .box_w = 5, .box_h = 2, .ofs_x = 0, .ofs_y = 3},
    {.bitmap_index = 422, .adv_w = 71, .box_w = 3, .box_h = 3, .ofs_x = 1, .ofs_y = 0},
    {.bitmap_index = 427, .adv_w = 100, .box_w = 7, .box_h = 16, .ofs_x = 0, .ofs_y = -3},
    {.bitmap_index = 470, .adv_w = 142, .box_w = 9, .box_h = 12, .ofs_x = 0, .ofs_y = 0},
    {.bitmap_index = 522, .adv_w = 142, .box_w = 7, .box_h = 12, .ofs_x = 1, .ofs_y = 0},
    {.bitmap_index = 540, .adv_w = 142, .box_w = 9, .box_h = 12, .ofs_x = 0, .ofs_y = 0},
    {.bitmap_index = 586, .adv_w = 142, .box_w = 8, .box_h = 12, .ofs_x = 0, .ofs_y = 0},
    {.bitmap_index = 631, .adv_w = 142, .box_w = 9, .box_h = 12, .ofs_x = 0, .ofs_y = 0},
    {.bitmap_index = 672, .adv_w = 142, .box_w = 9, .box_h = 12, .ofs_x = 0, .ofs_y = 0},
    {.bitmap_index = 717, .adv_w = 142, .box_w = 9, .box_h = 12, .ofs_x = 0, .ofs_y = 0},
    {.bitmap_index = 768, .adv_w = 142, .box_w = 9, .box_h = 12, .ofs_x = 0, .ofs_y = 0},
    {.bitmap_index = 806, .adv_w = 142, .box_w = 9, .box_h = 12, .ofs_x = 0, .ofs_y = 0},
    {.bitmap_index = 859, .adv_w = 142, .box_w = 9, .box_h = 12, .ofs_x = 0, .ofs_y = 0},
    {.bitmap_index = 911, .adv_w = 71, .box_w = 3, .box_h = 9, .ofs_x = 1, .ofs_y = 0},
    {.bitmap_index = 923, .adv_w = 71, .box_w = 4, .box_h = 13, .ofs_x = 0, .ofs_y = -4},
    {.bitmap_index = 946, .adv_w = 142, .box_w = 9, .box_h = 8, .ofs_x = 0, .ofs_y = 2},
    {.bitmap_index = 976, .adv_w = 142, .box_w = 9, .box_h = 6, .ofs_x = 0, .ofs_y = 3},
    {.bitmap_index = 992, .adv_w = 142, .box_w = 9, .box_h = 8, .ofs_x = 0, .ofs_y = 2},
    {.bitmap_index = 1022, .adv_w = 121, .box_w = 7, .box_h = 12, .ofs_x = 0, .ofs_y = 0},
    {.bitmap_index = 1059, .adv_w = 242, .box_w = 15, .box_h = 14, .ofs_x = 0, .ofs_y = -2},
    {.bitmap_index = 1159, .adv_w = 156, .box_w = 10, .box_h = 12, .ofs_x = 0, .ofs_y = 0},
    {.bitmap_index = 1212, .adv_w = 168, .box_w = 9, .box_h = 12, .ofs_x = 1, .ofs_y = 0},
    {.bitmap_index = 1260, .adv_w = 163, .box_w = 10, .box_h = 12, .ofs_x = 0, .ofs_y = 0},
    {.bitmap_index = 1307, .adv_w = 176, .box_w = 10, .box_h = 12, .ofs_x = 1, .ofs_y = 0},
    {.bitmap_index = 1351, .adv_w = 151, .box_w = 8, .box_h = 12, .ofs_x = 1, .ofs_y = 0},
    {.bitmap_index = 1383, .adv_w = 141, .box_w = 8, .box_h = 12, .ofs_x = 1, .ofs_y = 0},
    {.bitmap_index = 1408, .adv_w = 176, .box_w = 10, .box_h = 12, .ofs_x = 0, .ofs_y = 0},
    {.bitmap_index = 1460, .adv_w = 186, .box_w = 10, .box_h = 12, .ofs_x = 1, .ofs_y = 0},
    {.bitmap_index = 1483, .adv_w = 75, .box_w = 3, .box_h = 12, .ofs_x = 1, .ofs_y = 0},
    {.bitmap_index = 1488, .adv_w = 137, .box_w = 8, .box_h = 12, .ofs_x = 0, .ofs_y = 0},
    {.bitmap_index = 1507, .adv_w = 165, .box_w = 10, .box_h = 12, .ofs_x = 1, .ofs_y = 0},
    {.bitmap_index = 1552, .adv_w = 139, .box_w = 8, .box_h = 12, .ofs_x = 1, .ofs_y = 0},
    {.bitmap_index = 1564, .adv_w = 208, .box_w = 11, .box_h = 12, .ofs_x = 1, .ofs_y = 0},
    {.bitmap_index = 1618, .adv_w = 185, .box_w = 9, .box_h = 12, .ofs_x = 1, .ofs_y = 0},
    {.bitmap_index = 1657, .adv_w = 190, .box_w = 11, .box_h = 12, .ofs_x = 0, .ofs_y = 0},
    {.bitmap_index = 1715, .adv_w = 162, .box_w = 9, .box_h = 12, .ofs_x = 1, .ofs_y = 0},
    {.bitmap_index = 1752, .adv_w = 190, .box_w = 12, .box_h = 16, .ofs_x = 0, .ofs_y = -4},
    {.bitmap_index = 1832, .adv_w = 163, .box_w = 9, .box_h = 12, .ofs_x = 1, .ofs_y = 0},
    {.bitmap_index = 1877, .adv_w = 153, .box_w = 9, .box_h = 12, .ofs_x = 0, .ofs_y = 0},
    {.bitmap_index = 1927, .adv_w = 153, .box_w = 10, .box_h = 12, .ofs_x = 0, .ofs_y = 0},
    {.bitmap_index = 1945, .adv_w = 185, .box_w = 9, .box_h = 12, .ofs_x = 1, .ofs_y = 0},
    {.bitmap_index = 1974, .adv_w = 147, .box_w = 10, .box_h = 12, .ofs_x = 0, .ofs_y = 0},
    {.bitmap_index = 2026, .adv_w = 225, .box_w = 14, .box_h = 12, .ofs_x = 0, .ofs_y = 0},
    {.bitmap_index = 2110, .adv_w = 147, .box_w = 9, .box_h = 12, .ofs_x = 0, .ofs_y = 0},
    {.bitmap_index = 2160, .adv_w = 136, .box_w = 10, .box_h = 12, .ofs_x = -1, .ofs_y = 0},
    {.bitmap_index = 2197, .adv_w = 154, .box_w = 9, .box_h = 12, .ofs_x = 0, .ofs_y = 0},
    {.bitmap_index = 2238, .adv_w = 87, .box_w = 4, .box_h = 16, .ofs_x = 1, .ofs_y = -3},
    {.bitmap_index = 2247, .adv_w = 100, .box_w = 7, .box_h = 16, .ofs_x = 0, .ofs_y = -3},
    {.bitmap_index = 2289, .adv_w = 87, .box_w = 4, .box_h = 16, .ofs_x = 0, .ofs_y = -3},
    {.bitmap_index = 2298, .adv_w = 142, .box_w = 7, .box_h = 7, .ofs_x = 1, .ofs_y = 5},
    {.bitmap_index = 2322, .adv_w = 143, .box_w = 9, .box_h = 1, .ofs_x = 0, .ofs_y = -2},
    {.bitmap_index = 2325, .adv_w = 155, .box_w = 4, .box_h = 5, .ofs_x = 2, .ofs_y = 10},
    {.bitmap_index = 2335, .adv_w = 144, .box_w = 8, .box_h = 9, .ofs_x = 0, .ofs_y = 0},
    {.bitmap_index = 2372, .adv_w = 158, .box_w = 9, .box_h = 13, .ofs_x = 1, .ofs_y = 0},
    {.bitmap_index = 2411, .adv_w = 131, .box_w = 8, .box_h = 9, .ofs_x = 0, .ofs_y = 0},
    {.bitmap_index = 2443, .adv_w = 159, .box_w = 9, .box_h = 13, .ofs_x = 0, .ofs_y = 0},
    {.bitmap_index = 2483, .adv_w = 142, .box_w = 9, .box_h = 9, .ofs_x = 0, .ofs_y = 0},
    {.bitmap_index = 2522, .adv_w = 83, .box_w = 6, .box_h = 13, .ofs_x = 0, .ofs_y = 0},
    {.bitmap_index = 2546, .adv_w = 144, .box_w = 9, .box_h = 13, .ofs_x = 0, .ofs_y = -4},
    {.bitmap_index = 2602, .adv_w = 155, .box_w = 8, .box_h = 13, .ofs_x = 1, .ofs_y = 0},
    {.bitmap_index = 2630, .adv_w = 70, .box_w = 3, .box_h = 13, .ofs_x = 1, .ofs_y = 0},
    {.bitmap_index = 2640, .adv_w = 70, .box_w = 5, .box_h = 17, .ofs_x = -1, .ofs_y = -4},
    {.bitmap_index = 2660, .adv_w = 141, .box_w = 8, .box_h = 13, .ofs_x = 1, .ofs_y = 0},
    {.bitmap_index = 2693, .adv_w = 73, .box_w = 3, .box_h = 13, .ofs_x = 1, .ofs_y = 0},
    {.bitmap_index = 2701, .adv_w = 237, .box_w = 13, .box_h = 9, .ofs_x = 1, .ofs_y = 0},
    {.bitmap_index = 2731, .adv_w = 156, .box_w = 8, .box_h = 9, .ofs_x = 1, .ofs_y = 0},
    {.bitmap_index = 2751, .adv_w = 155, .box_w = 9, .box_h = 9, .ofs_x = 0, .ofs_y = 0},
    {.bitmap_index = 2791, .adv_w = 159, .box_w = 9, .box_h = 13, .ofs_x = 1, .ofs_y = -4},
    {.bitmap_index = 2832, .adv_w = 159, .box_w = 9, .box_h = 13, .ofs_x = 0, .ofs_y = -4},
    {.bitmap_index = 2874, .adv_w = 99, .box_w = 6, .box_h = 10, .ofs_x = 1, .ofs_y = 0},
    {.bitmap_index = 2889, .adv_w = 120, .box_w = 7, .box_h = 9, .ofs_x = 0, .ofs_y = 0},
    {.bitmap_index = 2920, .adv_w = 97, .box_w = 6, .box_h = 12, .ofs_x = 0, .ofs_y = 0},
    {.bitmap_index = 2948, .adv_w = 155, .box_w = 8, .box_h = 9, .ofs_x = 1, .ofs_y = 0},
    {.bitmap_index = 2968, .adv_w = 133, .box_w = 9, .box_h = 9, .ofs_x = 0, .ofs_y = 0},
    {.bitmap_index = 3006, .adv_w = 205, .box_w = 13, .box_h = 9, .ofs_x = 0, .ofs_y = 0},
    {.bitmap_index = 3065, .adv_w = 127, .box_w = 8, .box_h = 9, .ofs_x = 0, .ofs_y = 0},
    {.bitmap_index = 3101, .adv_w = 133, .box_w = 9, .box_h = 13, .ofs_x = 0, .ofs_y = -4},
    {.bitmap_index = 3152, .adv_w = 122, .box_w = 8, .box_h = 9, .ofs_x = 0, .ofs_y = 0},
    {.bitmap_index = 3183, .adv_w = 87, .box_w = 5, .box_h = 16, .ofs_x = 0, .ofs_y = -3},
    {.bitmap_index = 3215, .adv_w = 69, .box_w = 2, .box_h = 18, .ofs_x = 1, .ofs_y = -5},
    {.bitmap_index = 3220, .adv_w = 87, .box_w = 5, .box_h = 16, .ofs_x = 0, .ofs_y = -3},
    {.bitmap_index = 3254, .adv_w = 142, .box_w = 9, .box_h = 4, .ofs_x = 0, .ofs_y = 4},
    {.bitmap_index = 3273, .adv_w = 95, .box_w = 6, .box_h = 5, .ofs_x = 0, .ofs_y = 8},
    {.bitmap_index = 3289, .adv_w = 256, .box_w = 4, .box_h = 4, .ofs_x = 6, .ofs_y = 4},
    {.bitmap_index = 3298, .adv_w = 229, .box_w = 14, .box_h = 1, .ofs_x = 0, .ofs_y = 4},
    {.bitmap_index = 3303, .adv_w = 256, .box_w = 4, .box_h = 5, .ofs_x = 12, .ofs_y = 9},
    {.bitmap_index = 3314, .adv_w = 256, .box_w = 4, .box_h = 6, .ofs_x = 0, .ofs_y = 9},
    {.bitmap_index = 3326, .adv_w = 256, .box_w = 7, .box_h = 5, .ofs_x = 9, .ofs_y = 9},
    {.bitmap_index = 3344, .adv_w = 256, .box_w = 7, .box_h = 6, .ofs_x = 0, .ofs_y = 9},
    {.bitmap_index = 3364, .adv_w = 256, .box_w = 14, .box_h = 3, .ofs_x = 1, .ofs_y = 5},
    {.bitmap_index = 3382, .adv_w = 256, .box_w = 6, .box_h = 5, .ofs_x = 0, .ofs_y = -1},
    {.bitmap_index = 3397, .adv_w = 256, .box_w = 6, .box_h = 5, .ofs_x = 0, .ofs_y = -1},
    {.bitmap_index = 3413, .adv_w = 256, .box_w = 8, .box_h = 16, .ofs_x = 8, .ofs_y = -2},
    {.bitmap_index = 3473, .adv_w = 256, .box_w = 8, .box_h = 16, .ofs_x = 0, .ofs_y = -2},
    {.bitmap_index = 3533, .adv_w = 256, .box_w = 6, .box_h = 15, .ofs_x = 10, .ofs_y = -2},
    {.bitmap_index = 3565, .adv_w = 256, .box_w = 6, .box_h = 15, .ofs_x = 0, .ofs_y = -1},
    {.bitmap_index = 3596, .adv_w = 256, .box_w = 16, .box_h = 2, .ofs_x = 0, .ofs_y = 5},
    {.bitmap_index = 3605, .adv_w = 256, .box_w = 15, .box_h = 14, .ofs_x = 1, .ofs_y = -1},
    {.bitmap_index = 3659, .adv_w = 256, .box_w = 14, .box_h = 13, .ofs_x = 1, .ofs_y = -1},
    {.bitmap_index = 3694, .adv_w = 256, .box_w = 16, .box_h = 14, .ofs_x = 0, .ofs_y = -1},
    {.bitmap_index = 3725, .adv_w = 256, .box_w = 16, .box_h = 14, .ofs_x = 0, .ofs_y = -1},
    {.bitmap_index = 3772, .adv_w = 256, .box_w = 16, .box_h = 14, .ofs_x = 0, .ofs_y = -1},
    {.bitmap_index = 3839, .adv_w = 256, .box_w = 15, .box_h = 16, .ofs_x = 0, .ofs_y = -2},
    {.bitmap_index = 3912, .adv_w = 256, .box_w = 15, .box_h = 16, .ofs_x = 0, .ofs_y = -2},
    {.bitmap_index = 3997, .adv_w = 256, .box_w = 15, .box_h = 14, .ofs_x = 1, .ofs_y = -1},
    {.bitmap_index = 4061, .adv_w = 256, .box_w = 16, .box_h = 15, .ofs_x = 0, .ofs_y = -1},
    {.bitmap_index = 4119, .adv_w = 256, .box_w = 14, .box_h = 14, .ofs_x = 1, .ofs_y = -1},
    {.bitmap_index = 4168, .adv_w = 256, .box_w = 14, .box_h = 15, .ofs_x = 1, .ofs_y = -2},
    {.bitmap_index = 4257, .adv_w = 256, .box_w = 15, .box_h = 15, .ofs_x = 0, .ofs_y = -1},
    {.bitmap_index = 4320, .adv_w = 256, .box_w = 16, .box_h = 16, .ofs_x = 0, .ofs_y = -2},
    {.bitmap_index = 4419, .adv_w = 256, .box_w = 15, .box_h = 16, .ofs_x = 1, .ofs_y = -2},
    {.bitmap_index = 4499, .adv_w = 256, .box_w = 16, .box_h = 15, .ofs_x = 0, .ofs_y = -1},
    {.bitmap_index = 4610, .adv_w = 256, .box_w = 16, .box_h = 15, .ofs_x = 0, .ofs_y = -2},
    {.bitmap_index = 4687, .adv_w = 256, .box_w = 16, .box_h = 14, .ofs_x = 0, .ofs_y = -1},
    {.bitmap_index = 4768, .adv_w = 256, .box_w = 14, .box_h = 15, .ofs_x = 1, .ofs_y = -2},
    {.bitmap_index = 4846, .adv_w = 256, .box_w = 16, .box_h = 14, .ofs_x = 0, .ofs_y = -1},
    {.bitmap_index = 4922, .adv_w = 256, .box_w = 14, .box_h = 15, .ofs_x = 1, .ofs_y = -2},
    {.bitmap_index = 4970, .adv_w = 256, .box_w = 16, .box_h = 15, .ofs_x = 0, .ofs_y = -2},
    {.bitmap_index = 5062, .adv_w = 256, .box_w = 16, .box_h = 12, .ofs_x = 0, .ofs_y = 0},
    {.bitmap_index = 5094, .adv_w = 256, .box_w = 15, .box_h = 15, .ofs_x = 1, .ofs_y = -2},
    {.bitmap_index = 5148, .adv_w = 256, .box_w = 16, .box_h = 15, .ofs_x = 0, .ofs_y = -2},
    {.bitmap_index = 5232, .adv_w = 256, .box_w = 16, .box_h = 14, .ofs_x = 0, .ofs_y = -1},
    {.bitmap_index = 5308, .adv_w = 256, .box_w = 16, .box_h = 14, .ofs_x = 0, .ofs_y = -1},
    {.bitmap_index = 5389, .adv_w = 256, .box_w = 16, .box_h = 14, .ofs_x = 0, .ofs_y = -1},
    {.bitmap_index = 5473, .adv_w = 256, .box_w = 16, .box_h = 16, .ofs_x = 0, .ofs_y = -2},
    {.bitmap_index = 5577, .adv_w = 256, .box_w = 16, .box_h = 16, .ofs_x = 0, .ofs_y = -2},
    {.bitmap_index = 5658, .adv_w = 256, .box_w = 16, .box_h = 16, .ofs_x = 0, .ofs_y = -2},
    {.bitmap_index = 5748, .adv_w = 256, .box_w = 14, .box_h = 16, .ofs_x = 1, .ofs_y = -2},
    {.bitmap_index = 5846, .adv_w = 256, .box_w = 16, .box_h = 15, .ofs_x = 0, .ofs_y = -2},
    {.bitmap_index = 5921, .adv_w = 256, .box_w = 16, .box_h = 16, .ofs_x = 0, .ofs_y = -2},
    {.bitmap_index = 5981, .adv_w = 256, .box_w = 16, .box_h = 16, .ofs_x = 0, .ofs_y = -2},
    {.bitmap_index = 6074, .adv_w = 256, .box_w = 15, .box_h = 16, .ofs_x = 1, .ofs_y = -2},
    {.bitmap_index = 6166, .adv_w = 256, .box_w = 16, .box_h = 15, .ofs_x = 0, .ofs_y = -1},
    {.bitmap_index = 6241, .adv_w = 256, .box_w = 16, .box_h = 15, .ofs_x = 0, .ofs_y = -1},
    {.bitmap_index = 6316, .adv_w = 256, .box_w = 16, .box_h = 15, .ofs_x = 0, .ofs_y = -1},
    {.bitmap_index = 6403, .adv_w = 256, .box_w = 16, .box_h = 16, .ofs_x = 0, .ofs_y = -2},
    {.bitmap_index = 6505, .adv_w = 256, .box_w = 16, .box_h = 15, .ofs_x = 0, .ofs_y = -1},
    {.bitmap_index = 6586, .adv_w = 256, .box_w = 16, .box_h = 15, .ofs_x = 0, .ofs_y = -1},
    {.bitmap_index = 6684, .adv_w = 256, .box_w = 16, .box_h = 15, .ofs_x = 0, .ofs_y = -1},
    {.bitmap_index = 6763, .adv_w = 256, .box_w = 16, .box_h = 15, .ofs_x = 0, .ofs_y = -1},
    {.bitmap_index = 6856, .adv_w = 256, .box_w = 16, .box_h = 15, .ofs_x = 0, .ofs_y = -1},
    {.bitmap_index = 6939, .adv_w = 256, .box_w = 16, .box_h = 15, .ofs_x = 0, .ofs_y = -1},
    {.bitmap_index = 7036, .adv_w = 256, .box_w = 16, .box_h = 14, .ofs_x = 0, .ofs_y = -1},
    {.bitmap_index = 7122, .adv_w = 256, .box_w = 16, .box_h = 15, .ofs_x = 0, .ofs_y = -1},
    {.bitmap_index = 7219, .adv_w = 256, .box_w = 16, .box_h = 16, .ofs_x = 0, .ofs_y = -2},
    {.bitmap_index = 7322, .adv_w = 256, .box_w = 16, .box_h = 16, .ofs_x = 0, .ofs_y = -2},
    {.bitmap_index = 7429, .adv_w = 256, .box_w = 16, .box_h = 16, .ofs_x = 0, .ofs_y = -2},
    {.bitmap_index = 7516, .adv_w = 256, .box_w = 16, .box_h = 16, .ofs_x = 0, .ofs_y = -2},
    {.bitmap_index = 7629, .adv_w = 256, .box_w = 16, .box_h = 16, .ofs_x = 0, .ofs_y = -2},
    {.bitmap_index = 7689, .adv_w = 256, .box_w = 16, .box_h = 16, .ofs_x = 0, .ofs_y = -2},
    {.bitmap_index = 7793, .adv_w = 256, .box_w = 16, .box_h = 15, .ofs_x = 0, .ofs_y = -2},
    {.bitmap_index = 7885, .adv_w = 256, .box_w = 16, .box_h = 15, .ofs_x = 0, .ofs_y = -2},
    {.bitmap_index = 7978, .adv_w = 256, .box_w = 16, .box_h = 16, .ofs_x = 0, .ofs_y = -2},
    {.bitmap_index = 8080, .adv_w = 256, .box_w = 16, .box_h = 16, .ofs_x = 0, .ofs_y = -2},
    {.bitmap_index = 8186, .adv_w = 256, .box_w = 16, .box_h = 16, .ofs_x = 0, .ofs_y = -2},
    {.bitmap_index = 8270, .adv_w = 256, .box_w = 16, .box_h = 15, .ofs_x = 0, .ofs_y = -2},
    {.bitmap_index = 8353, .adv_w = 256, .box_w = 16, .box_h = 16, .ofs_x = 0, .ofs_y = -2},
    {.bitmap_index = 8437, .adv_w = 256, .box_w = 16, .box_h = 16, .ofs_x = 0, .ofs_y = -2},
    {.bitmap_index = 8530, .adv_w = 256, .box_w = 16, .box_h = 16, .ofs_x = 0, .ofs_y = -2},
    {.bitmap_index = 8634, .adv_w = 256, .box_w = 14, .box_h = 14, .ofs_x = 1, .ofs_y = -1},
    {.bitmap_index = 8701, .adv_w = 256, .box_w = 16, .box_h = 15, .ofs_x = 0, .ofs_y = -2},
    {.bitmap_index = 8792, .adv_w = 256, .box_w = 14, .box_h = 15, .ofs_x = 1, .ofs_y = -2},
    {.bitmap_index = 8867, .adv_w = 256, .box_w = 16, .box_h = 14, .ofs_x = 0, .ofs_y = -1},
    {.bitmap_index = 8940, .adv_w = 256, .box_w = 16, .box_h = 15, .ofs_x = 0, .ofs_y = -2},
    {.bitmap_index = 9041, .adv_w = 256, .box_w = 16, .box_h = 15, .ofs_x = 0, .ofs_y = -2},
    {.bitmap_index = 9133, .adv_w = 256, .box_w = 16, .box_h = 16, .ofs_x = 0, .ofs_y = -2},
    {.bitmap_index = 9239, .adv_w = 256, .box_w = 16, .box_h = 15, .ofs_x = 0, .ofs_y = -1},
    {.bitmap_index = 9344, .adv_w = 256, .box_w = 14, .box_h = 14, .ofs_x = 1, .ofs_y = -1},
    {.bitmap_index = 9419, .adv_w = 256, .box_w = 14, .box_h = 14, .ofs_x = 1, .ofs_y = -1},
    {.bitmap_index = 9469, .adv_w = 256, .box_w = 15, .box_h = 14, .ofs_x = 0, .ofs_y = -1},
    {.bitmap_index = 9532, .adv_w = 256, .box_w = 16, .box_h = 16, .ofs_x = 0, .ofs_y = -2},
    {.bitmap_index = 9631, .adv_w = 256, .box_w = 15, .box_h = 15, .ofs_x = 0, .ofs_y = -2},
    {.bitmap_index = 9718, .adv_w = 256, .box_w = 14, .box_h = 15, .ofs_x = 1, .ofs_y = -2},
    {.bitmap_index = 9796, .adv_w = 256, .box_w = 15, .box_h = 16, .ofs_x = 0, .ofs_y = -2},
    {.bitmap_index = 9887, .adv_w = 256, .box_w = 15, .box_h = 16, .ofs_x = 0, .ofs_y = -2},
    {.bitmap_index = 9994, .adv_w = 256, .box_w = 15, .box_h = 15, .ofs_x = 0, .ofs_y = -2},
    {.bitmap_index = 10082, .adv_w = 256, .box_w = 15, .box_h = 16, .ofs_x = 0, .ofs_y = -2},
    {.bitmap_index = 10170, .adv_w = 256, .box_w = 15, .box_h = 15, .ofs_x = 0, .ofs_y = -2},
    {.bitmap_index = 10258, .adv_w = 256, .box_w = 15, .box_h = 14, .ofs_x = 0, .ofs_y = -1},
    {.bitmap_index = 10342, .adv_w = 256, .box_w = 15, .box_h = 14, .ofs_x = 0, .ofs_y = -1},
    {.bitmap_index = 10422, .adv_w = 256, .box_w = 16, .box_h = 16, .ofs_x = 0, .ofs_y = -2},
    {.bitmap_index = 10516, .adv_w = 256, .box_w = 15, .box_h = 15, .ofs_x = 0, .ofs_y = -2},
    {.bitmap_index = 10593, .adv_w = 256, .box_w = 15, .box_h = 15, .ofs_x = 0, .ofs_y = -2},
    {.bitmap_index = 10688, .adv_w = 256, .box_w = 15, .box_h = 15, .ofs_x = 0, .ofs_y = -2},
    {.bitmap_index = 10776, .adv_w = 256, .box_w = 16, .box_h = 16, .ofs_x = 0, .ofs_y = -2},
    {.bitmap_index = 10886, .adv_w = 256, .box_w = 16, .box_h = 15, .ofs_x = 0, .ofs_y = -2},
    {.bitmap_index = 10990, .adv_w = 256, .box_w = 15, .box_h = 15, .ofs_x = 0, .ofs_y = -2},
    {.bitmap_index = 11089, .adv_w = 256, .box_w = 16, .box_h = 17, .ofs_x = 0, .ofs_y = -2},
    {.bitmap_index = 11206, .adv_w = 256, .box_w = 15, .box_h = 15, .ofs_x = 0, .ofs_y = -2},
    {.bitmap_index = 11309, .adv_w = 256, .box_w = 16, .box_h = 15, .ofs_x = 0, .ofs_y = -2},
    {.bitmap_index = 11422, .adv_w = 256, .box_w = 16, .box_h = 15, .ofs_x = 0, .ofs_y = -1},
    {.bitmap_index = 11508, .adv_w = 256, .box_w = 16, .box_h = 15, .ofs_x = 0, .ofs_y = -1},
    {.bitmap_index = 11593, .adv_w = 256, .box_w = 16, .box_h = 15, .ofs_x = 0, .ofs_y = -2},
    {.bitmap_index = 11693, .adv_w = 256, .box_w = 15, .box_h = 14, .ofs_x = 1, .ofs_y = -1},
    {.bitmap_index = 11768, .adv_w = 256, .box_w = 15, .box_h = 14, .ofs_x = 1, .ofs_y = -1},
    {.bitmap_index = 11795, .adv_w = 256, .box_w = 15, .box_h = 15, .ofs_x = 1, .ofs_y = -1},
    {.bitmap_index = 11855, .adv_w = 256, .box_w = 15, .box_h = 15, .ofs_x = 0, .ofs_y = -1},
    {.bitmap_index = 11939, .adv_w = 256, .box_w = 10, .box_h = 14, .ofs_x = 5, .ofs_y = -1},
    {.bitmap_index = 11968, .adv_w = 256, .box_w = 13, .box_h = 15, .ofs_x = 2, .ofs_y = -2},
    {.bitmap_index = 12017, .adv_w = 256, .box_w = 14, .box_h = 14, .ofs_x = 1, .ofs_y = -1},
    {.bitmap_index = 12090, .adv_w = 256, .box_w = 15, .box_h = 14, .ofs_x = 0, .ofs_y = -1},
    {.bitmap_index = 12173, .adv_w = 256, .box_w = 16, .box_h = 15, .ofs_x = 0, .ofs_y = -2},
    {.bitmap_index = 12227, .adv_w = 256, .box_w = 16, .box_h = 15, .ofs_x = 0, .ofs_y = -2},
    {.bitmap_index = 12307, .adv_w = 256, .box_w = 16, .box_h = 15, .ofs_x = 0, .ofs_y = -2},
    {.bitmap_index = 12396, .adv_w = 256, .box_w = 16, .box_h = 15, .ofs_x = 0, .ofs_y = -2},
    {.bitmap_index = 12507, .adv_w = 256, .box_w = 16, .box_h = 16, .ofs_x = 0, .ofs_y = -2},
    {.bitmap_index = 12616, .adv_w = 256, .box_w = 16, .box_h = 15, .ofs_x = 0, .ofs_y = -2},
    {.bitmap_index = 12720, .adv_w = 256, .box_w = 16, .box_h = 15, .ofs_x = 0, .ofs_y = -2},
    {.bitmap_index = 12782, .adv_w = 256, .box_w = 15, .box_h = 14, .ofs_x = 1, .ofs_y = -1},
    {.bitmap_index = 12838, .adv_w = 256, .box_w = 16, .box_h = 16, .ofs_x = 0, .ofs_y = -2},
    {.bitmap_index = 12915, .adv_w = 256, .box_w = 15, .box_h = 14, .ofs_x = 0, .ofs_y = -1},
    {.bitmap_index = 12974, .adv_w = 256, .box_w = 16, .box_h = 16, .ofs_x = 0, .ofs_y = -2},
    {.bitmap_index = 13060, .adv_w = 256, .box_w = 15, .box_h = 15, .ofs_x = 1, .ofs_y = -1},
    {.bitmap_index = 13134, .adv_w = 256, .box_w = 15, .box_h = 16, .ofs_x = 0, .ofs_y = -2},
    {.bitmap_index = 13213, .adv_w = 256, .box_w = 15, .box_h = 15, .ofs_x = 1, .ofs_y = -2},
    {.bitmap_index = 13301, .adv_w = 256, .box_w = 16, .box_h = 14, .ofs_x = 0, .ofs_y = -1},
    {.bitmap_index = 13378, .adv_w = 256, .box_w = 16, .box_h = 15, .ofs_x = 0, .ofs_y = -2},
    {.bitmap_index = 13451, .adv_w = 256, .box_w = 16, .box_h = 15, .ofs_x = 0, .ofs_y = -1},
    {.bitmap_index = 13540, .adv_w = 256, .box_w = 14, .box_h = 15, .ofs_x = 1, .ofs_y = -1},
    {.bitmap_index = 13612, .adv_w = 256, .box_w = 16, .box_h = 15, .ofs_x = 0, .ofs_y = -2},
    {.bitmap_index = 13718, .adv_w = 256, .box_w = 14, .box_h = 15, .ofs_x = 1, .ofs_y = -2},
    {.bitmap_index = 13797, .adv_w = 256, .box_w = 15, .box_h = 15, .ofs_x = 1, .ofs_y = -1},
    {.bitmap_index = 13891, .adv_w = 256, .box_w = 15, .box_h = 15, .ofs_x = 1, .ofs_y = -2},
    {.bitmap_index = 13990, .adv_w = 256, .box_w = 16, .box_h = 15, .ofs_x = 0, .ofs_y = -2},
    {.bitmap_index = 14078, .adv_w = 256, .box_w = 14, .box_h = 14, .ofs_x = 1, .ofs_y = -1},
    {.bitmap_index = 14146, .adv_w = 256, .box_w = 14, .box_h = 14, .ofs_x = 1, .ofs_y = -1},
    {.bitmap_index = 14193, .adv_w = 256, .box_w = 14, .box_h = 14, .ofs_x = 1, .ofs_y = -1},
    {.bitmap_index = 14276, .adv_w = 256, .box_w = 15, .box_h = 14, .ofs_x = 0, .ofs_y = -1},
    {.bitmap_index = 14313, .adv_w = 256, .box_w = 16, .box_h = 15, .ofs_x = 0, .ofs_y = -1},
    {.bitmap_index = 14389, .adv_w = 256, .box_w = 15, .box_h = 15, .ofs_x = 0, .ofs_y = -2},
    {.bitmap_index = 14471, .adv_w = 256, .box_w = 16, .box_h = 15, .ofs_x = 0, .ofs_y = -2},
    {.bitmap_index = 14557, .adv_w = 256, .box_w = 16, .box_h = 16, .ofs_x = 0, .ofs_y = -2},
    {.bitmap_index = 14659, .adv_w = 256, .box_w = 16, .box_h = 16, .ofs_x = 0, .ofs_y = -2},
    {.bitmap_index = 14756, .adv_w = 256, .box_w = 16, .box_h = 15, .ofs_x = 0, .ofs_y = -1},
    {.bitmap_index = 14841, .adv_w = 256, .box_w = 14, .box_h = 16, .ofs_x = 1, .ofs_y = -2},
    {.bitmap_index = 14941, .adv_w = 256, .box_w = 16, .box_h = 16, .ofs_x = 0, .ofs_y = -2},
    {.bitmap_index = 15046, .adv_w = 256, .box_w = 16, .box_h = 15, .ofs_x = 0, .ofs_y = -2},
    {.bitmap_index = 15125, .adv_w = 256, .box_w = 16, .box_h = 15, .ofs_x = 0, .ofs_y = -2},
    {.bitmap_index = 15207, .adv_w = 256, .box_w = 16, .box_h = 15, .ofs_x = 0, .ofs_y = -2},
    {.bitmap_index = 15294, .adv_w = 256, .box_w = 16, .box_h = 15, .ofs_x = 0, .ofs_y = -2},
    {.bitmap_index = 15385, .adv_w = 256, .box_w = 16, .box_h = 15, .ofs_x = 0, .ofs_y = -2},
    {.bitmap_index = 15478, .adv_w = 256, .box_w = 16, .box_h = 16, .ofs_x = 0, .ofs_y = -2},
    {.bitmap_index = 15570, .adv_w = 256, .box_w = 16, .box_h = 16, .ofs_x = 0, .ofs_y = -2},
    {.bitmap_index = 15679, .adv_w = 256, .box_w = 16, .box_h = 16, .ofs_x = 0, .ofs_y = -2},
    {.bitmap_index = 15776, .adv_w = 256, .box_w = 16, .box_h = 16, .ofs_x = 0, .ofs_y = -2},
    {.bitmap_index = 15880, .adv_w = 256, .box_w = 16, .box_h = 16, .ofs_x = 0, .ofs_y = -2},
    {.bitmap_index = 15995, .adv_w = 256, .box_w = 16, .box_h = 16, .ofs_x = 0, .ofs_y = -2},
    {.bitmap_index = 16105, .adv_w = 256, .box_w = 15, .box_h = 16, .ofs_x = 1, .ofs_y = -2},
    {.bitmap_index = 16168, .adv_w = 256, .box_w = 15, .box_h = 16, .ofs_x = 0, .ofs_y = -2},
    {.bitmap_index = 16247, .adv_w = 256, .box_w = 16, .box_h = 16, .ofs_x = 0, .ofs_y = -2},
    {.bitmap_index = 16339, .adv_w = 256, .box_w = 15, .box_h = 16, .ofs_x = 0, .ofs_y = -2},
    {.bitmap_index = 16427, .adv_w = 256, .box_w = 15, .box_h = 16, .ofs_x = 0, .ofs_y = -2},
    {.bitmap_index = 16540, .adv_w = 256, .box_w = 14, .box_h = 15, .ofs_x = 1, .ofs_y = -1},
    {.bitmap_index = 16613, .adv_w = 256, .box_w = 16, .box_h = 16, .ofs_x = 0, .ofs_y = -2},
    {.bitmap_index = 16701, .adv_w = 256, .box_w = 16, .box_h = 16, .ofs_x = 0, .ofs_y = -2},
    {.bitmap_index = 16795, .adv_w = 256, .box_w = 15, .box_h = 16, .ofs_x = 0, .ofs_y = -2},
    {.bitmap_index = 16887, .adv_w = 256, .box_w = 15, .box_h = 15, .ofs_x = 0, .ofs_y = -1},
    {.bitmap_index = 16964, .adv_w = 256, .box_w = 16, .box_h = 16, .ofs_x = 0, .ofs_y = -2},
    {.bitmap_index = 17071, .adv_w = 256, .box_w = 15, .box_h = 16, .ofs_x = 0, .ofs_y = -2},
    {.bitmap_index = 17166, .adv_w = 256, .box_w = 16, .box_h = 15, .ofs_x = 0, .ofs_y = -1},
    {.bitmap_index = 17262, .adv_w = 256, .box_w = 16, .box_h = 16, .ofs_x = 0, .ofs_y = -2},
    {.bitmap_index = 17360, .adv_w = 256, .box_w = 16, .box_h = 16, .ofs_x = 0, .ofs_y = -2},
    {.bitmap_index = 17464, .adv_w = 256, .box_w = 16, .box_h = 15, .ofs_x = 0, .ofs_y = -2},
    {.bitmap_index = 17535, .adv_w = 256, .box_w = 14, .box_h = 14, .ofs_x = 1, .ofs_y = -1},
    {.bitmap_index = 17604, .adv_w = 256, .box_w = 16, .box_h = 16, .ofs_x = 0, .ofs_y = -2},
    {.bitmap_index = 17717, .adv_w = 256, .box_w = 16, .box_h = 15, .ofs_x = 0, .ofs_y = -2},
    {.bitmap_index = 17807, .adv_w = 256, .box_w = 16, .box_h = 15, .ofs_x = 0, .ofs_y = -2},
    {.bitmap_index = 17901, .adv_w = 256, .box_w = 15, .box_h = 14, .ofs_x = 0, .ofs_y = -1},
    {.bitmap_index = 17992, .adv_w = 256, .box_w = 16, .box_h = 15, .ofs_x = 0, .ofs_y = -2},
    {.bitmap_index = 18100, .adv_w = 256, .box_w = 15, .box_h = 13, .ofs_x = 0, .ofs_y = -1},
    {.bitmap_index = 18129, .adv_w = 256, .box_w = 13, .box_h = 14, .ofs_x = 2, .ofs_y = -1},
    {.bitmap_index = 18178, .adv_w = 256, .box_w = 14, .box_h = 14, .ofs_x = 2, .ofs_y = -1},
    {.bitmap_index = 18226, .adv_w = 256, .box_w = 15, .box_h = 14, .ofs_x = 1, .ofs_y = -1},
    {.bitmap_index = 18283, .adv_w = 256, .box_w = 14, .box_h = 14, .ofs_x = 1, .ofs_y = -1},
    {.bitmap_index = 18345, .adv_w = 256, .box_w = 15, .box_h = 14, .ofs_x = 0, .ofs_y = -1},
    {.bitmap_index = 18431, .adv_w = 256, .box_w = 14, .box_h = 14, .ofs_x = 1, .ofs_y = -1},
    {.bitmap_index = 18513, .adv_w = 256, .box_w = 15, .box_h = 14, .ofs_x = 0, .ofs_y = -1},
    {.bitmap_index = 18574, .adv_w = 256, .box_w = 16, .box_h = 15, .ofs_x = 0, .ofs_y = -1},
    {.bitmap_index = 18650, .adv_w = 256, .box_w = 16, .box_h = 14, .ofs_x = 0, .ofs_y = -1},
    {.bitmap_index = 18735, .adv_w = 256, .box_w = 15, .box_h = 15, .ofs_x = 0, .ofs_y = -2},
    {.bitmap_index = 18837, .adv_w = 256, .box_w = 16, .box_h = 16, .ofs_x = 0, .ofs_y = -2},
    {.bitmap_index = 18940, .adv_w = 256, .box_w = 16, .box_h = 16, .ofs_x = 0, .ofs_y = -2},
    {.bitmap_index = 19040, .adv_w = 256, .box_w = 16, .box_h = 16, .ofs_x = 0, .ofs_y = -2},
    {.bitmap_index = 19151, .adv_w = 256, .box_w = 16, .box_h = 15, .ofs_x = 0, .ofs_y = -2},
    {.bitmap_index = 19260, .adv_w = 256, .box_w = 16, .box_h = 15, .ofs_x = 0, .ofs_y = -2},
    {.bitmap_index = 19334, .adv_w = 256, .box_w = 15, .box_h = 15, .ofs_x = 1, .ofs_y = -2},
    {.bitmap_index = 19436, .adv_w = 256, .box_w = 13, .box_h = 14, .ofs_x = 1, .ofs_y = -1},
    {.bitmap_index = 19500, .adv_w = 256, .box_w = 16, .box_h = 16, .ofs_x = 0, .ofs_y = -2},
    {.bitmap_index = 19600, .adv_w = 256, .box_w = 16, .box_h = 16, .ofs_x = 0, .ofs_y = -2},
    {.bitmap_index = 19715, .adv_w = 256, .box_w = 16, .box_h = 15, .ofs_x = 0, .ofs_y = -1},
    {.bitmap_index = 19816, .adv_w = 256, .box_w = 16, .box_h = 16, .ofs_x = 0, .ofs_y = -2},
    {.bitmap_index = 19918, .adv_w = 256, .box_w = 16, .box_h = 16, .ofs_x = 0, .ofs_y = -2},
    {.bitmap_index = 20018, .adv_w = 256, .box_w = 16, .box_h = 16, .ofs_x = 0, .ofs_y = -2},
    {.bitmap_index = 20120, .adv_w = 256, .box_w = 16, .box_h = 14, .ofs_x = 0, .ofs_y = -1},
    {.bitmap_index = 20202, .adv_w = 256, .box_w = 16, .box_h = 15, .ofs_x = 0, .ofs_y = -1},
    {.bitmap_index = 20305, .adv_w = 256, .box_w = 16, .box_h = 14, .ofs_x = 0, .ofs_y = -1},
    {.bitmap_index = 20388, .adv_w = 256, .box_w = 16, .box_h = 14, .ofs_x = 0, .ofs_y = -1},
    {.bitmap_index = 20478, .adv_w = 256, .box_w = 16, .box_h = 14, .ofs_x = 0, .ofs_y = -1},
    {.bitmap_index = 20572, .adv_w = 256, .box_w = 15, .box_h = 14, .ofs_x = 0, .ofs_y = -1},
    {.bitmap_index = 20637, .adv_w = 256, .box_w = 16, .box_h = 16, .ofs_x = 0, .ofs_y = -2},
    {.bitmap_index = 20743, .adv_w = 256, .box_w = 16, .box_h = 15, .ofs_x = 0, .ofs_y = -1},
    {.bitmap_index = 20828, .adv_w = 256, .box_w = 15, .box_h = 15, .ofs_x = 0, .ofs_y = -1},
    {.bitmap_index = 20910, .adv_w = 256, .box_w = 15, .box_h = 14, .ofs_x = 0, .ofs_y = -1},
    {.bitmap_index = 20988, .adv_w = 256, .box_w = 16, .box_h = 14, .ofs_x = 0, .ofs_y = -1},
    {.bitmap_index = 21091, .adv_w = 256, .box_w = 15, .box_h = 15, .ofs_x = 0, .ofs_y = -1},
    {.bitmap_index = 21184, .adv_w = 256, .box_w = 16, .box_h = 15, .ofs_x = 0, .ofs_y = -1},
    {.bitmap_index = 21291, .adv_w = 256, .box_w = 16, .box_h = 15, .ofs_x = 0, .ofs_y = -2},
    {.bitmap_index = 21394, .adv_w = 256, .box_w = 16, .box_h = 15, .ofs_x = 0, .ofs_y = -2},
    {.bitmap_index = 21494, .adv_w = 256, .box_w = 16, .box_h = 15, .ofs_x = 0, .ofs_y = -2},
    {.bitmap_index = 21601, .adv_w = 256, .box_w = 16, .box_h = 14, .ofs_x = 0, .ofs_y = -1},
    {.bitmap_index = 21698, .adv_w = 256, .box_w = 14, .box_h = 16, .ofs_x = 0, .ofs_y = -2},
    {.bitmap_index = 21763, .adv_w = 256, .box_w = 15, .box_h = 16, .ofs_x = 1, .ofs_y = -2},
    {.bitmap_index = 21841, .adv_w = 256, .box_w = 16, .box_h = 15, .ofs_x = 0, .ofs_y = -2},
    {.bitmap_index = 21914, .adv_w = 256, .box_w = 15, .box_h = 14, .ofs_x = 0, .ofs_y = -1},
    {.bitmap_index = 21979, .adv_w = 256, .box_w = 16, .box_h = 16, .ofs_x = 0, .ofs_y = -2},
    {.bitmap_index = 22079, .adv_w = 256, .box_w = 15, .box_h = 15, .ofs_x = 0, .ofs_y = -2},
    {.bitmap_index = 22150, .adv_w = 256, .box_w = 16, .box_h = 15, .ofs_x = 0, .ofs_y = -2},
    {.bitmap_index = 22260, .adv_w = 256, .box_w = 16, .box_h = 14, .ofs_x = 0, .ofs_y = -1},
    {.bitmap_index = 22341, .adv_w = 256, .box_w = 16, .box_h = 15, .ofs_x = 0, .ofs_y = -2},
    {.bitmap_index = 22448, .adv_w = 256, .box_w = 16, .box_h = 16, .ofs_x = 0, .ofs_y = -2},
    {.bitmap_index = 22545, .adv_w = 256, .box_w = 16, .box_h = 15, .ofs_x = 0, .ofs_y = -2},
    {.bitmap_index = 22647, .adv_w = 256, .box_w = 16, .box_h = 15, .ofs_x = 0, .ofs_y = -2},
    {.bitmap_index = 22753, .adv_w = 256, .box_w = 16, .box_h = 15, .ofs_x = 0, .ofs_y = -1},
    {.bitmap_index = 22850, .adv_w = 256, .box_w = 16, .box_h = 14, .ofs_x = 0, .ofs_y = -1},
    {.bitmap_index = 22928, .adv_w = 256, .box_w = 16, .box_h = 15, .ofs_x = 0, .ofs_y = -2},
    {.bitmap_index = 23039, .adv_w = 256, .box_w = 16, .box_h = 16, .ofs_x = 0, .ofs_y = -2},
    {.bitmap_index = 23146, .adv_w = 256, .box_w = 16, .box_h = 16, .ofs_x = 0, .ofs_y = -2},
    {.bitmap_index = 23246, .adv_w = 256, .box_w = 16, .box_h = 16, .ofs_x = 0, .ofs_y = -2},
    {.bitmap_index = 23359, .adv_w = 256, .box_w = 16, .box_h = 16, .ofs_x = 0, .ofs_y = -2},
    {.bitmap_index = 23468, .adv_w = 256, .box_w = 16, .box_h = 15, .ofs_x = 0, .ofs_y = -2},
    {.bitmap_index = 23576, .adv_w = 256, .box_w = 16, .box_h = 15, .ofs_x = 0, .ofs_y = -2},
    {.bitmap_index = 23679, .adv_w = 256, .box_w = 16, .box_h = 15, .ofs_x = 0, .ofs_y = -2},
    {.bitmap_index = 23779, .adv_w = 256, .box_w = 16, .box_h = 15, .ofs_x = 0, .ofs_y = -2},
    {.bitmap_index = 23881, .adv_w = 256, .box_w = 16, .box_h = 15, .ofs_x = 0, .ofs_y = -2},
    {.bitmap_index = 23981, .adv_w = 256, .box_w = 16, .box_h = 16, .ofs_x = 0, .ofs_y = -2},
    {.bitmap_index = 24092, .adv_w = 256, .box_w = 16, .box_h = 15, .ofs_x = 0, .ofs_y = -2},
    {.bitmap_index = 24201, .adv_w = 256, .box_w = 16, .box_h = 16, .ofs_x = 0, .ofs_y = -2},
    {.bitmap_index = 24320, .adv_w = 256, .box_w = 16, .box_h = 14, .ofs_x = 0, .ofs_y = -1},
    {.bitmap_index = 24420, .adv_w = 256, .box_w = 16, .box_h = 15, .ofs_x = 0, .ofs_y = -1},
    {.bitmap_index = 24523, .adv_w = 256, .box_w = 16, .box_h = 15, .ofs_x = 0, .ofs_y = -2},
    {.bitmap_index = 24612, .adv_w = 256, .box_w = 15, .box_h = 15, .ofs_x = 1, .ofs_y = -1},
    {.bitmap_index = 24701, .adv_w = 256, .box_w = 16, .box_h = 16, .ofs_x = 0, .ofs_y = -2},
    {.bitmap_index = 24815, .adv_w = 256, .box_w = 16, .box_h = 16, .ofs_x = 0, .ofs_y = -2},
    {.bitmap_index = 24930, .adv_w = 256, .box_w = 16, .box_h = 15, .ofs_x = 0, .ofs_y = -2},
    {.bitmap_index = 25044, .adv_w = 256, .box_w = 16, .box_h = 15, .ofs_x = 0, .ofs_y = -1},
    {.bitmap_index = 25151, .adv_w = 256, .box_w = 16, .box_h = 15, .ofs_x = 0, .ofs_y = -1},
    {.bitmap_index = 25241, .adv_w = 256, .box_w = 16, .box_h = 15, .ofs_x = 0, .ofs_y = -1},
    {.bitmap_index = 25342, .adv_w = 256, .box_w = 15, .box_h = 16, .ofs_x = 0, .ofs_y = -2},
    {.bitmap_index = 25431, .adv_w = 256, .box_w = 16, .box_h = 16, .ofs_x = 0, .ofs_y = -2},
    {.bitmap_index = 25545, .adv_w = 256, .box_w = 16, .box_h = 15, .ofs_x = 0, .ofs_y = -2},
    {.bitmap_index = 25632, .adv_w = 256, .box_w = 12, .box_h = 15, .ofs_x = 2, .ofs_y = -2},
    {.bitmap_index = 25670, .adv_w = 256, .box_w = 15, .box_h = 14, .ofs_x = 1, .ofs_y = -1},
    {.bitmap_index = 25726, .adv_w = 256, .box_w = 15, .box_h = 15, .ofs_x = 1, .ofs_y = -2},
    {.bitmap_index = 25809, .adv_w = 256, .box_w = 14, .box_h = 15, .ofs_x = 1, .ofs_y = -2},
    {.bitmap_index = 25897, .adv_w = 256, .box_w = 15, .box_h = 14, .ofs_x = 1, .ofs_y = -1},
    {.bitmap_index = 25971, .adv_w = 256, .box_w = 16, .box_h = 15, .ofs_x = 0, .ofs_y = -2},
    {.bitmap_index = 26056, .adv_w = 256, .box_w = 16, .box_h = 14, .ofs_x = 0, .ofs_y = -1},
    {.bitmap_index = 26136, .adv_w = 256, .box_w = 16, .box_h = 14, .ofs_x = 0, .ofs_y = -1},
    {.bitmap_index = 26214, .adv_w = 256, .box_w = 14, .box_h = 15, .ofs_x = 1, .ofs_y = -2},
    {.bitmap_index = 26295, .adv_w = 256, .box_w = 15, .box_h = 16, .ofs_x = 1, .ofs_y = -2},
    {.bitmap_index = 26394, .adv_w = 256, .box_w = 16, .box_h = 15, .ofs_x = 0, .ofs_y = -2},
    {.bitmap_index = 26486, .adv_w = 256, .box_w = 16, .box_h = 15, .ofs_x = 0, .ofs_y = -2},
    {.bitmap_index = 26588, .adv_w = 256, .box_w = 16, .box_h = 14, .ofs_x = 0, .ofs_y = -1},
    {.bitmap_index = 26676, .adv_w = 256, .box_w = 14, .box_h = 15, .ofs_x = 0, .ofs_y = -2},
    {.bitmap_index = 26742, .adv_w = 256, .box_w = 16, .box_h = 15, .ofs_x = 0, .ofs_y = -1},
    {.bitmap_index = 26823, .adv_w = 256, .box_w = 15, .box_h = 15, .ofs_x = 0, .ofs_y = -2},
    {.bitmap_index = 26925, .adv_w = 256, .box_w = 16, .box_h = 14, .ofs_x = 0, .ofs_y = -1},
    {.bitmap_index = 27002, .adv_w = 256, .box_w = 16, .box_h = 14, .ofs_x = 0, .ofs_y = -1},
    {.bitmap_index = 27084, .adv_w = 256, .box_w = 16, .box_h = 15, .ofs_x = 0, .ofs_y = -2},
    {.bitmap_index = 27175, .adv_w = 256, .box_w = 16, .box_h = 14, .ofs_x = 0, .ofs_y = -1},
    {.bitmap_index = 27268, .adv_w = 256, .box_w = 16, .box_h = 14, .ofs_x = 0, .ofs_y = -1},
    {.bitmap_index = 27371, .adv_w = 256, .box_w = 16, .box_h = 15, .ofs_x = 0, .ofs_y = -2},
    {.bitmap_index = 27482, .adv_w = 256, .box_w = 16, .box_h = 14, .ofs_x = 0, .ofs_y = -1},
    {.bitmap_index = 27571, .adv_w = 256, .box_w = 16, .box_h = 15, .ofs_x = 0, .ofs_y = -1},
    {.bitmap_index = 27673, .adv_w = 256, .box_w = 16, .box_h = 15, .ofs_x = 0, .ofs_y = -1},
    {.bitmap_index = 27762, .adv_w = 256, .box_w = 16, .box_h = 16, .ofs_x = 0, .ofs_y = -2},
    {.bitmap_index = 27869, .adv_w = 256, .box_w = 16, .box_h = 15, .ofs_x = 0, .ofs_y = -1},
    {.bitmap_index = 27976, .adv_w = 256, .box_w = 15, .box_h = 14, .ofs_x = 0, .ofs_y = -1},
    {.bitmap_index = 28060, .adv_w = 256, .box_w = 16, .box_h = 15, .ofs_x = 0, .ofs_y = -1},
    {.bitmap_index = 28163, .adv_w = 256, .box_w = 16, .box_h = 16, .ofs_x = 0, .ofs_y = -2},
    {.bitmap_index = 28271, .adv_w = 256, .box_w = 16, .box_h = 16, .ofs_x = 0, .ofs_y = -2},
    {.bitmap_index = 28381, .adv_w = 256, .box_w = 16, .box_h = 16, .ofs_x = 0, .ofs_y = -2},
    {.bitmap_index = 28496, .adv_w = 256, .box_w = 16, .box_h = 16, .ofs_x = 0, .ofs_y = -2},
    {.bitmap_index = 28607, .adv_w = 256, .box_w = 15, .box_h = 14, .ofs_x = 0, .ofs_y = -1},
    {.bitmap_index = 28650, .adv_w = 256, .box_w = 16, .box_h = 14, .ofs_x = 0, .ofs_y = -1},
    {.bitmap_index = 28703, .adv_w = 256, .box_w = 16, .box_h = 15, .ofs_x = 0, .ofs_y = -2},
    {.bitmap_index = 28773, .adv_w = 256, .box_w = 15, .box_h = 15, .ofs_x = 0, .ofs_y = -2},
    {.bitmap_index = 28865, .adv_w = 256, .box_w = 16, .box_h = 16, .ofs_x = 0, .ofs_y = -2},
    {.bitmap_index = 28973, .adv_w = 256, .box_w = 16, .box_h = 16, .ofs_x = 0, .ofs_y = -2},
    {.bitmap_index = 29077, .adv_w = 256, .box_w = 15, .box_h = 15, .ofs_x = 1, .ofs_y = -2},
    {.bitmap_index = 29152, .adv_w = 256, .box_w = 15, .box_h = 15, .ofs_x = 1, .ofs_y = -1},
    {.bitmap_index = 29250, .adv_w = 256, .box_w = 16, .box_h = 14, .ofs_x = 0, .ofs_y = -1},
    {.bitmap_index = 29333, .adv_w = 256, .box_w = 16, .box_h = 15, .ofs_x = 0, .ofs_y = -2},
    {.bitmap_index = 29434, .adv_w = 256, .box_w = 16, .box_h = 15, .ofs_x = 0, .ofs_y = -1},
    {.bitmap_index = 29508, .adv_w = 256, .box_w = 16, .box_h = 14, .ofs_x = 0, .ofs_y = -1},
    {.bitmap_index = 29597, .adv_w = 256, .box_w = 15, .box_h = 16, .ofs_x = 0, .ofs_y = -2},
    {.bitmap_index = 29701, .adv_w = 256, .box_w = 16, .box_h = 16, .ofs_x = 0, .ofs_y = -2},
    {.bitmap_index = 29812, .adv_w = 256, .box_w = 15, .box_h = 15, .ofs_x = 0, .ofs_y = -2},
    {.bitmap_index = 29902, .adv_w = 256, .box_w = 16, .box_h = 15, .ofs_x = 0, .ofs_y = -2},
    {.bitmap_index = 30008, .adv_w = 256, .box_w = 16, .box_h = 15, .ofs_x = 0, .ofs_y = -2},
    {.bitmap_index = 30117, .adv_w = 256, .box_w = 16, .box_h = 16, .ofs_x = 0, .ofs_y = -2},
    {.bitmap_index = 30215, .adv_w = 256, .box_w = 16, .box_h = 16, .ofs_x = 0, .ofs_y = -2},
    {.bitmap_index = 30325, .adv_w = 256, .box_w = 16, .box_h = 16, .ofs_x = 0, .ofs_y = -2},
    {.bitmap_index = 30436, .adv_w = 256, .box_w = 16, .box_h = 15, .ofs_x = 0, .ofs_y = -2},
    {.bitmap_index = 30540, .adv_w = 256, .box_w = 15, .box_h = 16, .ofs_x = 0, .ofs_y = -2},
    {.bitmap_index = 30651, .adv_w = 256, .box_w = 16, .box_h = 16, .ofs_x = 0, .ofs_y = -2},
    {.bitmap_index = 30770, .adv_w = 256, .box_w = 16, .box_h = 15, .ofs_x = 0, .ofs_y = -2},
    {.bitmap_index = 30885, .adv_w = 256, .box_w = 15, .box_h = 15, .ofs_x = 0, .ofs_y = -1},
    {.bitmap_index = 30988, .adv_w = 256, .box_w = 16, .box_h = 14, .ofs_x = 0, .ofs_y = -1},
    {.bitmap_index = 31080, .adv_w = 256, .box_w = 16, .box_h = 15, .ofs_x = 0, .ofs_y = -1},
    {.bitmap_index = 31179, .adv_w = 256, .box_w = 16, .box_h = 16, .ofs_x = 0, .ofs_y = -2},
    {.bitmap_index = 31274, .adv_w = 256, .box_w = 16, .box_h = 14, .ofs_x = 0, .ofs_y = -1},
    {.bitmap_index = 31384, .adv_w = 256, .box_w = 16, .box_h = 15, .ofs_x = 0, .ofs_y = -2},
    {.bitmap_index = 31474, .adv_w = 256, .box_w = 16, .box_h = 16, .ofs_x = 0, .ofs_y = -2},
    {.bitmap_index = 31581, .adv_w = 256, .box_w = 16, .box_h = 15, .ofs_x = 0, .ofs_y = -2},
    {.bitmap_index = 31674, .adv_w = 256, .box_w = 16, .box_h = 15, .ofs_x = 0, .ofs_y = -2},
    {.bitmap_index = 31763, .adv_w = 256, .box_w = 16, .box_h = 16, .ofs_x = 0, .ofs_y = -2},
    {.bitmap_index = 31876, .adv_w = 256, .box_w = 16, .box_h = 15, .ofs_x = 0, .ofs_y = -2},
    {.bitmap_index = 31979, .adv_w = 256, .box_w = 16, .box_h = 16, .ofs_x = 0, .ofs_y = -2},
    {.bitmap_index = 32091, .adv_w = 256, .box_w = 16, .box_h = 16, .ofs_x = 0, .ofs_y = -2},
    {.bitmap_index = 32188, .adv_w = 256, .box_w = 16, .box_h = 16, .ofs_x = 0, .ofs_y = -2},
    {.bitmap_index = 32310, .adv_w = 256, .box_w = 16, .box_h = 16, .ofs_x = 0, .ofs_y = -2},
    {.bitmap_index = 32421, .adv_w = 256, .box_w = 16, .box_h = 16, .ofs_x = 0, .ofs_y = -2},
    {.bitmap_index = 32543, .adv_w = 256, .box_w = 15, .box_h = 16, .ofs_x = 0, .ofs_y = -2},
    {.bitmap_index = 32654, .adv_w = 256, .box_w = 16, .box_h = 14, .ofs_x = 0, .ofs_y = -1},
    {.bitmap_index = 32713, .adv_w = 256, .box_w = 16, .box_h = 16, .ofs_x = 0, .ofs_y = -2},
    {.bitmap_index = 32825, .adv_w = 256, .box_w = 16, .box_h = 14, .ofs_x = 0, .ofs_y = -1},
    {.bitmap_index = 32916, .adv_w = 256, .box_w = 16, .box_h = 15, .ofs_x = 0, .ofs_y = -1},
    {.bitmap_index = 33012, .adv_w = 256, .box_w = 15, .box_h = 16, .ofs_x = 0, .ofs_y = -2},
    {.bitmap_index = 33118, .adv_w = 256, .box_w = 15, .box_h = 16, .ofs_x = 0, .ofs_y = -2},
    {.bitmap_index = 33222, .adv_w = 256, .box_w = 16, .box_h = 15, .ofs_x = 0, .ofs_y = -1},
    {.bitmap_index = 33331, .adv_w = 256, .box_w = 16, .box_h = 16, .ofs_x = 0, .ofs_y = -2},
    {.bitmap_index = 33450, .adv_w = 256, .box_w = 16, .box_h = 15, .ofs_x = 0, .ofs_y = -2},
    {.bitmap_index = 33546, .adv_w = 256, .box_w = 16, .box_h = 15, .ofs_x = 0, .ofs_y = -2},
    {.bitmap_index = 33643, .adv_w = 256, .box_w = 16, .box_h = 14, .ofs_x = 0, .ofs_y = -1},
    {.bitmap_index = 33744, .adv_w = 256, .box_w = 16, .box_h = 14, .ofs_x = 0, .ofs_y = -1},
    {.bitmap_index = 33842, .adv_w = 256, .box_w = 16, .box_h = 16, .ofs_x = 0, .ofs_y = -2},
    {.bitmap_index = 33953, .adv_w = 256, .box_w = 15, .box_h = 14, .ofs_x = 1, .ofs_y = -1},
    {.bitmap_index = 34019, .adv_w = 256, .box_w = 15, .box_h = 15, .ofs_x = 0, .ofs_y = -2},
    {.bitmap_index = 34101, .adv_w = 256, .box_w = 14, .box_h = 14, .ofs_x = 2, .ofs_y = -1},
    {.bitmap_index = 34177, .adv_w = 256, .box_w = 16, .box_h = 15, .ofs_x = 0, .ofs_y = -2},
    {.bitmap_index = 34271, .adv_w = 256, .box_w = 12, .box_h = 16, .ofs_x = 2, .ofs_y = -2},
    {.bitmap_index = 34327, .adv_w = 256, .box_w = 14, .box_h = 14, .ofs_x = 1, .ofs_y = -1},
    {.bitmap_index = 34381, .adv_w = 256, .box_w = 14, .box_h = 16, .ofs_x = 1, .ofs_y = -2},
    {.bitmap_index = 34474, .adv_w = 256, .box_w = 16, .box_h = 15, .ofs_x = 0, .ofs_y = -1},
    {.bitmap_index = 34573, .adv_w = 256, .box_w = 16, .box_h = 15, .ofs_x = 0, .ofs_y = -1},
    {.bitmap_index = 34666, .adv_w = 256, .box_w = 15, .box_h = 16, .ofs_x = 0, .ofs_y = -2},
    {.bitmap_index = 34765, .adv_w = 256, .box_w = 15, .box_h = 15, .ofs_x = 1, .ofs_y = -1},
    {.bitmap_index = 34870, .adv_w = 256, .box_w = 15, .box_h = 16, .ofs_x = 0, .ofs_y = -2},
    {.bitmap_index = 34965, .adv_w = 256, .box_w = 16, .box_h = 16, .ofs_x = 0, .ofs_y = -2},
    {.bitmap_index = 35073, .adv_w = 256, .box_w = 15, .box_h = 15, .ofs_x = 0, .ofs_y = -2},
    {.bitmap_index = 35143, .adv_w = 256, .box_w = 16, .box_h = 16, .ofs_x = 0, .ofs_y = -2},
    {.bitmap_index = 35251, .adv_w = 256, .box_w = 16, .box_h = 15, .ofs_x = 0, .ofs_y = -2},
    {.bitmap_index = 35362, .adv_w = 256, .box_w = 15, .box_h = 16, .ofs_x = 0, .ofs_y = -2},
    {.bitmap_index = 35473, .adv_w = 256, .box_w = 16, .box_h = 15, .ofs_x = 0, .ofs_y = -2},
    {.bitmap_index = 35553, .adv_w = 256, .box_w = 16, .box_h = 16, .ofs_x = 0, .ofs_y = -2},
    {.bitmap_index = 35655, .adv_w = 256, .box_w = 15, .box_h = 16, .ofs_x = 1, .ofs_y = -2},
    {.bitmap_index = 35753, .adv_w = 256, .box_w = 16, .box_h = 15, .ofs_x = 0, .ofs_y = -1},
    {.bitmap_index = 35839, .adv_w = 256, .box_w = 16, .box_h = 15, .ofs_x = 0, .ofs_y = -1},
    {.bitmap_index = 35935, .adv_w = 256, .box_w = 16, .box_h = 16, .ofs_x = 0, .ofs_y = -2},
    {.bitmap_index = 36043, .adv_w = 256, .box_w = 16, .box_h = 15, .ofs_x = 0, .ofs_y = -1},
    {.bitmap_index = 36147, .adv_w = 256, .box_w = 14, .box_h = 15, .ofs_x = 1, .ofs_y = -1},
    {.bitmap_index = 36222, .adv_w = 256, .box_w = 16, .box_h = 16, .ofs_x = 0, .ofs_y = -2},
    {.bitmap_index = 36333, .adv_w = 256, .box_w = 16, .box_h = 15, .ofs_x = 0, .ofs_y = -1},
    {.bitmap_index = 36443, .adv_w = 256, .box_w = 16, .box_h = 16, .ofs_x = 0, .ofs_y = -2},
    {.bitmap_index = 36549, .adv_w = 256, .box_w = 16, .box_h = 16, .ofs_x = 0, .ofs_y = -2},
    {.bitmap_index = 36648, .adv_w = 256, .box_w = 16, .box_h = 15, .ofs_x = 0, .ofs_y = -1},
    {.bitmap_index = 36758, .adv_w = 256, .box_w = 16, .box_h = 15, .ofs_x = 0, .ofs_y = -2},
    {.bitmap_index = 36872, .adv_w = 256, .box_w = 16, .box_h = 16, .ofs_x = 0, .ofs_y = -2},
    {.bitmap_index = 36983, .adv_w = 256, .box_w = 16, .box_h = 16, .ofs_x = 0, .ofs_y = -2},
    {.bitmap_index = 37101, .adv_w = 256, .box_w = 15, .box_h = 16, .ofs_x = 1, .ofs_y = -2},
    {.bitmap_index = 37209, .adv_w = 256, .box_w = 15, .box_h = 16, .ofs_x = 1, .ofs_y = -2},
    {.bitmap_index = 37315, .adv_w = 256, .box_w = 16, .box_h = 15, .ofs_x = 0, .ofs_y = -2},
    {.bitmap_index = 37430, .adv_w = 256, .box_w = 16, .box_h = 15, .ofs_x = 0, .ofs_y = -1},
    {.bitmap_index = 37516, .adv_w = 256, .box_w = 15, .box_h = 16, .ofs_x = 0, .ofs_y = -2},
    {.bitmap_index = 37619, .adv_w = 256, .box_w = 16, .box_h = 16, .ofs_x = 0, .ofs_y = -2},
    {.bitmap_index = 37735, .adv_w = 256, .box_w = 16, .box_h = 14, .ofs_x = 0, .ofs_y = -1},
    {.bitmap_index = 37841, .adv_w = 256, .box_w = 16, .box_h = 15, .ofs_x = 0, .ofs_y = -1},
    {.bitmap_index = 37946, .adv_w = 256, .box_w = 15, .box_h = 15, .ofs_x = 0, .ofs_y = -2},
    {.bitmap_index = 38044, .adv_w = 256, .box_w = 16, .box_h = 16, .ofs_x = 0, .ofs_y = -2},
    {.bitmap_index = 38150, .adv_w = 256, .box_w = 16, .box_h = 16, .ofs_x = 0, .ofs_y = -2},
    {.bitmap_index = 38263, .adv_w = 256, .box_w = 16, .box_h = 15, .ofs_x = 0, .ofs_y = -1},
    {.bitmap_index = 38372, .adv_w = 256, .box_w = 16, .box_h = 15, .ofs_x = 0, .ofs_y = -2},
    {.bitmap_index = 38489, .adv_w = 256, .box_w = 16, .box_h = 16, .ofs_x = 0, .ofs_y = -2},
    {.bitmap_index = 38602, .adv_w = 256, .box_w = 16, .box_h = 15, .ofs_x = 0, .ofs_y = -1},
    {.bitmap_index = 38712, .adv_w = 256, .box_w = 16, .box_h = 16, .ofs_x = 0, .ofs_y = -2},
    {.bitmap_index = 38837, .adv_w = 256, .box_w = 16, .box_h = 17, .ofs_x = 0, .ofs_y = -2},
    {.bitmap_index = 38961, .adv_w = 256, .box_w = 16, .box_h = 16, .ofs_x = 0, .ofs_y = -2},
    {.bitmap_index = 39077, .adv_w = 256, .box_w = 16, .box_h = 15, .ofs_x = 0, .ofs_y = -1},
    {.bitmap_index = 39190, .adv_w = 256, .box_w = 15, .box_h = 14, .ofs_x = 1, .ofs_y = -1},
    {.bitmap_index = 39273, .adv_w = 256, .box_w = 16, .box_h = 14, .ofs_x = 0, .ofs_y = -1},
    {.bitmap_index = 39362, .adv_w = 256, .box_w = 15, .box_h = 15, .ofs_x = 0, .ofs_y = -1},
    {.bitmap_index = 39439, .adv_w = 256, .box_w = 15, .box_h = 16, .ofs_x = 0, .ofs_y = -2},
    {.bitmap_index = 39547, .adv_w = 256, .box_w = 15, .box_h = 15, .ofs_x = 0, .ofs_y = -2},
    {.bitmap_index = 39644, .adv_w = 256, .box_w = 16, .box_h = 15, .ofs_x = 0, .ofs_y = -2},
    {.bitmap_index = 39702, .adv_w = 256, .box_w = 16, .box_h = 14, .ofs_x = 0, .ofs_y = -1},
    {.bitmap_index = 39780, .adv_w = 256, .box_w = 15, .box_h = 16, .ofs_x = 0, .ofs_y = -2},
    {.bitmap_index = 39874, .adv_w = 256, .box_w = 16, .box_h = 16, .ofs_x = 0, .ofs_y = -2},
    {.bitmap_index = 39994, .adv_w = 256, .box_w = 16, .box_h = 14, .ofs_x = 0, .ofs_y = -1},
    {.bitmap_index = 40102, .adv_w = 256, .box_w = 12, .box_h = 14, .ofs_x = 2, .ofs_y = -1},
    {.bitmap_index = 40161, .adv_w = 256, .box_w = 16, .box_h = 15, .ofs_x = 0, .ofs_y = -2},
    {.bitmap_index = 40250, .adv_w = 256, .box_w = 16, .box_h = 15, .ofs_x = 0, .ofs_y = -1},
    {.bitmap_index = 40354, .adv_w = 256, .box_w = 16, .box_h = 14, .ofs_x = 0, .ofs_y = -1},
    {.bitmap_index = 40452, .adv_w = 256, .box_w = 12, .box_h = 16, .ofs_x = 2, .ofs_y = -2},
    {.bitmap_index = 40513, .adv_w = 256, .box_w = 16, .box_h = 16, .ofs_x = 0, .ofs_y = -2},
    {.bitmap_index = 40631, .adv_w = 256, .box_w = 14, .box_h = 16, .ofs_x = 2, .ofs_y = -2},
    {.bitmap_index = 40714, .adv_w = 256, .box_w = 16, .box_h = 15, .ofs_x = 0, .ofs_y = -1},
    {.bitmap_index = 40794, .adv_w = 256, .box_w = 16, .box_h = 14, .ofs_x = 0, .ofs_y = -1},
    {.bitmap_index = 40867, .adv_w = 256, .box_w = 16, .box_h = 14, .ofs_x = 0, .ofs_y = -1},
    {.bitmap_index = 40958, .adv_w = 256, .box_w = 15, .box_h = 15, .ofs_x = 1, .ofs_y = -2},
    {.bitmap_index = 41061, .adv_w = 256, .box_w = 15, .box_h = 14, .ofs_x = 0, .ofs_y = -1},
    {.bitmap_index = 41132, .adv_w = 256, .box_w = 16, .box_h = 15, .ofs_x = 0, .ofs_y = -2},
    {.bitmap_index = 41245, .adv_w = 256, .box_w = 16, .box_h = 14, .ofs_x = 0, .ofs_y = -1},
    {.bitmap_index = 41347, .adv_w = 256, .box_w = 16, .box_h = 14, .ofs_x = 0, .ofs_y = -1},
    {.bitmap_index = 41442, .adv_w = 256, .box_w = 16, .box_h = 15, .ofs_x = 0, .ofs_y = -2},
    {.bitmap_index = 41554, .adv_w = 256, .box_w = 16, .box_h = 15, .ofs_x = 0, .ofs_y = -2},
    {.bitmap_index = 41659, .adv_w = 256, .box_w = 16, .box_h = 15, .ofs_x = 0, .ofs_y = -2},
    {.bitmap_index = 41761, .adv_w = 256, .box_w = 16, .box_h = 15, .ofs_x = 0, .ofs_y = -1},
    {.bitmap_index = 41857, .adv_w = 256, .box_w = 15, .box_h = 15, .ofs_x = 0, .ofs_y = -2},
    {.bitmap_index = 41957, .adv_w = 256, .box_w = 16, .box_h = 16, .ofs_x = 0, .ofs_y = -2},
    {.bitmap_index = 42076, .adv_w = 256, .box_w = 16, .box_h = 16, .ofs_x = 0, .ofs_y = -2},
    {.bitmap_index = 42151, .adv_w = 256, .box_w = 16, .box_h = 15, .ofs_x = 0, .ofs_y = -2},
    {.bitmap_index = 42251, .adv_w = 256, .box_w = 16, .box_h = 14, .ofs_x = 0, .ofs_y = -1},
    {.bitmap_index = 42351, .adv_w = 256, .box_w = 16, .box_h = 15, .ofs_x = 0, .ofs_y = -2},
    {.bitmap_index = 42451, .adv_w = 256, .box_w = 16, .box_h = 15, .ofs_x = 0, .ofs_y = -2},
    {.bitmap_index = 42537, .adv_w = 256, .box_w = 16, .box_h = 16, .ofs_x = 0, .ofs_y = -2},
    {.bitmap_index = 42656, .adv_w = 256, .box_w = 16, .box_h = 14, .ofs_x = 0, .ofs_y = -1},
    {.bitmap_index = 42723, .adv_w = 256, .box_w = 16, .box_h = 15, .ofs_x = 0, .ofs_y = -2},
    {.bitmap_index = 42812, .adv_w = 256, .box_w = 16, .box_h = 15, .ofs_x = 0, .ofs_y = -2},
    {.bitmap_index = 42882, .adv_w = 256, .box_w = 16, .box_h = 14, .ofs_x = 0, .ofs_y = -1},
    {.bitmap_index = 42959, .adv_w = 256, .box_w = 16, .box_h = 15, .ofs_x = 0, .ofs_y = -1},
    {.bitmap_index = 43046, .adv_w = 256, .box_w = 16, .box_h = 16, .ofs_x = 0, .ofs_y = -2},
    {.bitmap_index = 43150, .adv_w = 256, .box_w = 16, .box_h = 15, .ofs_x = 0, .ofs_y = -2},
    {.bitmap_index = 43250, .adv_w = 256, .box_w = 16, .box_h = 16, .ofs_x = 0, .ofs_y = -2},
    {.bitmap_index = 43351, .adv_w = 256, .box_w = 16, .box_h = 16, .ofs_x = 0, .ofs_y = -2},
    {.bitmap_index = 43454, .adv_w = 256, .box_w = 16, .box_h = 16, .ofs_x = 0, .ofs_y = -2},
    {.bitmap_index = 43560, .adv_w = 256, .box_w = 16, .box_h = 14, .ofs_x = 0, .ofs_y = -1},
    {.bitmap_index = 43651, .adv_w = 256, .box_w = 15, .box_h = 16, .ofs_x = 0, .ofs_y = -2},
    {.bitmap_index = 43752, .adv_w = 256, .box_w = 15, .box_h = 17, .ofs_x = 1, .ofs_y = -2},
    {.bitmap_index = 43865, .adv_w = 256, .box_w = 16, .box_h = 14, .ofs_x = 0, .ofs_y = -1},
    {.bitmap_index = 43937, .adv_w = 256, .box_w = 16, .box_h = 15, .ofs_x = 0, .ofs_y = -2},
    {.bitmap_index = 44030, .adv_w = 256, .box_w = 16, .box_h = 15, .ofs_x = 0, .ofs_y = -1},
    {.bitmap_index = 44127, .adv_w = 256, .box_w = 15, .box_h = 16, .ofs_x = 0, .ofs_y = -2},
    {.bitmap_index = 44231, .adv_w = 256, .box_w = 16, .box_h = 15, .ofs_x = 0, .ofs_y = -2},
    {.bitmap_index = 44340, .adv_w = 256, .box_w = 16, .box_h = 16, .ofs_x = 0, .ofs_y = -2},
    {.bitmap_index = 44450, .adv_w = 256, .box_w = 16, .box_h = 15, .ofs_x = 0, .ofs_y = -2},
    {.bitmap_index = 44553, .adv_w = 256, .box_w = 16, .box_h = 15, .ofs_x = 0, .ofs_y = -2},
    {.bitmap_index = 44658, .adv_w = 256, .box_w = 16, .box_h = 15, .ofs_x = 0, .ofs_y = -2},
    {.bitmap_index = 44768, .adv_w = 256, .box_w = 16, .box_h = 15, .ofs_x = 0, .ofs_y = -2},
    {.bitmap_index = 44851, .adv_w = 256, .box_w = 16, .box_h = 15, .ofs_x = 0, .ofs_y = -1},
    {.bitmap_index = 44947, .adv_w = 256, .box_w = 16, .box_h = 16, .ofs_x = 0, .ofs_y = -2},
    {.bitmap_index = 45056, .adv_w = 256, .box_w = 15, .box_h = 16, .ofs_x = 0, .ofs_y = -2},
    {.bitmap_index = 45161, .adv_w = 256, .box_w = 16, .box_h = 16, .ofs_x = 0, .ofs_y = -2},
    {.bitmap_index = 45255, .adv_w = 256, .box_w = 16, .box_h = 16, .ofs_x = 0, .ofs_y = -2},
    {.bitmap_index = 45361, .adv_w = 256, .box_w = 16, .box_h = 15, .ofs_x = 0, .ofs_y = -1},
    {.bitmap_index = 45466, .adv_w = 256, .box_w = 16, .box_h = 15, .ofs_x = 0, .ofs_y = -2},
    {.bitmap_index = 45584, .adv_w = 256, .box_w = 16, .box_h = 14, .ofs_x = 0, .ofs_y = -1},
    {.bitmap_index = 45688, .adv_w = 256, .box_w = 16, .box_h = 16, .ofs_x = 0, .ofs_y = -2},
    {.bitmap_index = 45801, .adv_w = 256, .box_w = 16, .box_h = 15, .ofs_x = 0, .ofs_y = -2},
    {.bitmap_index = 45898, .adv_w = 256, .box_w = 16, .box_h = 16, .ofs_x = 0, .ofs_y = -2},
    {.bitmap_index = 45998, .adv_w = 256, .box_w = 16, .box_h = 16, .ofs_x = 0, .ofs_y = -2},
    {.bitmap_index = 46110, .adv_w = 256, .box_w = 16, .box_h = 16, .ofs_x = 0, .ofs_y = -2},
    {.bitmap_index = 46209, .adv_w = 256, .box_w = 16, .box_h = 15, .ofs_x = 0, .ofs_y = -2},
    {.bitmap_index = 46312, .adv_w = 256, .box_w = 16, .box_h = 16, .ofs_x = 0, .ofs_y = -2},
    {.bitmap_index = 46420, .adv_w = 256, .box_w = 16, .box_h = 16, .ofs_x = 0, .ofs_y = -2},
    {.bitmap_index = 46521, .adv_w = 256, .box_w = 16, .box_h = 15, .ofs_x = 0, .ofs_y = -2},
    {.bitmap_index = 46628, .adv_w = 256, .box_w = 16, .box_h = 16, .ofs_x = 0, .ofs_y = -2},
    {.bitmap_index = 46736, .adv_w = 256, .box_w = 16, .box_h = 15, .ofs_x = 0, .ofs_y = -2},
    {.bitmap_index = 46845, .adv_w = 256, .box_w = 16, .box_h = 15, .ofs_x = 0, .ofs_y = -2},
    {.bitmap_index = 46959, .adv_w = 256, .box_w = 16, .box_h = 16, .ofs_x = 0, .ofs_y = -2},
    {.bitmap_index = 47070, .adv_w = 256, .box_w = 16, .box_h = 16, .ofs_x = 0, .ofs_y = -2},
    {.bitmap_index = 47185, .adv_w = 256, .box_w = 15, .box_h = 15, .ofs_x = 1, .ofs_y = -1},
    {.bitmap_index = 47272, .adv_w = 256, .box_w = 16, .box_h = 15, .ofs_x = 0, .ofs_y = -1},
    {.bitmap_index = 47373, .adv_w = 256, .box_w = 16, .box_h = 16, .ofs_x = 0, .ofs_y = -2},
    {.bitmap_index = 47485, .adv_w = 256, .box_w = 16, .box_h = 16, .ofs_x = 0, .ofs_y = -2},
    {.bitmap_index = 47584, .adv_w = 256, .box_w = 16, .box_h = 15, .ofs_x = 0, .ofs_y = -1},
    {.bitmap_index = 47684, .adv_w = 256, .box_w = 15, .box_h = 14, .ofs_x = 1, .ofs_y = -1},
    {.bitmap_index = 47761, .adv_w = 256, .box_w = 15, .box_h = 15, .ofs_x = 1, .ofs_y = -1},
    {.bitmap_index = 47855, .adv_w = 256, .box_w = 16, .box_h = 14, .ofs_x = 0, .ofs_y = -1},
    {.bitmap_index = 47934, .adv_w = 256, .box_w = 16, .box_h = 15, .ofs_x = 0, .ofs_y = -1},
    {.bitmap_index = 48034, .adv_w = 256, .box_w = 15, .box_h = 15, .ofs_x = 0, .ofs_y = -1},
    {.bitmap_index = 48121, .adv_w = 256, .box_w = 15, .box_h = 16, .ofs_x = 0, .ofs_y = -2},
    {.bitmap_index = 48223, .adv_w = 256, .box_w = 16, .box_h = 15, .ofs_x = 0, .ofs_y = -1},
    {.bitmap_index = 48333, .adv_w = 256, .box_w = 16, .box_h = 16, .ofs_x = 0, .ofs_y = -2},
    {.bitmap_index = 48447, .adv_w = 256, .box_w = 15, .box_h = 16, .ofs_x = 0, .ofs_y = -2},
    {.bitmap_index = 48547, .adv_w = 256, .box_w = 16, .box_h = 16, .ofs_x = 0, .ofs_y = -2},
    {.bitmap_index = 48657, .adv_w = 256, .box_w = 16, .box_h = 15, .ofs_x = 0, .ofs_y = -2},
    {.bitmap_index = 48761, .adv_w = 256, .box_w = 16, .box_h = 16, .ofs_x = 0, .ofs_y = -2},
    {.bitmap_index = 48870, .adv_w = 256, .box_w = 16, .box_h = 15, .ofs_x = 0, .ofs_y = -2},
    {.bitmap_index = 48974, .adv_w = 256, .box_w = 16, .box_h = 16, .ofs_x = 0, .ofs_y = -2},
    {.bitmap_index = 49093, .adv_w = 256, .box_w = 16, .box_h = 16, .ofs_x = 0, .ofs_y = -2},
    {.bitmap_index = 49213, .adv_w = 256, .box_w = 16, .box_h = 15, .ofs_x = 0, .ofs_y = -2},
    {.bitmap_index = 49298, .adv_w = 256, .box_w = 14, .box_h = 16, .ofs_x = 1, .ofs_y = -2},
    {.bitmap_index = 49363, .adv_w = 256, .box_w = 14, .box_h = 16, .ofs_x = 1, .ofs_y = -2},
    {.bitmap_index = 49434, .adv_w = 256, .box_w = 15, .box_h = 16, .ofs_x = 1, .ofs_y = -2},
    {.bitmap_index = 49525, .adv_w = 256, .box_w = 15, .box_h = 16, .ofs_x = 1, .ofs_y = -2},
    {.bitmap_index = 49621, .adv_w = 256, .box_w = 15, .box_h = 16, .ofs_x = 1, .ofs_y = -2},
    {.bitmap_index = 49728, .adv_w = 256, .box_w = 15, .box_h = 16, .ofs_x = 1, .ofs_y = -2},
    {.bitmap_index = 49822, .adv_w = 256, .box_w = 16, .box_h = 15, .ofs_x = 0, .ofs_y = -2},
    {.bitmap_index = 49925, .adv_w = 256, .box_w = 15, .box_h = 15, .ofs_x = 1, .ofs_y = -2},
    {.bitmap_index = 50017, .adv_w = 256, .box_w = 15, .box_h = 14, .ofs_x = 1, .ofs_y = -1},
    {.bitmap_index = 50089, .adv_w = 256, .box_w = 16, .box_h = 16, .ofs_x = 0, .ofs_y = -2},
    {.bitmap_index = 50205, .adv_w = 256, .box_w = 16, .box_h = 14, .ofs_x = 0, .ofs_y = -1},
    {.bitmap_index = 50288, .adv_w = 256, .box_w = 15, .box_h = 14, .ofs_x = 1, .ofs_y = -1},
    {.bitmap_index = 50370, .adv_w = 256, .box_w = 16, .box_h = 16, .ofs_x = 0, .ofs_y = -2},
    {.bitmap_index = 50457, .adv_w = 256, .box_w = 16, .box_h = 15, .ofs_x = 0, .ofs_y = -2},
    {.bitmap_index = 50544, .adv_w = 256, .box_w = 15, .box_h = 15, .ofs_x = 0, .ofs_y = -2},
    {.bitmap_index = 50625, .adv_w = 256, .box_w = 16, .box_h = 15, .ofs_x = 0, .ofs_y = -2},
    {.bitmap_index = 50728, .adv_w = 256, .box_w = 16, .box_h = 15, .ofs_x = 0, .ofs_y = -2},
    {.bitmap_index = 50839, .adv_w = 256, .box_w = 16, .box_h = 17, .ofs_x = 0, .ofs_y = -2},
    {.bitmap_index = 50956, .adv_w = 256, .box_w = 16, .box_h = 16, .ofs_x = 0, .ofs_y = -2},
    {.bitmap_index = 51074, .adv_w = 256, .box_w = 16, .box_h = 15, .ofs_x = 0, .ofs_y = -2},
    {.bitmap_index = 51168, .adv_w = 256, .box_w = 15, .box_h = 14, .ofs_x = 1, .ofs_y = -1},
    {.bitmap_index = 51237, .adv_w = 256, .box_w = 16, .box_h = 16, .ofs_x = 0, .ofs_y = -2},
    {.bitmap_index = 51335, .adv_w = 256, .box_w = 16, .box_h = 15, .ofs_x = 0, .ofs_y = -1},
    {.bitmap_index = 51426, .adv_w = 256, .box_w = 16, .box_h = 16, .ofs_x = 0, .ofs_y = -2},
    {.bitmap_index = 51535, .adv_w = 256, .box_w = 16, .box_h = 16, .ofs_x = 0, .ofs_y = -2},
    {.bitmap_index = 51635, .adv_w = 256, .box_w = 16, .box_h = 15, .ofs_x = 0, .ofs_y = -2},
    {.bitmap_index = 51750, .adv_w = 256, .box_w = 15, .box_h = 16, .ofs_x = 0, .ofs_y = -2},
    {.bitmap_index = 51828, .adv_w = 256, .box_w = 15, .box_h = 16, .ofs_x = 0, .ofs_y = -2},
    {.bitmap_index = 51908, .adv_w = 256, .box_w = 16, .box_h = 15, .ofs_x = 0, .ofs_y = -1},
    {.bitmap_index = 51991, .adv_w = 256, .box_w = 15, .box_h = 16, .ofs_x = 0, .ofs_y = -2},
    {.bitmap_index = 52090, .adv_w = 256, .box_w = 16, .box_h = 15, .ofs_x = 0, .ofs_y = -2},
    {.bitmap_index = 52195, .adv_w = 256, .box_w = 15, .box_h = 15, .ofs_x = 1, .ofs_y = -1},
    {.bitmap_index = 52292, .adv_w = 256, .box_w = 16, .box_h = 16, .ofs_x = 0, .ofs_y = -2},
    {.bitmap_index = 52395, .adv_w = 256, .box_w = 3, .box_h = 13, .ofs_x = 2, .ofs_y = -1},
    {.bitmap_index = 52414, .adv_w = 256, .box_w = 5, .box_h = 16, .ofs_x = 11, .ofs_y = -2},
    {.bitmap_index = 52452, .adv_w = 256, .box_w = 5, .box_h = 16, .ofs_x = 0, .ofs_y = -2},
    {.bitmap_index = 52490, .adv_w = 256, .box_w = 4, .box_h = 6, .ofs_x = 2, .ofs_y = -2},
    {.bitmap_index = 52502, .adv_w = 256, .box_w = 4, .box_h = 12, .ofs_x = 2, .ofs_y = -1},
    {.bitmap_index = 52523, .adv_w = 256, .box_w = 4, .box_h = 14, .ofs_x = 2, .ofs_y = -3},
    {.bitmap_index = 52549, .adv_w = 256, .box_w = 8, .box_h = 14, .ofs_x = 0, .ofs_y = -1},
    {.bitmap_index = 52595, .adv_w = 256, .box_w = 16, .box_h = 6, .ofs_x = 0, .ofs_y = 3},
    {.bitmap_index = 52636, .adv_w = 256, .box_w = 11, .box_h = 12, .ofs_x = 2, .ofs_y = 0}
};

/*---------------------
 *  CHARACTER MAPPING
 *--------------------*/

static const uint16_t unicode_list_1[] = {
    0x0, 0x7, 0x1f64, 0x1f68, 0x1f69, 0x1f6c, 0x1f6d, 0x1f76,
    0x2f51, 0x2f52, 0x2f5a, 0x2f5b, 0x2f60, 0x2f61, 0x4d50, 0x4d53,
    0x4d59, 0x4d5a, 0x4d5b, 0x4d5d, 0x4d5e, 0x4d63, 0x4d6a, 0x4d7a,
    0x4d7d, 0x4d8a, 0x4d8b, 0x4d98, 0x4d9e, 0x4da8, 0x4dad, 0x4daf,
    0x4db0, 0x4db6, 0x4dd6, 0x4ddb, 0x4ddc, 0x4dde, 0x4de1, 0x4de2,
    0x4de4, 0x4deb, 0x4df4, 0x4df8, 0x4dfe, 0x4e02, 0x4e0a, 0x4e10,
    0x4e1a, 0x4e35, 0x4e46, 0x4e4b, 0x4e61, 0x4e6a, 0x4e84, 0x4e8c,
    0x4e9f, 0x4ea3, 0x4eac, 0x4eb0, 0x4ec3, 0x4f2d, 0x4f69, 0x4faa,
    0x4fac, 0x4fb5, 0x508f, 0x5095, 0x5098, 0x5099, 0x509d, 0x50a4,
    0x50b5, 0x50bb, 0x50bd, 0x50c3, 0x50cb, 0x50d5, 0x50dd, 0x50e9,
    0x5102, 0x5103, 0x5105, 0x5107, 0x5116, 0x5146, 0x514a, 0x514b,
    0x5156, 0x5167, 0x516a, 0x516b, 0x516d, 0x5170, 0x5179, 0x517b,
    0x5180, 0x5187, 0x519d, 0x51eb, 0x51ef, 0x51f0, 0x51f1, 0x51f8,
    0x51f9, 0x51fa, 0x5201, 0x520f, 0x5255, 0x5266, 0x5269, 0x528a,
    0x5291, 0x5298, 0x52a5, 0x52ac, 0x52b0, 0x52c3, 0x52c4, 0x52d2,
    0x52db, 0x52ea, 0x531c, 0x5321, 0x5326, 0x533f, 0x5346, 0x5358,
    0x5359, 0x535e, 0x537c, 0x537f, 0x5390, 0x5396, 0x539a, 0x53cd,
    0x541d, 0x5436, 0x5481, 0x54b6, 0x54d2, 0x54ec, 0x562b, 0x562e,
    0x564e, 0x566f, 0x5678, 0x5840, 0x5843, 0x5854, 0x585d, 0x5866,
    0x586a, 0x586c, 0x5877, 0x5879, 0x587a, 0x5881, 0x5884, 0x5888,
    0x58a6, 0x58c3, 0x58cd, 0x58f8, 0x591b, 0x5aa0, 0x5aa7, 0x5aa8,
    0x5ab6, 0x5ac5, 0x5ad3, 0x5ad8, 0x5adc, 0x5aea, 0x5aec, 0x5af0,
    0x5b09, 0x5b16, 0x5b54, 0x5b56, 0x5b5f, 0x5b6a, 0x5b81, 0x5b92,
    0x5b9f, 0x5bae, 0x5c7d, 0x5d35, 0x5d38, 0x5d41, 0x5d42, 0x5d51,
    0x5d76, 0x5d88, 0x5dc3, 0x5dc4, 0x5dc8, 0x5dcc, 0x5de4, 0x5df7,
    0x5e07, 0x5e4a, 0x5e50, 0x5e70, 0x5ea3, 0x5ea5, 0x5ec1, 0x5ecc,
    0x5ed5, 0x5ed8, 0x5ee7, 0x5f13, 0x5f15, 0x5f1c, 0x5f37, 0x5f51,
    0x5f65, 0x5fb2, 0x5fbf, 0x5fcc, 0x6015, 0x6043, 0x605f, 0x606f,
    0x608f, 0x60b2, 0x6160, 0x6166, 0x6187, 0x619b, 0x61a3, 0x61b3,
    0x61b7, 0x61bb, 0x61ce, 0x61da, 0x61e5, 0x61e8, 0x61ea, 0x61f5,
    0x6201, 0x6215, 0x6238, 0x6239, 0x6251, 0x6259, 0x62b2, 0x62f5,
    0x62f8, 0x631f, 0x6320, 0x6331, 0x63b9, 0x63c8, 0x63fd, 0x641d,
    0x6436, 0x647f, 0x6486, 0x648e, 0x6498, 0x64c0, 0x64c4, 0x64e9,
    0x6500, 0x6509, 0x6515, 0x6530, 0x6535, 0x6539, 0x6546, 0x655e,
    0x656f, 0x657f, 0x658c, 0x658e, 0x65c6, 0x65e7, 0x6644, 0x664f,
    0x6650, 0x6658, 0x6659, 0x666f, 0x667a, 0x667c, 0x668a, 0x66b5,
    0x66ce, 0x66d1, 0x66ec, 0x6724, 0x6743, 0x6771, 0x6798, 0x67b3,
    0x69a9, 0x6a71, 0x6a72, 0x6a97, 0x6a9c, 0x6ab2, 0x6ab3, 0x6ab4,
    0x6ab5, 0x6b05, 0x6b1f, 0x6b24, 0x6b2b, 0x6b84, 0x6b92, 0x6b97,
    0x6beb, 0x6bef, 0x6bf1, 0x6c09, 0x6c25, 0x6c32, 0x6c38, 0x6c91,
    0x6cba, 0x6cd8, 0x6cdc, 0x6cf8, 0x6d31, 0x6d41, 0x6d55, 0x6d70,
    0x6d79, 0x6e31, 0x6fbb, 0x6fc0, 0x6fc5, 0x7009, 0x700c, 0x7036,
    0x703d, 0x7049, 0x7086, 0x70b7, 0x70fc, 0x7181, 0x71ab, 0x71b9,
    0x71d0, 0x7206, 0x7227, 0x723e, 0x727a, 0x7284, 0x7300, 0x733d,
    0x7353, 0x7356, 0x7446, 0x746f, 0x7478, 0x7485, 0x749c, 0x75cd,
    0x75ce, 0x75d4, 0x7628, 0x765b, 0x7690, 0x76b1, 0x7735, 0x773d,
    0x7743, 0x7751, 0x7784, 0x77be, 0x788a, 0x78b5, 0x790b, 0x7934,
    0x793f, 0x795d, 0x7983, 0x79ca, 0x7a61, 0x7a64, 0x7a99, 0x7aa4,
    0x7ace, 0x7bd9, 0x7c0e, 0x7c26, 0x7c4b, 0x7c77, 0x7c7b, 0x7df2,
    0x7df6, 0x7e08, 0x7e0f, 0x7e1f, 0x7e23, 0x7e29, 0x7e2c, 0x7e37,
    0x7e3d, 0x7e4c, 0x7e4f, 0x7e63, 0x7e68, 0x7e79, 0x7ea0, 0x7ea1,
    0x7ebe, 0x7eda, 0x7eff, 0x7f0d, 0x7f5c, 0x7f60, 0x7f9a, 0x7fa4,
    0x7faa, 0x7fe6, 0x8016, 0x804d, 0x806a, 0x813a, 0x817c, 0x81bf,
    0x81c2, 0x81d2, 0x8201, 0x821f, 0x8299, 0x8307, 0x832c, 0x842d,
    0x84d4, 0x8500, 0x859e, 0x8617, 0x869e, 0x8749, 0x879c, 0x87b8,
    0x87fb, 0x88d1, 0x8911, 0x8933, 0x8af1, 0x8af4, 0x8af9, 0x8b00,
    0x8b08, 0x8b0e, 0x8b25, 0x8b3d, 0x8b3f, 0x8b44, 0x8b47, 0x8b53,
    0x8bb1, 0x8c6d, 0x8c72, 0x8c75, 0x8c7d, 0x8c89, 0x8c94, 0x8cc6,
    0x8cc7, 0x8cd5, 0x8d03, 0x8d21, 0x8d3f, 0x8dbd, 0x8dfb, 0x8eb8,
    0x8ecb, 0x8ecd, 0x8ed9, 0x8ee3, 0x8f17, 0x8f20, 0x8f24, 0x8f28,
    0x8f2b, 0x8f2e, 0x8f52, 0x8f59, 0x8f6a, 0x8f6f, 0x8f97, 0x8fbe,
    0x8fcf, 0x8ffe, 0x9038, 0x904d, 0x909d, 0x90e2, 0x911c, 0x911d,
    0x911f, 0x9121, 0x93ef, 0x93f5, 0x9401, 0x9413, 0x942b, 0x9446,
    0x9450, 0x9451, 0x9469, 0x947e, 0x948b, 0x94cf, 0x953e, 0x9544,
    0x956f, 0x9586, 0x95b4, 0x95ba, 0x9646, 0x9650, 0x96a2, 0x96a9,
    0x96b2, 0x96b9, 0x9743, 0x97c9, 0x97ca, 0x97ce, 0x97e1, 0x97ec,
    0x97ed, 0x981e, 0x982e, 0x982f, 0x98ba, 0x98c1, 0x98e9, 0x98f8,
    0x99bc, 0x9a28, 0x9bcc, 0x9d71, 0x9e14, 0x9e70, 0x9ee9, 0xfe51,
    0xfe58, 0xfe59, 0xfe5c, 0xfe6a, 0xfe6b, 0xfe6f, 0xfeae, 0xff35
};

/*Collect the unicode lists and glyph_id offsets*/
static const lv_font_fmt_txt_cmap_t cmaps[] =
{
    {
        .range_start = 32, .range_length = 95, .glyph_id_start = 1,
        .unicode_list = NULL, .glyph_id_ofs_list = NULL, .list_length = 0, .type = LV_FONT_FMT_TXT_CMAP_FORMAT0_TINY
    },
    {
        .range_start = 176, .range_length = 65334, .glyph_id_start = 96,
        .unicode_list = unicode_list_1, .glyph_id_ofs_list = NULL, .list_length = 552, .type = LV_FONT_FMT_TXT_CMAP_SPARSE_TINY
    }
};

/*-----------------
 *    KERNING
 *----------------*/


/*Map glyph_ids to kern left classes*/
static const uint8_t kern_left_class_mapping[] =
{
    0, 0, 0, 1, 0, 0, 0, 0,
    1, 2, 0, 0, 0, 3, 4, 3,
    5, 0, 0, 0, 0, 0, 0, 0,
    0, 0, 0, 6, 6, 0, 0, 0,
    0, 0, 7, 8, 9, 10, 11, 12,
    13, 0, 0, 14, 15, 16, 0, 0,
    10, 17, 10, 18, 19, 20, 21, 22,
    23, 24, 25, 26, 2, 27, 0, 0,
    0, 0, 28, 29, 30, 0, 31, 32,
    33, 34, 0, 0, 35, 36, 34, 34,
    29, 29, 37, 38, 39, 40, 37, 41,
    42, 43, 44, 45, 2, 0, 0, 0,
    0, 0, 4, 0, 0, 0, 0, 0,
    0, 0, 0, 0, 0, 0, 0, 0,
    0, 0, 0, 0, 0, 0, 0, 0,
    0, 0, 0, 0, 0, 0, 0, 0,
    0, 0, 0, 0, 0, 0, 0, 0,
    0, 0, 0, 0, 0, 0, 0, 0,
    0, 0, 0, 0, 0, 0, 0, 0,
    0, 0, 0, 0, 0, 0, 0, 0,
    0, 0, 0, 0, 0, 0, 0, 0,
    0, 0, 0, 0, 0, 0, 0, 0,
    0, 0, 0, 0, 0, 0, 0, 0,
    0, 0, 0, 0, 0, 0, 0, 0,
    0, 0, 0, 0, 0, 0, 0, 0,
    0, 0, 0, 0, 0, 0, 0, 0,
    0, 0, 0, 0, 0, 0, 0, 0,
    0, 0, 0, 0, 0, 0, 0, 0,
    0, 0, 0, 0, 0, 0, 0, 0,
    0, 0, 0, 0, 0, 0, 0, 0,
    0, 0, 0, 0, 0, 0, 0, 0,
    0, 0, 0, 0, 0, 0, 0, 0,
    0, 0, 0, 0, 0, 0, 0, 0,
    0, 0, 0, 0, 0, 0, 0, 0,
    0, 0, 0, 0, 0, 0, 0, 0,
    0, 0, 0, 0, 0, 0, 0, 0,
    0, 0, 0, 0, 0, 0, 0, 0,
    0, 0, 0, 0, 0, 0, 0, 0,
    0, 0, 0, 0, 0, 0, 0, 0,
    0, 0, 0, 0, 0, 0, 0, 0,
    0, 0, 0, 0, 0, 0, 0, 0,
    0, 0, 0, 0, 0, 0, 0, 0,
    0, 0, 0, 0, 0, 0, 0, 0,
    0, 0, 0, 0, 0, 0, 0, 0,
    0, 0, 0, 0, 0, 0, 0, 0,
    0, 0, 0, 0, 0, 0, 0, 0,
    0, 0, 0, 0, 0, 0, 0, 0,
    0, 0, 0, 0, 0, 0, 0, 0,
    0, 0, 0, 0, 0, 0, 0, 0,
    0, 0, 0, 0, 0, 0, 0, 0,
    0, 0, 0, 0, 0, 0, 0, 0,
    0, 0, 0, 0, 0, 0, 0, 0,
    0, 0, 0, 0, 0, 0, 0, 0,
    0, 0, 0, 0, 0, 0, 0, 0,
    0, 0, 0, 0, 0, 0, 0, 0,
    0, 0, 0, 0, 0, 0, 0, 0,
    0, 0, 0, 0, 0, 0, 0, 0,
    0, 0, 0, 0, 0, 0, 0, 0,
    0, 0, 0, 0, 0, 0, 0, 0,
    0, 0, 0, 0, 0, 0, 0, 0,
    0, 0, 0, 0, 0, 0, 0, 0,
    0, 0, 0, 0, 0, 0, 0, 0,
    0, 0, 0, 0, 0, 0, 0, 0,
    0, 0, 0, 0, 0, 0, 0, 0,
    0, 0, 0, 0, 0, 0, 0, 0,
    0, 0, 0, 0, 0, 0, 0, 0,
    0, 0, 0, 0, 0, 0, 0, 0,
    0, 0, 0, 0, 0, 0, 0, 0,
    0, 0, 0, 0, 0, 0, 0, 0,
    0, 0, 0, 0, 0, 0, 0, 0,
    0, 0, 0, 0, 0, 0, 0, 0,
    0, 0, 0, 0, 0, 0, 0, 0,
    0, 0, 0, 0, 0, 0, 0, 0,
    0, 0, 0, 0, 0, 0, 0, 0,
    0, 0, 0, 0, 0, 0, 0, 0,
    0, 0, 0, 0, 0, 0, 0, 0,
    0, 0, 0, 0, 0, 0, 0, 0,
    0, 0, 0, 0, 0, 0, 0, 0,
    0, 0, 0, 0, 0, 0, 0, 0,
    0, 0, 0, 0, 0, 0, 0, 0,
    0, 0, 0, 0, 0, 0, 0, 0
};

/*Map glyph_ids to kern right classes*/
static const uint8_t kern_right_class_mapping[] =
{
    0, 0, 1, 2, 0, 0, 0, 0,
    2, 0, 3, 4, 0, 5, 6, 7,
    8, 0, 0, 0, 0, 0, 0, 0,
    0, 0, 0, 9, 10, 0, 0, 0,
    11, 0, 12, 0, 13, 0, 0, 0,
    13, 0, 0, 14, 0, 0, 0, 0,
    13, 0, 13, 0, 15, 16, 17, 18,
    19, 20, 21, 22, 0, 23, 3, 0,
    0, 0, 24, 0, 25, 25, 25, 26,
    27, 0, 28, 29, 0, 0, 30, 30,
    25, 30, 25, 30, 31, 32, 33, 34,
    35, 36, 37, 38, 0, 0, 3, 0,
    0, 0, 6, 0, 0, 0, 0, 0,
    0, 0, 0, 0, 0, 0, 0, 0,
    0, 0, 0, 0, 0, 0, 0, 0,
    0, 0, 0, 0, 0, 0, 0, 0,
    0, 0, 0, 0, 0, 0, 0, 0,
    0, 0, 0, 0, 0, 0, 0, 0,
    0, 0, 0, 0, 0, 0, 0, 0,
    0, 0, 0, 0, 0, 0, 0, 0,
    0, 0, 0, 0, 0, 0, 0, 0,
    0, 0, 0, 0, 0, 0, 0, 0,
    0, 0, 0, 0, 0, 0, 0, 0,
    0, 0, 0, 0, 0, 0, 0, 0,
    0, 0, 0, 0, 0, 0, 0, 0,
    0, 0, 0, 0, 0, 0, 0, 0,
    0, 0, 0, 0, 0, 0, 0, 0,
    0, 0, 0, 0, 0, 0, 0, 0,
    0, 0, 0, 0, 0, 0, 0, 0,
    0, 0, 0, 0, 0, 0, 0, 0,
    0, 0, 0, 0, 0, 0, 0, 0,
    0, 0, 0, 0, 0, 0, 0, 0,
    0, 0, 0, 0, 0, 0, 0, 0,
    0, 0, 0, 0, 0, 0, 0, 0,
    0, 0, 0, 0, 0, 0, 0, 0,
    0, 0, 0, 0, 0, 0, 0, 0,
    0, 0, 0, 0, 0, 0, 0, 0,
    0, 0, 0, 0, 0, 0, 0, 0,
    0, 0, 0, 0, 0, 0, 0, 0,
    0, 0, 0, 0, 0, 0, 0, 0,
    0, 0, 0, 0, 0, 0, 0, 0,
    0, 0, 0, 0, 0, 0, 0, 0,
    0, 0, 0, 0, 0, 0, 0, 0,
    0, 0, 0, 0, 0, 0, 0, 0,
    0, 0, 0, 0, 0, 0, 0, 0,
    0, 0, 0, 0, 0, 0, 0, 0,
    0, 0, 0, 0, 0, 0, 0, 0,
    0, 0, 0, 0, 0, 0, 0, 0,
    0, 0, 0, 0, 0, 0, 0, 0,
    0, 0, 0, 0, 0, 0, 0, 0,
    0, 0, 0, 0, 0, 0, 0, 0,
    0, 0, 0, 0, 0, 0, 0, 0,
    0, 0, 0, 0, 0, 0, 0, 0,
    0, 0, 0, 0, 0, 0, 0, 0,
    0, 0, 0, 0, 0, 0, 0, 0,
    0, 0, 0, 0, 0, 0, 0, 0,
    0, 0, 0, 0, 0, 0, 0, 0,
    0, 0, 0, 0, 0, 0, 0, 0,
    0, 0, 0, 0, 0, 0, 0, 0,
    0, 0, 0, 0, 0, 0, 0, 0,
    0, 0, 0, 0, 0, 0, 0, 0,
    0, 0, 0, 0, 0, 0, 0, 0,
    0, 0, 0, 0, 0, 0, 0, 0,
    0, 0, 0, 0, 0, 0, 0, 0,
    0, 0, 0, 0, 0, 0, 0, 0,
    0, 0, 0, 0, 0, 0, 0, 0,
    0, 0, 0, 0, 0, 0, 0, 0,
    0, 0, 0, 0, 0, 0, 0, 0,
    0, 0, 0, 0, 0, 0, 0, 0,
    0, 0, 0, 0, 0, 0, 0, 0,
    0, 0, 0, 0, 0, 0, 0, 0,
    0, 0, 0, 0, 0, 0, 0, 0,
    0, 0, 0, 0, 0, 0, 0, 0,
    0, 0, 0, 0, 0, 0, 0, 0,
    0, 0, 0, 0, 0, 0, 0, 0,
    0, 0, 0, 0, 0, 0, 0, 0,
    0, 0, 0, 0, 0, 0, 0, 0,
    0, 0, 0, 0, 0, 0, 0, 0,
    0, 0, 0, 0, 0, 0, 0, 0,
    0, 0, 0, 0, 0, 0, 0, 0,
    0, 0, 0, 0, 0, 0, 0, 0
};

/*Kern values between classes*/
static const int8_t kern_class_values[] =
{
    0, 0, 0, 0, -34, 0, -34, 0,
    0, 0, 0, -16, 0, -28, -4, 0,
    0, 0, 0, -4, 0, 0, 0, 0,
    -9, 0, 0, 0, 0, 0, -6, 0,
    0, 0, 0, 0, 0, 0, 0, 0,
    0, 0, 0, 0, 0, 0, 0, 0,
    0, 0, 0, -6, 0, 0, 0, 0,
    0, 0, 0, 0, 0, 0, 0, 0,
    0, 0, 22, 0, 0, 0, 0, 0,
    0, 0, 0, 0, 0, -28, 0, -40,
    0, 0, 0, 0, 0, 0, 0, 0,
    0, 0, 0, -29, -6, -19, -10, 0,
    -27, 0, 0, 0, -4, 0, 0, 0,
    7, 0, 0, -14, 0, -10, -7, 0,
    -6, 0, 0, 0, 0, 0, 0, 0,
    0, 0, 0, 0, 0, 0, 0, -6,
    -6, -14, 0, -6, -4, -8, -19, -6,
    0, 0, 0, 0, 0, 0, 0, 0,
    0, -8, 0, -3, 0, -5, 0, 0,
    0, 0, 0, 0, 0, 0, 0, 0,
    0, 0, 0, -12, -4, -24, 0, 0,
    0, 0, 0, 0, 0, 0, 0, -7,
    -10, 0, -4, 7, 7, 0, 0, 2,
    -6, 0, 0, 0, 0, 0, 0, 0,
    0, -15, 0, 0, 0, 0, 0, 0,
    0, 0, 0, 0, 0, 0, 0, 0,
    0, 0, -8, 0, 0, 0, 0, 0,
    0, 0, 0, 0, 0, 0, 0, 0,
    0, 0, 0, 0, 0, -16, 0, -28,
    0, 0, 0, 0, 0, 0, -8, -2,
    -4, 0, 0, -16, -5, -5, 0, 1,
    -5, -3, -12, 6, 0, -4, 0, 0,
    0, 0, 6, -5, -2, -3, -2, -2,
    -3, 0, 0, 0, 0, -9, 0, 0,
    0, 0, 0, 0, 0, 0, 0, -5,
    -5, -7, 0, -2, -2, -2, -5, -2,
    0, 0, 0, 0, 0, 0, 0, 0,
    0, -4, 0, -5, -4, -4, -5, 0,
    0, 0, 0, 0, 0, -8, 0, 0,
    0, 0, 0, 0, -9, -4, -7, -6,
    -5, -2, -2, -2, -3, -4, 0, 0,
    0, 0, -6, 0, 0, 0, 0, -8,
    -4, -5, -4, 0, -5, 0, 0, 0,
    0, -10, 0, 0, 0, -6, 0, 0,
    0, -4, 0, -12, 0, -7, 0, -4,
    -2, -6, -6, -6, 0, 0, 0, 0,
    0, 0, 0, 0, 0, 0, 0, 0,
    0, -5, 0, -3, 0, 0, 0, 0,
    0, 0, 0, 0, 0, 0, 0, 0,
    0, 0, 0, 0, 0, 0, 0, 0,
    0, 0, 0, 0, -4, 0, 0, 0,
    0, 0, 0, -7, 0, -4, 0, -9,
    -4, 0, 0, 0, 0, 0, -21, 0,
    -21, -21, 0, 0, 0, -12, -4, -40,
    -6, 0, 0, 1, 1, -7, 0, -9,
    0, -10, -5, 0, -7, 0, 0, -6,
    -6, -4, -5, -6, -5, -8, -5, -9,
    0, 0, 0, -8, 0, 0, 0, 0,
    0, 0, 0, -2, 0, 0, 0, -6,
    0, -5, -2, 0, 0, 0, 0, 0,
    0, 0, 0, 0, 0, 0, 0, 0,
    0, 0, 0, 0, 0, 0, 0, 0,
    0, 0, -7, 0, -7, 0, 0, 0,
    0, 0, 0, -12, 0, 0, 0, 0,
    0, 0, 0, 0, 0, 0, 0, 0,
    0, 0, 0, 0, 0, 0, 0, 0,
    0, 0, 0, 0, 0, -7, 0, -12,
    0, -9, 0, 0, 0, 0, -3, -4,
    -6, 0, -3, -6, -5, -4, -4, 0,
    -5, 0, 0, 0, -3, 0, 0, 0,
    -4, 0, 0, -10, -5, -6, -5, -5,
    -6, -5, 0, -25, 0, -44, 0, -16,
    0, 0, 0, 0, -10, 0, -8, 0,
    -7, -35, -9, -23, -17, 0, -22, 0,
    -24, 0, -4, -5, -2, 0, 0, 0,
    0, -6, -4, -11, -10, 0, -11, 0,
    0, 0, 0, 0, -33, -10, -33, -23,
    0, 0, 0, -15, 0, -43, -4, -8,
    0, 0, 0, -7, -4, -24, 0, -13,
    -8, 0, -9, 0, 0, 0, -4, 0,
    0, 0, 0, -5, 0, -6, 0, 0,
    0, -4, 0, -9, 0, 0, 0, 0,
    0, -2, 0, -6, -5, -5, 0, 1,
    1, -2, -1, -4, 0, -2, -4, 0,
    -2, 0, 0, 0, 0, 0, 0, 0,
    0, -3, 0, -3, 0, 0, 0, -5,
    0, 3, 0, 0, 0, 0, 0, 0,
    0, -5, -5, -6, 0, 0, 0, 0,
    -5, 0, 0, 0, 0, 0, 0, 0,
    0, 0, 0, -7, 0, 0, 0, 0,
    0, -1, 0, 0, 0, 0, -31, -22,
    -31, -27, -6, -6, 0, -12, -7, -37,
    -12, 0, 0, 0, 0, -6, -5, -16,
    0, -22, -19, -6, -22, 0, 0, -14,
    -17, -6, -14, -10, -10, -12, -10, -22,
    0, 0, 0, 0, -5, 0, -5, -10,
    0, 0, 0, -5, 0, -14, -4, 0,
    0, -2, 0, -4, -5, 0, 0, -2,
    0, 0, -4, 0, 0, 0, -2, 0,
    0, 0, 0, -3, 0, 0, 0, 0,
    0, 0, -19, -6, -19, -14, 0, 0,
    0, -5, -4, -22, -4, 0, -4, 2,
    0, 0, 0, -6, 0, -7, -5, 0,
    -7, 0, 0, -6, -4, 0, -9, -3,
    -3, -5, -3, -8, 0, 0, 0, 0,
    -10, -4, -10, -9, 0, 0, 0, 0,
    -2, -20, -2, 0, 0, 0, 0, 0,
    0, -2, 0, -5, 0, 0, -4, 0,
    0, 0, 0, 0, 0, 0, 0, 0,
    0, -4, 0, -4, 0, -4, 0, -8,
    0, 0, 0, 0, 0, 0, -6, -1,
    -5, -6, -4, 0, 0, 0, 0, 0,
    0, -4, -3, -5, 0, 0, 0, 0,
    0, -5, -4, -5, -5, -4, -5, -5,
    0, 0, 0, 0, -26, -19, -26, -20,
    -8, -8, -3, -5, -5, -29, -5, -5,
    -4, 0, 0, 0, 0, -8, 0, -20,
    -13, 0, -18, 0, 0, -12, -13, -9,
    -10, -5, -7, -10, -5, -14, 0, 0,
    0, 0, 0, -10, 0, 0, 0, 0,
    0, -2, -6, -10, -9, 0, -4, -2,
    -2, 0, -5, -5, 0, -5, -7, -6,
    -5, 0, 0, 0, 0, -5, -7, -5,
    -5, -7, -5, 0, 0, 0, 0, 0,
    0, 0, 0, 0, 0, 0, 0, 0,
    0, 0, 0, -25, -9, -16, -9, 0,
    -22, 0, 0, 0, 0, 0, 9, 0,
    20, 0, 0, 0, 0, -6, -4, 0,
    3, 0, 0, 0, 0, -16, 0, 0,
    0, 0, 0, 0, -4, 0, 0, 0,
    0, -7, 0, -5, -2, 0, -7, 0,
    0, 0, 0, 0, 0, 0, 0, 0,
    0, -5, 0, 0, 0, 0, 0, 0,
    0, -9, 0, -8, -4, 1, -4, 0,
    0, 0, -4, 0, 0, 0, 0, -17,
    0, -6, 0, -2, -14, 0, -8, -5,
    0, -1, 0, 0, 0, 0, -1, -6,
    0, -2, -2, -6, -2, -2, 0, 0,
    0, 0, 0, -6, 0, 0, 0, 0,
    0, 0, 0, 0, 0, -6, 0, -5,
    0, 0, -7, 0, 0, -4, -7, 0,
    -4, 0, 0, 0, 0, -4, 0, 1,
    1, 2, 1, 0, 0, 0, 0, -10,
    0, 2, 0, 0, 0, 0, -3, 0,
    0, -6, -6, -7, 0, -5, -4, 0,
    -8, 0, -6, -5, 0, -1, -4, 0,
    0, 0, 0, -4, 0, 1, 1, -3,
    1, -1, 3, 11, 14, 0, -15, -5,
    -15, -5, 0, 0, 7, 0, 0, 0,
    0, 13, 0, 18, 13, 9, 16, 0,
    17, -6, -4, 0, -5, 0, -4, 0,
    -2, 0, 0, 3, 0, -2, 0, -5,
    0, 0, 3, -10, 0, 0, 0, 13,
    0, 0, -11, 0, 0, 0, 0, -8,
    0, 0, 0, 0, -5, 0, 0, -5,
    -5, 0, 0, 0, 10, 0, 0, 0,
    0, -2, -2, 0, 4, -5, 0, 0,
    0, -10, 0, 0, 0, 0, 0, 0,
    -3, 0, 0, 0, 0, -7, 0, -4,
    0, 0, -5, 0, 0, 0, 0, 0,
    0, 0, 0, 0, 0, 0, 0, 0,
    0, 0, 0, 0, 0, 0, 0, -7,
    3, -13, 3, 0, 3, 3, -4, 0,
    0, 0, 0, -10, 0, 0, 0, 0,
    -4, 0, 0, -4, -6, 0, -4, 0,
    -4, 0, 0, -7, -5, 0, 0, -3,
    0, -3, 0, 0, 0, 0, 0, 0,
    0, 0, 0, 0, 0, 0, 0, 0,
    0, 0, 0, 0, 0, 0, 0, 0,
    0, 0, 0, 0, 0, 0, 2, 0,
    0, 0, 0, 0, 0, 0, 0, 0,
    0, 0, 0, -8, 0, 0, 0, 0,
    0, 0, 0, 0, 0, 0, 0, -6,
    0, -5, 0, 0, -9, 0, 0, 0,
    0, 0, 0, 0, 0, 0, 0, 0,
    0, 0, 0, 0, 0, 0, 0, 0,
    0, 0, -16, -7, -16, -10, 7, 7,
    0, -5, 0, -16, 0, 0, 0, 0,
    0, 0, 0, -4, 3, -7, -4, 0,
    -4, 0, 0, 0, -2, 0, 0, 7,
    5, 0, 7, -2, 0, 0, 0, -15,
    0, 2, 0, 0, 0, 0, -4, 0,
    0, 0, 0, -7, 0, -4, 0, 0,
    -6, 0, 0, 0, 0, 0, 0, 0,
    0, 0, 0, -6, 0, 0, 0, 0,
    0, 0, 0, 0, 0, 0, 1, -8,
    1, 2, 3, 3, -8, 0, 0, 0,
    0, -5, 0, 0, 0, 0, -2, 0,
    0, -7, -5, 0, -4, 0, 0, 0,
    -4, -6, 0, 0, 0, -5, 0, 0,
    0, 0, 0, -4, -10, -3, -10, -6,
    0, 0, 0, -4, 0, -12, 0, -6,
    0, -3, 0, 0, -5, -4, 0, -6,
    -2, 0, 0, 0, -4, 0, 0, 0,
    0, 0, 0, 0, 0, -7, 0, 0,
    0, -4, -12, 0, -12, -3, 0, 0,
    0, -2, 0, -9, 0, -7, 0, -3,
    0, -5, -7, 0, 0, -4, -2, 0,
    0, 0, -4, 0, 0, 0, 0, 0,
    0, 0, 0, -6, -5, 0, 0, -7,
    1, -5, -3, 0, 0, 1, 0, 0,
    -4, 0, -2, -10, 0, -5, 0, -4,
    -10, 0, 0, -4, -6, 0, 0, 0,
    0, 0, 0, -7, 0, 0, 0, 0,
    -1, 0, 0, 0, 0, 0, -10, 0,
    -10, -5, 0, 0, 0, 0, 0, -12,
    0, -6, 0, -2, 0, -2, -3, 0,
    0, -6, -2, 0, 0, 0, -4, 0,
    0, 0, 0, 0, 0, -5, 0, -7,
    0, 0, 0, 0, 0, -5, 0, 0,
    0, 0, 0, 0, 0, 0, 0, -8,
    0, 0, 0, 0, -9, 0, 0, -7,
    -4, 0, -2, 0, 0, 0, 0, 0,
    -4, -2, 0, 0, -2, 0
};


/*Collect the kern class' data in one place*/
static const lv_font_fmt_txt_kern_classes_t kern_classes =
{
    .class_pair_values   = kern_class_values,
    .left_class_mapping  = kern_left_class_mapping,
    .right_class_mapping = kern_right_class_mapping,
    .left_class_cnt      = 45,
    .right_class_cnt     = 38,
};

/*--------------------
 *  ALL CUSTOM DATA
 *--------------------*/

#if LVGL_VERSION_MAJOR == 8
/*Store all the custom data of the font*/
static  lv_font_fmt_txt_glyph_cache_t cache;
#endif

#if LVGL_VERSION_MAJOR >= 8
static const lv_font_fmt_txt_dsc_t font_dsc = {
#else
static lv_font_fmt_txt_dsc_t font_dsc = {
#endif
    .glyph_bitmap = glyph_bitmap,
    .glyph_dsc = glyph_dsc,
    .cmaps = cmaps,
    .kern_dsc = &kern_classes,
    .kern_scale = 16,
    .cmap_num = 2,
    .bpp = 4,
    .kern_classes = 1,
    .bitmap_format = 1,
#if LVGL_VERSION_MAJOR == 8
    .cache = &cache
#endif
};



/*-----------------
 *  PUBLIC FONT
 *----------------*/

/*Initialize a public general font descriptor*/
#if LVGL_VERSION_MAJOR >= 8
const lv_font_t sp_font_16 = {
#else
lv_font_t sp_font_16 = {
#endif
    .get_glyph_dsc = lv_font_get_glyph_dsc_fmt_txt,    /*Function pointer to get glyph's data*/
    .get_glyph_bitmap = lv_font_get_bitmap_fmt_txt,    /*Function pointer to get glyph's bitmap*/
    .line_height = 20,          /*The maximum line height required by the font*/
    .base_line = 5,             /*Baseline measured from the bottom of the line*/
#if !(LVGL_VERSION_MAJOR == 6 && LVGL_VERSION_MINOR == 0)
    .subpx = LV_FONT_SUBPX_NONE,
#endif
#if LV_VERSION_CHECK(7, 4, 0) || LVGL_VERSION_MAJOR >= 8
    .underline_position = -2,
    .underline_thickness = 1,
#endif
    .dsc = &font_dsc,          /*The custom font data. Will be accessed by `get_glyph_bitmap/dsc` */
#if LV_VERSION_CHECK(8, 2, 0) || LVGL_VERSION_MAJOR >= 9
    .fallback = NULL,
#endif
    .user_data = NULL,
};



#endif /*#if SP_FONT_16*/

